dataset,run_id,chain_id,stage,transaction_type,community_id,community_size,required_confirmations,batch_number,batch_size,confirmation_count_before,confirmation_count_after,is_finalizing,stage_elapsed_sec,sender_address,contract_address,tx_hash,receipt_status,block_number,block_timestamp,block_gas_used,block_gas_limit,tx_gas_limit,gas_used,effective_gas_price_wei,effective_gas_price_gwei,cost_wei,cost_eth,latency_sec,submitted_at_utc,receipt_at_utc,note
Last.fm,PERF_20260901_021204,1337,deployment,Contract deployment,,,,,,,,,,0xC93B1093889dB280F60B4b0436c9f1a121D5D7f9,0x81CC2969f72341fCC3DF58e920BA33CE8DE90f29,0x8fb9f29bc858abc08e352254fd85db6f8ed7384dfa8736499040735f17752af3,1,1,1788217937,1271695,30000000,7000000,1271695,1107421875,1.107421875,1408302861328125,0.001408302861328125,0.06334580000839196,2026-08-31T23:12:17.220966+00:00,2026-08-31T23:12:17.284760+00:00,One-time deployment cost
Last.fm,PERF_20260901_021204,1337,member_loading,Community-member loading,28,38,20,1,38,,,,0.34985430000233464,0xC93B1093889dB280F60B4b0436c9f1a121D5D7f9,0x81CC2969f72341fCC3DF58e920BA33CE8DE90f29,0x4294dd38d25a86037dcc35002d7db46976478de3bc391a0fe490d17909bde923,1,2,1788217943,950760,30000000,8000000,950760,980729998,0.980729998,932438852898480,0.00093243885289848,0.33626499999081716,2026-08-31T23:12:23.106071+00:00,2026-08-31T23:12:23.441985+00:00,Setup cost; kept separate from authorization/finalization cost
Last.fm,PERF_20260901_021204,1337,member_loading,Community-member loading,30,66,34,1,50,,,,0.3817001999996137,0xC93B1093889dB280F60B4b0436c9f1a121D5D7f9,0x81CC2969f72341fCC3DF58e920BA33CE8DE90f29,0x1c9c1e85f7011518855e94faac0b8e34ebe8a1418ce6439e9d18df135dbf6968,1,3,1788217943,1235868,30000000,8000000,1235868,865909072,0.865909072,1070149312994496,0.001070149312994496,0.37340969999786466,2026-08-31T23:12:23.540145+00:00,2026-08-31T23:12:23.912857+00:00,Setup cost; kept separate from authorization/finalization cost
Last.fm,PERF_20260901_021204,1337,member_loading,Community-member loading,30,66,34,2,16,,,,0.5064214999729302,0xC93B1093889dB280F60B4b0436c9f1a121D5D7f9,0x81CC2969f72341fCC3DF58e920BA33CE8DE90f29,0xcd9aaed6e8506253e4c3badc6aff746d13a4e05b180370b9e1bef0e4343314fa,1,4,1788217943,410984,30000000,8000000,410984,766588349,0.766588349,315055546025416,0.000315055546025416,0.11493949999567121,2026-08-31T23:12:23.923419+00:00,2026-08-31T23:12:24.038624+00:00,Setup cost; kept separate from authorization/finalization cost
Last.fm,PERF_20260901_021204,1337,member_loading,Community-member loading,38,57,29,1,50,,,,0.32896420001634397,0xC93B1093889dB280F60B4b0436c9f1a121D5D7f9,0x81CC2969f72341fCC3DF58e920BA33CE8DE90f29,0xaab9b166240e7968855c84d370a8a4e6a2e53fce5c3b64fd31727aa84efe1450,1,5,1788217944,1235880,30000000,8000000,1235880,673390270,0.67339027,832229566887600,0.0008322295668876,0.3209588000026997,2026-08-31T23:12:24.099324+00:00,2026-08-31T23:12:24.420479+00:00,Setup cost; kept separate from authorization/finalization cost
Last.fm,PERF_20260901_021204,1337,member_loading,Community-member loading,38,57,29,2,7,,,,0.4222248000151012,0xC93B1093889dB280F60B4b0436c9f1a121D5D7f9,0x81CC2969f72341fCC3DF58e920BA33CE8DE90f29,0xb38722b711e8910a801401c6072333f2630962119b1552b5950e9bf2f55d9fa9,1,6,1788217944,197198,30000000,8000000,197198,596151732,0.596151732,117559929246936,0.000117559929246936,0.08035099998232909,2026-08-31T23:12:24.431932+00:00,2026-08-31T23:12:24.511212+00:00,Setup cost; kept separate from authorization/finalization cost
Last.fm,PERF_20260901_021204,1337,member_loading,Community-member loading,40,58,30,1,50,,,,0.3957961999985855,0xC93B1093889dB280F60B4b0436c9f1a121D5D7f9,0x81CC2969f72341fCC3DF58e920BA33CE8DE90f29,0xf1b689bd2ed512264a49f7411e220eb840308b18c7e58e6556e432746fce65cf,1,7,1788217944,1235820,30000000,8000000,1235820,522612432,0.522612432,645854895714240,0.00064585489571424,0.38034399997559376,2026-08-31T23:12:24.576251+00:00,2026-08-31T23:12:24.956134+00:00,Setup cost; kept separate from authorization/finalization cost
Last.fm,PERF_20260901_021204,1337,member_loading,Community-member loading,40,58,30,2,8,,,,0.49619169998914003,0xC93B1093889dB280F60B4b0436c9f1a121D5D7f9,0x81CC2969f72341fCC3DF58e920BA33CE8DE90f29,0x06a6895809eb10dd16455f89fb48cbc526ff705260a50d3fd23b3eb295c48678,1,8,1788217945,220956,30000000,8000000,220956,462668002,0.462668002,102229271049912,0.000102229271049912,0.0831633000052534,2026-08-31T23:12:24.976646+00:00,2026-08-31T23:12:25.059733+00:00,Setup cost; kept separate from authorization/finalization cost
Last.fm,PERF_20260901_021204,1337,member_loading,Community-member loading,44,26,14,1,26,,,,0.22098509999341331,0xC93B1093889dB280F60B4b0436c9f1a121D5D7f9,0x81CC2969f72341fCC3DF58e920BA33CE8DE90f29,0x02dfe73299016119de9079d76d14f7158b5b58562cc5357dc9824482cf307f9c,1,9,1788217945,665688,30000000,8000000,665688,405686414,0.405686414,270060577562832,0.000270060577562832,0.21082519998890348,2026-08-31T23:12:25.142070+00:00,2026-08-31T23:12:25.353491+00:00,Setup cost; kept separate from authorization/finalization cost
Last.fm,PERF_20260901_021204,1337,member_loading,Community-member loading,60,136,69,1,50,,,,0.3722178000025451,0xC93B1093889dB280F60B4b0436c9f1a121D5D7f9,0x81CC2969f72341fCC3DF58e920BA33CE8DE90f29,0x1017b16d0223d099ff5cac10eeb55d6ee6f08935b24ea964871a587208fc75e0,1,10,1788217945,1235844,30000000,8000000,1235844,357226116,0.357226116,441475752101904,0.000441475752101904,0.36273090000031516,2026-08-31T23:12:25.443655+00:00,2026-08-31T23:12:25.806227+00:00,Setup cost; kept separate from authorization/finalization cost
Last.fm,PERF_20260901_021204,1337,member_loading,Community-member loading,60,136,69,2,50,,,,0.7073524000006728,0xC93B1093889dB280F60B4b0436c9f1a121D5D7f9,0x81CC2969f72341fCC3DF58e920BA33CE8DE90f29,0x12e5b6559abfb240ee2f31ab7934a3dd3270cbbdf532191c4b51090b66469631,1,11,1788217945,1218732,30000000,8000000,1218732,316251817,0.316251817,385426209436044,0.000385426209436044,0.32248919998528436,2026-08-31T23:12:25.818405+00:00,2026-08-31T23:12:26.140773+00:00,Setup cost; kept separate from authorization/finalization cost
Last.fm,PERF_20260901_021204,1337,member_loading,Community-member loading,60,136,69,3,36,,,,0.9471042000222951,0xC93B1093889dB280F60B4b0436c9f1a121D5D7f9,0x81CC2969f72341fCC3DF58e920BA33CE8DE90f29,0xe1fff4ecd2d8543f3f6afceec3b4e159a96bf418518a2571fa8feedd1bca7996,1,12,1788217946,886168,30000000,8000000,886168,279932226,0.279932226,248066980849968,0.000248066980849968,0.22668909997446463,2026-08-31T23:12:26.152874+00:00,2026-08-31T23:12:26.379636+00:00,Setup cost; kept separate from authorization/finalization cost
Last.fm,PERF_20260901_021204,1337,member_loading,Community-member loading,99,81,41,1,50,,,,0.3493977000180166,0xC93B1093889dB280F60B4b0436c9f1a121D5D7f9,0x81CC2969f72341fCC3DF58e920BA33CE8DE90f29,0x1f14524e19b9faa90e6796b3e5bc88b6ee43d0c2970b9e411d581de8fc57700f,1,13,1788217946,1235832,30000000,8000000,1235832,247007923,0.247007923,305260295496936,0.000305260295496936,0.33854690002044663,2026-08-31T23:12:26.463324+00:00,2026-08-31T23:12:26.802088+00:00,Setup cost; kept separate from authorization/finalization cost
Last.fm,PERF_20260901_021204,1337,member_loading,Community-member loading,99,81,41,2,31,,,,0.5917848999961279,0xC93B1093889dB280F60B4b0436c9f1a121D5D7f9,0x81CC2969f72341fCC3DF58e920BA33CE8DE90f29,0xec4843f2837626001527eb91a5ded058d69cfaeba222b3e9391a3b288fc6fd1e,1,14,1788217946,767330,30000000,8000000,767330,218675768,0.218675768,167796477059440,0.00016779647705944,0.22734779998427257,2026-08-31T23:12:26.816972+00:00,2026-08-31T23:12:27.045223+00:00,Setup cost; kept separate from authorization/finalization cost
Last.fm,PERF_20260901_021204,1337,member_loading,Community-member loading,104,25,13,1,25,,,,0.2144642999919597,0xC93B1093889dB280F60B4b0436c9f1a121D5D7f9,0x81CC2969f72341fCC3DF58e920BA33CE8DE90f29,0x2b7532dc2f2af0bda8badae592a83af2ba3606ca7abd1f12635c91c2e1bb22b6,1,15,1788217947,641930,30000000,8000000,641930,192739602,0.192739602,123725332711860,0.00012372533271186,0.2029826000216417,2026-08-31T23:12:27.118465+00:00,2026-08-31T23:12:27.321134+00:00,Setup cost; kept separate from authorization/finalization cost
Last.fm,PERF_20260901_021204,1337,member_loading,Community-member loading,107,44,23,1,44,,,,0.3317652999830898,0xC93B1093889dB280F60B4b0436c9f1a121D5D7f9,0x81CC2969f72341fCC3DF58e920BA33CE8DE90f29,0xce517bb3ff2917dfe94c217834b3d2934027f96954177da815c454e342ea81cd,1,16,1788217947,1093284,30000000,8000000,1093284,169678197,0.169678197,185506457928948,0.000185506457928948,0.3161596000136342,2026-08-31T23:12:27.400128+00:00,2026-08-31T23:12:27.716222+00:00,Setup cost; kept separate from authorization/finalization cost
Last.fm,PERF_20260901_021204,1337,member_loading,Community-member loading,114,28,15,1,28,,,,0.21012709999922663,0xC93B1093889dB280F60B4b0436c9f1a121D5D7f9,0x81CC2969f72341fCC3DF58e920BA33CE8DE90f29,0x9a48c301096129e56605d454a34b6d5d068083179347476874d1ae3b20ae39fc,1,17,1788217947,713192,30000000,8000000,713192,150014310,0.15001431,106989005777520,0.00010698900577752,0.2006194000132382,2026-08-31T23:12:27.808897+00:00,2026-08-31T23:12:28.009298+00:00,Setup cost; kept separate from authorization/finalization cost
Last.fm,PERF_20260901_021204,1337,member_loading,Community-member loading,204,30,16,1,30,,,,0.20935399999143556,0xC93B1093889dB280F60B4b0436c9f1a121D5D7f9,0x81CC2969f72341fCC3DF58e920BA33CE8DE90f29,0xa2a20d30bacb4380e2a733c0de3bee8bfabe10d76c75e77a9ca0404c4d684b2b,1,18,1788217948,760708,30000000,8000000,760708,132154097,0.132154097,100530678820676,0.000100530678820676,0.19872070002020337,2026-08-31T23:12:28.073903+00:00,2026-08-31T23:12:28.272291+00:00,Setup cost; kept separate from authorization/finalization cost
Last.fm,PERF_20260901_021204,1337,member_loading,Community-member loading,211,55,28,1,50,,,,0.32480149998445995,0xC93B1093889dB280F60B4b0436c9f1a121D5D7f9,0x81CC2969f72341fCC3DF58e920BA33CE8DE90f29,0xcfd27b3a0755f1e4a73d9912d855f0ad064ed7bd06af06c01bd20693542a25c0,1,19,1788217948,1235844,30000000,8000000,1235844,116472591,0.116472591,143941952751804,0.000143941952751804,0.3168940000177827,2026-08-31T23:12:28.348082+00:00,2026-08-31T23:12:28.665826+00:00,Setup cost; kept separate from authorization/finalization cost
Last.fm,PERF_20260901_021204,1337,member_loading,Community-member loading,211,55,28,2,5,,,,0.3889758999866899,0xC93B1093889dB280F60B4b0436c9f1a121D5D7f9,0x81CC2969f72341fCC3DF58e920BA33CE8DE90f29,0xf33e0c95ac6d24200503e34019a12ef47ea0775d4b4e2a98c2c4f53dfb7dbd53,1,20,1788217948,149682,30000000,8000000,149682,103113034,0.103113034,15434165155188,1.5434165155188e-05,0.05418569999164902,2026-08-31T23:12:28.675925+00:00,2026-08-31T23:12:28.729951+00:00,Setup cost; kept separate from authorization/finalization cost
Last.fm,PERF_20260901_021204,1337,member_loading,Community-member loading,506,29,15,1,29,,,,0.19470490000094287,0xC93B1093889dB280F60B4b0436c9f1a121D5D7f9,0x81CC2969f72341fCC3DF58e920BA33CE8DE90f29,0x443f9bc43ddb621b1c4cdb46154003f6af6fa638a0b04012d1ee1a084ad7d390,1,21,1788217948,736962,30000000,8000000,736962,90352524,0.090352524,66586376792088,6.6586376792088e-05,0.18496810001670383,2026-08-31T23:12:28.784683+00:00,2026-08-31T23:12:28.970202+00:00,Setup cost; kept separate from authorization/finalization cost
Last.fm,PERF_20260901_021204,1337,announcement,Authorized-node announcement,28,38,20,,,0,1,False,0.046987100009573624,0xd45a859586B8168cD32e0D6FdC194CEBB584b2c0,0x81CC2969f72341fCC3DF58e920BA33CE8DE90f29,0xc9d7cbded8aad5388d9d2e1c7eb5a02e2ad17f9c5ae43edc82a35c9a0e172077,1,22,1788218034,234331,30000000,700000,234331,79613345,0.079613345,18655874747195,1.8655874747195e-05,0.046987100009573624,2026-08-31T23:13:54.192463+00:00,2026-08-31T23:13:54.239506+00:00,Announcement is counted as the first confirmation by the implemented mechanism
Last.fm,PERF_20260901_021204,1337,announcement,Authorized-node announcement,30,66,34,,,0,1,False,0.05124429997522384,0x89EC034d08ff987dcb414338188810628F1B72Fd,0x81CC2969f72341fCC3DF58e920BA33CE8DE90f29,0x1a0434782ee420d8b276eb8f2da386d53a86b777251ce1ced51c014dc213a42b,1,23,1788218034,234331,30000000,700000,234331,69817143,0.069817143,16360320936333,1.6360320936333e-05,0.05124429997522384,2026-08-31T23:13:54.378975+00:00,2026-08-31T23:13:54.429487+00:00,Announcement is counted as the first confirmation by the implemented mechanism
Last.fm,PERF_20260901_021204,1337,announcement,Authorized-node announcement,38,57,29,,,0,1,False,0.06071589997736737,0xdcB0eB2BF3fab06A0b5C1E5362a26E59a2FdCA8e,0x81CC2969f72341fCC3DF58e920BA33CE8DE90f29,0x1d4694fa411f8cd68dcf9b64e1b7de862a23aaf6b104a3d4e6e77599cdf27e01,1,24,1788218034,234331,30000000,700000,234331,61226336,0.061226336,14347228541216,1.4347228541216e-05,0.06071589997736737,2026-08-31T23:13:54.639146+00:00,2026-08-31T23:13:54.699437+00:00,Announcement is counted as the first confirmation by the implemented mechanism
Last.fm,PERF_20260901_021204,1337,announcement,Authorized-node announcement,40,58,30,,,0,1,False,0.041226200002711266,0xCcdFB0F4c1A933d588E4E4270e7dE15fd72006fF,0x81CC2969f72341fCC3DF58e920BA33CE8DE90f29,0xf0f9584bc4dc1ad8d079a919e7d5b5a232d004bb4df0c8aee53533901267ea7b,1,25,1788218034,234319,30000000,700000,234319,53692605,0.053692605,12581197510995,1.2581197510995e-05,0.041226200002711266,2026-08-31T23:13:54.832266+00:00,2026-08-31T23:13:54.873460+00:00,Announcement is counted as the first confirmation by the implemented mechanism
Last.fm,PERF_20260901_021204,1337,announcement,Authorized-node announcement,44,26,14,,,0,1,False,0.04149949998827651,0x66B724d3Cb34ad61b82a235B3A58155d68e25dc9,0x81CC2969f72341fCC3DF58e920BA33CE8DE90f29,0x97a2f7896ce8424defc3bce75afccb2ad9dc2aa1b1fa64c126f8837898131bc1,1,26,1788218034,234331,30000000,700000,234331,47085872,0.047085872,11033679471632,1.1033679471632e-05,0.04149949998827651,2026-08-31T23:13:54.985894+00:00,2026-08-31T23:13:55.027430+00:00,Announcement is counted as the first confirmation by the implemented mechanism
Last.fm,PERF_20260901_021204,1337,announcement,Authorized-node announcement,60,136,69,,,0,1,False,0.041777299979003146,0x08EF01ce5be8D1701710E88d3B3ecbAE6d2A5983,0x81CC2969f72341fCC3DF58e920BA33CE8DE90f29,0xcf6f821e614dad39be65a2ec9cb2df40411c81469af866eccdad0dcfb92918d5,1,27,1788218035,234331,30000000,700000,234331,41292086,0.041292086,9676015804466,9.676015804466e-06,0.041777299979003146,2026-08-31T23:13:55.141525+00:00,2026-08-31T23:13:55.183541+00:00,Announcement is counted as the first confirmation by the implemented mechanism
Last.fm,PERF_20260901_021204,1337,announcement,Authorized-node announcement,99,81,41,,,0,1,False,0.04045810000388883,0xDBB28aE5EB21Ac677BA17382ecc4ec4E8C48aFEF,0x81CC2969f72341fCC3DF58e920BA33CE8DE90f29,0x5793627284edf0216e05d60d594f369f467a7222080a0af32d318ab96e590e83,1,28,1788218035,234331,30000000,700000,234331,36211209,0.036211209,8485408816179,8.485408816179e-06,0.04045810000388883,2026-08-31T23:13:55.303010+00:00,2026-08-31T23:13:55.343195+00:00,Announcement is counted as the first confirmation by the implemented mechanism
Last.fm,PERF_20260901_021204,1337,announcement,Authorized-node announcement,104,25,13,,,0,1,False,0.04066410000086762,0xD1d6b00804f543876d96784292910f3AFB28E76c,0x81CC2969f72341fCC3DF58e920BA33CE8DE90f29,0xea25900845c58e933b1964cab79ad390d19b0ae0e39c79293401cf260d0983f6,1,29,1788218035,234331,30000000,700000,234331,31755521,0.031755521,7441302991451,7.441302991451e-06,0.04066410000086762,2026-08-31T23:13:55.461599+00:00,2026-08-31T23:13:55.502519+00:00,Announcement is counted as the first confirmation by the implemented mechanism
Last.fm,PERF_20260901_021204,1337,announcement,Authorized-node announcement,107,44,23,,,0,1,False,0.03502100001787767,0xfB8FCE272e3fA6C66e0c85C55bE2Cf4eDA454053,0x81CC2969f72341fCC3DF58e920BA33CE8DE90f29,0x2e1aa10c34202ebf03bfde5fcec8b5120695aff611f4998e503fe6aa6fba58d2,1,30,1788218035,234319,30000000,700000,234319,27848093,0.027848093,6525337303667,6.525337303667e-06,0.03502100001787767,2026-08-31T23:13:55.612505+00:00,2026-08-31T23:13:55.647608+00:00,Announcement is counted as the first confirmation by the implemented mechanism
Last.fm,PERF_20260901_021204,1337,announcement,Authorized-node announcement,114,28,15,,,0,1,False,0.04898060002597049,0x20381f49e0Fa15845f778E2338954777d510E3a1,0x81CC2969f72341fCC3DF58e920BA33CE8DE90f29,0xdd8d55c00d5faa6ccb190d05522a613429a5e22a6b86c36c5328049976d51a34,1,31,1788218037,234331,30000000,700000,234331,24421460,0.02442146,5722705143260,5.72270514326e-06,0.04898060002597049,2026-08-31T23:13:57.688936+00:00,2026-08-31T23:13:57.737066+00:00,Announcement is counted as the first confirmation by the implemented mechanism
Last.fm,PERF_20260901_021204,1337,announcement,Authorized-node announcement,204,30,16,,,0,1,False,0.03829619998577982,0xe69AabcCB6cF181CdC194a856526Db31369E854b,0x81CC2969f72341fCC3DF58e920BA33CE8DE90f29,0x6deb586e02c775ee99a740c095cf65bdf1faa25b09903882cda1dd2445179e1d,1,32,1788218037,234331,30000000,700000,234331,21416467,0.021416467,5018542128577,5.018542128577e-06,0.03829619998577982,2026-08-31T23:13:57.888175+00:00,2026-08-31T23:13:57.925855+00:00,Announcement is counted as the first confirmation by the implemented mechanism
Last.fm,PERF_20260901_021204,1337,announcement,Authorized-node announcement,211,55,28,,,0,1,False,0.03957019999506883,0xc63f77379129831F6fFcECdD732c944C8B48CB4c,0x81CC2969f72341fCC3DF58e920BA33CE8DE90f29,0xb55a6556f738332ce21eaa9b68a4726bf5bd9e68239577a2ddec4f4ab8a7ebc5,1,33,1788218038,234331,30000000,700000,234331,18781231,0.018781231,4401024641461,4.401024641461e-06,0.03957019999506883,2026-08-31T23:13:58.033553+00:00,2026-08-31T23:13:58.072487+00:00,Announcement is counted as the first confirmation by the implemented mechanism
Last.fm,PERF_20260901_021204,1337,announcement,Authorized-node announcement,506,29,15,,,0,1,False,0.039848400017945096,0x265c9747bD806C43b76B9Ee6D5fE2E5CCb8e661a,0x81CC2969f72341fCC3DF58e920BA33CE8DE90f29,0x4272dad5230f8650ef35c2d1f307f0dcccb96ba3354e8b6ba0a45034bcaf64b5,1,34,1788218038,234343,30000000,700000,234343,16470253,0.016470253,3859688498779,3.859688498779e-06,0.039848400017945096,2026-08-31T23:13:58.187082+00:00,2026-08-31T23:13:58.226925+00:00,Announcement is counted as the first confirmation by the implemented mechanism
Last.fm,PERF_20260901_021204,1337,confirmation,Member confirmation,28,38,20,,,1,2,False,0.1718313000164926,0x78DDB82dEd4c7F50FB2438A672Bd20B7e6A340Df,0x81CC2969f72341fCC3DF58e920BA33CE8DE90f29,0x6016642a73c82e704b1caf3161632b621e4cb31818882dba0293bbcbe44ac3cd,1,35,1788218039,90844,30000000,300000,90844,14443636,0.014443636,1312117668784,1.312117668784e-06,0.03495210001710802,2026-08-31T23:13:59.890105+00:00,2026-08-31T23:13:59.925570+00:00,Regular member confirmation
Last.fm,PERF_20260901_021204,1337,confirmation,Member confirmation,28,38,20,,,2,3,False,0.3006869000091683,0x64F81ac866527eF7f5c0FC19cDAacC1DfADeaF49,0x81CC2969f72341fCC3DF58e920BA33CE8DE90f29,0xfcfc315abf8b330e2c0ab60fbf341ddc5865c632606ecb8bbc20b492a9dc2313,1,36,1788218040,90844,30000000,300000,90844,12649116,0.012649116,1149096293904,1.149096293904e-06,0.029943900008220226,2026-08-31T23:14:00.028292+00:00,2026-08-31T23:14:00.057889+00:00,Regular member confirmation
Last.fm,PERF_20260901_021204,1337,confirmation,Member confirmation,28,38,20,,,3,4,False,0.44926829999894835,0xA550033bfcE54F6b4C673C41bDC63821361D6E5F,0x81CC2969f72341fCC3DF58e920BA33CE8DE90f29,0x2a82c9030b62e9111e522473181bd0d26826b519a282cfabf763099e0248af78,1,37,1788218040,90844,30000000,300000,90844,11077553,0.011077553,1006329224732,1.006329224732e-06,0.04347770000458695,2026-08-31T23:14:00.155148+00:00,2026-08-31T23:14:00.198626+00:00,Regular member confirmation
Last.fm,PERF_20260901_021204,1337,confirmation,Member confirmation,28,38,20,,,4,5,False,0.5696465999935754,0x7A9CCf1Fa102A21385727B00D27bA75cF594bA84,0x81CC2969f72341fCC3DF58e920BA33CE8DE90f29,0x4fa5615623ea2df9a9caa1e2f777bc9ceb88f8cafeac1480e50153546fa8bc3e,1,38,1788218040,90844,30000000,300000,90844,9701245,0.009701245,881299900780,8.8129990078e-07,0.03387879999354482,2026-08-31T23:14:00.290869+00:00,2026-08-31T23:14:00.324439+00:00,Regular member confirmation
Last.fm,PERF_20260901_021204,1337,confirmation,Member confirmation,28,38,20,,,5,6,False,0.6891719000122976,0xc231650138549890E8FCC401C1E67F8609572352,0x81CC2969f72341fCC3DF58e920BA33CE8DE90f29,0xeb386cc1d94499d636e16bcf2032f247594a65dd0568c002a47960d58cb3042b,1,39,1788218040,90844,30000000,300000,90844,8495934,0.008495934,771804628296,7.71804628296e-07,0.031462600018130615,2026-08-31T23:14:00.412380+00:00,2026-08-31T23:14:00.443897+00:00,Regular member confirmation
Last.fm,PERF_20260901_021204,1337,confirmation,Member confirmation,28,38,20,,,6,7,False,0.8093843999959063,0x95BcFAe78A540d88496A085BDcba98CA0BFB2b6C,0x81CC2969f72341fCC3DF58e920BA33CE8DE90f29,0xfa7ae28f774b5098da99f22710e3c7a888d8559a0a625b9987eaea2ba6013363,1,40,1788218040,90844,30000000,300000,90844,7440376,0.007440376,675913517344,6.75913517344e-07,0.029985300003318116,2026-08-31T23:14:00.531801+00:00,2026-08-31T23:14:00.562634+00:00,Regular member confirmation
Last.fm,PERF_20260901_021204,1337,confirmation,Member confirmation,28,38,20,,,7,8,False,0.924595299991779,0x7D5990f79E3294532355052dd8c85Ed6Be4db003,0x81CC2969f72341fCC3DF58e920BA33CE8DE90f29,0x4d910a53b31e2f5f509b06ec1860cc899097c9f72c6fa2f2937668461522bc87,1,41,1788218040,90844,30000000,300000,90844,6515961,0.006515961,591935961084,5.91935961084e-07,0.02795039999182336,2026-08-31T23:14:00.651130+00:00,2026-08-31T23:14:00.678332+00:00,Regular member confirmation
Last.fm,PERF_20260901_021204,1337,confirmation,Member confirmation,28,38,20,,,8,9,False,1.05811939999694,0xE71A76B8fE8647773BA716227a2f6a139652A245,0x81CC2969f72341fCC3DF58e920BA33CE8DE90f29,0x8513f448ed0f86723a61a632b3d093c27f413409b266c69e35b68a5ae5861886,1,42,1788218040,90844,30000000,300000,90844,5706400,0.0057064,518392201600,5.183922016e-07,0.03592490000301041,2026-08-31T23:14:00.772784+00:00,2026-08-31T23:14:00.809002+00:00,Regular member confirmation
Last.fm,PERF_20260901_021204,1337,confirmation,Member confirmation,28,38,20,,,9,10,False,1.1841715000045951,0x0Cd51e88dC636245248e9f098EA1e5FE9390138e,0x81CC2969f72341fCC3DF58e920BA33CE8DE90f29,0x69b597c798099f7c086728e00d011c4928a6b87affeef58ad7fdcba9542cf2df,1,43,1788218040,90844,30000000,300000,90844,4997421,0.004997421,453985713324,4.53985713324e-07,0.030701100011356175,2026-08-31T23:14:00.906745+00:00,2026-08-31T23:14:00.937907+00:00,Regular member confirmation
Last.fm,PERF_20260901_021204,1337,confirmation,Member confirmation,28,38,20,,,10,11,False,1.300185900006909,0x27B8B564A6Eb2f6c72461e1C3C87aabAF3334Ad5,0x81CC2969f72341fCC3DF58e920BA33CE8DE90f29,0xce8dc5c7cc9cba17bef4da4d28c65be1dfbcdbc715eca206f5cbc3e96ed93dbc,1,44,1788218041,90844,30000000,300000,90844,4376526,0.004376526,397581127944,3.97581127944e-07,0.030982500000391155,2026-08-31T23:14:01.023638+00:00,2026-08-31T23:14:01.054461+00:00,Regular member confirmation
Last.fm,PERF_20260901_021204,1337,confirmation,Member confirmation,28,38,20,,,11,12,False,1.4120909000048414,0x6FDa3e806984c5be3700DED8fF476E69520aD2F0,0x81CC2969f72341fCC3DF58e920BA33CE8DE90f29,0x7935a8bd4ae801ac318590f48b46df9725a9a6b22c5ae63fdeaf798e7c7293a3,1,45,1788218041,90844,30000000,300000,90844,3832774,0.003832774,348184521256,3.48184521256e-07,0.029806200007442385,2026-08-31T23:14:01.139710+00:00,2026-08-31T23:14:01.169227+00:00,Regular member confirmation
Last.fm,PERF_20260901_021204,1337,confirmation,Member confirmation,28,38,20,,,12,13,False,1.5588441000145394,0xE4495196DA714D159a07E580b9B038283cCe229f,0x81CC2969f72341fCC3DF58e920BA33CE8DE90f29,0xf6f383f4b844b4e54e3210bc235dde8d24a1adc726ff411e705788e94cce5c98,1,46,1788218041,90844,30000000,300000,90844,3356580,0.00335658,304925153520,3.0492515352e-07,0.03763010000693612,2026-08-31T23:14:01.267568+00:00,2026-08-31T23:14:01.306132+00:00,Regular member confirmation
Last.fm,PERF_20260901_021204,1337,confirmation,Member confirmation,28,38,20,,,13,14,False,1.681365900003584,0x2b6750960561C0e51e207917A8C731f3E797b194,0x81CC2969f72341fCC3DF58e920BA33CE8DE90f29,0x3d089da7de8bb735ac908714d25cfa59d0e6ef3d4c2d0a548bc11a3f4b95296f,1,47,1788218041,90844,30000000,300000,90844,2939548,0.002939548,267040298512,2.67040298512e-07,0.03209939997759648,2026-08-31T23:14:01.404790+00:00,2026-08-31T23:14:01.437685+00:00,Regular member confirmation
Last.fm,PERF_20260901_021204,1337,confirmation,Member confirmation,28,38,20,,,14,15,False,1.8009605999977794,0x7cFE8f1181D033152187508bb5bFd1c0980d749E,0x81CC2969f72341fCC3DF58e920BA33CE8DE90f29,0xcd027cd8ca5391a1e34279ddca2832a250322567f793bd6c1638840057f5df9f,1,48,1788218041,90844,30000000,300000,90844,2574331,0.002574331,233862525364,2.33862525364e-07,0.031058399996254593,2026-08-31T23:14:01.521784+00:00,2026-08-31T23:14:01.551943+00:00,Regular member confirmation
Last.fm,PERF_20260901_021204,1337,confirmation,Member confirmation,28,38,20,,,15,16,False,1.940193399990676,0x2A4eE7e51135Dd311e802d382B095181c1D03295,0x81CC2969f72341fCC3DF58e920BA33CE8DE90f29,0xda07c6ba827635417bd346feb9208e553ccbadcce473c257b59da8a7df3e60fd,1,49,1788218041,90844,30000000,300000,90844,2254488,0.002254488,204806707872,2.04806707872e-07,0.03258900000946596,2026-08-31T23:14:01.648052+00:00,2026-08-31T23:14:01.679596+00:00,Regular member confirmation
Last.fm,PERF_20260901_021204,1337,confirmation,Member confirmation,28,38,20,,,16,17,False,2.0705083000066224,0x343AeabeCd7EcE363b4009675888cD4A39562A49,0x81CC2969f72341fCC3DF58e920BA33CE8DE90f29,0x6df9ab1b66707a03e31b88f60ea65d8e1d2fa0606f826ef4fe0f94065659dbe2,1,50,1788218041,90844,30000000,300000,90844,1974385,0.001974385,179361030940,1.7936103094e-07,0.03348469999036752,2026-08-31T23:14:01.787788+00:00,2026-08-31T23:14:01.821499+00:00,Regular member confirmation
Last.fm,PERF_20260901_021204,1337,confirmation,Member confirmation,28,38,20,,,17,18,False,2.191267299989704,0xD9d136c836EbD9378Dc56Dc521641FA03914E133,0x81CC2969f72341fCC3DF58e920BA33CE8DE90f29,0x890dad445215bca01da7a55f824d296a8c65d880c14cf5050d222dc6f9f66e90,1,51,1788218041,90844,30000000,300000,90844,1729081,0.001729081,157076634364,1.57076634364e-07,0.028683000011369586,2026-08-31T23:14:01.916244+00:00,2026-08-31T23:14:01.944553+00:00,Regular member confirmation
Last.fm,PERF_20260901_021204,1337,confirmation,Member confirmation,28,38,20,,,18,19,False,2.3094103999901563,0xc1F8f04C16ab9AdB8804532C1e641e66533A4CFe,0x81CC2969f72341fCC3DF58e920BA33CE8DE90f29,0xd71068a0bd38f092373e1fdcfe08ff377b9e42a79c53546c96038fa33f0a7f0d,1,52,1788218042,90844,30000000,300000,90844,1514255,0.001514255,137560981220,1.3756098122e-07,0.028409099992131814,2026-08-31T23:14:02.034759+00:00,2026-08-31T23:14:02.062796+00:00,Regular member confirmation
Last.fm,PERF_20260901_021204,1337,confirmation,Member confirmation,28,38,20,,,19,20,True,2.4290007000090554,0xF9A8ED91A4A15D7CA5C3B12EA56ed55378912b05,0x81CC2969f72341fCC3DF58e920BA33CE8DE90f29,0x9ea7514c1d876efd932327ca9632bcd277bb7916b827832549af06d9c09a6fb3,1,53,1788218042,120841,30000000,300000,120841,1326119,0.001326119,160249546079,1.60249546079e-07,0.034203800023533404,2026-08-31T23:14:02.149715+00:00,2026-08-31T23:14:02.183853+00:00,Finalization-triggering confirmation
Last.fm,PERF_20260901_021204,1337,confirmation,Member confirmation,30,66,34,,,1,2,False,0.17366720002610236,0xd9e1e1047Ec25f0527185C0FCe531E4b04A046BC,0x81CC2969f72341fCC3DF58e920BA33CE8DE90f29,0x360ff30c6b7774cc3067473689fda78794a8df5d4a322d05a470185853ee2d6f,1,54,1788218042,90844,30000000,300000,90844,1161691,0.001161691,105532657204,1.05532657204e-07,0.03357309999410063,2026-08-31T23:14:02.493703+00:00,2026-08-31T23:14:02.526760+00:00,Regular member confirmation
Last.fm,PERF_20260901_021204,1337,confirmation,Member confirmation,30,66,34,,,2,3,False,0.35752140000113286,0xc5771A0a21F20D1fb7f4f0FE24e09706B0A7add5,0x81CC2969f72341fCC3DF58e920BA33CE8DE90f29,0x9361f46d481aa06f87995d59a45851c9754925466b52ba966df54fa94a4fd4a8,1,55,1788218042,90844,30000000,300000,90844,1017360,0.00101736,92421051840,9.242105184e-08,0.05188539999653585,2026-08-31T23:14:02.655839+00:00,2026-08-31T23:14:02.708471+00:00,Regular member confirmation
Last.fm,PERF_20260901_021204,1337,confirmation,Member confirmation,30,66,34,,,3,4,False,0.48949970002286136,0x4eD8B77B48279B55DC72CF94e80d8cAeB5b5DadB,0x81CC2969f72341fCC3DF58e920BA33CE8DE90f29,0xaca29b7d877e3288859f2e678f6cb301f20ccbd29753b68867bb056ad27e30fa,1,56,1788218042,90844,30000000,300000,90844,890960,0.00089096,80938370240,8.093837024e-08,0.034698599978582934,2026-08-31T23:14:02.808502+00:00,2026-08-31T23:14:02.842153+00:00,Regular member confirmation
Last.fm,PERF_20260901_021204,1337,confirmation,Member confirmation,30,66,34,,,4,5,False,0.6228625000221655,0x71571e17A2D48943dD8c4c3f65D022639ee320d4,0x81CC2969f72341fCC3DF58e920BA33CE8DE90f29,0x3476ce0476f73d8bf23966a2fe42424b7de0e465f7577e0e9e0f4788c54d1e77,1,57,1788218042,90844,30000000,300000,90844,780265,0.000780265,70882393660,7.088239366e-08,0.03134380001574755,2026-08-31T23:14:02.944148+00:00,2026-08-31T23:14:02.975991+00:00,Regular member confirmation
Last.fm,PERF_20260901_021204,1337,confirmation,Member confirmation,30,66,34,,,5,6,False,0.76265260000946,0xE39Ff1F934230aeD0cf43d57fd3d83BFa8879826,0x81CC2969f72341fCC3DF58e920BA33CE8DE90f29,0x6a141b4acb96b76f806240ffb94d8d74eb746075579c56678b1f4710dbf00999,1,58,1788218043,90844,30000000,300000,90844,683322,0.000683322,62075703768,6.2075703768e-08,0.03533789998618886,2026-08-31T23:14:03.086094+00:00,2026-08-31T23:14:03.121117+00:00,Regular member confirmation
Last.fm,PERF_20260901_021204,1337,confirmation,Member confirmation,30,66,34,,,6,7,False,0.8965135000180453,0xbEe9AF13d5fcEd737498068FceC6269e3245db86,0x81CC2969f72341fCC3DF58e920BA33CE8DE90f29,0x1f514ccc9f54dd3840a9cc37e2cf0cbf9da556f378bea2cbbbe2832025cb5d91,1,59,1788218043,90844,30000000,300000,90844,598424,0.000598424,54363229856,5.4363229856e-08,0.03468169999541715,2026-08-31T23:14:03.219859+00:00,2026-08-31T23:14:03.253650+00:00,Regular member confirmation
Last.fm,PERF_20260901_021204,1337,confirmation,Member confirmation,30,66,34,,,7,8,False,1.0437654000124894,0x2f35E3A14DB8257e6238393552B4C527DB219feA,0x81CC2969f72341fCC3DF58e920BA33CE8DE90f29,0x899543fe3908e12a51dc94ee7ee3e478e628cb37d320cfce82ea3ee32e1cd9ba,1,60,1788218043,90844,30000000,300000,90844,524075,0.000524075,47609069300,4.76090693e-08,0.04426900000544265,2026-08-31T23:14:03.351432+00:00,2026-08-31T23:14:03.395744+00:00,Regular member confirmation
Last.fm,PERF_20260901_021204,1337,confirmation,Member confirmation,30,66,34,,,8,9,False,1.17206760001136,0xe75162cB3058eA920dbE01af69444DD2085ad84A,0x81CC2969f72341fCC3DF58e920BA33CE8DE90f29,0x55a9e712e956e0c895bf8a31f49ba6b2747efa2dfecb986d3ba263a5bcdf99a4,1,61,1788218043,90844,30000000,300000,90844,458962,0.000458962,41693943928,4.1693943928e-08,0.031967999995686114,2026-08-31T23:14:03.496367+00:00,2026-08-31T23:14:03.528079+00:00,Regular member confirmation
Last.fm,PERF_20260901_021204,1337,confirmation,Member confirmation,30,66,34,,,9,10,False,1.3028672000218648,0x151c96EeF5cAB0D7107E42cfB3593151DeaF8211,0x81CC2969f72341fCC3DF58e920BA33CE8DE90f29,0xc438b9522d77ca1612b0fc3ef2a5a5c8cf85886ac550fa592d6b799a978184e9,1,62,1788218043,90844,30000000,300000,90844,401940,0.00040194,36513837360,3.651383736e-08,0.0331049999804236,2026-08-31T23:14:03.621719+00:00,2026-08-31T23:14:03.655791+00:00,Regular member confirmation
Last.fm,PERF_20260901_021204,1337,confirmation,Member confirmation,30,66,34,,,10,11,False,1.427357500011567,0xe7a0bd0c8BbdDFf93C76bc51586D1bFeE1E45C1C,0x81CC2969f72341fCC3DF58e920BA33CE8DE90f29,0xf1c9ebd56dd188ea04277f0d45771e5438240480bf37bdb1b50e924ba8fc6822,1,63,1788218043,90844,30000000,300000,90844,352002,0.000352002,31977269688,3.1977269688e-08,0.03379560000030324,2026-08-31T23:14:03.752177+00:00,2026-08-31T23:14:03.785787+00:00,Regular member confirmation
Last.fm,PERF_20260901_021204,1337,confirmation,Member confirmation,30,66,34,,,11,12,False,1.5870138000173029,0xCC98Df6caF5370149F3Da08C7c848294878a4221,0x81CC2969f72341fCC3DF58e920BA33CE8DE90f29,0x18b373eb14e2be85c56f93d7d3c9292cffed0befbc919d59f552a02a1f96ab45,1,64,1788218043,90844,30000000,300000,90844,308269,0.000308269,28004389036,2.8004389036e-08,0.044287299999268726,2026-08-31T23:14:03.890176+00:00,2026-08-31T23:14:03.934928+00:00,Regular member confirmation
Last.fm,PERF_20260901_021204,1337,confirmation,Member confirmation,30,66,34,,,12,13,False,1.7359048000071198,0x76378eE8bcfB66790cEeF3fdD6731eed10A26f1b,0x81CC2969f72341fCC3DF58e920BA33CE8DE90f29,0x3c1103c3d31389d6cde4f7f71fa006b40a7cea3ae673dc4fd693b45ec4a72964,1,65,1788218044,90844,30000000,300000,90844,269969,0.000269969,24525063836,2.4525063836e-08,0.03830669997842051,2026-08-31T23:14:04.048801+00:00,2026-08-31T23:14:04.086570+00:00,Regular member confirmation
Last.fm,PERF_20260901_021204,1337,confirmation,Member confirmation,30,66,34,,,13,14,False,1.8924999000155367,0xf80F296bB504f33D74af8e97A654C806b34CA643,0x81CC2969f72341fCC3DF58e920BA33CE8DE90f29,0xdf39eb0ab2f852642b3946e290cdb02368eff7cf64e65236c962b4e68489144c,1,66,1788218044,90844,30000000,300000,90844,236428,0.000236428,21478065232,2.1478065232e-08,0.04314620001241565,2026-08-31T23:14:04.201587+00:00,2026-08-31T23:14:04.244205+00:00,Regular member confirmation
Last.fm,PERF_20260901_021204,1337,confirmation,Member confirmation,30,66,34,,,14,15,False,2.032003500004066,0x36e3c72875cA8875311554eA270800e1E8d856aD,0x81CC2969f72341fCC3DF58e920BA33CE8DE90f29,0xc6bdbf9ce64ee4a0674f9848272a38b111e1b8a47a8f89d15e425352b625109d,1,67,1788218044,90844,30000000,300000,90844,207054,0.000207054,18809613576,1.8809613576e-08,0.03432870001415722,2026-08-31T23:14:04.355430+00:00,2026-08-31T23:14:04.389823+00:00,Regular member confirmation
Last.fm,PERF_20260901_021204,1337,confirmation,Member confirmation,30,66,34,,,15,16,False,2.1578851000231225,0xc293296a8b71A36f8e64883D54Ddd4D00cCf5277,0x81CC2969f72341fCC3DF58e920BA33CE8DE90f29,0x0dc19c3e8a02f8ec0af80628e4d90fe38d0b8c7a21c43c1ba161b7f7fd0576ff,1,68,1788218044,90844,30000000,300000,90844,181329,0.000181329,16472651676,1.6472651676e-08,0.0331581000064034,2026-08-31T23:14:04.484818+00:00,2026-08-31T23:14:04.518593+00:00,Regular member confirmation
Last.fm,PERF_20260901_021204,1337,confirmation,Member confirmation,30,66,34,,,16,17,False,2.2777667000191286,0x8F32fDC6e0172a215d9B49C527f9576857E15483,0x81CC2969f72341fCC3DF58e920BA33CE8DE90f29,0x43732d7c72a033309cb7dd7ed18ab6a2daa15987bd4efc230824ca63940bef96,1,69,1788218044,90844,30000000,300000,90844,158801,0.000158801,14426118044,1.4426118044e-08,0.03118030002224259,2026-08-31T23:14:04.605121+00:00,2026-08-31T23:14:04.637091+00:00,Regular member confirmation
Last.fm,PERF_20260901_021204,1337,confirmation,Member confirmation,30,66,34,,,17,18,False,2.423598600027617,0x846a21562ed6385EDa15a2f822D499E522a1Fd24,0x81CC2969f72341fCC3DF58e920BA33CE8DE90f29,0x2a8ec66e55f17c10b88609536c81e27addfcdc0fea92ea2be36d5bfb44453cd1,1,70,1788218044,90844,30000000,300000,90844,139071,0.000139071,12633765924,1.2633765924e-08,0.04129220001050271,2026-08-31T23:14:04.730905+00:00,2026-08-31T23:14:04.772543+00:00,Regular member confirmation
Last.fm,PERF_20260901_021204,1337,confirmation,Member confirmation,30,66,34,,,18,19,False,2.586292800027877,0x72110612518d3909E8d7464b4e2b710fab5229F6,0x81CC2969f72341fCC3DF58e920BA33CE8DE90f29,0x1d203f6c81b7620fd0e3cf4825ddf0a3a86d5c0bec689fa454be68f2f2d5235f,1,71,1788218044,90844,30000000,300000,90844,121793,0.000121793,11064163292,1.1064163292e-08,0.04128169998875819,2026-08-31T23:14:04.900495+00:00,2026-08-31T23:14:04.941498+00:00,Regular member confirmation
Last.fm,PERF_20260901_021204,1337,confirmation,Member confirmation,30,66,34,,,19,20,False,2.7261258000216912,0x64A72e7cb429dDE10b2686EE24b045005F67E185,0x81CC2969f72341fCC3DF58e920BA33CE8DE90f29,0x944f27108a583bae2a5649a08a2d83c3fd576d140dbf07ad9b71b602cdeb9a03,1,72,1788218045,90844,30000000,300000,90844,106661,0.000106661,9689511884,9.689511884e-09,0.035507399996276945,2026-08-31T23:14:05.047424+00:00,2026-08-31T23:14:05.082144+00:00,Regular member confirmation
Last.fm,PERF_20260901_021204,1337,confirmation,Member confirmation,30,66,34,,,20,21,False,2.8690914000035264,0xd9BAdc25752A2EbC014D0E3C6019439AF48509C9,0x81CC2969f72341fCC3DF58e920BA33CE8DE90f29,0xa03f9e8ecf340c1efdf45a47c1a23f9cd9956a6c6d0ed497f1e043ac4f47e9c5,1,73,1788218045,90844,30000000,300000,90844,93409,9.3409e-05,8485647196,8.485647196e-09,0.03382780001265928,2026-08-31T23:14:05.182217+00:00,2026-08-31T23:14:05.216082+00:00,Regular member confirmation
Last.fm,PERF_20260901_021204,1337,confirmation,Member confirmation,30,66,34,,,21,22,False,3.0390093000023626,0x9766c9FA96442fA88aD577E4DbE1b0Ce909A1275,0x81CC2969f72341fCC3DF58e920BA33CE8DE90f29,0x995894916f1ee90b70d5bbbdb00e725566a8e1f8a4b2edeea473f27df2dfcb9a,1,74,1788218045,90844,30000000,300000,90844,81805,8.1805e-05,7431493420,7.43149342e-09,0.04147789999842644,2026-08-31T23:14:05.340291+00:00,2026-08-31T23:14:05.382225+00:00,Regular member confirmation
Last.fm,PERF_20260901_021204,1337,confirmation,Member confirmation,30,66,34,,,22,23,False,3.194815800001379,0x420fbe490F4AAfb8796760736D6CCA4E67A1A78a,0x81CC2969f72341fCC3DF58e920BA33CE8DE90f29,0x1f61cacf9505c842ea2a68ff9a8168a1706e1606935439da71d07ec825fc9215,1,75,1788218045,90844,30000000,300000,90844,71642,7.1642e-05,6508245848,6.508245848e-09,0.03637919999891892,2026-08-31T23:14:05.505508+00:00,2026-08-31T23:14:05.541368+00:00,Regular member confirmation
Last.fm,PERF_20260901_021204,1337,confirmation,Member confirmation,30,66,34,,,23,24,False,3.3617356000177097,0xb07493d8367e527D7cf021872CC6F59e0f0afc29,0x81CC2969f72341fCC3DF58e920BA33CE8DE90f29,0x63c1dddfabcb27e081d6dede08e91b8dde63eec77c970e0a68aedef89c21bd24,1,76,1788218045,90844,30000000,300000,90844,62741,6.2741e-05,5699643404,5.699643404e-09,0.043037000024924055,2026-08-31T23:14:05.660056+00:00,2026-08-31T23:14:05.702940+00:00,Regular member confirmation
Last.fm,PERF_20260901_021204,1337,confirmation,Member confirmation,30,66,34,,,24,25,False,3.5229217000014614,0x171f68ee68B8640Ef27a0c78838d317Dd795487a,0x81CC2969f72341fCC3DF58e920BA33CE8DE90f29,0x3a86aae4f3818937ee4d86ac65554a46cd2e13de005bb35898b747c4dd36ccd5,1,77,1788218045,90844,30000000,300000,90844,54946,5.4946e-05,4991514424,4.991514424e-09,0.0396152000175789,2026-08-31T23:14:05.826662+00:00,2026-08-31T23:14:05.866831+00:00,Regular member confirmation
Last.fm,PERF_20260901_021204,1337,confirmation,Member confirmation,30,66,34,,,25,26,False,3.7086658000189345,0x59D0DB276C3837f58D2370b87dBAD6c4d704900E,0x81CC2969f72341fCC3DF58e920BA33CE8DE90f29,0x1408d67f33a5e30b91de53a9b04ebe68295fc6fa82698ef5c46c819c968cb285,1,78,1788218046,90844,30000000,300000,90844,48119,4.8119e-05,4371322436,4.371322436e-09,0.05044389999238774,2026-08-31T23:14:05.996786+00:00,2026-08-31T23:14:06.047598+00:00,Regular member confirmation
Last.fm,PERF_20260901_021204,1337,confirmation,Member confirmation,30,66,34,,,26,27,False,3.848379200004274,0xd2d62B62DB95043897B5b4681D1C277E923E0d47,0x81CC2969f72341fCC3DF58e920BA33CE8DE90f29,0xf12bbe1cd8e064148fdb6d3107970608c237a0450c4960d4d6772b45e9d72933,1,79,1788218046,90844,30000000,300000,90844,42142,4.2142e-05,3828347848,3.828347848e-09,0.034311600000364706,2026-08-31T23:14:06.159440+00:00,2026-08-31T23:14:06.194149+00:00,Regular member confirmation
Last.fm,PERF_20260901_021204,1337,confirmation,Member confirmation,30,66,34,,,27,28,False,3.9757503000146244,0x1D7597f542977E2D61575dc5706C27Cb676A2340,0x81CC2969f72341fCC3DF58e920BA33CE8DE90f29,0xf4de08a232a1f975f57f0805e99a286d0f74acbbb680d9cf1d1091d698a1cee4,1,80,1788218046,90844,30000000,300000,90844,36906,3.6906e-05,3352688664,3.352688664e-09,0.033665700000710785,2026-08-31T23:14:06.296173+00:00,2026-08-31T23:14:06.329903+00:00,Regular member confirmation
Last.fm,PERF_20260901_021204,1337,confirmation,Member confirmation,30,66,34,,,28,29,False,4.102535600017291,0x13E5a9793AD70cf2B24C06a9891B89de7A0b5F04,0x81CC2969f72341fCC3DF58e920BA33CE8DE90f29,0xe82884045a71344efe6eceab9be5a9dbcf9b1880caef7bcee53aad1ee4b690bb,1,81,1788218046,90844,30000000,300000,90844,32321,3.2321e-05,2936168924,2.936168924e-09,0.030091900000115857,2026-08-31T23:14:06.432852+00:00,2026-08-31T23:14:06.463889+00:00,Regular member confirmation
Last.fm,PERF_20260901_021204,1337,confirmation,Member confirmation,30,66,34,,,29,30,False,4.225411000021268,0x12F2d308ee2Ad863Bf32bf29d8eE89E5f3fa5e8a,0x81CC2969f72341fCC3DF58e920BA33CE8DE90f29,0x0feaa8a88de3283777c9df6bf349b4f6813b1c724bc25b2fc347b2bb409cad3c,1,82,1788218046,90844,30000000,300000,90844,28306,2.8306e-05,2571430264,2.571430264e-09,0.034513099992182106,2026-08-31T23:14:06.548380+00:00,2026-08-31T23:14:06.582124+00:00,Regular member confirmation
Last.fm,PERF_20260901_021204,1337,confirmation,Member confirmation,30,66,34,,,30,31,False,4.343103700026404,0x82498d70AEf8d06D6b5CB955BE951fdD47cAb821,0x81CC2969f72341fCC3DF58e920BA33CE8DE90f29,0x41da3e6f008420abd24ab3b7693c3a906f0f18ab4a5425cac070998f5031036a,1,83,1788218046,90844,30000000,300000,90844,24790,2.479e-05,2252022760,2.25202276e-09,0.03083799997693859,2026-08-31T23:14:06.675060+00:00,2026-08-31T23:14:06.705410+00:00,Regular member confirmation
Last.fm,PERF_20260901_021204,1337,confirmation,Member confirmation,30,66,34,,,31,32,False,4.460559099999955,0x6b66BBdD6B9e55a83e446B26927A58db165032E6,0x81CC2969f72341fCC3DF58e920BA33CE8DE90f29,0x85ccb9fb81ae7ff251a7b62587dc26012e2334b972bd6e50a97f2ca9ce0831a5,1,84,1788218046,90844,30000000,300000,90844,21711,2.1711e-05,1972314084,1.972314084e-09,0.030823599983705208,2026-08-31T23:14:06.787333+00:00,2026-08-31T23:14:06.818825+00:00,Regular member confirmation
Last.fm,PERF_20260901_021204,1337,confirmation,Member confirmation,30,66,34,,,32,33,False,4.5770400000037625,0x8EB835352e3A6D56A2f968700ABaAAA7C4645477,0x81CC2969f72341fCC3DF58e920BA33CE8DE90f29,0x72dbe1e34f0e2193f686f44b8be7fafaba4266e4d81fc2e6d4a97d32c9a941c2,1,85,1788218046,90844,30000000,300000,90844,19014,1.9014e-05,1727307816,1.727307816e-09,0.02934330000425689,2026-08-31T23:14:06.909202+00:00,2026-08-31T23:14:06.938491+00:00,Regular member confirmation
Last.fm,PERF_20260901_021204,1337,confirmation,Member confirmation,30,66,34,,,33,34,True,4.694619400019292,0x55bA201eDF563E1f8d18eC60a45ff523a8d72e7D,0x81CC2969f72341fCC3DF58e920BA33CE8DE90f29,0x8f4ce5a66d3604169fcbd4dd2b2621fa36311eb5b541e4fca70bccfddd761f47,1,86,1788218047,120841,30000000,300000,120841,16652,1.6652e-05,2012244332,2.012244332e-09,0.034788999997545034,2026-08-31T23:14:07.021289+00:00,2026-08-31T23:14:07.055808+00:00,Finalization-triggering confirmation
Last.fm,PERF_20260901_021204,1337,confirmation,Member confirmation,38,57,29,,,1,2,False,0.1497749000263866,0xA73c7D24f8637cCEE56499D1ebf7Cb8fFf8AB1EB,0x81CC2969f72341fCC3DF58e920BA33CE8DE90f29,0xb16c3f1c14e2f528928d72e4ab504bbaa3faaeac70ea5118ebf270cd88b4657a,1,87,1788218047,90844,30000000,300000,90844,14587,1.4587e-05,1325141428,1.325141428e-09,0.030182700022123754,2026-08-31T23:14:07.318920+00:00,2026-08-31T23:14:07.348831+00:00,Regular member confirmation
Last.fm,PERF_20260901_021204,1337,confirmation,Member confirmation,38,57,29,,,2,3,False,0.26444520000950433,0x16705adC5D745F92F7add6b71515FCdf13702CfE,0x81CC2969f72341fCC3DF58e920BA33CE8DE90f29,0x4e08857100bca293a3fc7d727aa6a530b02b256faab56bc554e16efe3b893187,1,88,1788218047,90844,30000000,300000,90844,12775,1.2775e-05,1160532100,1.1605321e-09,0.031032700004288927,2026-08-31T23:14:07.433417+00:00,2026-08-31T23:14:07.464673+00:00,Regular member confirmation
Last.fm,PERF_20260901_021204,1337,confirmation,Member confirmation,38,57,29,,,3,4,False,0.3791921000229195,0xc3065eF52915cf2cc169958879D5e28e77E201Df,0x81CC2969f72341fCC3DF58e920BA33CE8DE90f29,0x38940fff3da471a3172287accafe5b5e2df5702ecb49878f5a4eea24cd5a4879,1,89,1788218047,90844,30000000,300000,90844,11189,1.1189e-05,1016453516,1.016453516e-09,0.0313857999863103,2026-08-31T23:14:07.546213+00:00,2026-08-31T23:14:07.578191+00:00,Regular member confirmation
Last.fm,PERF_20260901_021204,1337,confirmation,Member confirmation,38,57,29,,,4,5,False,0.4899287000007462,0xAE7ca75b9EBA72eaA642aC3796cC4F6c73B523d8,0x81CC2969f72341fCC3DF58e920BA33CE8DE90f29,0xd31f1d2247e284f6d193a1675e43dfd557c9a19970a324f4c9fad4b9ecfc6b20,1,90,1788218047,90844,30000000,300000,90844,9798,9.798e-06,890089512,8.90089512e-10,0.027715599979273975,2026-08-31T23:14:07.661315+00:00,2026-08-31T23:14:07.689239+00:00,Regular member confirmation
Last.fm,PERF_20260901_021204,1337,confirmation,Member confirmation,38,57,29,,,5,6,False,0.6029883000010159,0x120EdE2DF71196671267Db35F611F78813290957,0x81CC2969f72341fCC3DF58e920BA33CE8DE90f29,0xf9c9122cbf256b3287a8929807f55f83d581ae1ce8282cdba6b8aba90d706c63,1,91,1788218047,90844,30000000,300000,90844,8581,8.581e-06,779532364,7.79532364e-10,0.030630199995357543,2026-08-31T23:14:07.772308+00:00,2026-08-31T23:14:07.802424+00:00,Regular member confirmation
Last.fm,PERF_20260901_021204,1337,confirmation,Member confirmation,38,57,29,,,6,7,False,0.7228825000056531,0x5E5bB2ef79C0447d58eA8E58448929215a8c7477,0x81CC2969f72341fCC3DF58e920BA33CE8DE90f29,0x8984f71a4f07f946ae82648a113943adf362f7f612a3a88c461a0a2584e76c4f,1,92,1788218047,90844,30000000,300000,90844,7516,7.516e-06,682783504,6.82783504e-10,0.03856190000078641,2026-08-31T23:14:07.884602+00:00,2026-08-31T23:14:07.923422+00:00,Regular member confirmation
Last.fm,PERF_20260901_021204,1337,confirmation,Member confirmation,38,57,29,,,7,8,False,0.8334612000035122,0x6E784e7102dE78CcdF2B4faF263b6fe41E633596,0x81CC2969f72341fCC3DF58e920BA33CE8DE90f29,0x5fd401a0f0ea88599252fe43c86983660d9ae6b8b3c1fb4eabbb8c050db31984,1,93,1788218048,90844,30000000,300000,90844,6583,6.583e-06,598026052,5.98026052e-10,0.028732400009175763,2026-08-31T23:14:08.004509+00:00,2026-08-31T23:14:08.032689+00:00,Regular member confirmation
Last.fm,PERF_20260901_021204,1337,confirmation,Member confirmation,38,57,29,,,8,9,False,0.9554324000200722,0xd19F243c3BEBC514e152A5d32Fe9EcfB016029Fc,0x81CC2969f72341fCC3DF58e920BA33CE8DE90f29,0xac7631d9dcca471665965b6d8e0275ed87f0bf0e0f462d03d68ba30e17b0280c,1,94,1788218048,90844,30000000,300000,90844,5765,5.765e-06,523715660,5.2371566e-10,0.03397610000683926,2026-08-31T23:14:08.118970+00:00,2026-08-31T23:14:08.152507+00:00,Regular member confirmation
Last.fm,PERF_20260901_021204,1337,confirmation,Member confirmation,38,57,29,,,9,10,False,1.0759128000063356,0x4cED2a6FcDdd165f922A415715fC2cD5b5aBb3a5,0x81CC2969f72341fCC3DF58e920BA33CE8DE90f29,0x72c240983cf4b73c7dc1acd212950793b0aec19946ce100ca464739c3c2a8a33,1,95,1788218048,90844,30000000,300000,90844,5049,5.049e-06,458671356,4.58671356e-10,0.03068710002116859,2026-08-31T23:14:08.242612+00:00,2026-08-31T23:14:08.273515+00:00,Regular member confirmation
Last.fm,PERF_20260901_021204,1337,confirmation,Member confirmation,38,57,29,,,10,11,False,1.196612500003539,0xf8036AEAa99F5EB3B1A385875dbaBf71aEBD798E,0x81CC2969f72341fCC3DF58e920BA33CE8DE90f29,0xf1c9258451d356358f4eb6f9dde9f4e0e2ad03537cbb7994998c8ab1c513ff14,1,96,1788218048,90844,30000000,300000,90844,4422,4.422e-06,401712168,4.01712168e-10,0.027974700002232566,2026-08-31T23:14:08.362464+00:00,2026-08-31T23:14:08.390143+00:00,Regular member confirmation
Last.fm,PERF_20260901_021204,1337,confirmation,Member confirmation,38,57,29,,,11,12,False,1.3201379000092857,0x9ACCb653c4003942491e7346Eb625E9bf75F8546,0x81CC2969f72341fCC3DF58e920BA33CE8DE90f29,0x6e33c80fe32293974a1236a8641e85d3fa75b04b9296cdbd268ea12f5ef4f118,1,97,1788218048,90844,30000000,300000,90844,3873,3.873e-06,351838812,3.51838812e-10,0.030441400012932718,2026-08-31T23:14:08.486574+00:00,2026-08-31T23:14:08.517334+00:00,Regular member confirmation
Last.fm,PERF_20260901_021204,1337,confirmation,Member confirmation,38,57,29,,,12,13,False,1.4334803000092506,0x4731F3A0d7812e4808b5d805c707897cC8D4A1b0,0x81CC2969f72341fCC3DF58e920BA33CE8DE90f29,0x41330f08fa3aaf5882f47adfaf058b8f57dadf76a931d13f5ee952005f71f12f,1,98,1788218048,90844,30000000,300000,90844,3393,3.393e-06,308233692,3.08233692e-10,0.02942930001881905,2026-08-31T23:14:08.603413+00:00,2026-08-31T23:14:08.632520+00:00,Regular member confirmation
Last.fm,PERF_20260901_021204,1337,confirmation,Member confirmation,38,57,29,,,13,14,False,1.5466840000008233,0xDba3E2496FD6fbcE52E264fE3ecE0E061b79C9c2,0x81CC2969f72341fCC3DF58e920BA33CE8DE90f29,0x9f99ad472c2c92d5db25d82f6ad4cb16928436bcdfcfa63e36136b81b5178184,1,99,1788218048,90844,30000000,300000,90844,2971,2.971e-06,269897524,2.69897524e-10,0.03041609999490902,2026-08-31T23:14:08.716011+00:00,2026-08-31T23:14:08.746206+00:00,Regular member confirmation
Last.fm,PERF_20260901_021204,1337,confirmation,Member confirmation,38,57,29,,,14,15,False,1.6629940000129864,0x8C3dB811a6C963Fd7C4E7018609Da61B73A636b9,0x81CC2969f72341fCC3DF58e920BA33CE8DE90f29,0x0ea641a3f583baa6910f35a7781bdb51827afcbb6236078c454e5186ebd984a5,1,100,1788218048,90844,30000000,300000,90844,2603,2.603e-06,236466932,2.36466932e-10,0.030182099988451228,2026-08-31T23:14:08.832556+00:00,2026-08-31T23:14:08.862071+00:00,Regular member confirmation
Last.fm,PERF_20260901_021204,1337,confirmation,Member confirmation,38,57,29,,,15,16,False,1.778869300003862,0x28a57efFC6aEcEFaec566064f5715b872a0Ce86F,0x81CC2969f72341fCC3DF58e920BA33CE8DE90f29,0x8193a79ff1de86fe194eca29f4179678a44d1bafcf4546a34fbb3ab7a8c3f55c,1,101,1788218048,90844,30000000,300000,90844,2280,2.28e-06,207124320,2.0712432e-10,0.030271499999798834,2026-08-31T23:14:08.947334+00:00,2026-08-31T23:14:08.977990+00:00,Regular member confirmation
Last.fm,PERF_20260901_021204,1337,confirmation,Member confirmation,38,57,29,,,16,17,False,1.8891400000138674,0xbe60D8A1CC2Ff8084e736951E142561f784EF552,0x81CC2969f72341fCC3DF58e920BA33CE8DE90f29,0x8e4f62f61e1ddb22cf100ea73d9e7050443e861b9076d840703d6205cad39143,1,102,1788218049,90844,30000000,300000,90844,1998,1.998e-06,181506312,1.81506312e-10,0.028235600009793416,2026-08-31T23:14:09.062304+00:00,2026-08-31T23:14:09.090517+00:00,Regular member confirmation
Last.fm,PERF_20260901_021204,1337,confirmation,Member confirmation,38,57,29,,,17,18,False,2.000528900010977,0x85BA5Da6273adf08e907a877c59B05731ba9720C,0x81CC2969f72341fCC3DF58e920BA33CE8DE90f29,0xde15675dfdce8d21a24273e57de58828ddca9320a0a8cc6faba3f76ec09e625b,1,103,1788218049,90844,30000000,300000,90844,1749,1.749e-06,158886156,1.58886156e-10,0.02923049998935312,2026-08-31T23:14:09.169770+00:00,2026-08-31T23:14:09.199462+00:00,Regular member confirmation
Last.fm,PERF_20260901_021204,1337,confirmation,Member confirmation,38,57,29,,,18,19,False,2.11430700001074,0xFde78eB8Dab78662717994cA4F7084cbe399F8ae,0x81CC2969f72341fCC3DF58e920BA33CE8DE90f29,0x1d36323aa5e1038b71787d266f680063505abd03722669933c7629b1cfb7100d,1,104,1788218049,90844,30000000,300000,90844,1533,1.533e-06,139263852,1.39263852e-10,0.030319099983898923,2026-08-31T23:14:09.283139+00:00,2026-08-31T23:14:09.313110+00:00,Regular member confirmation
Last.fm,PERF_20260901_021204,1337,confirmation,Member confirmation,38,57,29,,,19,20,False,2.2263683000055607,0xE8c3FcB8056Ff079d90CdCbe67cE247d6ef04582,0x81CC2969f72341fCC3DF58e920BA33CE8DE90f29,0x8dd5daef8f1f61027868aa5458a18461b7b5c0c168f99296c26ef422b5d37f2a,1,105,1788218049,90844,30000000,300000,90844,1343,1.343e-06,122003492,1.22003492e-10,0.028867899993201718,2026-08-31T23:14:09.397671+00:00,2026-08-31T23:14:09.426280+00:00,Regular member confirmation
Last.fm,PERF_20260901_021204,1337,confirmation,Member confirmation,38,57,29,,,20,21,False,2.340587200014852,0x89Ea05157F36544a0d5054d1fD89141f678b19a4,0x81CC2969f72341fCC3DF58e920BA33CE8DE90f29,0xfa36a2aa5402cb67a923e068837956626091c8e1a85ff829ad6c959ba01aa1a0,1,106,1788218049,90844,30000000,300000,90844,1177,1.177e-06,106923388,1.06923388e-10,0.02976860001217574,2026-08-31T23:14:09.510990+00:00,2026-08-31T23:14:09.541331+00:00,Regular member confirmation
Last.fm,PERF_20260901_021204,1337,confirmation,Member confirmation,38,57,29,,,21,22,False,2.4519590999989305,0x8FAe71CF8027A3C859Fff8d89Ea5F85ba808c038,0x81CC2969f72341fCC3DF58e920BA33CE8DE90f29,0x5ac29bc568d58d5a4fda06da10390314a4c96ccd73786d313a596c06eb3231e4,1,107,1788218049,90844,30000000,300000,90844,1032,1.032e-06,93751008,9.3751008e-11,0.029279000009410083,2026-08-31T23:14:09.622485+00:00,2026-08-31T23:14:09.650524+00:00,Regular member confirmation
Last.fm,PERF_20260901_021204,1337,confirmation,Member confirmation,38,57,29,,,22,23,False,2.566659800009802,0x6af4F4C17fbB74b095A0E28b9c729cC8746Cf86C,0x81CC2969f72341fCC3DF58e920BA33CE8DE90f29,0x66bbdb5c6521f8e911b9fbad5e05d051768d821abe45254b48b49ce02ee14212,1,108,1788218049,90844,30000000,300000,90844,904,9.04e-07,82122976,8.2122976e-11,0.030021500017028302,2026-08-31T23:14:09.733486+00:00,2026-08-31T23:14:09.764166+00:00,Regular member confirmation
Last.fm,PERF_20260901_021204,1337,confirmation,Member confirmation,38,57,29,,,23,24,False,2.679876600013813,0x61a7448F70EEd6eCF4Dd6d9f19CBA4e555dbF31d,0x81CC2969f72341fCC3DF58e920BA33CE8DE90f29,0xc8762134d9e26726c0f607c4c45d874dee65ae56a3063df24af4336ecbb25454,1,109,1788218049,90844,30000000,300000,90844,793,7.93e-07,72039292,7.2039292e-11,0.027573100000154227,2026-08-31T23:14:09.849139+00:00,2026-08-31T23:14:09.876913+00:00,Regular member confirmation
Last.fm,PERF_20260901_021204,1337,confirmation,Member confirmation,38,57,29,,,24,25,False,2.789212800009409,0x599285A1514B63E5c37d01B09c806BAA9b581D61,0x81CC2969f72341fCC3DF58e920BA33CE8DE90f29,0xb798956f326c76c54e7200d8244f76ad1f723748ecc6f6f2e13a79c17812ae07,1,110,1788218049,90844,30000000,300000,90844,695,6.95e-07,63136580,6.313658e-11,0.028277500008698553,2026-08-31T23:14:09.961365+00:00,2026-08-31T23:14:09.990435+00:00,Regular member confirmation
Last.fm,PERF_20260901_021204,1337,confirmation,Member confirmation,38,57,29,,,25,26,False,2.9086154000251554,0x0523687F6af21F251Cb1b6dAD4930f9C95Dd73cF,0x81CC2969f72341fCC3DF58e920BA33CE8DE90f29,0xa3887de8ec3c97ebcd098cf3b4de8210ed01bbc5d925ab7b09102c2e21e889a7,1,111,1788218050,90844,30000000,300000,90844,609,6.09e-07,55323996,5.5323996e-11,0.035199200006900355,2026-08-31T23:14:10.071036+00:00,2026-08-31T23:14:10.107385+00:00,Regular member confirmation
Last.fm,PERF_20260901_021204,1337,confirmation,Member confirmation,38,57,29,,,26,27,False,3.02062220001244,0xAF8378304d4B9cfb746f9e7dfa1e1Ce00CB8B4c4,0x81CC2969f72341fCC3DF58e920BA33CE8DE90f29,0xe5b8604ea00b5dd1d6b89716b6299e3868148e1e32a1b8bb4c758188bb45ea15,1,112,1788218050,90844,30000000,300000,90844,534,5.34e-07,48510696,4.8510696e-11,0.028908199979923666,2026-08-31T23:14:10.190949+00:00,2026-08-31T23:14:10.220231+00:00,Regular member confirmation
Last.fm,PERF_20260901_021204,1337,confirmation,Member confirmation,38,57,29,,,27,28,False,3.1381501000141725,0x68F676522a908aD97a837f26c5F0Bb88a1231760,0x81CC2969f72341fCC3DF58e920BA33CE8DE90f29,0xb03e351e2cefd5f3c0726309af490a4ba524a661d929b32c62c212ead1d5ac69,1,113,1788218050,90844,30000000,300000,90844,469,4.69e-07,42605836,4.2605836e-11,0.02852399999392219,2026-08-31T23:14:10.308288+00:00,2026-08-31T23:14:10.336763+00:00,Regular member confirmation
Last.fm,PERF_20260901_021204,1337,confirmation,Member confirmation,38,57,29,,,28,29,True,3.261612400005106,0x33d148f4Da585fE0D2962C5d777a335D0baD655d,0x81CC2969f72341fCC3DF58e920BA33CE8DE90f29,0x4793b993b712a5ca766606eb8d7b7e576addb3d024580e1d38b9b7e3ab1c3a29,1,114,1788218050,120841,30000000,300000,120841,410,4.1e-07,49544810,4.954481e-11,0.03722990001551807,2026-08-31T23:14:10.419883+00:00,2026-08-31T23:14:10.457383+00:00,Finalization-triggering confirmation
Last.fm,PERF_20260901_021204,1337,confirmation,Member confirmation,40,58,30,,,1,2,False,0.15373140000156127,0x10c3bee50fb6729733d7eb0b3DC0B94f41345737,0x81CC2969f72341fCC3DF58e920BA33CE8DE90f29,0x9e8c5dee92432219e47e80a44345a59dfb7ca4cdf1aa8e22a6330da165ec5089,1,115,1788218050,90832,30000000,300000,90832,360,3.6e-07,32699520,3.269952e-11,0.030539900006260723,2026-08-31T23:14:10.741605+00:00,2026-08-31T23:14:10.771965+00:00,Regular member confirmation
Last.fm,PERF_20260901_021204,1337,confirmation,Member confirmation,40,58,30,,,2,3,False,0.28587280001374893,0x4685D87c61B9015029569f44d1b23bb63b067b06,0x81CC2969f72341fCC3DF58e920BA33CE8DE90f29,0x663dc12c13e89634ad52e0d525cbb48a7085426fc9cd86295e485bab9495058d,1,116,1788218050,90832,30000000,300000,90832,316,3.16e-07,28702912,2.8702912e-11,0.0316383000172209,2026-08-31T23:14:10.874043+00:00,2026-08-31T23:14:10.905298+00:00,Regular member confirmation
Last.fm,PERF_20260901_021204,1337,confirmation,Member confirmation,40,58,30,,,3,4,False,0.39825940001173876,0xE9C9d3bDF391c054E0f1360D2263EED3e6bB5A8e,0x81CC2969f72341fCC3DF58e920BA33CE8DE90f29,0x3bde61edd2ea81f78730088a9081971887d847b94bc15fdfc74157f64e5dcfe7,1,117,1788218050,90832,30000000,300000,90832,276,2.76e-07,25069632,2.5069632e-11,0.030054599978029728,2026-08-31T23:14:10.990013+00:00,2026-08-31T23:14:11.020114+00:00,Regular member confirmation
Last.fm,PERF_20260901_021204,1337,confirmation,Member confirmation,40,58,30,,,4,5,False,0.5227610000001732,0xa9aFd3fF55eaaD011A5C5fD85d17C8F05ab7785c,0x81CC2969f72341fCC3DF58e920BA33CE8DE90f29,0x75b785195f71c83e35614b262bb1ca4df503be1bbb7985e60057c6167aa874ba,1,118,1788218051,90832,30000000,300000,90832,243,2.43e-07,22072176,2.2072176e-11,0.03502710000611842,2026-08-31T23:14:11.102961+00:00,2026-08-31T23:14:11.138750+00:00,Regular member confirmation
Last.fm,PERF_20260901_021204,1337,confirmation,Member confirmation,40,58,30,,,5,6,False,0.6833407000231091,0x9D76921ca4BE7735308E6f57C48a48872117CCD6,0x81CC2969f72341fCC3DF58e920BA33CE8DE90f29,0x128083b8bc321e4e036f044fa597f7992e7494c83430df17207e1a8288acdc76,1,119,1788218051,90832,30000000,300000,90832,213,2.13e-07,19347216,1.9347216e-11,0.04275349999079481,2026-08-31T23:14:11.252423+00:00,2026-08-31T23:14:11.295501+00:00,Regular member confirmation
Last.fm,PERF_20260901_021204,1337,confirmation,Member confirmation,40,58,30,,,6,7,False,0.8320126000035089,0xC88E28F1EfE980238cd7BA9441e4B0D2bf4c4026,0x81CC2969f72341fCC3DF58e920BA33CE8DE90f29,0x4b77ba10cfda0cdc0c1ae88adc10945b4a4bc806d8b611b7a5c54ce48bafb312,1,120,1788218051,90832,30000000,300000,90832,187,1.87e-07,16985584,1.6985584e-11,0.03346460001193918,2026-08-31T23:14:11.405350+00:00,2026-08-31T23:14:11.438957+00:00,Regular member confirmation
Last.fm,PERF_20260901_021204,1337,confirmation,Member confirmation,40,58,30,,,7,8,False,0.9887000000162516,0xbd18463a5D844B207AC93D22a9C09d6C095fe0cF,0x81CC2969f72341fCC3DF58e920BA33CE8DE90f29,0xfbad3dfb9a9afd1bb314edd7510dbe1c8a419da125e70ba32b1810972fc0da0a,1,121,1788218051,90832,30000000,300000,90832,165,1.65e-07,14987280,1.498728e-11,0.04089789997669868,2026-08-31T23:14:11.554460+00:00,2026-08-31T23:14:11.595472+00:00,Regular member confirmation
Last.fm,PERF_20260901_021204,1337,confirmation,Member confirmation,40,58,30,,,8,9,False,1.1312438000168186,0x1d19683da9308Fee791EE99A715978e1180c51b8,0x81CC2969f72341fCC3DF58e920BA33CE8DE90f29,0xe3b4bbe960a408c2041b6c39818f1263f1d86124f898e20749e336504eb91514,1,122,1788218051,90832,30000000,300000,90832,145,1.45e-07,13170640,1.317064e-11,0.03602699999464676,2026-08-31T23:14:11.706941+00:00,2026-08-31T23:14:11.742990+00:00,Regular member confirmation
Last.fm,PERF_20260901_021204,1337,confirmation,Member confirmation,40,58,30,,,9,10,False,1.2666984999959823,0xb4d91292A178fcDcC429C296bFe2918E696D49F0,0x81CC2969f72341fCC3DF58e920BA33CE8DE90f29,0xd2ed9005d40a843045e74cc1611340214d8d8df3fdf59da8f9be92fd81282a20,1,123,1788218051,90832,30000000,300000,90832,127,1.27e-07,11535664,1.1535664e-11,0.030207799980416894,2026-08-31T23:14:11.846158+00:00,2026-08-31T23:14:11.876948+00:00,Regular member confirmation
Last.fm,PERF_20260901_021204,1337,confirmation,Member confirmation,40,58,30,,,10,11,False,1.408465000014985,0xeAC7f3cf774804737b7b8d7340315AC70Cde64f4,0x81CC2969f72341fCC3DF58e920BA33CE8DE90f29,0xd77e31837079503f0c70b51ca528b8cf0cc5acc514c082d0c5b585ac8f118ef7,1,124,1788218051,90832,30000000,300000,90832,112,1.12e-07,10173184,1.0173184e-11,0.03501580000738613,2026-08-31T23:14:11.981807+00:00,2026-08-31T23:14:12.016785+00:00,Regular member confirmation
Last.fm,PERF_20260901_021204,1337,confirmation,Member confirmation,40,58,30,,,11,12,False,1.5414708000025712,0x62e31120f6C7241b277FCCdA402DED51a987A146,0x81CC2969f72341fCC3DF58e920BA33CE8DE90f29,0x00e522e8532571be823307fe790a1365dfd75c2d5fbeb51ac1193d17704d16f8,1,125,1788218052,90832,30000000,300000,90832,97,9.7e-08,8810704,8.810704e-12,0.03435420000459999,2026-08-31T23:14:12.117345+00:00,2026-08-31T23:14:12.151561+00:00,Regular member confirmation
Last.fm,PERF_20260901_021204,1337,confirmation,Member confirmation,40,58,30,,,12,13,False,1.7094797000172548,0xe327CC1e2e41011b0bFd86dD5cA7Ab18C240B1E6,0x81CC2969f72341fCC3DF58e920BA33CE8DE90f29,0xfc611cd7abce98e474567877dc8378593fa14e944241d3601d35dbeda690ac58,1,126,1788218052,90832,30000000,300000,90832,86,8.6e-08,7811552,7.811552e-12,0.04716069999267347,2026-08-31T23:14:12.265347+00:00,2026-08-31T23:14:12.312960+00:00,Regular member confirmation
Last.fm,PERF_20260901_021204,1337,confirmation,Member confirmation,40,58,30,,,13,14,False,1.8606074000126682,0x76A57099f9c4CC1b40642f315f7FD70a039E814F,0x81CC2969f72341fCC3DF58e920BA33CE8DE90f29,0xbd3e59e98ba91cc122a39ca081f37eb02b51f9c85210ddcfbcabee19b0fe5735,1,127,1788218052,90832,30000000,300000,90832,76,7.6e-08,6903232,6.903232e-12,0.0413307000126224,2026-08-31T23:14:12.426433+00:00,2026-08-31T23:14:12.467201+00:00,Regular member confirmation
Last.fm,PERF_20260901_021204,1337,confirmation,Member confirmation,40,58,30,,,14,15,False,2.0441442000155803,0x96696f20b35FdC586029344a6BFA7Fec534275D6,0x81CC2969f72341fCC3DF58e920BA33CE8DE90f29,0x76bddbca3009ea5ac3a3101e47b42c64a8fc333f681e5b427bb989b72bb93610,1,128,1788218052,90832,30000000,300000,90832,67,6.7e-08,6085744,6.085744e-12,0.05355070001678541,2026-08-31T23:14:12.593843+00:00,2026-08-31T23:14:12.646723+00:00,Regular member confirmation
Last.fm,PERF_20260901_021204,1337,confirmation,Member confirmation,40,58,30,,,15,16,False,2.244047900021542,0x5D4F4A1399b0FDe5816B1E07C21CFe3d33538274,0x81CC2969f72341fCC3DF58e920BA33CE8DE90f29,0xe62e34e6f1cbe34d771ff8d50d859ed031d693e43cf8d355beeb0dc5e79555ec,1,129,1788218052,90832,30000000,300000,90832,60,6e-08,5449920,5.44992e-12,0.04701979999663308,2026-08-31T23:14:12.809739+00:00,2026-08-31T23:14:12.856243+00:00,Regular member confirmation
Last.fm,PERF_20260901_021204,1337,confirmation,Member confirmation,40,58,30,,,16,17,False,2.366800999996485,0x95d35E2047F2B17bCA52C33d07f29930BD03882d,0x81CC2969f72341fCC3DF58e920BA33CE8DE90f29,0xb8771b1976060ecfb7d5d2680d95c947b8c3c7acdad7d134b7d3fa7856c17f82,1,130,1788218052,90832,30000000,300000,90832,54,5.4e-08,4904928,4.904928e-12,0.03661789998295717,2026-08-31T23:14:12.950056+00:00,2026-08-31T23:14:12.986452+00:00,Regular member confirmation
Last.fm,PERF_20260901_021204,1337,confirmation,Member confirmation,40,58,30,,,17,18,False,2.4895615999994334,0x9970d31839d2aFb8445C40b5EdE581b0f4cD9Be1,0x81CC2969f72341fCC3DF58e920BA33CE8DE90f29,0x2e0199f5571d3e4840d8d75151609dec37280257f429419bb806a43bdfa2606d,1,131,1788218053,90832,30000000,300000,90832,47,4.7e-08,4269104,4.269104e-12,0.031165899999905378,2026-08-31T23:14:13.078754+00:00,2026-08-31T23:14:13.110727+00:00,Regular member confirmation
Last.fm,PERF_20260901_021204,1337,confirmation,Member confirmation,40,58,30,,,18,19,False,2.603373499994632,0xb093A72D1B7506585Cb8C07b5EB694b64D2214e2,0x81CC2969f72341fCC3DF58e920BA33CE8DE90f29,0x0a2961d911bda46727a78ab43f7c2404c82bf3ec177410c8da9855075c9fe967,1,132,1788218053,90832,30000000,300000,90832,42,4.2e-08,3814944,3.814944e-12,0.0284821999957785,2026-08-31T23:14:13.192495+00:00,2026-08-31T23:14:13.220839+00:00,Regular member confirmation
Last.fm,PERF_20260901_021204,1337,confirmation,Member confirmation,40,58,30,,,19,20,False,2.7828585999959614,0x40F11b5Fc922893900954B3B194595bA7C536090,0x81CC2969f72341fCC3DF58e920BA33CE8DE90f29,0xaaf5de8666a9549d55ba9587320e07b96e97142c8adaf510b97e5f07f24e56be,1,133,1788218053,90832,30000000,300000,90832,37,3.7e-08,3360784,3.360784e-12,0.029099799983669072,2026-08-31T23:14:13.374414+00:00,2026-08-31T23:14:13.404316+00:00,Regular member confirmation
Last.fm,PERF_20260901_021204,1337,confirmation,Member confirmation,40,58,30,,,20,21,False,2.8961916000116616,0x16952EEdF055D60516F44eE664eB6A5858E4A38D,0x81CC2969f72341fCC3DF58e920BA33CE8DE90f29,0xa95d343a1a6f4b6655ddd25b0a30e540506accfd29579855e4bc41ff0dd4ee56,1,134,1788218053,90832,30000000,300000,90832,33,3.3e-08,2997456,2.997456e-12,0.02913429998443462,2026-08-31T23:14:13.484768+00:00,2026-08-31T23:14:13.514442+00:00,Regular member confirmation
Last.fm,PERF_20260901_021204,1337,confirmation,Member confirmation,40,58,30,,,21,22,False,3.0074758999980986,0xB87599a9b08adF4082bCC653561707ED9AD24e5e,0x81CC2969f72341fCC3DF58e920BA33CE8DE90f29,0xa43e77827ebc363171e4cc0a83063b236914acc887e0cfad110ded781f79a7cd,1,135,1788218053,90832,30000000,300000,90832,30,3e-08,2724960,2.72496e-12,0.03016860000207089,2026-08-31T23:14:13.597737+00:00,2026-08-31T23:14:13.628502+00:00,Regular member confirmation
Last.fm,PERF_20260901_021204,1337,confirmation,Member confirmation,40,58,30,,,22,23,False,3.140065900021,0x1a08E433B2a6621D0c413E1eC25131a28A4760fF,0x81CC2969f72341fCC3DF58e920BA33CE8DE90f29,0x97ad99c600b79c90d4628694825795909b05d686393c769fe79e1f976ed9ceec,1,136,1788218053,90832,30000000,300000,90832,27,2.7e-08,2452464,2.452464e-12,0.03704480000305921,2026-08-31T23:14:13.713110+00:00,2026-08-31T23:14:13.750538+00:00,Regular member confirmation
Last.fm,PERF_20260901_021204,1337,confirmation,Member confirmation,40,58,30,,,23,24,False,3.2552630999998655,0xF47C24aDa4a6E30132a5Cb745Ed71507f53E9960,0x81CC2969f72341fCC3DF58e920BA33CE8DE90f29,0x511550037ca492eceb35b45944e7b2e4e8ce11d083ec655543837e8a36b614c5,1,137,1788218053,90832,30000000,300000,90832,24,2.4e-08,2179968,2.179968e-12,0.030616200005169958,2026-08-31T23:14:13.846591+00:00,2026-08-31T23:14:13.876817+00:00,Regular member confirmation
Last.fm,PERF_20260901_021204,1337,confirmation,Member confirmation,40,58,30,,,24,25,False,3.366599800006952,0x73D1a1B68eFdC0a2Bc38B99317aEa3797D81Fb13,0x81CC2969f72341fCC3DF58e920BA33CE8DE90f29,0x1972c0ca9b5227622233684b49bcaf7e9fc1be4d1810b0b3de2ed5f92c595ef8,1,138,1788218053,90832,30000000,300000,90832,22,2.2e-08,1998304,1.998304e-12,0.0284115000104066,2026-08-31T23:14:13.957419+00:00,2026-08-31T23:14:13.986278+00:00,Regular member confirmation
Last.fm,PERF_20260901_021204,1337,confirmation,Member confirmation,40,58,30,,,25,26,False,3.481347299995832,0x077a19FF3c6489e45Df245B6A06623192A11D7e9,0x81CC2969f72341fCC3DF58e920BA33CE8DE90f29,0xad8fb86448a1a50880257e294193d7ee6ff414f8f27782d6cebed0f90e66d5ec,1,139,1788218054,90832,30000000,300000,90832,20,2e-08,1816640,1.81664e-12,0.033921900001587346,2026-08-31T23:14:14.068289+00:00,2026-08-31T23:14:14.102208+00:00,Regular member confirmation
Last.fm,PERF_20260901_021204,1337,confirmation,Member confirmation,40,58,30,,,26,27,False,3.592827800021041,0x3012FAB5B93E545A13DD262d93dcCFdc8369311a,0x81CC2969f72341fCC3DF58e920BA33CE8DE90f29,0xa1618574e281fb23515b62fdfcf841518f2aebcf1a9198184ab3e908f7bdde9f,1,140,1788218054,90832,30000000,300000,90832,18,1.8e-08,1634976,1.634976e-12,0.028877600008854643,2026-08-31T23:14:14.183103+00:00,2026-08-31T23:14:14.212406+00:00,Regular member confirmation
Last.fm,PERF_20260901_021204,1337,confirmation,Member confirmation,40,58,30,,,27,28,False,3.7032183000119403,0xB81F601a4fbEC4cB93cE3CDBCd0600c59dee2397,0x81CC2969f72341fCC3DF58e920BA33CE8DE90f29,0xf3c1f25c6c691fba4476a15b6d89ed257a809a2396290c54d904982799fefa20,1,141,1788218054,90832,30000000,300000,90832,16,1.6e-08,1453312,1.453312e-12,0.02975079999305308,2026-08-31T23:14:14.294987+00:00,2026-08-31T23:14:14.323721+00:00,Regular member confirmation
Last.fm,PERF_20260901_021204,1337,confirmation,Member confirmation,40,58,30,,,28,29,False,3.8136071000189986,0xc2675F638363b0e187DB15C1EF1335EB38640Aa4,0x81CC2969f72341fCC3DF58e920BA33CE8DE90f29,0x1a1a841d5ab4bcd0fbb2bbe9ebaf686fb12bfe830fe4be05f0dd87b2f200155a,1,142,1788218054,90832,30000000,300000,90832,15,1.5e-08,1362480,1.36248e-12,0.027795200003311038,2026-08-31T23:14:14.405988+00:00,2026-08-31T23:14:14.433484+00:00,Regular member confirmation
Last.fm,PERF_20260901_021204,1337,confirmation,Member confirmation,40,58,30,,,29,30,True,3.9384965000208467,0xE0BEA2F8a477F4382299007f3dB74C3213CF790B,0x81CC2969f72341fCC3DF58e920BA33CE8DE90f29,0x042ac9b169fab998cd8e24adcccc4ed02c396ec0b8ea8c39b0ff482cc71b6d04,1,143,1788218054,120829,30000000,300000,120829,14,1.4e-08,1691606,1.691606e-12,0.036409799999091774,2026-08-31T23:14:14.517269+00:00,2026-08-31T23:14:14.553638+00:00,Finalization-triggering confirmation
Last.fm,PERF_20260901_021204,1337,confirmation,Member confirmation,44,26,14,,,1,2,False,0.15031070000259206,0xE079ec53b3BB3808daFae8d67e9D78EAFECe5895,0x81CC2969f72341fCC3DF58e920BA33CE8DE90f29,0xae7afce1aa502c28788ebb3095467c4cbb7ffc66b78b5e63afbce850b9a20477,1,144,1788218054,90844,30000000,300000,90844,13,1.3e-08,1180972,1.180972e-12,0.03234390000579879,2026-08-31T23:14:14.822446+00:00,2026-08-31T23:14:14.855099+00:00,Regular member confirmation
Last.fm,PERF_20260901_021204,1337,confirmation,Member confirmation,44,26,14,,,2,3,False,0.2627364000072703,0x676111465F270162379596B3975430C67459a059,0x81CC2969f72341fCC3DF58e920BA33CE8DE90f29,0x66d7910d1ac87c877adfb83297118c6c0d8ecf82edbb1599878a4b2259ccfcf9,1,145,1788218054,90844,30000000,300000,90844,12,1.2e-08,1090128,1.090128e-12,0.029929500014986843,2026-08-31T23:14:14.939492+00:00,2026-08-31T23:14:14.969833+00:00,Regular member confirmation
Last.fm,PERF_20260901_021204,1337,confirmation,Member confirmation,44,26,14,,,3,4,False,0.3736213000083808,0x44E46787974408Af1c3C757e16BC19FB59a8F5f8,0x81CC2969f72341fCC3DF58e920BA33CE8DE90f29,0x54c555c3345f2d4f61b5a9e8c0014151832a9c7b6134dd5a9e1863f15338b761,1,146,1788218055,90844,30000000,300000,90844,11,1.1e-08,999284,9.99284e-13,0.030012100003659725,2026-08-31T23:14:15.050405+00:00,2026-08-31T23:14:15.081358+00:00,Regular member confirmation
Last.fm,PERF_20260901_021204,1337,confirmation,Member confirmation,44,26,14,,,4,5,False,0.48912270000437275,0x71BE7cF25676E161BB3961AD32B98100eb540570,0x81CC2969f72341fCC3DF58e920BA33CE8DE90f29,0xf820e0c85a0cb68631a427ca2d5602c128cc345ed5962bfbf7fecb02ecff88fb,1,147,1788218055,90844,30000000,300000,90844,10,1e-08,908440,9.0844e-13,0.029820700001437217,2026-08-31T23:14:15.164212+00:00,2026-08-31T23:14:15.194626+00:00,Regular member confirmation
Last.fm,PERF_20260901_021204,1337,confirmation,Member confirmation,44,26,14,,,5,6,False,0.598531900002854,0x4Cb89664d2671121E825CeE969cB1A6A65A29f74,0x81CC2969f72341fCC3DF58e920BA33CE8DE90f29,0xeb561baaccfda830ab547face237a2d84fa2dcb222398e63a660db4cd5642088,1,148,1788218055,90844,30000000,300000,90844,10,1e-08,908440,9.0844e-13,0.029680000006919727,2026-08-31T23:14:15.275273+00:00,2026-08-31T23:14:15.304892+00:00,Regular member confirmation
Last.fm,PERF_20260901_021204,1337,confirmation,Member confirmation,44,26,14,,,6,7,False,0.7233892999938689,0xCbeB71D6F036F470D5b8a67b8497fa625bcd9dEF,0x81CC2969f72341fCC3DF58e920BA33CE8DE90f29,0x3233a12d1eb17280b522c4bcabc54394ab62686558cf8745d6937ecafadd3d53,1,149,1788218055,90844,30000000,300000,90844,10,1e-08,908440,9.0844e-13,0.0329778999730479,2026-08-31T23:14:15.386677+00:00,2026-08-31T23:14:15.419874+00:00,Regular member confirmation
Last.fm,PERF_20260901_021204,1337,confirmation,Member confirmation,44,26,14,,,7,8,False,0.8365909999993164,0x91f761CA2c3a2e97b22E1dBe07A0C6297d7740f9,0x81CC2969f72341fCC3DF58e920BA33CE8DE90f29,0xa015b8ea23d147b82de24d0b7c0443ca68396f3e7d68929e49719f923bbe3d8a,1,150,1788218055,90844,30000000,300000,90844,10,1e-08,908440,9.0844e-13,0.0301356999843847,2026-08-31T23:14:15.512733+00:00,2026-08-31T23:14:15.543241+00:00,Regular member confirmation
Last.fm,PERF_20260901_021204,1337,confirmation,Member confirmation,44,26,14,,,8,9,False,0.9521073999931104,0xc8Dc499eF9FF542688a73BdBa3EC051Bc13831ca,0x81CC2969f72341fCC3DF58e920BA33CE8DE90f29,0xb5d97ad383d82e9a585626c249ff9f19e1609637b95d53d9f5b7b3d5e3c5fbdf,1,151,1788218055,90844,30000000,300000,90844,10,1e-08,908440,9.0844e-13,0.031020100024761632,2026-08-31T23:14:15.626599+00:00,2026-08-31T23:14:15.657975+00:00,Regular member confirmation
Last.fm,PERF_20260901_021204,1337,confirmation,Member confirmation,44,26,14,,,9,10,False,1.0631995000003371,0x855b61224C5058A601c81e3a7Ecfb770DB870dB5,0x81CC2969f72341fCC3DF58e920BA33CE8DE90f29,0x7c0a150833df088407742280918465f11fcc5719d911928c175c2c661a64a02e,1,152,1788218055,90844,30000000,300000,90844,10,1e-08,908440,9.0844e-13,0.028767099982360378,2026-08-31T23:14:15.740450+00:00,2026-08-31T23:14:15.768721+00:00,Regular member confirmation
Last.fm,PERF_20260901_021204,1337,confirmation,Member confirmation,44,26,14,,,10,11,False,1.1786445000034291,0xB92Fc8e228A7A5C517BE367bC8Ff5D86FDFb1406,0x81CC2969f72341fCC3DF58e920BA33CE8DE90f29,0xb2992e75a679cccd5de9180c3ff03372272636a377e46e313446d12b69f5a63a,1,153,1788218055,90844,30000000,300000,90844,10,1e-08,908440,9.0844e-13,0.032845100009581074,2026-08-31T23:14:15.851939+00:00,2026-08-31T23:14:15.884791+00:00,Regular member confirmation
Last.fm,PERF_20260901_021204,1337,confirmation,Member confirmation,44,26,14,,,11,12,False,1.2899653000058606,0x43806B53046531E5D8fB877079763CB0c6140EfB,0x81CC2969f72341fCC3DF58e920BA33CE8DE90f29,0xa165ffa0ed48caf60c809c5d116b5e5c32b43c164c7c4fccefbe108d0d277ba9,1,154,1788218055,90844,30000000,300000,90844,10,1e-08,908440,9.0844e-13,0.030458299996098503,2026-08-31T23:14:15.965384+00:00,2026-08-31T23:14:15.996922+00:00,Regular member confirmation
Last.fm,PERF_20260901_021204,1337,confirmation,Member confirmation,44,26,14,,,12,13,False,1.420818300015526,0x4FCc75d9f33bE9ebd079b75dDCAc8DF41775066A,0x81CC2969f72341fCC3DF58e920BA33CE8DE90f29,0x56a203642a5d462c08f03c74ca2ff73d90c2b6a3780ef64cce169f986fdc143d,1,155,1788218056,90844,30000000,300000,90844,10,1e-08,908440,9.0844e-13,0.03543720001471229,2026-08-31T23:14:16.077438+00:00,2026-08-31T23:14:16.113463+00:00,Regular member confirmation
Last.fm,PERF_20260901_021204,1337,confirmation,Member confirmation,44,26,14,,,13,14,True,1.5439099000068381,0x2D98786aA52D3E44931D503D1DB01EBc4345cf54,0x81CC2969f72341fCC3DF58e920BA33CE8DE90f29,0x5218b3a54b0f922d0028cff74b4d82cfdceaf8aedff46f584892caac33efd2c6,1,156,1788218056,120841,30000000,300000,120841,10,1e-08,1208410,1.20841e-12,0.035960800014436245,2026-08-31T23:14:16.215563+00:00,2026-08-31T23:14:16.251378+00:00,Finalization-triggering confirmation
Last.fm,PERF_20260901_021204,1337,confirmation,Member confirmation,60,136,69,,,1,2,False,0.15325550001580268,0x23694686AA5d239aC34717a1989Ff64B6E589eFe,0x81CC2969f72341fCC3DF58e920BA33CE8DE90f29,0x809d79edd064827adc7b6c14987624d0be83c31aee2b87e1f26143fdd7020640,1,157,1788218056,90844,30000000,300000,90844,10,1e-08,908440,9.0844e-13,0.02977739999187179,2026-08-31T23:14:16.520548+00:00,2026-08-31T23:14:16.550874+00:00,Regular member confirmation
Last.fm,PERF_20260901_021204,1337,confirmation,Member confirmation,60,136,69,,,2,3,False,0.28132280000136234,0x2b20C76A4d5A8583B36014F788D518aD9fCCBeC9,0x81CC2969f72341fCC3DF58e920BA33CE8DE90f29,0x1127709d40263e29d4ed9660df6eaed6edadc9a24eac10ee2e1ee27f43414c04,1,158,1788218056,90844,30000000,300000,90844,10,1e-08,908440,9.0844e-13,0.027064800000516698,2026-08-31T23:14:16.638597+00:00,2026-08-31T23:14:16.665579+00:00,Regular member confirmation
Last.fm,PERF_20260901_021204,1337,confirmation,Member confirmation,60,136,69,,,3,4,False,0.40105829999083653,0x3FF1074079Da91fe908404d4fa96A185C2C0CF06,0x81CC2969f72341fCC3DF58e920BA33CE8DE90f29,0xb772d42486f25e8dfe437852d30c456beed73e060e3339d23d0858bc37767939,1,159,1788218056,90844,30000000,300000,90844,10,1e-08,908440,9.0844e-13,0.03177139998297207,2026-08-31T23:14:16.768543+00:00,2026-08-31T23:14:16.799736+00:00,Regular member confirmation
Last.fm,PERF_20260901_021204,1337,confirmation,Member confirmation,60,136,69,,,4,5,False,0.5102834000135772,0x165d43dC503aF687765A23F7C21FC3550F32ebA1,0x81CC2969f72341fCC3DF58e920BA33CE8DE90f29,0x8ee404143f4a1071c4e435c6ed47f67893a26358646789cb43318afd2c14ed38,1,160,1788218056,90844,30000000,300000,90844,10,1e-08,908440,9.0844e-13,0.03005410000332631,2026-08-31T23:14:16.881946+00:00,2026-08-31T23:14:16.912752+00:00,Regular member confirmation
Last.fm,PERF_20260901_021204,1337,confirmation,Member confirmation,60,136,69,,,5,6,False,0.6221851000154857,0x44eE8Fb3A22Ee50fc193c11C47F700a0f16cBC1F,0x81CC2969f72341fCC3DF58e920BA33CE8DE90f29,0x4a139ceb74feb7bfc4616951dd539226c11df273a1899d17eed1f59c3acf99ec,1,161,1788218057,90844,30000000,300000,90844,10,1e-08,908440,9.0844e-13,0.02970750001259148,2026-08-31T23:14:16.991985+00:00,2026-08-31T23:14:17.022134+00:00,Regular member confirmation
Last.fm,PERF_20260901_021204,1337,confirmation,Member confirmation,60,136,69,,,6,7,False,0.7316518000152428,0x169452647C922Abc6C01e4F0F09F2588C615634A,0x81CC2969f72341fCC3DF58e920BA33CE8DE90f29,0x4cb8e3d59489d48cc2bf9db012a47ffdcdec443105c01be0947117314fb382ee,1,162,1788218057,90844,30000000,300000,90844,10,1e-08,908440,9.0844e-13,0.027792300010332838,2026-08-31T23:14:17.106385+00:00,2026-08-31T23:14:17.134060+00:00,Regular member confirmation
Last.fm,PERF_20260901_021204,1337,confirmation,Member confirmation,60,136,69,,,7,8,False,0.8440956000122242,0xA5b269cAD207E15CC42277b72Ae7bA79493B1b9B,0x81CC2969f72341fCC3DF58e920BA33CE8DE90f29,0xff134c65985062380bf85bb490b595c9727bf5aebc6401b326b60e23dfb90dbe,1,163,1788218057,90844,30000000,300000,90844,10,1e-08,908440,9.0844e-13,0.02875810000114143,2026-08-31T23:14:17.215473+00:00,2026-08-31T23:14:17.244472+00:00,Regular member confirmation
Last.fm,PERF_20260901_021204,1337,confirmation,Member confirmation,60,136,69,,,8,9,False,0.9571274000045378,0x5F6F3D272Ef3CE4e5B354a29b9d5279086794BC7,0x81CC2969f72341fCC3DF58e920BA33CE8DE90f29,0xf6ab9e145755d57f138bddb164f7a7f910549c142438b94d6f66adb11855bd46,1,164,1788218057,90844,30000000,300000,90844,10,1e-08,908440,9.0844e-13,0.029783800011500716,2026-08-31T23:14:17.327429+00:00,2026-08-31T23:14:17.357427+00:00,Regular member confirmation
Last.fm,PERF_20260901_021204,1337,confirmation,Member confirmation,60,136,69,,,9,10,False,1.0690623999980744,0xB5340FFcc3b001BE62eF7adF02290699Df2f7f0e,0x81CC2969f72341fCC3DF58e920BA33CE8DE90f29,0xd4c4f6a9328963f30c27e2b563e170c64e31f9f307fc1e44eaeddc757543a40e,1,165,1788218057,90844,30000000,300000,90844,10,1e-08,908440,9.0844e-13,0.03071490000002086,2026-08-31T23:14:17.439111+00:00,2026-08-31T23:14:17.469846+00:00,Regular member confirmation
Last.fm,PERF_20260901_021204,1337,confirmation,Member confirmation,60,136,69,,,10,11,False,1.1817387999908533,0xCd6335E82e18f4Ba03E41CAB44C920e6496b6260,0x81CC2969f72341fCC3DF58e920BA33CE8DE90f29,0x5f473f814d618d757a489aebb1d9a52e40cc231000d9971b2d69c3ef2542afb7,1,166,1788218057,90844,30000000,300000,90844,10,1e-08,908440,9.0844e-13,0.030442000017501414,2026-08-31T23:14:17.553170+00:00,2026-08-31T23:14:17.583686+00:00,Regular member confirmation
Last.fm,PERF_20260901_021204,1337,confirmation,Member confirmation,60,136,69,,,11,12,False,1.2962220000044908,0x3A8da4b4bB86a81B3E37d21CAabe67b1BCC9fa30,0x81CC2969f72341fCC3DF58e920BA33CE8DE90f29,0x62d0dc96cac02b4b0fecd9569560b52fbc9af4cf5863e83d94858d69cb6fdcc7,1,167,1788218057,90844,30000000,300000,90844,10,1e-08,908440,9.0844e-13,0.028971599997021258,2026-08-31T23:14:17.666115+00:00,2026-08-31T23:14:17.694504+00:00,Regular member confirmation
Last.fm,PERF_20260901_021204,1337,confirmation,Member confirmation,60,136,69,,,12,13,False,1.4091537999920547,0xF7e052be3Db4F1E227d1B06dAd25A736144f2E31,0x81CC2969f72341fCC3DF58e920BA33CE8DE90f29,0x73c20e19b866a193d1f2faac3f6fc0ec98da7c933b4aba26e3291160f4f8ffd9,1,168,1788218057,90844,30000000,300000,90844,10,1e-08,908440,9.0844e-13,0.030231200013076887,2026-08-31T23:14:17.780478+00:00,2026-08-31T23:14:17.810953+00:00,Regular member confirmation
Last.fm,PERF_20260901_021204,1337,confirmation,Member confirmation,60,136,69,,,13,14,False,1.5206410000100732,0x18588f54CA55299273984c9F3eEF49d03798961E,0x81CC2969f72341fCC3DF58e920BA33CE8DE90f29,0x6d5d54eede7ab5efde1247c3799f5b48acae8b151ca544a4fbfcdb09423cd1a1,1,169,1788218057,90844,30000000,300000,90844,10,1e-08,908440,9.0844e-13,0.030246300011640415,2026-08-31T23:14:17.891738+00:00,2026-08-31T23:14:17.922555+00:00,Regular member confirmation
Last.fm,PERF_20260901_021204,1337,confirmation,Member confirmation,60,136,69,,,14,15,False,1.6291672000079416,0x804Bce86588d06eF629498a3dff298FEBbCcC60E,0x81CC2969f72341fCC3DF58e920BA33CE8DE90f29,0x720c50787a8c228dc7ad522515957b56809d259ffd6083cff60e0059e21d5567,1,170,1788218058,90844,30000000,300000,90844,10,1e-08,908440,9.0844e-13,0.027109299990115687,2026-08-31T23:14:18.003078+00:00,2026-08-31T23:14:18.030044+00:00,Regular member confirmation
Last.fm,PERF_20260901_021204,1337,confirmation,Member confirmation,60,136,69,,,15,16,False,1.7393800000136252,0x3B34b6410FC13022bE6C0C6497083B26d6381e42,0x81CC2969f72341fCC3DF58e920BA33CE8DE90f29,0x1fa1d50a8fe572f8a977a8e4266963c55c41f01d80316ff454e21876532cdee7,1,171,1788218058,90844,30000000,300000,90844,10,1e-08,908440,9.0844e-13,0.029721500002779067,2026-08-31T23:14:18.111158+00:00,2026-08-31T23:14:18.140320+00:00,Regular member confirmation
Last.fm,PERF_20260901_021204,1337,confirmation,Member confirmation,60,136,69,,,16,17,False,1.8506875000020955,0x4cBe04371e401E6AbF46d3F9a77D4c1020c13123,0x81CC2969f72341fCC3DF58e920BA33CE8DE90f29,0xb1f7ca2db9219692d2f6c2b641327276308e836ea45c75813804100e6d356ef3,1,172,1788218058,90844,30000000,300000,90844,10,1e-08,908440,9.0844e-13,0.029755900002783164,2026-08-31T23:14:18.223758+00:00,2026-08-31T23:14:18.253440+00:00,Regular member confirmation
Last.fm,PERF_20260901_021204,1337,confirmation,Member confirmation,60,136,69,,,17,18,False,1.9667958999925759,0x5E3C1A2BAeE85826e93A41f8953070c3B0B9cD50,0x81CC2969f72341fCC3DF58e920BA33CE8DE90f29,0x2a97d70bb2b8d8e09c6497bee70fc2aa2915367384d4ed8ae80c17467e6d8312,1,173,1788218058,90844,30000000,300000,90844,10,1e-08,908440,9.0844e-13,0.02956969998194836,2026-08-31T23:14:18.335573+00:00,2026-08-31T23:14:18.364848+00:00,Regular member confirmation
Last.fm,PERF_20260901_021204,1337,confirmation,Member confirmation,60,136,69,,,18,19,False,2.082972100004554,0x187a8c77442a2e8a94fA05202eD3A879D9118828,0x81CC2969f72341fCC3DF58e920BA33CE8DE90f29,0xc3735948266f1e3e5d83b05b6c8efac2c358bcb013c09ff6e62d4f8b1f0f55df,1,174,1788218058,90844,30000000,300000,90844,10,1e-08,908440,9.0844e-13,0.029517499991925433,2026-08-31T23:14:18.453807+00:00,2026-08-31T23:14:18.482901+00:00,Regular member confirmation
Last.fm,PERF_20260901_021204,1337,confirmation,Member confirmation,60,136,69,,,19,20,False,2.1972867000149563,0xDfe7AeF1Ee3c55d8E8BD0F8789a0f29714d7D7B6,0x81CC2969f72341fCC3DF58e920BA33CE8DE90f29,0x59c6e2f1a278c9ea8371e6fbfa7aeee828048972919626731ff2867aea6bbf67,1,175,1788218058,90844,30000000,300000,90844,10,1e-08,908440,9.0844e-13,0.02948259998811409,2026-08-31T23:14:18.567786+00:00,2026-08-31T23:14:18.597190+00:00,Regular member confirmation
Last.fm,PERF_20260901_021204,1337,confirmation,Member confirmation,60,136,69,,,20,21,False,2.3327387000026647,0x5CA3A434d452558d0053A2CC8DE33F66Ce423369,0x81CC2969f72341fCC3DF58e920BA33CE8DE90f29,0xd00d65c8a26c34a26c581fa5e0377d37aed2f7626221448f773b7bbac97e0f4e,1,176,1788218058,90844,30000000,300000,90844,10,1e-08,908440,9.0844e-13,0.0329992999904789,2026-08-31T23:14:18.695458+00:00,2026-08-31T23:14:18.728945+00:00,Regular member confirmation
Last.fm,PERF_20260901_021204,1337,confirmation,Member confirmation,60,136,69,,,21,22,False,2.453836600005161,0xdFFdd02c7505bd9Ccf9Cdb50F41fbFD942be4F0F,0x81CC2969f72341fCC3DF58e920BA33CE8DE90f29,0x7221db070f35946c62ffe6edd20f540acd6b70748a9ac023d14e5baad96311bf,1,177,1788218058,90844,30000000,300000,90844,10,1e-08,908440,9.0844e-13,0.03164380000089295,2026-08-31T23:14:18.821134+00:00,2026-08-31T23:14:18.852135+00:00,Regular member confirmation
Last.fm,PERF_20260901_021204,1337,confirmation,Member confirmation,60,136,69,,,22,23,False,2.576211500010686,0x3c619B2D3E17F736F8720f067268bf3EFe1D64E2,0x81CC2969f72341fCC3DF58e920BA33CE8DE90f29,0x4db663c9da9e3662a3e53d1c6c356f2c13345b8c7176d569249427adb958aafd,1,178,1788218058,90844,30000000,300000,90844,10,1e-08,908440,9.0844e-13,0.0297980000032112,2026-08-31T23:14:18.943856+00:00,2026-08-31T23:14:18.973084+00:00,Regular member confirmation
Last.fm,PERF_20260901_021204,1337,confirmation,Member confirmation,60,136,69,,,23,24,False,2.7118295000109356,0xF0E92697D10F6B6024b7230e3fEcD8418919cc91,0x81CC2969f72341fCC3DF58e920BA33CE8DE90f29,0xe29f738185a9e20ab62ec5e35797020401104c7a95cc2d28801176e72029594a,1,179,1788218059,90844,30000000,300000,90844,10,1e-08,908440,9.0844e-13,0.03398599999491125,2026-08-31T23:14:19.068191+00:00,2026-08-31T23:14:19.103011+00:00,Regular member confirmation
Last.fm,PERF_20260901_021204,1337,confirmation,Member confirmation,60,136,69,,,24,25,False,2.841086300002644,0x006884f416FccbF54fE24D046FdFcfBe6a295C37,0x81CC2969f72341fCC3DF58e920BA33CE8DE90f29,0x5011b0fb8087c75d2cbeb56b7a164025d65458c64141a40cd29467cf27c854d7,1,180,1788218059,90844,30000000,300000,90844,10,1e-08,908440,9.0844e-13,0.032670099986717105,2026-08-31T23:14:19.205204+00:00,2026-08-31T23:14:19.237799+00:00,Regular member confirmation
Last.fm,PERF_20260901_021204,1337,confirmation,Member confirmation,60,136,69,,,25,26,False,2.9754091000068,0xfE7784FbF3d6CD4DA69E8F0b20116A08C02FFd15,0x81CC2969f72341fCC3DF58e920BA33CE8DE90f29,0x8865e29a46c1ffd5f6ee155a1a0a64646ac29340ab2310040381f9a092ea3270,1,181,1788218059,90844,30000000,300000,90844,10,1e-08,908440,9.0844e-13,0.036823100002948195,2026-08-31T23:14:19.334663+00:00,2026-08-31T23:14:19.372075+00:00,Regular member confirmation
Last.fm,PERF_20260901_021204,1337,confirmation,Member confirmation,60,136,69,,,26,27,False,3.092604100005701,0x81781d3C908082D91509C4aa53A83Ea08870A310,0x81CC2969f72341fCC3DF58e920BA33CE8DE90f29,0x27fa806fc4cbfdd2ae61e1281cea2c5d24d5b002892c90cc19c3d8a06a8d911f,1,182,1788218059,90844,30000000,300000,90844,10,1e-08,908440,9.0844e-13,0.030699399998411536,2026-08-31T23:14:19.460794+00:00,2026-08-31T23:14:19.491506+00:00,Regular member confirmation
Last.fm,PERF_20260901_021204,1337,confirmation,Member confirmation,60,136,69,,,27,28,False,3.219422099995427,0x33598D55684D78BF820498CdbFCC1c6b1c618f1a,0x81CC2969f72341fCC3DF58e920BA33CE8DE90f29,0xa88f8c9df6a6b1b75315c1ea38ae3095dcf8b8e36f87a39172a0ced192c45172,1,183,1788218059,90844,30000000,300000,90844,10,1e-08,908440,9.0844e-13,0.0325003000034485,2026-08-31T23:14:19.583187+00:00,2026-08-31T23:14:19.615638+00:00,Regular member confirmation
Last.fm,PERF_20260901_021204,1337,confirmation,Member confirmation,60,136,69,,,28,29,False,3.3400675000157207,0x3a2f25b54b895197b881c3a91338C18FC0390A56,0x81CC2969f72341fCC3DF58e920BA33CE8DE90f29,0x44ffba38faee0114c7dfce9a4a75b589a09c61bb997f9725ea0cad8aa5e4fe35,1,184,1788218059,90844,30000000,300000,90844,10,1e-08,908440,9.0844e-13,0.03410340001573786,2026-08-31T23:14:19.704665+00:00,2026-08-31T23:14:19.739450+00:00,Regular member confirmation
Last.fm,PERF_20260901_021204,1337,confirmation,Member confirmation,60,136,69,,,29,30,False,3.4611190000141505,0xfc2aA0EA6278fF7ED48C113E962fe7B1ffdD6773,0x81CC2969f72341fCC3DF58e920BA33CE8DE90f29,0x92f4c4d77b281d6fd90b4255a6612925e38edd22372a3004b5d6322b2ded7a0f,1,185,1788218059,90844,30000000,300000,90844,10,1e-08,908440,9.0844e-13,0.029853400017600507,2026-08-31T23:14:19.828526+00:00,2026-08-31T23:14:19.859113+00:00,Regular member confirmation
Last.fm,PERF_20260901_021204,1337,confirmation,Member confirmation,60,136,69,,,30,31,False,3.577965500007849,0xD62B9fba262ef7B35701d09faf1F9Fd20491BEdA,0x81CC2969f72341fCC3DF58e920BA33CE8DE90f29,0xa30d01be706bdd2a4a688b4afd7bbcc5577fab2f79075c246edd3b08fd5e634f,1,186,1788218059,90844,30000000,300000,90844,10,1e-08,908440,9.0844e-13,0.029555299988714978,2026-08-31T23:14:19.947674+00:00,2026-08-31T23:14:19.977438+00:00,Regular member confirmation
Last.fm,PERF_20260901_021204,1337,confirmation,Member confirmation,60,136,69,,,31,32,False,3.6953093000047375,0x0dD6620593C8381A5DAa5c2D493F0EdAeAEc65Fc,0x81CC2969f72341fCC3DF58e920BA33CE8DE90f29,0x3c8b97c6c7a97066db2257a5cc1bd624ef6ca49c356a78b0f4c899db81623e61,1,187,1788218060,90844,30000000,300000,90844,10,1e-08,908440,9.0844e-13,0.030488099990179762,2026-08-31T23:14:20.063988+00:00,2026-08-31T23:14:20.094203+00:00,Regular member confirmation
Last.fm,PERF_20260901_021204,1337,confirmation,Member confirmation,60,136,69,,,32,33,False,3.818414900015341,0x1079918C18b5FB81b815BF1bc70cbe4d30fC7bc2,0x81CC2969f72341fCC3DF58e920BA33CE8DE90f29,0x03fad2fe35a465ec92b32ca0a3889671699c56cd6abf4dae804ac992374d9373,1,188,1788218060,90844,30000000,300000,90844,10,1e-08,908440,9.0844e-13,0.03287540000746958,2026-08-31T23:14:20.180892+00:00,2026-08-31T23:14:20.214442+00:00,Regular member confirmation
Last.fm,PERF_20260901_021204,1337,confirmation,Member confirmation,60,136,69,,,33,34,False,3.935698200017214,0x19cB41C5eE82b6f0AEe3365b9B63DaA3713519A8,0x81CC2969f72341fCC3DF58e920BA33CE8DE90f29,0x7e2dc87440d5eb5cee81d71afc5cbbea489b530e55b9f8474d6f44816f8d0a6c,1,189,1788218060,90844,30000000,300000,90844,10,1e-08,908440,9.0844e-13,0.030178000015439466,2026-08-31T23:14:20.304724+00:00,2026-08-31T23:14:20.334900+00:00,Regular member confirmation
Last.fm,PERF_20260901_021204,1337,confirmation,Member confirmation,60,136,69,,,34,35,False,4.0471821000101045,0x797d5Dd96DC6b5ec9CcD5AEAbBB7846F0fd2b5e9,0x81CC2969f72341fCC3DF58e920BA33CE8DE90f29,0x2bde7500775891302c1c43d674ef20632c0c2f376959aa11d91d6637a086e1cb,1,190,1788218060,90844,30000000,300000,90844,10,1e-08,908440,9.0844e-13,0.03037290001520887,2026-08-31T23:14:20.418976+00:00,2026-08-31T23:14:20.450287+00:00,Regular member confirmation
Last.fm,PERF_20260901_021204,1337,confirmation,Member confirmation,60,136,69,,,35,36,False,4.1578508999955375,0x12fc4d85E67dC946B9eDe279C85EFc3B3475e448,0x81CC2969f72341fCC3DF58e920BA33CE8DE90f29,0x4a0a9f6ec42a9898a11139acb1d43c53636c38433a071805904b9bf6e6503ac7,1,191,1788218060,90844,30000000,300000,90844,10,1e-08,908440,9.0844e-13,0.028606000007130206,2026-08-31T23:14:20.529843+00:00,2026-08-31T23:14:20.558507+00:00,Regular member confirmation
Last.fm,PERF_20260901_021204,1337,confirmation,Member confirmation,60,136,69,,,36,37,False,4.268777199991746,0xA9dEAe342bBad67e46cF2cc146459CC55393149B,0x81CC2969f72341fCC3DF58e920BA33CE8DE90f29,0x98630f43f52ae25e343c53ada48cf0c5b7a3243f583f221cc1be354f9f86dbfb,1,192,1788218060,90844,30000000,300000,90844,10,1e-08,908440,9.0844e-13,0.029450200003338978,2026-08-31T23:14:20.641018+00:00,2026-08-31T23:14:20.670236+00:00,Regular member confirmation
Last.fm,PERF_20260901_021204,1337,confirmation,Member confirmation,60,136,69,,,37,38,False,4.379056800011313,0xc711f0C59eC6bBaC88cbf4967b6f8910479c1C4f,0x81CC2969f72341fCC3DF58e920BA33CE8DE90f29,0x7f66f9a9eae408502e9a9823d48e26332973aac0bff838fd0d3bc2ddfa1c4300,1,193,1788218060,90844,30000000,300000,90844,10,1e-08,908440,9.0844e-13,0.0291743999987375,2026-08-31T23:14:20.751524+00:00,2026-08-31T23:14:20.780516+00:00,Regular member confirmation
Last.fm,PERF_20260901_021204,1337,confirmation,Member confirmation,60,136,69,,,38,39,False,4.494736499997089,0x5A77561E82195e019C094277f988D2AD81Ac8296,0x81CC2969f72341fCC3DF58e920BA33CE8DE90f29,0x2b1d8d6637ce90b841e61b1915499bf0c9125e53d0072967b04dd7800a31ecab,1,194,1788218060,90844,30000000,300000,90844,10,1e-08,908440,9.0844e-13,0.029703699983656406,2026-08-31T23:14:20.863771+00:00,2026-08-31T23:14:20.893611+00:00,Regular member confirmation
Last.fm,PERF_20260901_021204,1337,confirmation,Member confirmation,60,136,69,,,39,40,False,4.60914290000801,0x7897AF282Cf41e78d5F6FA0C1479262d8A0b3150,0x81CC2969f72341fCC3DF58e920BA33CE8DE90f29,0xefca705d5d53cd640ccc0d6d96dc0e429588d59273db5040a83f2d4aa7ea515a,1,195,1788218060,90844,30000000,300000,90844,10,1e-08,908440,9.0844e-13,0.029072600009385496,2026-08-31T23:14:20.978060+00:00,2026-08-31T23:14:21.007438+00:00,Regular member confirmation
Last.fm,PERF_20260901_021204,1337,confirmation,Member confirmation,60,136,69,,,40,41,False,4.735544399998616,0xCcf7Fb164D3d363fE773eEDF9208d1532e7fB935,0x81CC2969f72341fCC3DF58e920BA33CE8DE90f29,0x94be22ac11b05ddee309c68a68521ee6e6cc3abc5ad6e37e6bfa5d7f282678b1,1,196,1788218061,90844,30000000,300000,90844,10,1e-08,908440,9.0844e-13,0.035664600000018254,2026-08-31T23:14:21.100430+00:00,2026-08-31T23:14:21.136326+00:00,Regular member confirmation
Last.fm,PERF_20260901_021204,1337,confirmation,Member confirmation,60,136,69,,,41,42,False,4.862331800017273,0x097b284ffF9D76ae14abFbe9724aB50C6523313D,0x81CC2969f72341fCC3DF58e920BA33CE8DE90f29,0x7fa7507af6f191ab6476702f7463a62dbb94f47334e399d6e84da3f468f53df6,1,197,1788218061,90844,30000000,300000,90844,10,1e-08,908440,9.0844e-13,0.03621200000634417,2026-08-31T23:14:21.224932+00:00,2026-08-31T23:14:21.260472+00:00,Regular member confirmation
Last.fm,PERF_20260901_021204,1337,confirmation,Member confirmation,60,136,69,,,42,43,False,4.988755700003821,0xF65C91c90fa8A0A9d06eE71a4784d64E4cf9Eb65,0x81CC2969f72341fCC3DF58e920BA33CE8DE90f29,0x1223cfa4b6a289fe51998847858d435ebc7a9cbf1de2dce57576792748272d97,1,198,1788218061,90844,30000000,300000,90844,10,1e-08,908440,9.0844e-13,0.031132300005992875,2026-08-31T23:14:21.357196+00:00,2026-08-31T23:14:21.388743+00:00,Regular member confirmation
Last.fm,PERF_20260901_021204,1337,confirmation,Member confirmation,60,136,69,,,43,44,False,5.108171700005187,0x0164937665c849D99DAeFb48AEE3C330E19E0096,0x81CC2969f72341fCC3DF58e920BA33CE8DE90f29,0xe95f1793d5e81bbc294022cd6b510eb9b6311b7ba429ff8262ad0a4366a5ea02,1,199,1788218061,90844,30000000,300000,90844,10,1e-08,908440,9.0844e-13,0.03319859999464825,2026-08-31T23:14:21.473202+00:00,2026-08-31T23:14:21.506454+00:00,Regular member confirmation
Last.fm,PERF_20260901_021204,1337,confirmation,Member confirmation,60,136,69,,,44,45,False,5.224477100011427,0xe16b9B78ffC706C17c527791E0B7240323d93D41,0x81CC2969f72341fCC3DF58e920BA33CE8DE90f29,0xc4d17db2eae45de374320b99b4ab38a9f6a521c5fddac0ec5fb5454ee1f09518,1,200,1788218061,90844,30000000,300000,90844,10,1e-08,908440,9.0844e-13,0.03076280001550913,2026-08-31T23:14:21.594619+00:00,2026-08-31T23:14:21.625547+00:00,Regular member confirmation
Last.fm,PERF_20260901_021204,1337,confirmation,Member confirmation,60,136,69,,,45,46,False,5.338848300016252,0x977e55736BA6ccd7Dab9981709afc712102Bd3f1,0x81CC2969f72341fCC3DF58e920BA33CE8DE90f29,0x9002f3e0e1782e35a9543766fc899f75c950fad66b68d1b14127607b9bfecfca,1,201,1788218061,90844,30000000,300000,90844,10,1e-08,908440,9.0844e-13,0.029333600017707795,2026-08-31T23:14:21.709406+00:00,2026-08-31T23:14:21.738579+00:00,Regular member confirmation
Last.fm,PERF_20260901_021204,1337,confirmation,Member confirmation,60,136,69,,,46,47,False,5.452582800004166,0x1dd1Ae9E3993F20d80dE72A3355418168025e6fC,0x81CC2969f72341fCC3DF58e920BA33CE8DE90f29,0xdaef5737ccb59962e408894ab0b39abf700cf1c6695d3c4f1a8fd5fc1f9988a2,1,202,1788218061,90844,30000000,300000,90844,10,1e-08,908440,9.0844e-13,0.0300956999999471,2026-08-31T23:14:21.823382+00:00,2026-08-31T23:14:21.853524+00:00,Regular member confirmation
Last.fm,PERF_20260901_021204,1337,confirmation,Member confirmation,60,136,69,,,47,48,False,5.569715899997391,0x1214a194A91F68DD30b4E13561818e12ad50c7D2,0x81CC2969f72341fCC3DF58e920BA33CE8DE90f29,0x68e119d635ed4e4df32d68efe5ad7e28ba83a5f25456906b3700dbc50ab4852b,1,203,1788218061,90844,30000000,300000,90844,10,1e-08,908440,9.0844e-13,0.029154199990443885,2026-08-31T23:14:21.936466+00:00,2026-08-31T23:14:21.966339+00:00,Regular member confirmation
Last.fm,PERF_20260901_021204,1337,confirmation,Member confirmation,60,136,69,,,48,49,False,5.687030100001721,0x03FA8e378de9f041d8D41C12eC68A5e574dB6A1A,0x81CC2969f72341fCC3DF58e920BA33CE8DE90f29,0xe8475004f25a8c770ad9715433db6d433185d739aa2660927254402b1c3eeff0,1,204,1788218062,90844,30000000,300000,90844,10,1e-08,908440,9.0844e-13,0.0332975999917835,2026-08-31T23:14:22.056567+00:00,2026-08-31T23:14:22.089477+00:00,Regular member confirmation
Last.fm,PERF_20260901_021204,1337,confirmation,Member confirmation,60,136,69,,,49,50,False,5.798809900006745,0x7D49f94F69b2638970B5Ab02832426891e6F91e7,0x81CC2969f72341fCC3DF58e920BA33CE8DE90f29,0x122b33ade0fef13441708e015ffdd0b1470e014fa0cbaac3d734d4c5eadb0e17,1,205,1788218062,90844,30000000,300000,90844,10,1e-08,908440,9.0844e-13,0.02950610002153553,2026-08-31T23:14:22.169103+00:00,2026-08-31T23:14:22.199212+00:00,Regular member confirmation
Last.fm,PERF_20260901_021204,1337,confirmation,Member confirmation,60,136,69,,,50,51,False,5.912962000002153,0x7364bf717938bCAb792BE050C146DBC1680ac108,0x81CC2969f72341fCC3DF58e920BA33CE8DE90f29,0x7100b53fd6cbf9af44b7e99ea2459af7e9248a28fe3da37226e04de7a0dc4133,1,206,1788218062,90844,30000000,300000,90844,10,1e-08,908440,9.0844e-13,0.031498199998168275,2026-08-31T23:14:22.282401+00:00,2026-08-31T23:14:22.313634+00:00,Regular member confirmation
Last.fm,PERF_20260901_021204,1337,confirmation,Member confirmation,60,136,69,,,51,52,False,6.023763900011545,0x2b8b55C8688bBE48D28C4d098e14d8aC570e8195,0x81CC2969f72341fCC3DF58e920BA33CE8DE90f29,0x662c3f3023001d27269cd80d13a36417b632d91fd2162c081248edcb9f040f11,1,207,1788218062,90844,30000000,300000,90844,10,1e-08,908440,9.0844e-13,0.029068800009554252,2026-08-31T23:14:22.394170+00:00,2026-08-31T23:14:22.423998+00:00,Regular member confirmation
Last.fm,PERF_20260901_021204,1337,confirmation,Member confirmation,60,136,69,,,52,53,False,6.13600349999615,0x0e079a3a01edCB3e26f952eB2bA36d55c71Ef062,0x81CC2969f72341fCC3DF58e920BA33CE8DE90f29,0x527f10e497d001854552fe44416b62d633171cc22a68f75f297acdd166bfb262,1,208,1788218062,90844,30000000,300000,90844,10,1e-08,908440,9.0844e-13,0.029088700015563518,2026-08-31T23:14:22.509291+00:00,2026-08-31T23:14:22.538536+00:00,Regular member confirmation
Last.fm,PERF_20260901_021204,1337,confirmation,Member confirmation,60,136,69,,,53,54,False,6.248615199991036,0xa28412a20214d721269603D14fc409570BD88Dd7,0x81CC2969f72341fCC3DF58e920BA33CE8DE90f29,0xe5ebe60c96917c971c18a44ce5c92b5b0e71b58072a65e7005ad1480224bc898,1,209,1788218062,90844,30000000,300000,90844,10,1e-08,908440,9.0844e-13,0.028854900010628626,2026-08-31T23:14:22.617814+00:00,2026-08-31T23:14:22.646464+00:00,Regular member confirmation
Last.fm,PERF_20260901_021204,1337,confirmation,Member confirmation,60,136,69,,,54,55,False,6.439417699992191,0x04cAB28041d240454b5239BB287585c08F2b3a1E,0x81CC2969f72341fCC3DF58e920BA33CE8DE90f29,0x18f20b5e7abe033b359fcb85035c66b41a53996a4c4361d646144d39ef7c1b09,1,210,1788218062,90844,30000000,300000,90844,10,1e-08,908440,9.0844e-13,0.028507200011517853,2026-08-31T23:14:22.811996+00:00,2026-08-31T23:14:22.840634+00:00,Regular member confirmation
Last.fm,PERF_20260901_021204,1337,confirmation,Member confirmation,60,136,69,,,55,56,False,6.557515199994668,0x90F6c009cb03795659810018168B3e765ea07B23,0x81CC2969f72341fCC3DF58e920BA33CE8DE90f29,0xa0772e3589c3629c0ec35a3acef9ac021c38c8efd80869d5ef5fb35c2d0b4426,1,211,1788218062,90844,30000000,300000,90844,10,1e-08,908440,9.0844e-13,0.028140699985669926,2026-08-31T23:14:22.927743+00:00,2026-08-31T23:14:22.956016+00:00,Regular member confirmation
Last.fm,PERF_20260901_021204,1337,confirmation,Member confirmation,60,136,69,,,56,57,False,6.670860500016715,0xfDB601D2b259693009FbEa93275367a1713F3324,0x81CC2969f72341fCC3DF58e920BA33CE8DE90f29,0x504ff26efdc2ddd2d612062814cf4ca5940a8a83de7ad7d38de7482ec8d8f100,1,212,1788218063,90844,30000000,300000,90844,10,1e-08,908440,9.0844e-13,0.032022799976402894,2026-08-31T23:14:23.040628+00:00,2026-08-31T23:14:23.072395+00:00,Regular member confirmation
Last.fm,PERF_20260901_021204,1337,confirmation,Member confirmation,60,136,69,,,57,58,False,6.783376900013536,0xc681C4F7c3648a096A4fDf47C5e842a3763d1577,0x81CC2969f72341fCC3DF58e920BA33CE8DE90f29,0x1ed903db0d7a544c881f49bdece560d93ad534b00ca69ff84c364c5c186028c0,1,213,1788218063,90844,30000000,300000,90844,10,1e-08,908440,9.0844e-13,0.030633999995188788,2026-08-31T23:14:23.153839+00:00,2026-08-31T23:14:23.184698+00:00,Regular member confirmation
Last.fm,PERF_20260901_021204,1337,confirmation,Member confirmation,60,136,69,,,58,59,False,6.8957323000067845,0x2cd1EFE5457161F97A308e748AF30BaBDD54f754,0x81CC2969f72341fCC3DF58e920BA33CE8DE90f29,0xcde288eb6dacd1064423f59782d1027a94a9e70de3ba94f609589ecac9463b9f,1,214,1788218063,90844,30000000,300000,90844,10,1e-08,908440,9.0844e-13,0.030202900001313537,2026-08-31T23:14:23.266333+00:00,2026-08-31T23:14:23.296430+00:00,Regular member confirmation
Last.fm,PERF_20260901_021204,1337,confirmation,Member confirmation,60,136,69,,,59,60,False,7.0053886999958195,0x748C4d5A5d76D3849aaE696881394408665E009C,0x81CC2969f72341fCC3DF58e920BA33CE8DE90f29,0xda31cbe16906d1125c88f53d74365c95a1f41686bab154b94cfa6787b2507de1,1,215,1788218063,90844,30000000,300000,90844,10,1e-08,908440,9.0844e-13,0.02801840001484379,2026-08-31T23:14:23.378109+00:00,2026-08-31T23:14:23.406424+00:00,Regular member confirmation
Last.fm,PERF_20260901_021204,1337,confirmation,Member confirmation,60,136,69,,,60,61,False,7.117291500006104,0x86fCAA12d0B0B2EdcCa9B048ee0327d924bcb0f1,0x81CC2969f72341fCC3DF58e920BA33CE8DE90f29,0xa086aaec7bff59eb6a019638353c6bfdcc89de85f894abd63966324cf5fc5270,1,216,1788218063,90844,30000000,300000,90844,10,1e-08,908440,9.0844e-13,0.029117400001268834,2026-08-31T23:14:23.489242+00:00,2026-08-31T23:14:23.517715+00:00,Regular member confirmation
Last.fm,PERF_20260901_021204,1337,confirmation,Member confirmation,60,136,69,,,61,62,False,7.228580700000748,0x5EB5B7E23a531D128c4C15F64Bba8B7E4dB0575d,0x81CC2969f72341fCC3DF58e920BA33CE8DE90f29,0x79b497611dd6f2198257b89d32ee729411b67e0e8761faee4602196675444005,1,217,1788218063,90844,30000000,300000,90844,10,1e-08,908440,9.0844e-13,0.029298200010089204,2026-08-31T23:14:23.599810+00:00,2026-08-31T23:14:23.629515+00:00,Regular member confirmation
Last.fm,PERF_20260901_021204,1337,confirmation,Member confirmation,60,136,69,,,62,63,False,7.340461400017375,0x7FB629a05703696ddD4e34A18355a1C57054f21b,0x81CC2969f72341fCC3DF58e920BA33CE8DE90f29,0x08d8cb4454684d6504540edfe17e9d9a9103931407f7425b45d1f60ffb53bf37,1,218,1788218063,90844,30000000,300000,90844,10,1e-08,908440,9.0844e-13,0.028882799990242347,2026-08-31T23:14:23.712739+00:00,2026-08-31T23:14:23.742583+00:00,Regular member confirmation
Last.fm,PERF_20260901_021204,1337,confirmation,Member confirmation,60,136,69,,,63,64,False,7.454380000010133,0x4D7969D26e64edB42fB8FB3424b68e14451434F4,0x81CC2969f72341fCC3DF58e920BA33CE8DE90f29,0xa5b7d5cdb3aa5948385ce671df5f654a1e3acca60daf457cf9f4b3f2c4ec78a3,1,219,1788218063,90844,30000000,300000,90844,10,1e-08,908440,9.0844e-13,0.02953599998727441,2026-08-31T23:14:23.824868+00:00,2026-08-31T23:14:23.853900+00:00,Regular member confirmation
Last.fm,PERF_20260901_021204,1337,confirmation,Member confirmation,60,136,69,,,64,65,False,7.566171600017697,0x1898e14Ce9Ebb77Cca52a1D362D10A4433d1d174,0x81CC2969f72341fCC3DF58e920BA33CE8DE90f29,0x2da8258d6d544b79092677d40a2e9196d7b4f854cfa63de436ccc3dab5775a34,1,220,1788218063,90844,30000000,300000,90844,10,1e-08,908440,9.0844e-13,0.029369199997745454,2026-08-31T23:14:23.939009+00:00,2026-08-31T23:14:23.967879+00:00,Regular member confirmation
Last.fm,PERF_20260901_021204,1337,confirmation,Member confirmation,60,136,69,,,65,66,False,7.680441000004066,0xf1Ee81AC18A7B7B3086B94cf7a9230ee7137cf71,0x81CC2969f72341fCC3DF58e920BA33CE8DE90f29,0x545cf0bfbd78785a04ef1d5143438695ae6595acba35e9619cd7498d1e719a3a,1,221,1788218064,90844,30000000,300000,90844,10,1e-08,908440,9.0844e-13,0.028282900020712987,2026-08-31T23:14:24.049057+00:00,2026-08-31T23:14:24.077677+00:00,Regular member confirmation
Last.fm,PERF_20260901_021204,1337,confirmation,Member confirmation,60,136,69,,,66,67,False,7.79371140000876,0x208428472e07364f522EdfB9cf6CEe52d547e925,0x81CC2969f72341fCC3DF58e920BA33CE8DE90f29,0x2d425a7405e5a1b11eacbca17e969d97825d20d80b59c37ba62dbed88cf03e12,1,222,1788218064,90844,30000000,300000,90844,10,1e-08,908440,9.0844e-13,0.029231399996206164,2026-08-31T23:14:24.165053+00:00,2026-08-31T23:14:24.195114+00:00,Regular member confirmation
Last.fm,PERF_20260901_021204,1337,confirmation,Member confirmation,60,136,69,,,67,68,False,7.904562600015197,0xf9B1F4d9Cf93DB60aeCC5d3F4d8DE4CD2734d59d,0x81CC2969f72341fCC3DF58e920BA33CE8DE90f29,0x54719fcb942717760b0f81268f8ce6f8a601abde508b1210be70223da34db3b9,1,223,1788218064,90844,30000000,300000,90844,10,1e-08,908440,9.0844e-13,0.029433099989546463,2026-08-31T23:14:24.275379+00:00,2026-08-31T23:14:24.305405+00:00,Regular member confirmation
Last.fm,PERF_20260901_021204,1337,confirmation,Member confirmation,60,136,69,,,68,69,True,8.0216897999926,0x0BFC993C863Ca0b2EAAaDE5aD98d0Aef86dd927B,0x81CC2969f72341fCC3DF58e920BA33CE8DE90f29,0x11e1a06afebb12ed7ae2800f3012e17a62ae5027255871f37b9cc2f6f81fbee0,1,224,1788218064,120841,30000000,300000,120841,10,1e-08,1208410,1.20841e-12,0.03413960000034422,2026-08-31T23:14:24.388192+00:00,2026-08-31T23:14:24.422141+00:00,Finalization-triggering confirmation
Last.fm,PERF_20260901_021204,1337,confirmation,Member confirmation,99,81,41,,,1,2,False,0.14382659998955205,0x0a947BE395c16e4127eEab517319Aaa543C09133,0x81CC2969f72341fCC3DF58e920BA33CE8DE90f29,0x2bbdc527413647a1c2cf54b8467870596f5537b38d9a95308e6c13faf160b30d,1,225,1788218064,90844,30000000,300000,90844,10,1e-08,908440,9.0844e-13,0.03123239998240024,2026-08-31T23:14:24.683255+00:00,2026-08-31T23:14:24.715060+00:00,Regular member confirmation
Last.fm,PERF_20260901_021204,1337,confirmation,Member confirmation,99,81,41,,,2,3,False,0.25329309998778626,0x5d831BB0543AcAC50CE679A0c7C0b95453B8d1FC,0x81CC2969f72341fCC3DF58e920BA33CE8DE90f29,0x1ef4607aa4ae6dabc9e08a7eba79321fd758bed34781e1b4708f81712a6d2991,1,226,1788218064,90844,30000000,300000,90844,10,1e-08,908440,9.0844e-13,0.028762700007064268,2026-08-31T23:14:24.795656+00:00,2026-08-31T23:14:24.824342+00:00,Regular member confirmation
Last.fm,PERF_20260901_021204,1337,confirmation,Member confirmation,99,81,41,,,3,4,False,0.3624973999976646,0x3f4CCA602Bd185a3a7460D7Cf4f704380081D40e,0x81CC2969f72341fCC3DF58e920BA33CE8DE90f29,0x31df9476ac3b01e4cbd4a236d48f0591d8d658980241d8c81f2106979ddbc119,1,227,1788218064,90844,30000000,300000,90844,10,1e-08,908440,9.0844e-13,0.028692399995634332,2026-08-31T23:14:24.904339+00:00,2026-08-31T23:14:24.933726+00:00,Regular member confirmation
Last.fm,PERF_20260901_021204,1337,confirmation,Member confirmation,99,81,41,,,4,5,False,0.471756999992067,0xc635777D9d2Bc7d7ecCcAbE050e0DE15F2C4AcE5,0x81CC2969f72341fCC3DF58e920BA33CE8DE90f29,0x8617267355bd81c07aad92f824007e866a0df435fdfb2f794f050ae8729d37fa,1,228,1788218065,90844,30000000,300000,90844,10,1e-08,908440,9.0844e-13,0.031007999990833923,2026-08-31T23:14:25.012204+00:00,2026-08-31T23:14:25.043397+00:00,Regular member confirmation
Last.fm,PERF_20260901_021204,1337,confirmation,Member confirmation,99,81,41,,,5,6,False,0.5809722999983933,0x71679601fD1369e30b62feC07004D2931a07937b,0x81CC2969f72341fCC3DF58e920BA33CE8DE90f29,0x3608cf450ab65eb8f75bab7618476c806c653dcbf38ee7b66a59bcec5d02f912,1,229,1788218065,90844,30000000,300000,90844,10,1e-08,908440,9.0844e-13,0.02906150001217611,2026-08-31T23:14:25.124129+00:00,2026-08-31T23:14:25.152867+00:00,Regular member confirmation
Last.fm,PERF_20260901_021204,1337,confirmation,Member confirmation,99,81,41,,,6,7,False,0.690994899981888,0xeeF09CB5c38eB8B0886B8D22793F2c1b8125a3BA,0x81CC2969f72341fCC3DF58e920BA33CE8DE90f29,0xf7b1e51fe07ffcbcb3cfe280626f8447d8e2257815bd5305e8c133627ca49d54,1,230,1788218065,90844,30000000,300000,90844,10,1e-08,908440,9.0844e-13,0.028398199996445328,2026-08-31T23:14:25.233635+00:00,2026-08-31T23:14:25.262520+00:00,Regular member confirmation
Last.fm,PERF_20260901_021204,1337,confirmation,Member confirmation,99,81,41,,,7,8,False,0.8020470999763347,0xB8760276FfaA11e1F999e470E08B81a45A3be532,0x81CC2969f72341fCC3DF58e920BA33CE8DE90f29,0x4452d27503d7a355948a1128c4cd685cbb1f95b6eb43cdd6c0237297244d45ed,1,231,1788218065,90844,30000000,300000,90844,10,1e-08,908440,9.0844e-13,0.0294749999884516,2026-08-31T23:14:25.344254+00:00,2026-08-31T23:14:25.373268+00:00,Regular member confirmation
Last.fm,PERF_20260901_021204,1337,confirmation,Member confirmation,99,81,41,,,8,9,False,0.9137954999750946,0xaCcc7Ce4D9003520EaC2f984df2a8291a8f9e198,0x81CC2969f72341fCC3DF58e920BA33CE8DE90f29,0xf4e5c82a9af3c8d3aee3a3ee2d298cdfd094071d6fdbdf0b9dfd2ed35f1b2c15,1,232,1788218065,90844,30000000,300000,90844,10,1e-08,908440,9.0844e-13,0.030726500001037493,2026-08-31T23:14:25.452499+00:00,2026-08-31T23:14:25.482674+00:00,Regular member confirmation
Last.fm,PERF_20260901_021204,1337,confirmation,Member confirmation,99,81,41,,,9,10,False,1.0234334999986459,0xB6cCc1D944CBBde0ff8845357A19ba2e57ea3Ab5,0x81CC2969f72341fCC3DF58e920BA33CE8DE90f29,0x516649168e821908a2913aeac0daa09a7ab23808578bcd51644146d7d3463752,1,233,1788218065,90844,30000000,300000,90844,10,1e-08,908440,9.0844e-13,0.029242699994938448,2026-08-31T23:14:25.565804+00:00,2026-08-31T23:14:25.594657+00:00,Regular member confirmation
Last.fm,PERF_20260901_021204,1337,confirmation,Member confirmation,99,81,41,,,10,11,False,1.144261799985543,0x824aBC1DfD5c9762de6b13491eD7B5c9687aA54D,0x81CC2969f72341fCC3DF58e920BA33CE8DE90f29,0x0af726c77d059bf955d58eeb22306cd64022dd93e3fa3ee14a38be5db1d2e278,1,234,1788218065,90844,30000000,300000,90844,10,1e-08,908440,9.0844e-13,0.03940300000249408,2026-08-31T23:14:25.673476+00:00,2026-08-31T23:14:25.713170+00:00,Regular member confirmation
Last.fm,PERF_20260901_021204,1337,confirmation,Member confirmation,99,81,41,,,11,12,False,1.2520988999749534,0x479Abac809B8b11B046CCf98b25f5854313dcFEc,0x81CC2969f72341fCC3DF58e920BA33CE8DE90f29,0x23ab912c9a0c586fe30b34f66a4c3f7efe61b52d6e2d281f4982e852118ce2cd,1,235,1788218065,90844,30000000,300000,90844,10,1e-08,908440,9.0844e-13,0.02868110002600588,2026-08-31T23:14:25.795841+00:00,2026-08-31T23:14:25.824155+00:00,Regular member confirmation
Last.fm,PERF_20260901_021204,1337,confirmation,Member confirmation,99,81,41,,,12,13,False,1.3635630999924615,0x86061E1877a48c5ab75bd46ea9c5E20432ACB820,0x81CC2969f72341fCC3DF58e920BA33CE8DE90f29,0x80d5eda4a7a5a0902f165f2472ac3b0c6e6210977eea2d48f54b81f3789699ca,1,236,1788218065,90844,30000000,300000,90844,10,1e-08,908440,9.0844e-13,0.030158599984133616,2026-08-31T23:14:25.903900+00:00,2026-08-31T23:14:25.934251+00:00,Regular member confirmation
Last.fm,PERF_20260901_021204,1337,confirmation,Member confirmation,99,81,41,,,13,14,False,1.4726528999744914,0xe55EB424Cc67DF41980926e9E9de221D9596eA1c,0x81CC2969f72341fCC3DF58e920BA33CE8DE90f29,0xfafa155cd58ef5c049016f872dc55b3c1114f2319a35f97c72ee60618fb0a6d1,1,237,1788218066,90844,30000000,300000,90844,10,1e-08,908440,9.0844e-13,0.029347100004088134,2026-08-31T23:14:26.014630+00:00,2026-08-31T23:14:26.044123+00:00,Regular member confirmation
Last.fm,PERF_20260901_021204,1337,confirmation,Member confirmation,99,81,41,,,14,15,False,1.5861188999842852,0x5b0eEB2c526e2C52d26A57d5F2B00e95cab5F2C6,0x81CC2969f72341fCC3DF58e920BA33CE8DE90f29,0x15d533d94c0b65bedd0c6e656b9034ad7e8430059f1cef70381b8ec67c27195b,1,238,1788218066,90844,30000000,300000,90844,10,1e-08,908440,9.0844e-13,0.03135270002530888,2026-08-31T23:14:26.125089+00:00,2026-08-31T23:14:26.156433+00:00,Regular member confirmation
Last.fm,PERF_20260901_021204,1337,confirmation,Member confirmation,99,81,41,,,15,16,False,1.694045999989612,0xd610bb0A2b3DaD98c4f4fD534B14F26f65937Eed,0x81CC2969f72341fCC3DF58e920BA33CE8DE90f29,0xde342f71cb7a878042f72af4438aee8def0340fde88ea6544e68e24d8a7bf99c,1,239,1788218066,90844,30000000,300000,90844,10,1e-08,908440,9.0844e-13,0.029265099990880117,2026-08-31T23:14:26.236558+00:00,2026-08-31T23:14:26.265878+00:00,Regular member confirmation
Last.fm,PERF_20260901_021204,1337,confirmation,Member confirmation,99,81,41,,,16,17,False,1.8001500999962445,0x69B3119E9bd890387215fa2c51ddF8de52776029,0x81CC2969f72341fCC3DF58e920BA33CE8DE90f29,0x767fdbd5dcad58cbcdbf1e3ef58b579023509e0a60035312efebcba68eb07e74,1,240,1788218066,90844,30000000,300000,90844,10,1e-08,908440,9.0844e-13,0.027773700014222413,2026-08-31T23:14:26.344598+00:00,2026-08-31T23:14:26.372074+00:00,Regular member confirmation
Last.fm,PERF_20260901_021204,1337,confirmation,Member confirmation,99,81,41,,,17,18,False,1.9109843999904115,0xC4FaF585cb3F97782aB641c3e599A35477241D04,0x81CC2969f72341fCC3DF58e920BA33CE8DE90f29,0xcf3b050864a883cc28ccd75ca8eb04506a768b14a22191403822c0fb26166039,1,241,1788218066,90844,30000000,300000,90844,10,1e-08,908440,9.0844e-13,0.028245800000149757,2026-08-31T23:14:26.454086+00:00,2026-08-31T23:14:26.481758+00:00,Regular member confirmation
Last.fm,PERF_20260901_021204,1337,confirmation,Member confirmation,99,81,41,,,18,19,False,2.0187845999898855,0x64682b97daF253cC37c7A44f55f34b443c26cc5d,0x81CC2969f72341fCC3DF58e920BA33CE8DE90f29,0xb59932db7ae020edd745695ef2e136f0db32d1953ddfe35f034dcf36721fdc36,1,242,1788218066,90844,30000000,300000,90844,10,1e-08,908440,9.0844e-13,0.028718599991407245,2026-08-31T23:14:26.562344+00:00,2026-08-31T23:14:26.591648+00:00,Regular member confirmation
Last.fm,PERF_20260901_021204,1337,confirmation,Member confirmation,99,81,41,,,19,20,False,2.1270466999849305,0x17bDDC05bdF2EB42480ED8461dfCB9F7264B7c95,0x81CC2969f72341fCC3DF58e920BA33CE8DE90f29,0x9e98b747499a4042d52bbe08914b8e488c0344de6414f5aa509c735328a78b15,1,243,1788218066,90844,30000000,300000,90844,10,1e-08,908440,9.0844e-13,0.028530199982924387,2026-08-31T23:14:26.668726+00:00,2026-08-31T23:14:26.697210+00:00,Regular member confirmation
Last.fm,PERF_20260901_021204,1337,confirmation,Member confirmation,99,81,41,,,20,21,False,2.2369139999791514,0x84470201719685fdF08b7a1533483eF735756CFC,0x81CC2969f72341fCC3DF58e920BA33CE8DE90f29,0xffec3b223c80c5077ec4abb3e5ceda4b2c4234e733b6c295e5f020e1a1640146,1,244,1788218066,90844,30000000,300000,90844,10,1e-08,908440,9.0844e-13,0.029152999981306493,2026-08-31T23:14:26.778441+00:00,2026-08-31T23:14:26.807469+00:00,Regular member confirmation
Last.fm,PERF_20260901_021204,1337,confirmation,Member confirmation,99,81,41,,,21,22,False,2.3485156999959145,0xdd8603A82ab53bFFb65003fba3aE700382C08F11,0x81CC2969f72341fCC3DF58e920BA33CE8DE90f29,0xa68b07f01f31ce93681cbfe8a3adb88d9bcb4d6911f376492db32d78e654e126,1,245,1788218066,90844,30000000,300000,90844,10,1e-08,908440,9.0844e-13,0.030087899998761714,2026-08-31T23:14:26.888350+00:00,2026-08-31T23:14:26.918298+00:00,Regular member confirmation
Last.fm,PERF_20260901_021204,1337,confirmation,Member confirmation,99,81,41,,,22,23,False,2.456746199983172,0xe800631CAF1ca995e5583722e6c004F8d58ccBeE,0x81CC2969f72341fCC3DF58e920BA33CE8DE90f29,0x5ccdd254904ac7b25e5d93873b6c9eafa5226e89beaabf324ecab903f7cb539d,1,246,1788218067,90844,30000000,300000,90844,10,1e-08,908440,9.0844e-13,0.028491600009147078,2026-08-31T23:14:26.999248+00:00,2026-08-31T23:14:27.028714+00:00,Regular member confirmation
Last.fm,PERF_20260901_021204,1337,confirmation,Member confirmation,99,81,41,,,23,24,False,2.564493699988816,0x8AFf7546bFFeF1dAaAd7E375C4C3866B18d9BE06,0x81CC2969f72341fCC3DF58e920BA33CE8DE90f29,0xe83d91abce4e92142584bd2ebee1318551464464be8a7c24ad1dc452cd91800b,1,247,1788218067,90844,30000000,300000,90844,10,1e-08,908440,9.0844e-13,0.029453499999362975,2026-08-31T23:14:27.106374+00:00,2026-08-31T23:14:27.135062+00:00,Regular member confirmation
Last.fm,PERF_20260901_021204,1337,confirmation,Member confirmation,99,81,41,,,24,25,False,2.6723442999937106,0x3e65EDD891ff0cC7b888cA1B99BEEeDac5332805,0x81CC2969f72341fCC3DF58e920BA33CE8DE90f29,0x0d9e36c3d9c7d83bd763c4b567acf63edbba11e9fa3c3ac49439383e6a275197,1,248,1788218067,90844,30000000,300000,90844,10,1e-08,908440,9.0844e-13,0.030028299981495366,2026-08-31T23:14:27.215091+00:00,2026-08-31T23:14:27.244641+00:00,Regular member confirmation
Last.fm,PERF_20260901_021204,1337,confirmation,Member confirmation,99,81,41,,,25,26,False,2.7826011999859475,0x602611C2899308DD2e07306aD70a71b32F902E6F,0x81CC2969f72341fCC3DF58e920BA33CE8DE90f29,0x8be8114254c553b2e00e92a66b0cc59246d766edf73da74804dd7bf953b1ee12,1,249,1788218067,90844,30000000,300000,90844,10,1e-08,908440,9.0844e-13,0.030869799986248836,2026-08-31T23:14:27.321170+00:00,2026-08-31T23:14:27.351977+00:00,Regular member confirmation
Last.fm,PERF_20260901_021204,1337,confirmation,Member confirmation,99,81,41,,,26,27,False,2.891302599979099,0x7c5e436123921106a94D065Df22467a1Fe66d8a8,0x81CC2969f72341fCC3DF58e920BA33CE8DE90f29,0x347d7ede867a0345c6ba573273813076546aaaa20ef18d38b22a8bb901ec6e7a,1,250,1788218067,90844,30000000,300000,90844,10,1e-08,908440,9.0844e-13,0.029765999992378056,2026-08-31T23:14:27.433630+00:00,2026-08-31T23:14:27.463189+00:00,Regular member confirmation
Last.fm,PERF_20260901_021204,1337,confirmation,Member confirmation,99,81,41,,,27,28,False,2.9992606999876443,0x22DCe12EF5F2cC4B9d767B2BEBCa81755Dc707b3,0x81CC2969f72341fCC3DF58e920BA33CE8DE90f29,0xa81dff3412f28ee780c2911e3d85b0c5b6de69801c8e7159b9946911b8fa8460,1,251,1788218067,90844,30000000,300000,90844,10,1e-08,908440,9.0844e-13,0.02902020001783967,2026-08-31T23:14:27.540185+00:00,2026-08-31T23:14:27.569142+00:00,Regular member confirmation
Last.fm,PERF_20260901_021204,1337,confirmation,Member confirmation,99,81,41,,,28,29,False,3.108286999980919,0x82266a5C7BDdBa5fe4D900CFB2c8b5619Cc38133,0x81CC2969f72341fCC3DF58e920BA33CE8DE90f29,0xc9f0c24d5f1b58a4740488ae9f6882318fd84ecfaacb35f8be0f107e831418ad,1,252,1788218067,90844,30000000,300000,90844,10,1e-08,908440,9.0844e-13,0.030468000011751428,2026-08-31T23:14:27.649721+00:00,2026-08-31T23:14:27.679903+00:00,Regular member confirmation
Last.fm,PERF_20260901_021204,1337,confirmation,Member confirmation,99,81,41,,,29,30,False,3.2149598999822047,0xE2941045eE84D243312B7129c9299635BFE95049,0x81CC2969f72341fCC3DF58e920BA33CE8DE90f29,0xf25ce232b80938f202c5144b9d0bcff31840409ef4c877b18610b5b288c35563,1,253,1788218067,90844,30000000,300000,90844,10,1e-08,908440,9.0844e-13,0.02770579999196343,2026-08-31T23:14:27.757596+00:00,2026-08-31T23:14:27.784757+00:00,Regular member confirmation
Last.fm,PERF_20260901_021204,1337,confirmation,Member confirmation,99,81,41,,,30,31,False,3.323356299981242,0x339F34b2914dD71c3BFbaCc872072cb4559985cD,0x81CC2969f72341fCC3DF58e920BA33CE8DE90f29,0x5e6b3238b27c10d7df6ff0cb2668d4a92da41d72a59bfafdf341c4b176ebb8eb,1,254,1788218067,90844,30000000,300000,90844,10,1e-08,908440,9.0844e-13,0.028333800000837073,2026-08-31T23:14:27.865800+00:00,2026-08-31T23:14:27.894768+00:00,Regular member confirmation
Last.fm,PERF_20260901_021204,1337,confirmation,Member confirmation,99,81,41,,,31,32,False,3.4305430999957025,0xDF7bbeC4C08cc1E10C2DCA7744400686c40A309E,0x81CC2969f72341fCC3DF58e920BA33CE8DE90f29,0x7c72714ce5a0316b5f7b40dc2d6813cfad13f31373ac335f843ec146063a766c,1,255,1788218067,90844,30000000,300000,90844,10,1e-08,908440,9.0844e-13,0.02843939999002032,2026-08-31T23:14:27.972142+00:00,2026-08-31T23:14:28.000966+00:00,Regular member confirmation
Last.fm,PERF_20260901_021204,1337,confirmation,Member confirmation,99,81,41,,,32,33,False,3.5394067999732215,0x205f6eB462cb678Ac0D5e04d34aA03a6b1878371,0x81CC2969f72341fCC3DF58e920BA33CE8DE90f29,0x9af60efc20fefa2f034d751191f7388e495a703b2321345f45339a9f4d35a38e,1,256,1788218068,90844,30000000,300000,90844,10,1e-08,908440,9.0844e-13,0.028726399992592633,2026-08-31T23:14:28.081468+00:00,2026-08-31T23:14:28.110399+00:00,Regular member confirmation
Last.fm,PERF_20260901_021204,1337,confirmation,Member confirmation,99,81,41,,,33,34,False,3.651609299995471,0xb90FCe4C4F0987373c2ba1BB3C2C24ac39cd5233,0x81CC2969f72341fCC3DF58e920BA33CE8DE90f29,0x3333cea8cad27981bd0d51abe1377dd9b8509a8cba7c46b33820158218d5b959,1,257,1788218068,90844,30000000,300000,90844,10,1e-08,908440,9.0844e-13,0.028147999983048066,2026-08-31T23:14:28.192229+00:00,2026-08-31T23:14:28.220241+00:00,Regular member confirmation
Last.fm,PERF_20260901_021204,1337,confirmation,Member confirmation,99,81,41,,,34,35,False,3.7630175999947824,0x6682c841ca038801c8E8DE39ddf5165B63C740c6,0x81CC2969f72341fCC3DF58e920BA33CE8DE90f29,0xbe375dadadef408b0a82b01a1181be2e33e8375c42fa25f239e2c73ad9659c94,1,258,1788218068,90844,30000000,300000,90844,10,1e-08,908440,9.0844e-13,0.02998169997590594,2026-08-31T23:14:28.303526+00:00,2026-08-31T23:14:28.332956+00:00,Regular member confirmation
Last.fm,PERF_20260901_021204,1337,confirmation,Member confirmation,99,81,41,,,35,36,False,3.8752298999752384,0x0bf5d6F8EfA9A55Dc45958F3b9DBc7e90c80FeCF,0x81CC2969f72341fCC3DF58e920BA33CE8DE90f29,0x11aa6661d24687c89da3cb768f28d436b3e38c25538ab5987933b627e2b78a90,1,259,1788218068,90844,30000000,300000,90844,10,1e-08,908440,9.0844e-13,0.03056110002216883,2026-08-31T23:14:28.414151+00:00,2026-08-31T23:14:28.444830+00:00,Regular member confirmation
Last.fm,PERF_20260901_021204,1337,confirmation,Member confirmation,99,81,41,,,36,37,False,3.986556699994253,0xC25FfaC31f4A8a191BfBB369eAe4e4E07F896F96,0x81CC2969f72341fCC3DF58e920BA33CE8DE90f29,0x94df4396edec93ab7c51a2cc2500070f866ace711e991e13bb9ecc0f951f60f3,1,260,1788218068,90844,30000000,300000,90844,10,1e-08,908440,9.0844e-13,0.02964259998407215,2026-08-31T23:14:28.528035+00:00,2026-08-31T23:14:28.558081+00:00,Regular member confirmation
Last.fm,PERF_20260901_021204,1337,confirmation,Member confirmation,99,81,41,,,37,38,False,4.0979091999761295,0x2250E22e3B6111F39F958aBC54e3A57BF0cc7712,0x81CC2969f72341fCC3DF58e920BA33CE8DE90f29,0xbf3316dbf1526c516ae49317ea189940ec5dcaf2c72ac64ece1d69412fdcac61,1,261,1788218068,90844,30000000,300000,90844,10,1e-08,908440,9.0844e-13,0.027961900021182373,2026-08-31T23:14:28.640208+00:00,2026-08-31T23:14:28.668902+00:00,Regular member confirmation
Last.fm,PERF_20260901_021204,1337,confirmation,Member confirmation,99,81,41,,,38,39,False,4.206542399973841,0xB1Bc838d2539f7dc0Bb1f1d00eA86ba9fEe633F9,0x81CC2969f72341fCC3DF58e920BA33CE8DE90f29,0x7c5dea778a48e01172a53a34961606ac2dc1d3a9afa55007c6c06f93daf502be,1,262,1788218068,90844,30000000,300000,90844,10,1e-08,908440,9.0844e-13,0.02935040000011213,2026-08-31T23:14:28.749438+00:00,2026-08-31T23:14:28.778211+00:00,Regular member confirmation
Last.fm,PERF_20260901_021204,1337,confirmation,Member confirmation,99,81,41,,,39,40,False,4.316989399987506,0x259C78496F3E0C2F5535f0a06569f47111dD6bc3,0x81CC2969f72341fCC3DF58e920BA33CE8DE90f29,0x0e7998863b9530428d7d1222202d85d455a3e03d73e9b8bc77b32651fa86e9e2,1,263,1788218068,90844,30000000,300000,90844,10,1e-08,908440,9.0844e-13,0.029082799999741837,2026-08-31T23:14:28.858826+00:00,2026-08-31T23:14:28.887573+00:00,Regular member confirmation
Last.fm,PERF_20260901_021204,1337,confirmation,Member confirmation,99,81,41,,,40,41,True,4.4292831999773625,0xF700C699B928564D20C31d17bA6f4c342e074d24,0x81CC2969f72341fCC3DF58e920BA33CE8DE90f29,0x3b8d7156f557643a39c5bbd9626f378868d7c7f428fe056a9ad5ced2200b55f9,1,264,1788218068,120841,30000000,300000,120841,10,1e-08,1208410,1.20841e-12,0.03423290001228452,2026-08-31T23:14:28.966916+00:00,2026-08-31T23:14:29.001832+00:00,Finalization-triggering confirmation
Last.fm,PERF_20260901_021204,1337,confirmation,Member confirmation,104,25,13,,,1,2,False,0.14193290000548586,0xF47348d1F3855d5Eb493A08240E981aa44b52ED1,0x81CC2969f72341fCC3DF58e920BA33CE8DE90f29,0xa7b5f86e19b8d9a8f5c782ff9be26cac41e57490a3df8f6bcaafb059e79fd63b,1,265,1788218069,90844,30000000,300000,90844,10,1e-08,908440,9.0844e-13,0.029647899995325133,2026-08-31T23:14:29.250704+00:00,2026-08-31T23:14:29.280418+00:00,Regular member confirmation
Last.fm,PERF_20260901_021204,1337,confirmation,Member confirmation,104,25,13,,,2,3,False,0.2524199000035878,0x43e5F96e3435b932D0e668F4dAd6d1d1A4E3b596,0x81CC2969f72341fCC3DF58e920BA33CE8DE90f29,0xca8bcde415b97b41a55b1a4ed29a398d3230e4cce46d5b482710eb538a5848b5,1,266,1788218069,90844,30000000,300000,90844,10,1e-08,908440,9.0844e-13,0.02987200001371093,2026-08-31T23:14:29.361538+00:00,2026-08-31T23:14:29.391706+00:00,Regular member confirmation
Last.fm,PERF_20260901_021204,1337,confirmation,Member confirmation,104,25,13,,,3,4,False,0.3650498999923002,0xC68C6a66E83e77FB3c729d1822A4cd1b375dB441,0x81CC2969f72341fCC3DF58e920BA33CE8DE90f29,0xe929637fd3c7e506f6f2e503217156af4610f10090e68ea4184e3364d88d253b,1,267,1788218069,90844,30000000,300000,90844,10,1e-08,908440,9.0844e-13,0.029167399974539876,2026-08-31T23:14:29.471478+00:00,2026-08-31T23:14:29.500190+00:00,Regular member confirmation
Last.fm,PERF_20260901_021204,1337,confirmation,Member confirmation,104,25,13,,,4,5,False,0.4852031999907922,0x3088e4aaCD7fb3f0F48684cB31A890B66Ea5676B,0x81CC2969f72341fCC3DF58e920BA33CE8DE90f29,0x6c97101d23c59fbc2e832e39e2e44f163972e6205e09852bac9700d3f8976791,1,268,1788218069,90844,30000000,300000,90844,10,1e-08,908440,9.0844e-13,0.039901699987240136,2026-08-31T23:14:29.581875+00:00,2026-08-31T23:14:29.622425+00:00,Regular member confirmation
Last.fm,PERF_20260901_021204,1337,confirmation,Member confirmation,104,25,13,,,5,6,False,0.595136599993566,0x32E79670f4f13ACFD7A4bA778434Bf777432539D,0x81CC2969f72341fCC3DF58e920BA33CE8DE90f29,0x16df2d380b5488511f6d75ef59204f7ca5d70bedbff5af31e97caca2bb4016c7,1,269,1788218069,90844,30000000,300000,90844,10,1e-08,908440,9.0844e-13,0.02910289997817017,2026-08-31T23:14:29.703182+00:00,2026-08-31T23:14:29.732832+00:00,Regular member confirmation
Last.fm,PERF_20260901_021204,1337,confirmation,Member confirmation,104,25,13,,,6,7,False,0.7138056000112556,0xFA508B9a70f6C7dC58Ba494820a194804DF75810,0x81CC2969f72341fCC3DF58e920BA33CE8DE90f29,0xa90ab54b2b2d9489a49e629e53f750218d4b0469af3b0e815c4c73a5cab6d333,1,270,1788218069,90844,30000000,300000,90844,10,1e-08,908440,9.0844e-13,0.03461060000699945,2026-08-31T23:14:29.816362+00:00,2026-08-31T23:14:29.851761+00:00,Regular member confirmation
Last.fm,PERF_20260901_021204,1337,confirmation,Member confirmation,104,25,13,,,7,8,False,0.827065199991921,0xFa055Fc4CBd38F27fE421e09bc50A88aB7E2084c,0x81CC2969f72341fCC3DF58e920BA33CE8DE90f29,0x8945877db15262e328882d7a498c2c68f07f6108885a4f4dd64fa542feeff3a5,1,271,1788218069,90844,30000000,300000,90844,10,1e-08,908440,9.0844e-13,0.032708499988075346,2026-08-31T23:14:29.932663+00:00,2026-08-31T23:14:29.966321+00:00,Regular member confirmation
Last.fm,PERF_20260901_021204,1337,confirmation,Member confirmation,104,25,13,,,8,9,False,0.9357137000188231,0x95196c6C1319D25bfbA89994515c67E53e6137bf,0x81CC2969f72341fCC3DF58e920BA33CE8DE90f29,0xcd0efed170e720b5c017a4e67467ad71745fee1688b861f056cc146652c782ed,1,272,1788218070,90844,30000000,300000,90844,10,1e-08,908440,9.0844e-13,0.028853700001491234,2026-08-31T23:14:30.044819+00:00,2026-08-31T23:14:30.073361+00:00,Regular member confirmation
Last.fm,PERF_20260901_021204,1337,confirmation,Member confirmation,104,25,13,,,9,10,False,1.044609100004891,0xec2fa13A647bF4A62e3260021e1c4109e69C426F,0x81CC2969f72341fCC3DF58e920BA33CE8DE90f29,0xf4b27c68853308946d4e80fe53ed222201582eb1830227af19f78b23ea7a2154,1,273,1788218070,90844,30000000,300000,90844,10,1e-08,908440,9.0844e-13,0.02926330000627786,2026-08-31T23:14:30.153046+00:00,2026-08-31T23:14:30.182758+00:00,Regular member confirmation
Last.fm,PERF_20260901_021204,1337,confirmation,Member confirmation,104,25,13,,,10,11,False,1.1513870999915525,0xF0c3e5fE47ef5036FB15377Af9ee1942cE5696Cc,0x81CC2969f72341fCC3DF58e920BA33CE8DE90f29,0xa0314052be3d501432030950ae7669414a257db12e35a1f7fca110591841c00e,1,274,1788218070,90844,30000000,300000,90844,10,1e-08,908440,9.0844e-13,0.02835370000684634,2026-08-31T23:14:30.262374+00:00,2026-08-31T23:14:30.290923+00:00,Regular member confirmation
Last.fm,PERF_20260901_021204,1337,confirmation,Member confirmation,104,25,13,,,11,12,False,1.2615075999929104,0x3D71Ba2e27b2De90EE6b923BFed4eB12c485b846,0x81CC2969f72341fCC3DF58e920BA33CE8DE90f29,0x60d2dbeb472ba4ed3300add25914d98a40ac36d9d5bd4812973916cc7525ae1f,1,275,1788218070,90844,30000000,300000,90844,10,1e-08,908440,9.0844e-13,0.028447199991205707,2026-08-31T23:14:30.370972+00:00,2026-08-31T23:14:30.399815+00:00,Regular member confirmation
Last.fm,PERF_20260901_021204,1337,confirmation,Member confirmation,104,25,13,,,12,13,True,1.3766176000062842,0x651955806d8D4B1db1b7ee13b4aE33e96b7183e9,0x81CC2969f72341fCC3DF58e920BA33CE8DE90f29,0xae697c1be07eb20dcce1c8964009b328423ef00376c72a134a60f47b1e9a0888,1,276,1788218070,120841,30000000,300000,120841,10,1e-08,1208410,1.20841e-12,0.03433000002405606,2026-08-31T23:14:30.479996+00:00,2026-08-31T23:14:30.515247+00:00,Finalization-triggering confirmation
Last.fm,PERF_20260901_021204,1337,confirmation,Member confirmation,107,44,23,,,1,2,False,0.14573329998529516,0xBf440b6098601a0F6eCEB65eE3E9a722ADA239E1,0x81CC2969f72341fCC3DF58e920BA33CE8DE90f29,0x99fe8e7fc30bac88a8e2018d955ba4eca97cc64b39975a876bd61510bd5cb185,1,277,1788218070,90832,30000000,300000,90832,10,1e-08,908320,9.0832e-13,0.032280399987939745,2026-08-31T23:14:30.769098+00:00,2026-08-31T23:14:30.801789+00:00,Regular member confirmation
Last.fm,PERF_20260901_021204,1337,confirmation,Member confirmation,107,44,23,,,2,3,False,0.2551003999833483,0x9D3b7c712F9b98b7076Fa18967F81FA844B41416,0x81CC2969f72341fCC3DF58e920BA33CE8DE90f29,0x90e70b24e82ae159b0192b9e02466896e84a9facbace773a8de083f8d0735895,1,278,1788218070,90832,30000000,300000,90832,10,1e-08,908320,9.0832e-13,0.029123599990271032,2026-08-31T23:14:30.881856+00:00,2026-08-31T23:14:30.911282+00:00,Regular member confirmation
Last.fm,PERF_20260901_021204,1337,confirmation,Member confirmation,107,44,23,,,3,4,False,0.36477479999302886,0xEf113bB44d199603229fE92075464B1bA4B24c08,0x81CC2969f72341fCC3DF58e920BA33CE8DE90f29,0x8462a221199208e0756f3d0981ca4ebad7bead7ee3009388934c46d1886c38ad,1,279,1788218071,90832,30000000,300000,90832,10,1e-08,908320,9.0832e-13,0.029144300002371892,2026-08-31T23:14:30.993028+00:00,2026-08-31T23:14:31.021392+00:00,Regular member confirmation
Last.fm,PERF_20260901_021204,1337,confirmation,Member confirmation,107,44,23,,,4,5,False,0.4731494000006933,0x2321443147F1E3Ad7D3f9EF77045100eE33e8c47,0x81CC2969f72341fCC3DF58e920BA33CE8DE90f29,0xc56a8f0163e15e3d488d1a678058c9c68b9f5a4e294b94d81a31dfabadc83376,1,280,1788218071,90832,30000000,300000,90832,10,1e-08,908320,9.0832e-13,0.02988519999780692,2026-08-31T23:14:31.099667+00:00,2026-08-31T23:14:31.129478+00:00,Regular member confirmation
Last.fm,PERF_20260901_021204,1337,confirmation,Member confirmation,107,44,23,,,5,6,False,0.5804538000083994,0xBABCF06F2083Fa1518a446725D770b58865A4E47,0x81CC2969f72341fCC3DF58e920BA33CE8DE90f29,0x3e776113bf7fc230e27e6403ad5ace622aa28911f231c31c71a4158c16a36fca,1,281,1788218071,90832,30000000,300000,90832,10,1e-08,908320,9.0832e-13,0.028930500004207715,2026-08-31T23:14:31.209421+00:00,2026-08-31T23:14:31.238474+00:00,Regular member confirmation
Last.fm,PERF_20260901_021204,1337,confirmation,Member confirmation,107,44,23,,,6,7,False,0.68911360000493,0x3A26cCB739a0d58687AeAB05F59f7FceA84263eC,0x81CC2969f72341fCC3DF58e920BA33CE8DE90f29,0xf6e8ea8a7a132b0344cddf35ea2f1c3fcf493b530ba98553e0e12e7aeb5b51a9,1,282,1788218071,90832,30000000,300000,90832,10,1e-08,908320,9.0832e-13,0.029019800014793873,2026-08-31T23:14:31.315542+00:00,2026-08-31T23:14:31.344730+00:00,Regular member confirmation
Last.fm,PERF_20260901_021204,1337,confirmation,Member confirmation,107,44,23,,,7,8,False,0.8031141999817919,0x36b02841966694669ED91105f61C3df64F6bc6E0,0x81CC2969f72341fCC3DF58e920BA33CE8DE90f29,0x578e09067901a9a949b2306a0ad595cdc50480755dd9b196216d5272ac72fabd,1,283,1788218071,90832,30000000,300000,90832,10,1e-08,908320,9.0832e-13,0.032526199996937066,2026-08-31T23:14:31.425108+00:00,2026-08-31T23:14:31.458066+00:00,Regular member confirmation
Last.fm,PERF_20260901_021204,1337,confirmation,Member confirmation,107,44,23,,,8,9,False,0.9153069999883883,0x9828336099653d5f17aBd52B6A25dC53E5484EBD,0x81CC2969f72341fCC3DF58e920BA33CE8DE90f29,0x6be250f0def2159f4a1548bb5d89f829528ffb81cae8c5b917a8147139062d4d,1,284,1788218071,90832,30000000,300000,90832,10,1e-08,908320,9.0832e-13,0.028874200012069196,2026-08-31T23:14:31.539819+00:00,2026-08-31T23:14:31.569111+00:00,Regular member confirmation
Last.fm,PERF_20260901_021204,1337,confirmation,Member confirmation,107,44,23,,,9,10,False,1.0503521999926306,0x7d6305fE215044EFCCEC9Abe583B70B63578f247,0x81CC2969f72341fCC3DF58e920BA33CE8DE90f29,0x0b44e2fa2de9db2b29cb4e4279412110e20ee29718f980b20890a8480a9cc1c3,1,285,1788218071,90832,30000000,300000,90832,10,1e-08,908320,9.0832e-13,0.0397013999754563,2026-08-31T23:14:31.667330+00:00,2026-08-31T23:14:31.706921+00:00,Regular member confirmation
Last.fm,PERF_20260901_021204,1337,confirmation,Member confirmation,107,44,23,,,10,11,False,1.1609588999999687,0xF34b5F85C8Fd6358712Bb7AE69fbcafD872c7352,0x81CC2969f72341fCC3DF58e920BA33CE8DE90f29,0xf219cff79e2735343163b8ef836ad9e27cfe506a631f8d8c3aa805ea041013b4,1,286,1788218071,90832,30000000,300000,90832,10,1e-08,908320,9.0832e-13,0.030415500019444153,2026-08-31T23:14:31.785985+00:00,2026-08-31T23:14:31.816767+00:00,Regular member confirmation
Last.fm,PERF_20260901_021204,1337,confirmation,Member confirmation,107,44,23,,,11,12,False,1.2709762000013143,0x1886cA7e4357c5384bA4332e69D58Dff95a0e6E9,0x81CC2969f72341fCC3DF58e920BA33CE8DE90f29,0x840df4a96f0466ef1a97793e485ea5df0303687eeed3872ac8e73f9f9197154c,1,287,1788218071,90832,30000000,300000,90832,10,1e-08,908320,9.0832e-13,0.0309461000142619,2026-08-31T23:14:31.896279+00:00,2026-08-31T23:14:31.927421+00:00,Regular member confirmation
Last.fm,PERF_20260901_021204,1337,confirmation,Member confirmation,107,44,23,,,12,13,False,1.386625199986156,0x39ABEc67217cc3C10aa637fe2795fE8544001C26,0x81CC2969f72341fCC3DF58e920BA33CE8DE90f29,0xa4eba5135811ecb3f5051391d4470ae11440cdfbc4247aa968c55dceb16e6481,1,288,1788218072,90832,30000000,300000,90832,10,1e-08,908320,9.0832e-13,0.0295029999979306,2026-08-31T23:14:32.008553+00:00,2026-08-31T23:14:32.037899+00:00,Regular member confirmation
Last.fm,PERF_20260901_021204,1337,confirmation,Member confirmation,107,44,23,,,13,14,False,1.4987973000097554,0x31cBaF43253E370C54dE49276cC23364451af2d8,0x81CC2969f72341fCC3DF58e920BA33CE8DE90f29,0xec76293c096de4fd90493a71bdbd705665b7e9fe80331bce2b9e653ff3a1af42,1,289,1788218072,90832,30000000,300000,90832,10,1e-08,908320,9.0832e-13,0.030351199995493516,2026-08-31T23:14:32.125679+00:00,2026-08-31T23:14:32.156074+00:00,Regular member confirmation
Last.fm,PERF_20260901_021204,1337,confirmation,Member confirmation,107,44,23,,,14,15,False,1.6090632999839727,0x6C347952D83755d717c44afb288B9781bf116d7D,0x81CC2969f72341fCC3DF58e920BA33CE8DE90f29,0xa6a6f224130254b45cc558e5d06648ff29529cc1d20a0cc782c8793d87e84a82,1,290,1788218072,90832,30000000,300000,90832,10,1e-08,908320,9.0832e-13,0.02980860002571717,2026-08-31T23:14:32.235439+00:00,2026-08-31T23:14:32.264864+00:00,Regular member confirmation
Last.fm,PERF_20260901_021204,1337,confirmation,Member confirmation,107,44,23,,,15,16,False,1.7177422999811824,0xD8eB1E22C671b85aBdb4a69B1fC4AA1Dad5C4187,0x81CC2969f72341fCC3DF58e920BA33CE8DE90f29,0x57d804d822702c6ebe8657cefa8038eb3d8ffdb9e411cd14484da2387332e8ee,1,291,1788218072,90832,30000000,300000,90832,10,1e-08,908320,9.0832e-13,0.03002320000086911,2026-08-31T23:14:32.345092+00:00,2026-08-31T23:14:32.375939+00:00,Regular member confirmation
Last.fm,PERF_20260901_021204,1337,confirmation,Member confirmation,107,44,23,,,16,17,False,1.8309368999907747,0x52d8e6aaa38445c6e5b769526792692bF3906b69,0x81CC2969f72341fCC3DF58e920BA33CE8DE90f29,0x834f51ee25dab06ababbbe0d8ada37ed5d9183796dd4bab1d3b2ccc19e5e7a00,1,292,1788218072,90832,30000000,300000,90832,10,1e-08,908320,9.0832e-13,0.028280300000915304,2026-08-31T23:14:32.457642+00:00,2026-08-31T23:14:32.485909+00:00,Regular member confirmation
Last.fm,PERF_20260901_021204,1337,confirmation,Member confirmation,107,44,23,,,17,18,False,1.9671779999916907,0x9c739931686Cf87Abc1216C20588E32AaF26498A,0x81CC2969f72341fCC3DF58e920BA33CE8DE90f29,0x67b454baf5f1eba3b6181c31679cc25a76e34f2e5c97a2abcbc93ad2fce9c707,1,293,1788218072,90832,30000000,300000,90832,10,1e-08,908320,9.0832e-13,0.03675159998238087,2026-08-31T23:14:32.568247+00:00,2026-08-31T23:14:32.605295+00:00,Regular member confirmation
Last.fm,PERF_20260901_021204,1337,confirmation,Member confirmation,107,44,23,,,18,19,False,2.113101299997652,0x87309FC1f059bD4762c1372e916B9844871D548e,0x81CC2969f72341fCC3DF58e920BA33CE8DE90f29,0x0e1af0fe2fbc37c4e729431fe2f14716197b2392e0ac8d037a7b054db102d3f7,1,294,1788218072,90832,30000000,300000,90832,10,1e-08,908320,9.0832e-13,0.03595380001934245,2026-08-31T23:14:32.730142+00:00,2026-08-31T23:14:32.766667+00:00,Regular member confirmation
Last.fm,PERF_20260901_021204,1337,confirmation,Member confirmation,107,44,23,,,19,20,False,2.2270521000027657,0xb79d7fdf70ba90D44b33552AD62c056a96bBf741,0x81CC2969f72341fCC3DF58e920BA33CE8DE90f29,0xe92f4ac20a09bddea14e99411a289e006e470ab3026e343c4645b4d6d0ade2a1,1,295,1788218072,90832,30000000,300000,90832,10,1e-08,908320,9.0832e-13,0.029028799996012822,2026-08-31T23:14:32.852550+00:00,2026-08-31T23:14:32.881882+00:00,Regular member confirmation
Last.fm,PERF_20260901_021204,1337,confirmation,Member confirmation,107,44,23,,,20,21,False,2.336825599981239,0xa45625a1cB76F25679Cc45d90818875971190C6F,0x81CC2969f72341fCC3DF58e920BA33CE8DE90f29,0x60b23f193926458aaa2151af1e9d0360fc909103965414bb93ebbe3c60719715,1,296,1788218072,90832,30000000,300000,90832,10,1e-08,908320,9.0832e-13,0.029954700003145263,2026-08-31T23:14:32.962940+00:00,2026-08-31T23:14:32.992554+00:00,Regular member confirmation
Last.fm,PERF_20260901_021204,1337,confirmation,Member confirmation,107,44,23,,,21,22,False,2.540748600004008,0x401bB55c58381e00466D01333a3221e83A052BC1,0x81CC2969f72341fCC3DF58e920BA33CE8DE90f29,0x9eae31443c9d63484c6ede0afbe72a84e0f83a40320f2a8b51cfe4f5eca1b84f,1,297,1788218073,90832,30000000,300000,90832,10,1e-08,908320,9.0832e-13,0.04143289997591637,2026-08-31T23:14:33.147125+00:00,2026-08-31T23:14:33.188441+00:00,Regular member confirmation
Last.fm,PERF_20260901_021204,1337,confirmation,Member confirmation,107,44,23,,,22,23,True,2.6648246999830008,0x05D942db81cCb823B3F4520b41c8c0c4e1D9E237,0x81CC2969f72341fCC3DF58e920BA33CE8DE90f29,0x298c6faa7879709cb9ddfd42ee73cb5893bafa6e29caf4a1ce168c69701c9df9,1,298,1788218073,120829,30000000,300000,120829,10,1e-08,1208290,1.20829e-12,0.03691959998104721,2026-08-31T23:14:33.284115+00:00,2026-08-31T23:14:33.321127+00:00,Finalization-triggering confirmation
Last.fm,PERF_20260901_021204,1337,confirmation,Member confirmation,114,28,15,,,1,2,False,0.18253019999247044,0xeEaD6b2877E77b3790aD56fDD6fE5089f1F47eEA,0x81CC2969f72341fCC3DF58e920BA33CE8DE90f29,0xe4f36296f8027a447748f191138d938cbffeb18d3d2edbbd93ddf41379555329,1,299,1788218073,90844,30000000,300000,90844,10,1e-08,908440,9.0844e-13,0.030803599976934493,2026-08-31T23:14:33.614509+00:00,2026-08-31T23:14:33.645235+00:00,Regular member confirmation
Last.fm,PERF_20260901_021204,1337,confirmation,Member confirmation,114,28,15,,,2,3,False,0.2903005999978632,0xFfdB21B12FBCB18BcdbF368f2bD33B35AEFC997a,0x81CC2969f72341fCC3DF58e920BA33CE8DE90f29,0x32291dde1345454c3e1a5ba0f5d65ebe5b86a62e5796311f283e7c12ff4f7394,1,300,1788218073,90844,30000000,300000,90844,10,1e-08,908440,9.0844e-13,0.02860530000180006,2026-08-31T23:14:33.724528+00:00,2026-08-31T23:14:33.753500+00:00,Regular member confirmation
Last.fm,PERF_20260901_021204,1337,confirmation,Member confirmation,114,28,15,,,3,4,False,0.3992484000045806,0x99F292f6f48EFc58590F4B2EBbF622Ef246b223A,0x81CC2969f72341fCC3DF58e920BA33CE8DE90f29,0x998fda8269f8567a9a60585ce67167d2cbba73587aee6e7559900bd7d3ca4dd0,1,301,1788218073,90844,30000000,300000,90844,10,1e-08,908440,9.0844e-13,0.03048970000236295,2026-08-31T23:14:33.831744+00:00,2026-08-31T23:14:33.862809+00:00,Regular member confirmation
Last.fm,PERF_20260901_021204,1337,confirmation,Member confirmation,114,28,15,,,4,5,False,0.5130230999784544,0x6f830C283Db0f1bc27Df650cacaBa0d42895b4B0,0x81CC2969f72341fCC3DF58e920BA33CE8DE90f29,0x54e621d23be4357275bf6f2d5714823f262bc221780608f751403f3f56ef79a8,1,302,1788218073,90844,30000000,300000,90844,10,1e-08,908440,9.0844e-13,0.03086170001188293,2026-08-31T23:14:33.942943+00:00,2026-08-31T23:14:33.974073+00:00,Regular member confirmation
Last.fm,PERF_20260901_021204,1337,confirmation,Member confirmation,114,28,15,,,5,6,False,0.6929867999861017,0x7FFf824b8c59E79a4d085c1b9562E9859C6f3887,0x81CC2969f72341fCC3DF58e920BA33CE8DE90f29,0x659c5c58a21d503777a0617bd4f9b8556c7147cab1f76b8e2059f9d68c2a513a,1,303,1788218074,90844,30000000,300000,90844,10,1e-08,908440,9.0844e-13,0.029628699994646013,2026-08-31T23:14:34.126439+00:00,2026-08-31T23:14:34.155845+00:00,Regular member confirmation
Last.fm,PERF_20260901_021204,1337,confirmation,Member confirmation,114,28,15,,,6,7,False,0.8143568999948911,0x51FA6afdB24De257E4Bdd9A06B6666b5704510e0,0x81CC2969f72341fCC3DF58e920BA33CE8DE90f29,0x3ff68b9a9ac0b1ee0c945367f640d6f6c14b12e02b4ea3aaabb75a0560251ebe,1,304,1788218074,90844,30000000,300000,90844,10,1e-08,908440,9.0844e-13,0.036877800012007356,2026-08-31T23:14:34.240538+00:00,2026-08-31T23:14:34.276504+00:00,Regular member confirmation
Last.fm,PERF_20260901_021204,1337,confirmation,Member confirmation,114,28,15,,,7,8,False,0.9303846999828238,0x8b6d07ae990c45384cdE67dc31703f524350c2cF,0x81CC2969f72341fCC3DF58e920BA33CE8DE90f29,0x5ea5c574184e8cebe4bf0e279e2d1f7fd546683ecce7f7e7da4eba0339017364,1,305,1788218074,90844,30000000,300000,90844,10,1e-08,908440,9.0844e-13,0.033025600016117096,2026-08-31T23:14:34.358130+00:00,2026-08-31T23:14:34.392054+00:00,Regular member confirmation
Last.fm,PERF_20260901_021204,1337,confirmation,Member confirmation,114,28,15,,,8,9,False,1.0397954999934882,0x8D3FD02BF11944eB29894335d59399c1De301B8C,0x81CC2969f72341fCC3DF58e920BA33CE8DE90f29,0x236351d89064c87e1535d5d9e433b57432db1b03cb9382ad478ab364a93dc22a,1,306,1788218074,90844,30000000,300000,90844,10,1e-08,908440,9.0844e-13,0.028758999978890643,2026-08-31T23:14:34.473802+00:00,2026-08-31T23:14:34.503381+00:00,Regular member confirmation
Last.fm,PERF_20260901_021204,1337,confirmation,Member confirmation,114,28,15,,,9,10,False,1.1593082000035793,0xA5c5b30B83E2Bbc1800F3e682CCF24653948EcE3,0x81CC2969f72341fCC3DF58e920BA33CE8DE90f29,0x5cda84393605e643bf26021569fc4f9dd6f41b9e7940bc24292341276f4deb2d,1,307,1788218074,90844,30000000,300000,90844,10,1e-08,908440,9.0844e-13,0.030332399997860193,2026-08-31T23:14:34.583302+00:00,2026-08-31T23:14:34.613446+00:00,Regular member confirmation
Last.fm,PERF_20260901_021204,1337,confirmation,Member confirmation,114,28,15,,,10,11,False,1.2991039000044111,0x91d3b561F4af13341222E71a3A93456329349eA1,0x81CC2969f72341fCC3DF58e920BA33CE8DE90f29,0x3439731cabfc0f623e6ced80ea6b212dc6a0137c9762ceca8d759f3daee0d0e8,1,308,1788218074,90844,30000000,300000,90844,10,1e-08,908440,9.0844e-13,0.04030900000361726,2026-08-31T23:14:34.712236+00:00,2026-08-31T23:14:34.752563+00:00,Regular member confirmation
Last.fm,PERF_20260901_021204,1337,confirmation,Member confirmation,114,28,15,,,11,12,False,1.423271499981638,0x11a0C67648fAb07cF21cd34cb50A0E991A1625D7,0x81CC2969f72341fCC3DF58e920BA33CE8DE90f29,0xf9e40ae41adb7c80c4556a8054722cbc0b95f309d48bb75091844615ae1d4c1e,1,309,1788218074,90844,30000000,300000,90844,10,1e-08,908440,9.0844e-13,0.0335526000126265,2026-08-31T23:14:34.850869+00:00,2026-08-31T23:14:34.885087+00:00,Regular member confirmation
Last.fm,PERF_20260901_021204,1337,confirmation,Member confirmation,114,28,15,,,12,13,False,1.5440139999845996,0x525c9a0e308eA7dF6D003Fa50F9cDd20FC41264E,0x81CC2969f72341fCC3DF58e920BA33CE8DE90f29,0x03577583a659b4ba1003ef3e910d95928dabd6ef3cc06df10b8c84bc27066148,1,310,1788218074,90844,30000000,300000,90844,10,1e-08,908440,9.0844e-13,0.03419239999493584,2026-08-31T23:14:34.970653+00:00,2026-08-31T23:14:35.004817+00:00,Regular member confirmation
Last.fm,PERF_20260901_021204,1337,confirmation,Member confirmation,114,28,15,,,13,14,False,1.6641947999887634,0x803Bc8438a877F4748C2713816d55a7a99d1593B,0x81CC2969f72341fCC3DF58e920BA33CE8DE90f29,0x5e551cc14a4b34a525d17d01fadf7b31a6650070ed85495ad408b981f1d76dbc,1,311,1788218075,90844,30000000,300000,90844,10,1e-08,908440,9.0844e-13,0.031431300012627617,2026-08-31T23:14:35.089693+00:00,2026-08-31T23:14:35.121369+00:00,Regular member confirmation
Last.fm,PERF_20260901_021204,1337,confirmation,Member confirmation,114,28,15,,,14,15,True,1.794057499995688,0xbABF95Da9E8DADCFC0609e14BD4Dd237912Ee08f,0x81CC2969f72341fCC3DF58e920BA33CE8DE90f29,0x4ad3ca2b0a852675aa102039988cf9878eb0ae238df60e568913ea3316c99e8c,1,312,1788218075,120841,30000000,300000,120841,10,1e-08,1208410,1.20841e-12,0.03802860001451336,2026-08-31T23:14:35.211651+00:00,2026-08-31T23:14:35.250075+00:00,Finalization-triggering confirmation
Last.fm,PERF_20260901_021204,1337,confirmation,Member confirmation,204,30,16,,,1,2,False,0.16663940000580624,0xe5Fd5D5838E8e1A9829feB486170d6076Bd074B8,0x81CC2969f72341fCC3DF58e920BA33CE8DE90f29,0x13b8cd20c89fe5e2457da2abaa2b3f0fa2531dbdd800cf6d2ab2eed06716db81,1,313,1788218075,90844,30000000,300000,90844,10,1e-08,908440,9.0844e-13,0.03278469998622313,2026-08-31T23:14:35.549959+00:00,2026-08-31T23:14:35.583147+00:00,Regular member confirmation
Last.fm,PERF_20260901_021204,1337,confirmation,Member confirmation,204,30,16,,,2,3,False,0.2959993999975268,0x19F709790994F1FB8dE044EBE309999525DBd0Ee,0x81CC2969f72341fCC3DF58e920BA33CE8DE90f29,0x4b996bffa85b9c7fb888d38c775c65ed6583aeb459ced4533f2c2f16165e3640,1,314,1788218075,90844,30000000,300000,90844,10,1e-08,908440,9.0844e-13,0.0357110999757424,2026-08-31T23:14:35.676163+00:00,2026-08-31T23:14:35.711143+00:00,Regular member confirmation
Last.fm,PERF_20260901_021204,1337,confirmation,Member confirmation,204,30,16,,,3,4,False,0.4271195000037551,0xEF485320859179D9e16545F575CfEc2F9e627c84,0x81CC2969f72341fCC3DF58e920BA33CE8DE90f29,0xe2b4e89e19cdae2eb33139eb6ac914180055e8744b3b5e6621df5ad0093f5a2a,1,315,1788218075,90844,30000000,300000,90844,10,1e-08,908440,9.0844e-13,0.03568420000374317,2026-08-31T23:14:35.808913+00:00,2026-08-31T23:14:35.844427+00:00,Regular member confirmation
Last.fm,PERF_20260901_021204,1337,confirmation,Member confirmation,204,30,16,,,4,5,False,0.559818899986567,0x837AF2d40c58503846bfB4378884280C40D10734,0x81CC2969f72341fCC3DF58e920BA33CE8DE90f29,0xc274c21c50a50a5caaa3ac370b417a955b7bf0d0fdda5f78fa8e2eb3d277b5c7,1,316,1788218075,90844,30000000,300000,90844,10,1e-08,908440,9.0844e-13,0.0359005999926012,2026-08-31T23:14:35.940483+00:00,2026-08-31T23:14:35.975965+00:00,Regular member confirmation
Last.fm,PERF_20260901_021204,1337,confirmation,Member confirmation,204,30,16,,,5,6,False,0.6838372999918647,0x0b7C949B112493B22A5F94fbd3EeD72afdb17159,0x81CC2969f72341fCC3DF58e920BA33CE8DE90f29,0x5e113bd2845a9c7f1313df8763907d251d905ba0d4e37baf77dacdb22ac7c57f,1,317,1788218076,90844,30000000,300000,90844,10,1e-08,908440,9.0844e-13,0.0337232000019867,2026-08-31T23:14:36.071304+00:00,2026-08-31T23:14:36.104358+00:00,Regular member confirmation
Last.fm,PERF_20260901_021204,1337,confirmation,Member confirmation,204,30,16,,,6,7,False,0.8165045999921858,0xCc9d0E413487Ee00dedE42edEF12B983d4F54C52,0x81CC2969f72341fCC3DF58e920BA33CE8DE90f29,0x0a5b3d5a03e164ebd246b1bfc7043eae8ed87a1c9f0ff5f90452fdaa52be813e,1,318,1788218076,90844,30000000,300000,90844,10,1e-08,908440,9.0844e-13,0.04027620001579635,2026-08-31T23:14:36.196338+00:00,2026-08-31T23:14:36.236766+00:00,Regular member confirmation
Last.fm,PERF_20260901_021204,1337,confirmation,Member confirmation,204,30,16,,,7,8,False,0.9343640999868512,0x1930ea63cDD3c61BaA50cF91a414143557F2Faf4,0x81CC2969f72341fCC3DF58e920BA33CE8DE90f29,0xbd2945a6aef2fa6f333798db98a94ab963b5dc1ae112cab28588a5c9a0d11a2b,1,319,1788218076,90844,30000000,300000,90844,10,1e-08,908440,9.0844e-13,0.03314469999168068,2026-08-31T23:14:36.323805+00:00,2026-08-31T23:14:36.356894+00:00,Regular member confirmation
Last.fm,PERF_20260901_021204,1337,confirmation,Member confirmation,204,30,16,,,8,9,False,1.0465630000107922,0x66dAC534Ac7AE3Efd80269CaADa73346C3976676,0x81CC2969f72341fCC3DF58e920BA33CE8DE90f29,0x7912b4b1e39c57ccdda23500ad117d640dba961d9ce703892411f6a7a106b71b,1,320,1788218076,90844,30000000,300000,90844,10,1e-08,908440,9.0844e-13,0.031518800009507686,2026-08-31T23:14:36.438713+00:00,2026-08-31T23:14:36.470863+00:00,Regular member confirmation
Last.fm,PERF_20260901_021204,1337,confirmation,Member confirmation,204,30,16,,,9,10,False,1.157967999984976,0x8B326d4D7249bD595CECD699edE8Ac32De16c91D,0x81CC2969f72341fCC3DF58e920BA33CE8DE90f29,0x7116a591d6f69ba03e32836e25f8b8ad20f63cf071c33cf9b28624f7f16e8c82,1,321,1788218076,90844,30000000,300000,90844,10,1e-08,908440,9.0844e-13,0.03076409999630414,2026-08-31T23:14:36.548415+00:00,2026-08-31T23:14:36.579737+00:00,Regular member confirmation
Last.fm,PERF_20260901_021204,1337,confirmation,Member confirmation,204,30,16,,,10,11,False,1.2722229000064544,0x4359fbc297851A6494371D70865D9751A99996cE,0x81CC2969f72341fCC3DF58e920BA33CE8DE90f29,0x23a80f6ca0687dfd2214fd32b772d4cb36a7624647ba0d4d29c75a9aa2ba7232,1,322,1788218076,90844,30000000,300000,90844,10,1e-08,908440,9.0844e-13,0.028352799999993294,2026-08-31T23:14:36.667638+00:00,2026-08-31T23:14:36.696101+00:00,Regular member confirmation
Last.fm,PERF_20260901_021204,1337,confirmation,Member confirmation,204,30,16,,,11,12,False,1.386351699999068,0xF6457b91eAee9ea8cA030E6d7524120fE8a8192c,0x81CC2969f72341fCC3DF58e920BA33CE8DE90f29,0xe4d857c0c2506d0b9d414b71c8d2f51ee278b45fe0bcc237fd298b76363f6e48,1,323,1788218076,90844,30000000,300000,90844,10,1e-08,908440,9.0844e-13,0.030597599979955703,2026-08-31T23:14:36.776735+00:00,2026-08-31T23:14:36.807761+00:00,Regular member confirmation
Last.fm,PERF_20260901_021204,1337,confirmation,Member confirmation,204,30,16,,,12,13,False,1.4974252000101842,0xf81D539d24B93DbbC73Dd0d09071Dd5379182d82,0x81CC2969f72341fCC3DF58e920BA33CE8DE90f29,0xa764318dd8f4783f385577232f166deabdf5ee7e3ae5b5aa95968cfa682515d5,1,324,1788218076,90844,30000000,300000,90844,10,1e-08,908440,9.0844e-13,0.03111519999220036,2026-08-31T23:14:36.889988+00:00,2026-08-31T23:14:36.920213+00:00,Regular member confirmation
Last.fm,PERF_20260901_021204,1337,confirmation,Member confirmation,204,30,16,,,13,14,False,1.609110099991085,0x18EE9e5A8f12CDC02B24C32eFD3330Cd9e0d27b4,0x81CC2969f72341fCC3DF58e920BA33CE8DE90f29,0xc0351034685e6bbbdb159142ea5e402977ed21ed1d67237a66dac2ab8ae04365,1,325,1788218077,90844,30000000,300000,90844,10,1e-08,908440,9.0844e-13,0.03002169998944737,2026-08-31T23:14:37.001200+00:00,2026-08-31T23:14:37.031767+00:00,Regular member confirmation
Last.fm,PERF_20260901_021204,1337,confirmation,Member confirmation,204,30,16,,,14,15,False,1.724112800002331,0x8c57b67ce3Ac8D15C29776bF5664D4c0f2C56767,0x81CC2969f72341fCC3DF58e920BA33CE8DE90f29,0xc9c4c4f991e4e00c1539d401144b6e342bb1946598f55eaef5fc93e462939279,1,326,1788218077,90844,30000000,300000,90844,10,1e-08,908440,9.0844e-13,0.029745600011665374,2026-08-31T23:14:37.116440+00:00,2026-08-31T23:14:37.145612+00:00,Regular member confirmation
Last.fm,PERF_20260901_021204,1337,confirmation,Member confirmation,204,30,16,,,15,16,True,1.8546359000029042,0xe42474DC83BA1e121c00435aE2548018BA20081c,0x81CC2969f72341fCC3DF58e920BA33CE8DE90f29,0x14225d63ecc76b114f4e3af6701a2cb919da176902ee898356b399d5a79c1995,1,327,1788218077,120841,30000000,300000,120841,10,1e-08,1208410,1.20841e-12,0.03883240002323873,2026-08-31T23:14:37.232512+00:00,2026-08-31T23:14:37.272038+00:00,Finalization-triggering confirmation
Last.fm,PERF_20260901_021204,1337,confirmation,Member confirmation,211,55,28,,,1,2,False,0.14774149999720976,0x9e84F71b893d134361eAAe7789042Bb6AC5D2AE6,0x81CC2969f72341fCC3DF58e920BA33CE8DE90f29,0xe95f2b873d72429ec72ffd1760fa3c575e2627c842217a1173eac03e747b22d0,1,328,1788218077,90844,30000000,300000,90844,10,1e-08,908440,9.0844e-13,0.03219249998801388,2026-08-31T23:14:37.554332+00:00,2026-08-31T23:14:37.586655+00:00,Regular member confirmation
Last.fm,PERF_20260901_021204,1337,confirmation,Member confirmation,211,55,28,,,2,3,False,0.2571592000022065,0xaBdB65AbA94656fd13EFd7250e82daF8ab54cAE9,0x81CC2969f72341fCC3DF58e920BA33CE8DE90f29,0x681418c10e4fedb0c68050422497122b3714a678338e65fe19ae9abe153636dd,1,329,1788218077,90844,30000000,300000,90844,10,1e-08,908440,9.0844e-13,0.028348699997877702,2026-08-31T23:14:37.667855+00:00,2026-08-31T23:14:37.695712+00:00,Regular member confirmation
Last.fm,PERF_20260901_021204,1337,confirmation,Member confirmation,211,55,28,,,3,4,False,0.3706597000127658,0x2775e1B20e97E476c156E8D2153Fcc83f3AB5b62,0x81CC2969f72341fCC3DF58e920BA33CE8DE90f29,0x53a2a35dc9236d8fe2fb4fcfc79e3707922f41039e36682d0f2b5c8318a9afa1,1,330,1788218077,90844,30000000,300000,90844,10,1e-08,908440,9.0844e-13,0.030018400022527203,2026-08-31T23:14:37.776390+00:00,2026-08-31T23:14:37.806718+00:00,Regular member confirmation
Last.fm,PERF_20260901_021204,1337,confirmation,Member confirmation,211,55,28,,,4,5,False,0.4802964999980759,0xECa272e827E43Ba0d5558fe89227d68b954125Ac,0x81CC2969f72341fCC3DF58e920BA33CE8DE90f29,0x647100db011c658b8474a0126d5f6af52edb797f4b25c27c5ed57758988f2ac5,1,331,1788218077,90844,30000000,300000,90844,10,1e-08,908440,9.0844e-13,0.03015800000866875,2026-08-31T23:14:37.889555+00:00,2026-08-31T23:14:37.919794+00:00,Regular member confirmation
Last.fm,PERF_20260901_021204,1337,confirmation,Member confirmation,211,55,28,,,5,6,False,0.59013940001023,0x6F5E307706cBE03d1F786ff15bf5b6bc13B8C71b,0x81CC2969f72341fCC3DF58e920BA33CE8DE90f29,0xcf04f653786677aea3ab991f5bf939cea34ef75a6d78288740a80f352a65e2e8,1,332,1788218078,90844,30000000,300000,90844,10,1e-08,908440,9.0844e-13,0.027923100016778335,2026-08-31T23:14:37.998887+00:00,2026-08-31T23:14:38.027005+00:00,Regular member confirmation
Last.fm,PERF_20260901_021204,1337,confirmation,Member confirmation,211,55,28,,,6,7,False,0.7072742000163998,0xD796f543D1a1d1F87459e88b22afdE216b811c3f,0x81CC2969f72341fCC3DF58e920BA33CE8DE90f29,0x400cdfba1179b7264e5f3a3fcffeaf89eded4532873ae6472075a8413e7fe5cf,1,333,1788218078,90844,30000000,300000,90844,10,1e-08,908440,9.0844e-13,0.030673300003400072,2026-08-31T23:14:38.110898+00:00,2026-08-31T23:14:38.141402+00:00,Regular member confirmation
Last.fm,PERF_20260901_021204,1337,confirmation,Member confirmation,211,55,28,,,7,8,False,0.8229171000130009,0x57b36Cb34550D5D59ec77C35445a4BA554225003,0x81CC2969f72341fCC3DF58e920BA33CE8DE90f29,0x235105d3256bc27c2dbe1de899c7c488742c6b60b42879e423cb06e0b76300f2,1,334,1788218078,90844,30000000,300000,90844,10,1e-08,908440,9.0844e-13,0.03095390001544729,2026-08-31T23:14:38.229718+00:00,2026-08-31T23:14:38.260646+00:00,Regular member confirmation
Last.fm,PERF_20260901_021204,1337,confirmation,Member confirmation,211,55,28,,,8,9,False,0.9365503000153694,0x28afeAf92ee7972Aaf3c8f609be1aafa7948f047,0x81CC2969f72341fCC3DF58e920BA33CE8DE90f29,0x51c2e0fe91f05b108148d82b7f256168e405ec95533c151b6b693aac4f931182,1,335,1788218078,90844,30000000,300000,90844,10,1e-08,908440,9.0844e-13,0.03011789999436587,2026-08-31T23:14:38.344626+00:00,2026-08-31T23:14:38.374683+00:00,Regular member confirmation
Last.fm,PERF_20260901_021204,1337,confirmation,Member confirmation,211,55,28,,,9,10,False,1.05590750000556,0xEee190d0f3ECf53ac8CC301242AC1f25a205b1B4,0x81CC2969f72341fCC3DF58e920BA33CE8DE90f29,0x78c7c673f021f2a332b5b3d9727bcbff38e04eecfef0ec6b2a034c4ded4e92c2,1,336,1788218078,90844,30000000,300000,90844,10,1e-08,908440,9.0844e-13,0.03327710001030937,2026-08-31T23:14:38.457577+00:00,2026-08-31T23:14:38.490858+00:00,Regular member confirmation
Last.fm,PERF_20260901_021204,1337,confirmation,Member confirmation,211,55,28,,,10,11,False,1.1719131999998353,0x004FDA23486515c4Eb4DFB1A938D63463AdDcb9f,0x81CC2969f72341fCC3DF58e920BA33CE8DE90f29,0xb02a974d1490b712bcff23b4468704c0baee366eb74e63fddf5109f5985d46a3,1,337,1788218078,90844,30000000,300000,90844,10,1e-08,908440,9.0844e-13,0.030448100005742162,2026-08-31T23:14:38.576043+00:00,2026-08-31T23:14:38.606579+00:00,Regular member confirmation
Last.fm,PERF_20260901_021204,1337,confirmation,Member confirmation,211,55,28,,,11,12,False,1.3027430000074673,0x1F3FD9cfa35dC5566002BF6b3fdf115ccB1d5a0e,0x81CC2969f72341fCC3DF58e920BA33CE8DE90f29,0x14963694db5d5e6acdd430393d3433cad0f03f0b8eb10a89c4331541f53b11eb,1,338,1788218078,90844,30000000,300000,90844,10,1e-08,908440,9.0844e-13,0.03442360000917688,2026-08-31T23:14:38.706509+00:00,2026-08-31T23:14:38.740878+00:00,Regular member confirmation
Last.fm,PERF_20260901_021204,1337,confirmation,Member confirmation,211,55,28,,,12,13,False,1.4165160999982618,0x34a0e16B7d0fBd373c38601BD4d9bEe7cCEb4427,0x81CC2969f72341fCC3DF58e920BA33CE8DE90f29,0x80177b9f7eaf4ead482491d4ecebf88fd7eb101c82833af5afc9eea24328c32f,1,339,1788218078,90844,30000000,300000,90844,10,1e-08,908440,9.0844e-13,0.03379670000867918,2026-08-31T23:14:38.822419+00:00,2026-08-31T23:14:38.855913+00:00,Regular member confirmation
Last.fm,PERF_20260901_021204,1337,confirmation,Member confirmation,211,55,28,,,13,14,False,1.5245312000042759,0x4b20e9d2B0EcAE0cd6f93753F849F7119aF6a4bE,0x81CC2969f72341fCC3DF58e920BA33CE8DE90f29,0x08580d45282e08e7107987d9d15178795f0b19bbb27ffa164023aa3f42cbb4c0,1,340,1788218078,90844,30000000,300000,90844,10,1e-08,908440,9.0844e-13,0.028985300014028326,2026-08-31T23:14:38.935547+00:00,2026-08-31T23:14:38.964622+00:00,Regular member confirmation
Last.fm,PERF_20260901_021204,1337,confirmation,Member confirmation,211,55,28,,,14,15,False,1.6333375000103842,0xdb50bC5DB9F9b06F56dF8052E8579f4D44f27648,0x81CC2969f72341fCC3DF58e920BA33CE8DE90f29,0x4904a2e070982401d8a8a5c0d8ab79150d241b72c4a766bab125b598af413d7e,1,341,1788218079,90844,30000000,300000,90844,10,1e-08,908440,9.0844e-13,0.02850919999764301,2026-08-31T23:14:39.043943+00:00,2026-08-31T23:14:39.073007+00:00,Regular member confirmation
Last.fm,PERF_20260901_021204,1337,confirmation,Member confirmation,211,55,28,,,15,16,False,1.7426570000243373,0x26bbf8Ba9A50F4Abf86cA182071aC2064480dBFd,0x81CC2969f72341fCC3DF58e920BA33CE8DE90f29,0x967e3d5a2f7a035cea9c3fea578f701905247117d51b1ae1589ae6217cd3062e,1,342,1788218079,90844,30000000,300000,90844,10,1e-08,908440,9.0844e-13,0.02918479999061674,2026-08-31T23:14:39.152837+00:00,2026-08-31T23:14:39.181910+00:00,Regular member confirmation
Last.fm,PERF_20260901_021204,1337,confirmation,Member confirmation,211,55,28,,,16,17,False,1.8553714000154287,0xa2115109F31C97b9C17E144b1364B5f90b63294d,0x81CC2969f72341fCC3DF58e920BA33CE8DE90f29,0x7c41ae96facef5490857e0f51ab7077bd5682472ea9d860bd6a3ddf4734e5e93,1,343,1788218079,90844,30000000,300000,90844,10,1e-08,908440,9.0844e-13,0.030230100004700944,2026-08-31T23:14:39.262448+00:00,2026-08-31T23:14:39.292243+00:00,Regular member confirmation
Last.fm,PERF_20260901_021204,1337,confirmation,Member confirmation,211,55,28,,,17,18,False,1.9691165999975055,0x7b17efc91Bf5393033D73C247c2816B71723A06D,0x81CC2969f72341fCC3DF58e920BA33CE8DE90f29,0x6423fa137dd6b3c0e1e8cfaad8d46885cb3d3b24e2919573a39b54cd0bbeb5ff,1,344,1788218079,90844,30000000,300000,90844,10,1e-08,908440,9.0844e-13,0.0295907000254374,2026-08-31T23:14:39.377075+00:00,2026-08-31T23:14:39.406562+00:00,Regular member confirmation
Last.fm,PERF_20260901_021204,1337,confirmation,Member confirmation,211,55,28,,,18,19,False,2.0791063000215217,0xC342d52A983d784648E9E104E6eC6365e6E13b18,0x81CC2969f72341fCC3DF58e920BA33CE8DE90f29,0xbca159f8ef5c62a555587b1ba9f3be14483cf11035c07ae8d9e3b0e20d3f1aa5,1,345,1788218079,90844,30000000,300000,90844,10,1e-08,908440,9.0844e-13,0.029794299975037575,2026-08-31T23:14:39.488580+00:00,2026-08-31T23:14:39.519092+00:00,Regular member confirmation
Last.fm,PERF_20260901_021204,1337,confirmation,Member confirmation,211,55,28,,,19,20,False,2.1878926000208594,0x22e3B768997B40B9e9215bCa8956E8Ea338b6e1f,0x81CC2969f72341fCC3DF58e920BA33CE8DE90f29,0x32b227d5d879bf7ef179b90cb4f289777470bdf6f6de0aa6d7ff3a995a7b1dfb,1,346,1788218079,90844,30000000,300000,90844,10,1e-08,908440,9.0844e-13,0.02940999998827465,2026-08-31T23:14:39.596605+00:00,2026-08-31T23:14:39.626938+00:00,Regular member confirmation
Last.fm,PERF_20260901_021204,1337,confirmation,Member confirmation,211,55,28,,,20,21,False,2.298570100014331,0x53739c0c020845bd8b88fC4Ec49B484CAAeF2F1a,0x81CC2969f72341fCC3DF58e920BA33CE8DE90f29,0xb253458bc4bee0cfb678ca838bd90e574f08cf48ac21d8a7de5ab74bc6b0e728,1,347,1788218079,90844,30000000,300000,90844,10,1e-08,908440,9.0844e-13,0.02975650000735186,2026-08-31T23:14:39.708478+00:00,2026-08-31T23:14:39.738404+00:00,Regular member confirmation
Last.fm,PERF_20260901_021204,1337,confirmation,Member confirmation,211,55,28,,,21,22,False,2.413764600001741,0xf4c2Fe4d3bF5CF90166D01b454116f5b39E071C0,0x81CC2969f72341fCC3DF58e920BA33CE8DE90f29,0x7a3c371bd6b07347c3fe22997ef187a94f56f763ec3122ca7e6beb0a5d3ca421,1,348,1788218079,90844,30000000,300000,90844,10,1e-08,908440,9.0844e-13,0.029217600007541478,2026-08-31T23:14:39.824017+00:00,2026-08-31T23:14:39.853212+00:00,Regular member confirmation
Last.fm,PERF_20260901_021204,1337,confirmation,Member confirmation,211,55,28,,,22,23,False,2.521185100020375,0xa2671e3f74799f4672815833c912c7BB77714bBD,0x81CC2969f72341fCC3DF58e920BA33CE8DE90f29,0xc10770e2cb3a5eaa73da0e9ce4843a5b796d7c5a8bfc80f4a39c353908eb7079,1,349,1788218079,90844,30000000,300000,90844,10,1e-08,908440,9.0844e-13,0.028514000005088747,2026-08-31T23:14:39.932859+00:00,2026-08-31T23:14:39.961348+00:00,Regular member confirmation
Last.fm,PERF_20260901_021204,1337,confirmation,Member confirmation,211,55,28,,,23,24,False,2.631090100010624,0x4Adc3153613926f01D2C0B7f30266A2B49182e00,0x81CC2969f72341fCC3DF58e920BA33CE8DE90f29,0xa651a4c2c53877bb636e0d6495b52ac4c9770b846018ad461c3d87c5f4a59e6f,1,350,1788218080,90844,30000000,300000,90844,10,1e-08,908440,9.0844e-13,0.02975210000295192,2026-08-31T23:14:40.039340+00:00,2026-08-31T23:14:40.068807+00:00,Regular member confirmation
Last.fm,PERF_20260901_021204,1337,confirmation,Member confirmation,211,55,28,,,24,25,False,2.740184100024635,0x2B9E9ee62Fb8C87F1acccbaF3ac7121AE459A59A,0x81CC2969f72341fCC3DF58e920BA33CE8DE90f29,0x8c2663c6d4bca4786131c3209d3db5e817b9128b9f6d2fb5dbf7fd15b9d6814a,1,351,1788218080,90844,30000000,300000,90844,10,1e-08,908440,9.0844e-13,0.02880699999514036,2026-08-31T23:14:40.150981+00:00,2026-08-31T23:14:40.179365+00:00,Regular member confirmation
Last.fm,PERF_20260901_021204,1337,confirmation,Member confirmation,211,55,28,,,25,26,False,2.8518936000182293,0x6110C84b48f7D6eF4688E69d0771380bE2BDaDd2,0x81CC2969f72341fCC3DF58e920BA33CE8DE90f29,0xf14d2b12792a4daea96601af8317e4d398fc0f90952c963cb40711a8d88d2aff,1,352,1788218080,90844,30000000,300000,90844,10,1e-08,908440,9.0844e-13,0.030105599988019094,2026-08-31T23:14:40.259877+00:00,2026-08-31T23:14:40.289405+00:00,Regular member confirmation
Last.fm,PERF_20260901_021204,1337,confirmation,Member confirmation,211,55,28,,,26,27,False,2.9639418000006117,0xd9F0557c99a19695d7FEd29454D0eaBc29DA04B1,0x81CC2969f72341fCC3DF58e920BA33CE8DE90f29,0xc5fbf7ddd49ca85724bdb51596d365f5e0f2f2a531e841dddf109bfca270c6a4,1,353,1788218080,90844,30000000,300000,90844,10,1e-08,908440,9.0844e-13,0.02935820000129752,2026-08-31T23:14:40.373409+00:00,2026-08-31T23:14:40.403133+00:00,Regular member confirmation
Last.fm,PERF_20260901_021204,1337,confirmation,Member confirmation,211,55,28,,,27,28,True,3.0823510000191163,0x684B4Ac1e536eD9b57D012cED1d1D32942613661,0x81CC2969f72341fCC3DF58e920BA33CE8DE90f29,0x266c515558e10d36081c40e38686d1d38a81c5dc4d11f7529413b8194445e814,1,354,1788218080,120841,30000000,300000,120841,10,1e-08,1208410,1.20841e-12,0.03617189999204129,2026-08-31T23:14:40.484604+00:00,2026-08-31T23:14:40.519802+00:00,Finalization-triggering confirmation
Last.fm,PERF_20260901_021204,1337,confirmation,Member confirmation,506,29,15,,,1,2,False,0.14955979998921975,0xFD0480481A76BB0f82637f94A0bCac447bACF2a4,0x81CC2969f72341fCC3DF58e920BA33CE8DE90f29,0x065e6caba4873e869b5e35a698821ccbca55fc824631b93aea2ff541a771f87c,1,355,1788218080,90856,30000000,300000,90856,10,1e-08,908560,9.0856e-13,0.03249939999659546,2026-08-31T23:14:40.776443+00:00,2026-08-31T23:14:40.808746+00:00,Regular member confirmation
Last.fm,PERF_20260901_021204,1337,confirmation,Member confirmation,506,29,15,,,2,3,False,0.25831549998838454,0xd34f894BB912539F5CA2955a44a97Ae22A07D8C9,0x81CC2969f72341fCC3DF58e920BA33CE8DE90f29,0x8ef279b49240836de4f56c04c75fd3766f700e0b22a38e6b5df50da5b8a38c4e,1,356,1788218080,90856,30000000,300000,90856,10,1e-08,908560,9.0856e-13,0.028930100001161918,2026-08-31T23:14:40.889882+00:00,2026-08-31T23:14:40.918463+00:00,Regular member confirmation
Last.fm,PERF_20260901_021204,1337,confirmation,Member confirmation,506,29,15,,,3,4,False,0.36684750000131316,0x6EcFefBc62b5bDAD556E569e3381cA1dF8a1B6f3,0x81CC2969f72341fCC3DF58e920BA33CE8DE90f29,0x33fe65f7bb2386b7687fc1a87215baf489f54669e8f8152b561639bcc856185b,1,357,1788218081,90856,30000000,300000,90856,10,1e-08,908560,9.0856e-13,0.029311299993423745,2026-08-31T23:14:40.997305+00:00,2026-08-31T23:14:41.026403+00:00,Regular member confirmation
Last.fm,PERF_20260901_021204,1337,confirmation,Member confirmation,506,29,15,,,4,5,False,0.4821601999865379,0x8909Bc602B4A6f1C9D402B9B9069D5F63bB58322,0x81CC2969f72341fCC3DF58e920BA33CE8DE90f29,0x36cfc76f620d673d11844c8883cad8e9820a606e1616a6b1f77c5c80a0d0d978,1,358,1788218081,90856,30000000,300000,90856,10,1e-08,908560,9.0856e-13,0.02958889998262748,2026-08-31T23:14:41.108870+00:00,2026-08-31T23:14:41.138403+00:00,Regular member confirmation
Last.fm,PERF_20260901_021204,1337,confirmation,Member confirmation,506,29,15,,,5,6,False,0.5994113000051584,0x27bdD05c263a703d55b0DF48a5227099a1fA61d3,0x81CC2969f72341fCC3DF58e920BA33CE8DE90f29,0x3f4b0d45431e5f79df2bbff14740e4f1cce54100ead4cdf741ed7fdda07b9c64,1,359,1788218081,90856,30000000,300000,90856,10,1e-08,908560,9.0856e-13,0.02929270002641715,2026-08-31T23:14:41.224325+00:00,2026-08-31T23:14:41.254760+00:00,Regular member confirmation
Last.fm,PERF_20260901_021204,1337,confirmation,Member confirmation,506,29,15,,,6,7,False,0.7088507000007667,0x52BF47d7fb47dC2E6CF5aE186C4209ff330CdDe5,0x81CC2969f72341fCC3DF58e920BA33CE8DE90f29,0x85db055e2b16e8357dcc780bbf5611f23f8a7f2a9cae8c631d2a8adb3333920c,1,360,1788218081,90856,30000000,300000,90856,10,1e-08,908560,9.0856e-13,0.030459400004474446,2026-08-31T23:14:41.339712+00:00,2026-08-31T23:14:41.370509+00:00,Regular member confirmation
Last.fm,PERF_20260901_021204,1337,confirmation,Member confirmation,506,29,15,,,7,8,False,0.8199369999929331,0x8EE1531AB25a1DBF5f77Ff1Bb154611dd5b9Be45,0x81CC2969f72341fCC3DF58e920BA33CE8DE90f29,0xb6103abc3e273a24ee122b5869cbb057b7b71abf7ec5a7b4760d860161074591,1,361,1788218081,90856,30000000,300000,90856,10,1e-08,908560,9.0856e-13,0.02953600001637824,2026-08-31T23:14:41.449361+00:00,2026-08-31T23:14:41.478552+00:00,Regular member confirmation
Last.fm,PERF_20260901_021204,1337,confirmation,Member confirmation,506,29,15,,,8,9,False,0.933937199995853,0x2f42100D81089A762e468Ac996eb2e7ca088A528,0x81CC2969f72341fCC3DF58e920BA33CE8DE90f29,0x562cd8a94109f3f64e50edc951c62f8b414fdbaec58bac5ef12de101a71967dd,1,362,1788218081,90856,30000000,300000,90856,10,1e-08,908560,9.0856e-13,0.031167499982984737,2026-08-31T23:14:41.563504+00:00,2026-08-31T23:14:41.593877+00:00,Regular member confirmation
Last.fm,PERF_20260901_021204,1337,confirmation,Member confirmation,506,29,15,,,9,10,False,1.0462652999849524,0x422883dd6246cfba020694e1eF16170A0B11bCAF,0x81CC2969f72341fCC3DF58e920BA33CE8DE90f29,0x00abbefb58f3bb9053f07f9edab576fbb5a9761388352189ace9af4ff95442df,1,363,1788218081,90856,30000000,300000,90856,10,1e-08,908560,9.0856e-13,0.03016709999064915,2026-08-31T23:14:41.674330+00:00,2026-08-31T23:14:41.703328+00:00,Regular member confirmation
Last.fm,PERF_20260901_021204,1337,confirmation,Member confirmation,506,29,15,,,10,11,False,1.1569463000050746,0x70d531d6C1105cDFf6dca621E9506447F1e9eD01,0x81CC2969f72341fCC3DF58e920BA33CE8DE90f29,0xf8fc978da313edfa78e4609e9e21ca1c256aa38ad81c127d2f743deb0db5a5ae,1,364,1788218081,90856,30000000,300000,90856,10,1e-08,908560,9.0856e-13,0.030969100014772266,2026-08-31T23:14:41.785979+00:00,2026-08-31T23:14:41.817407+00:00,Regular member confirmation
Last.fm,PERF_20260901_021204,1337,confirmation,Member confirmation,506,29,15,,,11,12,False,1.2693001999869011,0xf349D1AeE73c8F46d63B390D188A36475bA35492,0x81CC2969f72341fCC3DF58e920BA33CE8DE90f29,0xa7bd3374913ad242e391bd4f022cf912c9ab677f077c8a66dca35f0bc6d9e091,1,365,1788218081,90856,30000000,300000,90856,10,1e-08,908560,9.0856e-13,0.02988389998790808,2026-08-31T23:14:41.897479+00:00,2026-08-31T23:14:41.927638+00:00,Regular member confirmation
Last.fm,PERF_20260901_021204,1337,confirmation,Member confirmation,506,29,15,,,12,13,False,1.3820667999971192,0xCA3e04c3AE38272A6dAde679bBa554805ac2e001,0x81CC2969f72341fCC3DF58e920BA33CE8DE90f29,0x1a2018c55fcb197f09bc225afe2ec5960de821bacded7f93d3342f2de94af27a,1,366,1788218082,90856,30000000,300000,90856,10,1e-08,908560,9.0856e-13,0.028307899978244677,2026-08-31T23:14:42.013354+00:00,2026-08-31T23:14:42.041797+00:00,Regular member confirmation
Last.fm,PERF_20260901_021204,1337,confirmation,Member confirmation,506,29,15,,,13,14,False,1.4961809999949764,0x5051Be35e07F9fd40c389e993D02F3836D40BF5f,0x81CC2969f72341fCC3DF58e920BA33CE8DE90f29,0x162c43fc2679a37011521b54bd55440d6a8ce73c806309df4ab290c9b2683c6b,1,367,1788218082,90856,30000000,300000,90856,10,1e-08,908560,9.0856e-13,0.028931700013345107,2026-08-31T23:14:42.126527+00:00,2026-08-31T23:14:42.155946+00:00,Regular member confirmation
Last.fm,PERF_20260901_021204,1337,confirmation,Member confirmation,506,29,15,,,14,15,True,1.6245665999886114,0x516DEAE3d8B55f0042c6c8e36fc6757526A838D4,0x81CC2969f72341fCC3DF58e920BA33CE8DE90f29,0x067399d51084fc871aa4b4d24d45274145308d4fafd99208944c6d21aa737c2d,1,368,1788218082,120853,30000000,300000,120853,10,1e-08,1208530,1.20853e-12,0.035887999983970076,2026-08-31T23:14:42.249430+00:00,2026-08-31T23:14:42.285278+00:00,Finalization-triggering confirmation
