dataset,run_id,chain_id,stage,transaction_type,community_id,community_size,required_confirmations,batch_number,batch_size,confirmation_count_before,confirmation_count_after,is_finalizing,stage_elapsed_sec,sender_address,contract_address,tx_hash,receipt_status,block_number,block_timestamp,block_gas_used,block_gas_limit,tx_gas_limit,gas_used,effective_gas_price_wei,effective_gas_price_gwei,cost_wei,cost_eth,latency_sec,submitted_at_utc,receipt_at_utc,note
Douban Movie,PERF_20260901_003219,1337,deployment,Contract deployment,,,,,,,,,,0x297A2E1d3a11579E25C1A4c9AD1d83DB3cfe992D,0x27fFA41Dd35f806E2e8b320c1f074B7E33d8B902,0x5a71a1268c281c6f0623b3431f8a5a7d6775d51186e7525a0e7dd2ab7926a416,1,1,1788211960,1271695,80000000,7000000,1271695,1107421875,1.107421875,1408302861328125,0.001408302861328125,0.07375300000421703,2026-08-31T21:32:40.487454+00:00,2026-08-31T21:32:40.561725+00:00,One-time deployment cost
Douban Movie,PERF_20260901_003219,1337,member_loading,Community-member loading,8,104,53,1,50,,,,0.3217634000175167,0x297A2E1d3a11579E25C1A4c9AD1d83DB3cfe992D,0x27fFA41Dd35f806E2e8b320c1f074B7E33d8B902,0x299c07aa9602131da9e3b53f0100582232be72257dad6ec65397d15175dcfaa8,1,2,1788211986,1235844,80000000,8000000,1235844,973395087,0.973395087,1202964477898428,0.001202964477898428,0.31321249998291023,2026-08-31T21:33:06.644592+00:00,2026-08-31T21:33:06.957944+00:00,Setup cost; kept separate from authorization/finalization cost
Douban Movie,PERF_20260901_003219,1337,member_loading,Community-member loading,8,104,53,2,50,,,,0.6054926000069827,0x297A2E1d3a11579E25C1A4c9AD1d83DB3cfe992D,0x27fFA41Dd35f806E2e8b320c1f074B7E33d8B902,0xb859e0ef25bf6494fe7862189d8a0c857d3f37ddd57d68f8932bf6b3116d7a5f,1,3,1788211986,1218732,80000000,8000000,1218732,855479966,0.855479966,1042600809923112,0.001042600809923112,0.27438429999165237,2026-08-31T21:33:06.969004+00:00,2026-08-31T21:33:07.243973+00:00,Setup cost; kept separate from authorization/finalization cost
Douban Movie,PERF_20260901_003219,1337,member_loading,Community-member loading,8,104,53,3,4,,,,0.6546571000071708,0x297A2E1d3a11579E25C1A4c9AD1d83DB3cfe992D,0x27fFA41Dd35f806E2e8b320c1f074B7E33d8B902,0xa53db63a281c4bac547a78a086475de1f2f6cfa97f9823e1087956e93b6e67fd,1,4,1788211987,125924,80000000,8000000,125924,751803099,0.751803099,94670053438476,9.4670053438476e-05,0.0398875999962911,2026-08-31T21:33:07.253081+00:00,2026-08-31T21:33:07.292794+00:00,Setup cost; kept separate from authorization/finalization cost
Douban Movie,PERF_20260901_003219,1337,member_loading,Community-member loading,14,137,69,1,50,,,,0.27826189997722395,0x297A2E1d3a11579E25C1A4c9AD1d83DB3cfe992D,0x27fFA41Dd35f806E2e8b320c1f074B7E33d8B902,0xd8d45c76ddddfe53e75ab30d262f8778011651d149d5814409123d7f097a1291,1,5,1788211987,1235844,80000000,8000000,1235844,658123556,0.658123556,813338047941264,0.000813338047941264,0.2704154999810271,2026-08-31T21:33:07.343697+00:00,2026-08-31T21:33:07.614034+00:00,Setup cost; kept separate from authorization/finalization cost
Douban Movie,PERF_20260901_003219,1337,member_loading,Community-member loading,14,137,69,2,50,,,,0.5894860999833327,0x297A2E1d3a11579E25C1A4c9AD1d83DB3cfe992D,0x27fFA41Dd35f806E2e8b320c1f074B7E33d8B902,0xb384b4152d22f0bd5f9971dc2dbcad9873b82dd24d509c0b89fbb4a2e65c9292,1,6,1788211987,1218756,80000000,8000000,1218756,578399793,0.578399793,704928218117508,0.000704928218117508,0.29811760000302456,2026-08-31T21:33:07.624539+00:00,2026-08-31T21:33:07.922872+00:00,Setup cost; kept separate from authorization/finalization cost
Douban Movie,PERF_20260901_003219,1337,member_loading,Community-member loading,14,137,69,3,37,,,,0.8225286999950185,0x297A2E1d3a11579E25C1A4c9AD1d83DB3cfe992D,0x27fFA41Dd35f806E2e8b320c1f074B7E33d8B902,0xaef881ec9f325c61dc17436d97513b8be57705d9d7974485278ae87a5c6837a1,1,7,1788211987,909878,80000000,8000000,909878,508302720,0.50830272,462493462268160,0.00046249346226816,0.22179950002464466,2026-08-31T21:33:07.936620+00:00,2026-08-31T21:33:08.157919+00:00,Setup cost; kept separate from authorization/finalization cost
Douban Movie,PERF_20260901_003219,1337,member_loading,Community-member loading,84,117,59,1,50,,,,0.24510759999975562,0x297A2E1d3a11579E25C1A4c9AD1d83DB3cfe992D,0x27fFA41Dd35f806E2e8b320c1f074B7E33d8B902,0x8517aea3bf19c895cc46208c427243bbe2590ea8f60c3a5272e38789f7a429fe,1,8,1788211988,1235856,80000000,8000000,1235856,446210173,0.446210173,551451519563088,0.000551451519563088,0.23867010002140887,2026-08-31T21:33:08.216960+00:00,2026-08-31T21:33:08.455406+00:00,Setup cost; kept separate from authorization/finalization cost
Douban Movie,PERF_20260901_003219,1337,member_loading,Community-member loading,84,117,59,2,50,,,,0.49380319999181665,0x297A2E1d3a11579E25C1A4c9AD1d83DB3cfe992D,0x27fFA41Dd35f806E2e8b320c1f074B7E33d8B902,0x5420f3ddbe185cb817e2bd5422b3ff386160c7650679ae5678dbd95cddf5a83b,1,9,1788211988,1218756,80000000,8000000,1218756,392157189,0.392157189,477943927036884,0.000477943927036884,0.23836620000656694,2026-08-31T21:33:08.465118+00:00,2026-08-31T21:33:08.703860+00:00,Setup cost; kept separate from authorization/finalization cost
Douban Movie,PERF_20260901_003219,1337,member_loading,Community-member loading,84,117,59,3,17,,,,0.5937832999916282,0x297A2E1d3a11579E25C1A4c9AD1d83DB3cfe992D,0x27fFA41Dd35f806E2e8b320c1f074B7E33d8B902,0x8d1a00692f6f577b7d81801b34d274edeaa532bb15dd02a1d98a7151afed5187,1,10,1788211988,434730,80000000,8000000,434730,344631116,0.344631116,149821485058680,0.00014982148505868,0.09099299999070354,2026-08-31T21:33:08.713332+00:00,2026-08-31T21:33:08.805082+00:00,Setup cost; kept separate from authorization/finalization cost
Douban Movie,PERF_20260901_003219,1337,member_loading,Community-member loading,96,137,69,1,50,,,,0.27634670000406913,0x297A2E1d3a11579E25C1A4c9AD1d83DB3cfe992D,0x27fFA41Dd35f806E2e8b320c1f074B7E33d8B902,0xbddbaa66df0756679a34932353f618f89e9a628a3604711db6e8524affa02c7c,1,11,1788211988,1235856,80000000,8000000,1235856,302020419,0.302020419,373253746943664,0.000373253746943664,0.27017390000401065,2026-08-31T21:33:08.861287+00:00,2026-08-31T21:33:09.132329+00:00,Setup cost; kept separate from authorization/finalization cost
Douban Movie,PERF_20260901_003219,1337,member_loading,Community-member loading,96,137,69,2,50,,,,0.5549787000054494,0x297A2E1d3a11579E25C1A4c9AD1d83DB3cfe992D,0x27fFA41Dd35f806E2e8b320c1f074B7E33d8B902,0xaf77bbc4b4b42a64ab50a3823a948037e814e74da3e36c4af74d61e57e31dcff,1,12,1788211989,1218756,80000000,8000000,1218756,265434284,0.265434284,323499626230704,0.000323499626230704,0.2683727999974508,2026-08-31T21:33:09.140622+00:00,2026-08-31T21:33:09.409412+00:00,Setup cost; kept separate from authorization/finalization cost
Douban Movie,PERF_20260901_003219,1337,member_loading,Community-member loading,96,137,69,3,37,,,,0.7447081000136677,0x297A2E1d3a11579E25C1A4c9AD1d83DB3cfe992D,0x27fFA41Dd35f806E2e8b320c1f074B7E33d8B902,0xf41abe0053c5272be6fd108092b031020f8e419b1b06facb763573b1439db843,1,13,1788211989,909902,80000000,8000000,909902,233265936,0.233265936,212249141698272,0.000212249141698272,0.18168360000709072,2026-08-31T21:33:09.419732+00:00,2026-08-31T21:33:09.600766+00:00,Setup cost; kept separate from authorization/finalization cost
Douban Movie,PERF_20260901_003219,1337,member_loading,Community-member loading,101,80,41,1,50,,,,0.23157860001083463,0x297A2E1d3a11579E25C1A4c9AD1d83DB3cfe992D,0x27fFA41Dd35f806E2e8b320c1f074B7E33d8B902,0x371999caf228dee9af11a2fe14d9da99dc42c8fa26a39195684bfe803fdf9054,1,14,1788211989,1235832,80000000,8000000,1235832,204770972,0.204770972,253062519868704,0.000253062519868704,0.22434280000743456,2026-08-31T21:33:09.651889+00:00,2026-08-31T21:33:09.876636+00:00,Setup cost; kept separate from authorization/finalization cost
Douban Movie,PERF_20260901_003219,1337,member_loading,Community-member loading,101,80,41,2,30,,,,0.39514340000459924,0x297A2E1d3a11579E25C1A4c9AD1d83DB3cfe992D,0x27fFA41Dd35f806E2e8b320c1f074B7E33d8B902,0x56f5fbdb5b56b4b8eb0027e6614e373efd4903a2a82482ead2f2fe5e7e7dc90d,1,15,1788211989,743632,80000000,8000000,743632,179965422,0.179965422,133828046692704,0.000133828046692704,0.15406529998290353,2026-08-31T21:33:09.885228+00:00,2026-08-31T21:33:10.040074+00:00,Setup cost; kept separate from authorization/finalization cost
Douban Movie,PERF_20260901_003219,1337,member_loading,Community-member loading,287,118,60,1,50,,,,0.27673340000910684,0x297A2E1d3a11579E25C1A4c9AD1d83DB3cfe992D,0x27fFA41Dd35f806E2e8b320c1f074B7E33d8B902,0xebb33344f517279c4a7f166de48032b6eca79d4041ad734aada1ce56e4504f36,1,16,1788211990,1235892,80000000,8000000,1235892,157887957,0.157887957,195132462952644,0.000195132462952644,0.26680640000267886,2026-08-31T21:33:10.095789+00:00,2026-08-31T21:33:10.362822+00:00,Setup cost; kept separate from authorization/finalization cost
Douban Movie,PERF_20260901_003219,1337,member_loading,Community-member loading,287,118,60,2,50,,,,0.5135470000095665,0x297A2E1d3a11579E25C1A4c9AD1d83DB3cfe992D,0x27fFA41Dd35f806E2e8b320c1f074B7E33d8B902,0xd3fcba78be5c7e7b67de32fd486384dcb2b0290c8d189f3dd9c53aec70e5915f,1,17,1788211990,1218756,80000000,8000000,1218756,138761752,0.138761752,169116717820512,0.000169116717820512,0.22818060001009144,2026-08-31T21:33:10.375163+00:00,2026-08-31T21:33:10.603710+00:00,Setup cost; kept separate from authorization/finalization cost
Douban Movie,PERF_20260901_003219,1337,member_loading,Community-member loading,287,118,60,3,18,,,,0.6329440000117756,0x297A2E1d3a11579E25C1A4c9AD1d83DB3cfe992D,0x27fFA41Dd35f806E2e8b320c1f074B7E33d8B902,0xdc247c0e6916b69f3259ddfea54fa704edfd94fe331e3727324c429e2a4af1ee,1,18,1788211990,458548,80000000,8000000,458548,121945024,0.121945024,55917646865152,5.5917646865152e-05,0.10853259998839349,2026-08-31T21:33:10.611087+00:00,2026-08-31T21:33:10.720193+00:00,Setup cost; kept separate from authorization/finalization cost
Douban Movie,PERF_20260901_003219,1337,announcement,Authorized-node announcement,8,104,53,,,0,1,False,0.04404489998705685,0x7F6740D24949E7E77EaB673Cf4A651F09bc7BfdD,0x27fFA41Dd35f806E2e8b320c1f074B7E33d8B902,0x9790630019e8cb35e35768ba8fa6e28c697ace4928f998ea6aafd9043e322cf1,1,19,1788212000,234331,80000000,700000,234331,106876639,0.106876639,25044509693509,2.5044509693509e-05,0.04404489998705685,2026-08-31T21:33:20.566278+00:00,2026-08-31T21:33:20.609938+00:00,Announcement is counted as the first confirmation by the implemented mechanism
Douban Movie,PERF_20260901_003219,1337,announcement,Authorized-node announcement,14,137,69,,,0,1,False,0.03612609999254346,0xc3348b298A12cb52079E8923a2f50653BD89Cb24,0x27fFA41Dd35f806E2e8b320c1f074B7E33d8B902,0x24ff69e720c1e89c9737f51d486a07d041a49374db0ecbbe005a230d89ce7cb7,1,20,1788212000,234331,80000000,700000,234331,93595323,0.093595323,21932285633913,2.1932285633913e-05,0.03612609999254346,2026-08-31T21:33:20.775341+00:00,2026-08-31T21:33:20.811239+00:00,Announcement is counted as the first confirmation by the implemented mechanism
Douban Movie,PERF_20260901_003219,1337,announcement,Authorized-node announcement,84,117,59,,,0,1,False,0.035625799995614216,0x894584667C1f9b46e3E0f86C505e1Bb49451C8Bf,0x27fFA41Dd35f806E2e8b320c1f074B7E33d8B902,0x3125f20f2004276a2b797f023310a44ab8aa7306d09a94f94676e579987083e5,1,21,1788212000,234319,80000000,700000,234319,81964447,0.081964447,19205827256593,1.9205827256593e-05,0.035625799995614216,2026-08-31T21:33:20.917717+00:00,2026-08-31T21:33:20.953267+00:00,Announcement is counted as the first confirmation by the implemented mechanism
Douban Movie,PERF_20260901_003219,1337,announcement,Authorized-node announcement,96,137,69,,,0,1,False,0.03675320002366789,0xB1901c5748a41232041a0A309518F031843bbe8b,0x27fFA41Dd35f806E2e8b320c1f074B7E33d8B902,0xad20f8061273a8556c28aade3d9cc5fbfd4612ae799ace2889abfd0c4eefb2e9,1,22,1788212001,234319,80000000,700000,234319,71778910,0.07177891,16819162412290,1.681916241229e-05,0.03675320002366789,2026-08-31T21:33:21.058044+00:00,2026-08-31T21:33:21.093952+00:00,Announcement is counted as the first confirmation by the implemented mechanism
Douban Movie,PERF_20260901_003219,1337,announcement,Authorized-node announcement,101,80,41,,,0,1,False,0.0416253000148572,0xCa3C597dC66cbe1D5bBb4E747A49156FB78A82AB,0x27fFA41Dd35f806E2e8b320c1f074B7E33d8B902,0x103a59d382d0eed8ae457fa43929d861f7657fef956110d8bda99e69593c648a,1,23,1788212001,234319,80000000,700000,234319,62859106,0.062859106,14729082858814,1.4729082858814e-05,0.0416253000148572,2026-08-31T21:33:21.200288+00:00,2026-08-31T21:33:21.242862+00:00,Announcement is counted as the first confirmation by the implemented mechanism
Douban Movie,PERF_20260901_003219,1337,announcement,Authorized-node announcement,287,118,60,,,0,1,False,0.0423263999982737,0x7238AEDdBeB5A9a252ea8858A20EceDDD804541C,0x27fFA41Dd35f806E2e8b320c1f074B7E33d8B902,0x67305da3202c966ae8a964cc4e2a162bb0ca2b5ffe960f8d799f65004aaf8400,1,24,1788212001,234343,80000000,700000,234343,55047747,0.055047747,12900054175221,1.2900054175221e-05,0.0423263999982737,2026-08-31T21:33:21.355244+00:00,2026-08-31T21:33:21.397469+00:00,Announcement is counted as the first confirmation by the implemented mechanism
Douban Movie,PERF_20260901_003219,1337,confirmation,Member confirmation,8,104,53,,,1,2,False,0.17326979999779724,0xE3f00b4b74198D3052754BEE19396A33a583baf0,0x27fFA41Dd35f806E2e8b320c1f074B7E33d8B902,0xea9ffdad81bce4c07f8400fdd8cf4001ba526b89135d0ca0e2d51faca979322f,1,25,1788212054,90844,80000000,300000,90844,48207092,0.048207092,4379325065648,4.379325065648e-06,0.033889300015289336,2026-08-31T21:34:14.312781+00:00,2026-08-31T21:34:14.346479+00:00,Regular member confirmation
Douban Movie,PERF_20260901_003219,1337,confirmation,Member confirmation,8,104,53,,,2,3,False,0.30037650000303984,0x0f8a41ECa4Af93D33E66E86b198Afc23763724F0,0x27fFA41Dd35f806E2e8b320c1f074B7E33d8B902,0x8379333b47de527a0700d54d0f881b92087208c785e03a4a919c28273dc8496a,1,26,1788212054,90844,80000000,300000,90844,42194891,0.042194891,3833152678004,3.833152678004e-06,0.035517799988156185,2026-08-31T21:34:14.441326+00:00,2026-08-31T21:34:14.477283+00:00,Regular member confirmation
Douban Movie,PERF_20260901_003219,1337,confirmation,Member confirmation,8,104,53,,,3,4,False,0.42240869998931885,0x675207b0D0E615a3093Ff4A818e32F575D163361,0x27fFA41Dd35f806E2e8b320c1f074B7E33d8B902,0xb39df4e00e3c4c0d004a66725fe8636fed14d6952cfa7529ea0ed9d8606198f8,1,27,1788212054,90844,80000000,300000,90844,36932509,0.036932509,3355096847596,3.355096847596e-06,0.03279649998876266,2026-08-31T21:34:14.566593+00:00,2026-08-31T21:34:14.599829+00:00,Regular member confirmation
Douban Movie,PERF_20260901_003219,1337,confirmation,Member confirmation,8,104,53,,,4,5,False,0.5748061999911442,0x1683a7b79E30662867808E457Aac074c80B7C53C,0x27fFA41Dd35f806E2e8b320c1f074B7E33d8B902,0x95d80572189fb6627ca19375a810c703792a47e238d9e66620ca933a2ff382ac,1,28,1788212054,90844,80000000,300000,90844,32326429,0.032326429,2936662116076,2.936662116076e-06,0.039255799987586215,2026-08-31T21:34:14.695355+00:00,2026-08-31T21:34:14.733770+00:00,Regular member confirmation
Douban Movie,PERF_20260901_003219,1337,confirmation,Member confirmation,8,104,53,,,5,6,False,0.7326148000138346,0xb1328cC65Cc6eb5cf0B754fE609C9d16779B4283,0x27fFA41Dd35f806E2e8b320c1f074B7E33d8B902,0x19b783bffb8accfe20f875406a3cc60a05c1da408204bff141e0b1167161fa40,1,29,1788212054,90844,80000000,300000,90844,28294804,0.028294804,2570413174576,2.570413174576e-06,0.03908770001726225,2026-08-31T21:34:14.866125+00:00,2026-08-31T21:34:14.904587+00:00,Regular member confirmation
Douban Movie,PERF_20260901_003219,1337,confirmation,Member confirmation,8,104,53,,,6,7,False,0.8589365000079852,0xdB52B41244C5D2F2A65E43D622EBfa8EfbAD4d90,0x27fFA41Dd35f806E2e8b320c1f074B7E33d8B902,0x469b55658293a7863ac7e0dfbf5e52d2d4f6ffcb2b27a6e49fae48f7708be6cc,1,30,1788212055,90844,80000000,300000,90844,24765987,0.024765987,2249841323028,2.249841323028e-06,0.029935300000943244,2026-08-31T21:34:15.004608+00:00,2026-08-31T21:34:15.035874+00:00,Regular member confirmation
Douban Movie,PERF_20260901_003219,1337,confirmation,Member confirmation,8,104,53,,,7,8,False,0.994084500009194,0x99Af6eEA968bF4E60AA6bE0aB9b900228ce702f9,0x27fFA41Dd35f806E2e8b320c1f074B7E33d8B902,0x6a466dcae301f4fcb5e60731be28961cb0da65922a68f9bcbb6959420915b2a1,1,31,1788212055,90844,80000000,300000,90844,21677270,0.02167727,1969249915880,1.96924991588e-06,0.03559869999298826,2026-08-31T21:34:15.127966+00:00,2026-08-31T21:34:15.163146+00:00,Regular member confirmation
Douban Movie,PERF_20260901_003219,1337,confirmation,Member confirmation,8,104,53,,,8,9,False,1.124077499989653,0xb7Fd4b3e15f73bCCA5bd38D494100e4627B79eE6,0x27fFA41Dd35f806E2e8b320c1f074B7E33d8B902,0xe975d242e5e36d579728a755478a4f2752862f92ef8c32edd1cf66a7f29c5d22,1,32,1788212055,90844,80000000,300000,90844,18973766,0.018973766,1723652798504,1.723652798504e-06,0.032572399999480695,2026-08-31T21:34:15.265150+00:00,2026-08-31T21:34:15.298059+00:00,Regular member confirmation
Douban Movie,PERF_20260901_003219,1337,confirmation,Member confirmation,8,104,53,,,9,10,False,1.2477541000116616,0xab2215d116003AB77225307352B4e9B0FC5adE99,0x27fFA41Dd35f806E2e8b320c1f074B7E33d8B902,0x71607801b56d93fc51f289383fd7696288c964f8fd8fd7298d3724b4ced0c88a,1,33,1788212055,90844,80000000,300000,90844,16607432,0.016607432,1508685552608,1.508685552608e-06,0.034060100006172433,2026-08-31T21:34:15.387927+00:00,2026-08-31T21:34:15.422100+00:00,Regular member confirmation
Douban Movie,PERF_20260901_003219,1337,confirmation,Member confirmation,8,104,53,,,10,11,False,1.372623500006739,0x9a046f884291BaccCc02dbCEB7c2B0165163C2D1,0x27fFA41Dd35f806E2e8b320c1f074B7E33d8B902,0x8df4d41990b8888c42aa680be9f83c9e5c3547b630d9c3f6821ece315cbc365a,1,34,1788212055,90844,80000000,300000,90844,14536217,0.014536217,1320528097148,1.320528097148e-06,0.03255340000032447,2026-08-31T21:34:15.513999+00:00,2026-08-31T21:34:15.546951+00:00,Regular member confirmation
Douban Movie,PERF_20260901_003219,1337,confirmation,Member confirmation,8,104,53,,,11,12,False,1.5048587000055704,0x92a76c806EaB7f95C9FF1B2F5f8Fc2909B7C6385,0x27fFA41Dd35f806E2e8b320c1f074B7E33d8B902,0x6b3f74a16da94053ddba1bff3fd5d3e618866463b22e44f195d4e7dadc46b8d8,1,35,1788212055,90844,80000000,300000,90844,12723318,0.012723318,1155837100392,1.155837100392e-06,0.030452300008619204,2026-08-31T21:34:15.642329+00:00,2026-08-31T21:34:15.673106+00:00,Regular member confirmation
Douban Movie,PERF_20260901_003219,1337,confirmation,Member confirmation,8,104,53,,,12,13,False,1.631584799994016,0x24908CCe1FE20084BC8Faa76ee6dC1952Afa4941,0x27fFA41Dd35f806E2e8b320c1f074B7E33d8B902,0x081db75acc878ed5f6c04cf196fb582740c349161cfd9e9d6e63bef60c869a00,1,36,1788212055,90844,80000000,300000,90844,11136514,0.011136514,1011685477816,1.011685477816e-06,0.029595800006063655,2026-08-31T21:34:15.775785+00:00,2026-08-31T21:34:15.804742+00:00,Regular member confirmation
Douban Movie,PERF_20260901_003219,1337,confirmation,Member confirmation,8,104,53,,,13,14,False,1.7458915000024717,0x4BeeBE793Ed3E33525B120Af9bC35f3Cdb35c6B3,0x27fFA41Dd35f806E2e8b320c1f074B7E33d8B902,0x6b4d94151ca23beab915a5b34345de1b8754ca03dcaf477672e1bde074ae0be2,1,37,1788212055,90844,80000000,300000,90844,9747613,0.009747613,885512155372,8.85512155372e-07,0.029905700008384883,2026-08-31T21:34:15.892850+00:00,2026-08-31T21:34:15.922959+00:00,Regular member confirmation
Douban Movie,PERF_20260901_003219,1337,confirmation,Member confirmation,8,104,53,,,14,15,False,1.8626327000092715,0xE45d2D589ec4Da99CB2736750D794ea33E391B8B,0x27fFA41Dd35f806E2e8b320c1f074B7E33d8B902,0xa6182b8289f785b5eea0a76d19f0ca8c953355128a8ab99054338477c63dcefe,1,38,1788212056,90844,80000000,300000,90844,8531929,0.008531929,775074558076,7.75074558076e-07,0.032136699999682605,2026-08-31T21:34:16.008856+00:00,2026-08-31T21:34:16.041001+00:00,Regular member confirmation
Douban Movie,PERF_20260901_003219,1337,confirmation,Member confirmation,8,104,53,,,15,16,False,1.987648900016211,0x1C4d4d0bB28d8DE0928058C386F1F280d423a6A5,0x27fFA41Dd35f806E2e8b320c1f074B7E33d8B902,0x41b1c5f38f59ef15fce7fe58ec88f63fe90054708de159be32ceb86f518c5afc,1,39,1788212056,90844,80000000,300000,90844,7467861,0.007467861,678410364684,6.78410364684e-07,0.02866879999055527,2026-08-31T21:34:16.125290+00:00,2026-08-31T21:34:16.153718+00:00,Regular member confirmation
Douban Movie,PERF_20260901_003219,1337,confirmation,Member confirmation,8,104,53,,,16,17,False,2.1041060000134166,0x54d033F38384eaBc4d92A906fE6D50c27B6AD8ff,0x27fFA41Dd35f806E2e8b320c1f074B7E33d8B902,0x622d137e470f49222590818bb25206910139e2d5d08d0ce37febead2a03c5a6a,1,40,1788212056,90844,80000000,300000,90844,6536499,0.006536499,593801715156,5.93801715156e-07,0.0315563999756705,2026-08-31T21:34:16.249371+00:00,2026-08-31T21:34:16.280560+00:00,Regular member confirmation
Douban Movie,PERF_20260901_003219,1337,confirmation,Member confirmation,8,104,53,,,17,18,False,2.2186908000148833,0x7E808d461CB17859471095b44aEB0E10A98D8f93,0x27fFA41Dd35f806E2e8b320c1f074B7E33d8B902,0xc6646a1ce8c56b71f6438936c0048cff1f1f308f242e710b87de12e4705eac0e,1,41,1788212056,90844,80000000,300000,90844,5721293,0.005721293,519745141292,5.19745141292e-07,0.028571900009410456,2026-08-31T21:34:16.365694+00:00,2026-08-31T21:34:16.394676+00:00,Regular member confirmation
Douban Movie,PERF_20260901_003219,1337,confirmation,Member confirmation,8,104,53,,,18,19,False,2.3346659000089858,0x1bE472774b5F4Bf89C3a118135D8A6EF12E2132c,0x27fFA41Dd35f806E2e8b320c1f074B7E33d8B902,0xe397bbb32823e0279bd7d3c0baf1180fc9d358ed25d4fe1569bec6080ac7edeb,1,42,1788212056,90844,80000000,300000,90844,5007756,0.005007756,454924586064,4.54924586064e-07,0.0319761999999173,2026-08-31T21:34:16.481594+00:00,2026-08-31T21:34:16.512745+00:00,Regular member confirmation
Douban Movie,PERF_20260901_003219,1337,confirmation,Member confirmation,8,104,53,,,19,20,False,2.4525878000131343,0x1F12C34D2876E8961FbCeDE049B010553E9bD382,0x27fFA41Dd35f806E2e8b320c1f074B7E33d8B902,0x44ff201cfebb4045be5d090be51e49f2e9a81d1113d8e6d17ea7e8742df27561,1,43,1788212056,90844,80000000,300000,90844,4383209,0.004383209,398188238396,3.98188238396e-07,0.030017699988093227,2026-08-31T21:34:16.600401+00:00,2026-08-31T21:34:16.630824+00:00,Regular member confirmation
Douban Movie,PERF_20260901_003219,1337,confirmation,Member confirmation,8,104,53,,,20,21,False,2.5758531999890693,0xA05FfAB8a7F175DE5c50c63e2F5f4B0892c02024,0x27fFA41Dd35f806E2e8b320c1f074B7E33d8B902,0x3863fa46262c91177e2fcc95f1214e92fc61ae21ceb0b23a6d473c55714bf377,1,44,1788212056,90844,80000000,300000,90844,3836552,0.003836552,348527729888,3.48527729888e-07,0.031455299991648644,2026-08-31T21:34:16.717885+00:00,2026-08-31T21:34:16.749978+00:00,Regular member confirmation
Douban Movie,PERF_20260901_003219,1337,confirmation,Member confirmation,8,104,53,,,21,22,False,2.697691200010013,0x88958F9b145A4F52518fea688Bc9C0Eb6D968Ef7,0x27fFA41Dd35f806E2e8b320c1f074B7E33d8B902,0xc267c25cb554058f097fd43df43a6720724fae29c74c23c3f6378e759e3e1d32,1,45,1788212056,90844,80000000,300000,90844,3358073,0.003358073,305060783612,3.05060783612e-07,0.03289139998378232,2026-08-31T21:34:16.840713+00:00,2026-08-31T21:34:16.874005+00:00,Regular member confirmation
Douban Movie,PERF_20260901_003219,1337,confirmation,Member confirmation,8,104,53,,,22,23,False,2.8242826999921817,0x0323E8Bc4BaE88dF938ed0030B2183FaFdB3CDCF,0x27fFA41Dd35f806E2e8b320c1f074B7E33d8B902,0x99d02354b6fbc0eec951dc418e2e1ab14fc4fd36e40aa79a097ecb727c8baa86,1,46,1788212056,90844,80000000,300000,90844,2939268,0.002939268,267014862192,2.67014862192e-07,0.03308880000258796,2026-08-31T21:34:16.964057+00:00,2026-08-31T21:34:16.996600+00:00,Regular member confirmation
Douban Movie,PERF_20260901_003219,1337,confirmation,Member confirmation,8,104,53,,,23,24,False,4.944814899994526,0x92BA79e05eeb302346676af470099eE82F8d2bb9,0x27fFA41Dd35f806E2e8b320c1f074B7E33d8B902,0x909e78232a98b34a55375381172b0cc507ecbd57a4ebf42d755fe2dc19211890,1,47,1788212059,90844,80000000,300000,90844,2572695,0.002572695,233713904580,2.3371390458e-07,0.03577670000959188,2026-08-31T21:34:19.078701+00:00,2026-08-31T21:34:19.114224+00:00,Regular member confirmation
Douban Movie,PERF_20260901_003219,1337,confirmation,Member confirmation,8,104,53,,,24,25,False,5.08431649999693,0x5872936b6DFA3DbDe36c3A3a872A07BE0FBcB5d4,0x27fFA41Dd35f806E2e8b320c1f074B7E33d8B902,0xe7f5e96d61d98c3921eb32fdb0e4e9a3c75694ed9c759f0ca8b13928c93cfdbf,1,48,1788212059,90844,80000000,300000,90844,2251838,0.002251838,204565971272,2.04565971272e-07,0.03957049999735318,2026-08-31T21:34:19.218230+00:00,2026-08-31T21:34:19.258103+00:00,Regular member confirmation
Douban Movie,PERF_20260901_003219,1337,confirmation,Member confirmation,8,104,53,,,25,26,False,5.2113257000164595,0x7F49238843c77D2e8B98CC272C63335EEC852DB7,0x27fFA41Dd35f806E2e8b320c1f074B7E33d8B902,0xf37586ba37a6c64ead1275d75a9c02496dd2916f2aa2b2d517b34e4a4c58617f,1,49,1788212059,90844,80000000,300000,90844,1970998,0.001970998,179053342312,1.79053342312e-07,0.0333876000076998,2026-08-31T21:34:19.348514+00:00,2026-08-31T21:34:19.382337+00:00,Regular member confirmation
Douban Movie,PERF_20260901_003219,1337,confirmation,Member confirmation,8,104,53,,,26,27,False,5.347083100001328,0x8c0686115eC816bC340800EA1007F5A5B3c29Fe3,0x27fFA41Dd35f806E2e8b320c1f074B7E33d8B902,0x613e5d9e652abd12a1362b1ac3396ebf9fc384c17f456aa23254d3e0130b7f78,1,50,1788212059,90844,80000000,300000,90844,1725184,0.001725184,156722615296,1.56722615296e-07,0.032086600025650114,2026-08-31T21:34:19.483340+00:00,2026-08-31T21:34:19.515300+00:00,Regular member confirmation
Douban Movie,PERF_20260901_003219,1337,confirmation,Member confirmation,8,104,53,,,27,28,False,5.482097000000067,0x35597283f2F4c9F4c6747a0ED6F922bBc960EF92,0x27fFA41Dd35f806E2e8b320c1f074B7E33d8B902,0xe96969ebe20475be5821e6deb8c2cb061c0f076e6d674c004371bb210a1d0838,1,51,1788212059,90844,80000000,300000,90844,1510026,0.001510026,137176801944,1.37176801944e-07,0.031490699999267235,2026-08-31T21:34:19.624773+00:00,2026-08-31T21:34:19.655559+00:00,Regular member confirmation
Douban Movie,PERF_20260901_003219,1337,confirmation,Member confirmation,8,104,53,,,28,29,False,5.6635659000021406,0x5E673A96d7f5c6c5172927eC86EA1530C04719CC,0x27fFA41Dd35f806E2e8b320c1f074B7E33d8B902,0xe400ff40bb32391809f538101d5a7a2371aa1522d47fbdec0021915542008751,1,52,1788212059,90844,80000000,300000,90844,1321702,0.001321702,120068696488,1.20068696488e-07,0.050264100020285696,2026-08-31T21:34:19.763026+00:00,2026-08-31T21:34:19.813408+00:00,Regular member confirmation
Douban Movie,PERF_20260901_003219,1337,confirmation,Member confirmation,8,104,53,,,29,30,False,5.857818199991016,0xb884efbe615EC7f942cB186d6557BdCfBc8E1AA0,0x27fFA41Dd35f806E2e8b320c1f074B7E33d8B902,0xc75f9a5c26d3be9e5eb824895618816273cc322d808cdb898e6d5a41e55448a0,1,53,1788212059,90844,80000000,300000,90844,1156865,0.001156865,105094244060,1.0509424406e-07,0.04907680000178516,2026-08-31T21:34:19.975824+00:00,2026-08-31T21:34:20.025492+00:00,Regular member confirmation
Douban Movie,PERF_20260901_003219,1337,confirmation,Member confirmation,8,104,53,,,30,31,False,6.0210447999998,0x51b7312D01CBd797Bfc0A1140CaA3C432a1DF05e,0x27fFA41Dd35f806E2e8b320c1f074B7E33d8B902,0x91cddccc3651e4663e888add1dabafc81fa17e8d9f34e48a7608b903479e5435,1,54,1788212060,90844,80000000,300000,90844,1012586,0.001012586,91987362584,9.1987362584e-08,0.033229399996344,2026-08-31T21:34:20.162048+00:00,2026-08-31T21:34:20.194760+00:00,Regular member confirmation
Douban Movie,PERF_20260901_003219,1337,confirmation,Member confirmation,8,104,53,,,31,32,False,6.170428300014464,0xa3d8f04e86583B53e10345F1CA559D47B516a1ab,0x27fFA41Dd35f806E2e8b320c1f074B7E33d8B902,0xc9feebd1b5bb4e358d003f3db6708f95ae8ad2d87a76e69d159b79c20df3c04b,1,55,1788212060,90844,80000000,300000,90844,886302,0.000886302,80515218888,8.0515218888e-08,0.03865679999580607,2026-08-31T21:34:20.304552+00:00,2026-08-31T21:34:20.342407+00:00,Regular member confirmation
Douban Movie,PERF_20260901_003219,1337,confirmation,Member confirmation,8,104,53,,,32,33,False,6.304138600011356,0x469EB8F7d7CDF1fA67067d0f9D84248e6B345358,0x27fFA41Dd35f806E2e8b320c1f074B7E33d8B902,0x32849ce855fc0f2fa10138cf3dfeedfa6c2d7389cf864abaf6ab45541b467548,1,56,1788212060,90844,80000000,300000,90844,775765,0.000775765,70473595660,7.047359566e-08,0.034203399991383776,2026-08-31T21:34:20.443725+00:00,2026-08-31T21:34:20.477068+00:00,Regular member confirmation
Douban Movie,PERF_20260901_003219,1337,confirmation,Member confirmation,8,104,53,,,33,34,False,6.431982700014487,0x2cAD06bdb53B064FecF9Dec9cD59F8b1D5CCf405,0x27fFA41Dd35f806E2e8b320c1f074B7E33d8B902,0xe0c1234f1eed33a15c05f4679cc94d7fc23361a8f4f8d7dc674a01a1da5a2007,1,57,1788212060,90844,80000000,300000,90844,679016,0.000679016,61684529504,6.1684529504e-08,0.031179399986285716,2026-08-31T21:34:20.576845+00:00,2026-08-31T21:34:20.608280+00:00,Regular member confirmation
Douban Movie,PERF_20260901_003219,1337,confirmation,Member confirmation,8,104,53,,,34,35,False,6.562617099989438,0x2508341DCA432E316a77a8e423a08d7A54447f86,0x27fFA41Dd35f806E2e8b320c1f074B7E33d8B902,0xec6d319ab1dcda353604292970269b3f9690569c9899ab9c60328443dda63b1d,1,58,1788212060,90844,80000000,300000,90844,594331,0.000594331,53991405364,5.3991405364e-08,0.0341822000045795,2026-08-31T21:34:20.697789+00:00,2026-08-31T21:34:20.731707+00:00,Regular member confirmation
Douban Movie,PERF_20260901_003219,1337,confirmation,Member confirmation,8,104,53,,,35,36,False,6.711400600004708,0x36c8D50ac7e6db535672793855DAD6D02037b345,0x27fFA41Dd35f806E2e8b320c1f074B7E33d8B902,0x87fd2f1456dd833fcd79659dcfefdb1bbe9807c24bf6d95227757c88ee1e99b4,1,59,1788212060,90844,80000000,300000,90844,520209,0.000520209,47257866396,4.7257866396e-08,0.03592350002145395,2026-08-31T21:34:20.846518+00:00,2026-08-31T21:34:20.882424+00:00,Regular member confirmation
Douban Movie,PERF_20260901_003219,1337,confirmation,Member confirmation,8,104,53,,,36,37,False,6.854100600001402,0x666eE1c728f93c4038D913b40c38885B3d188d1f,0x27fFA41Dd35f806E2e8b320c1f074B7E33d8B902,0xe235ea2027d32794d118073f38a5f287683e8062e29eb4874c516a164631c2e5,1,60,1788212061,90844,80000000,300000,90844,455331,0.000455331,41364089364,4.1364089364e-08,0.040556599997216836,2026-08-31T21:34:20.986111+00:00,2026-08-31T21:34:21.026881+00:00,Regular member confirmation
Douban Movie,PERF_20260901_003219,1337,confirmation,Member confirmation,8,104,53,,,37,38,False,7.013756800006377,0x21db4F2239fc9fE1f616065c26f3fE3d906459a3,0x27fFA41Dd35f806E2e8b320c1f074B7E33d8B902,0x2274a07a1e70fcc9bd19cd2b9dda58216ff97bf55fcffc124215102d2a8a207b,1,61,1788212061,90844,80000000,300000,90844,398544,0.000398544,36205331136,3.6205331136e-08,0.03598339998279698,2026-08-31T21:34:21.144040+00:00,2026-08-31T21:34:21.179459+00:00,Regular member confirmation
Douban Movie,PERF_20260901_003219,1337,confirmation,Member confirmation,8,104,53,,,38,39,False,7.153847900015535,0x88d0D91397B7a5ef1E37bBad7f6D4F739edE1ec6,0x27fFA41Dd35f806E2e8b320c1f074B7E33d8B902,0xf4900fa3fd735959601f8b95096ba8eac0e6ddf9084ae3910a22941738adb9e6,1,62,1788212061,90844,80000000,300000,90844,348840,0.00034884,31690020960,3.169002096e-08,0.0378035000176169,2026-08-31T21:34:21.284706+00:00,2026-08-31T21:34:21.323079+00:00,Regular member confirmation
Douban Movie,PERF_20260901_003219,1337,confirmation,Member confirmation,8,104,53,,,39,40,False,7.298726700013503,0x7e3572440513C323eea4f77D6FA7E69F4079CABc,0x27fFA41Dd35f806E2e8b320c1f074B7E33d8B902,0xff3bb153f2b318be3a7268ce3761d67341b96a570652c3010b201a5c2e1c2275,1,63,1788212061,90844,80000000,300000,90844,305334,0.000305334,27737761896,2.7737761896e-08,0.04612850002013147,2026-08-31T21:34:21.424084+00:00,2026-08-31T21:34:21.470883+00:00,Regular member confirmation
Douban Movie,PERF_20260901_003219,1337,confirmation,Member confirmation,8,104,53,,,40,41,False,7.43722429999616,0xCb76e55aa43E740a88368465DA227b3F6CE51f02,0x27fFA41Dd35f806E2e8b320c1f074B7E33d8B902,0x065be294be78c5f2bd18ded48ccf25f18fad6ced9247d318ba65497a3c2ace17,1,64,1788212061,90844,80000000,300000,90844,267253,0.000267253,24278331532,2.4278331532e-08,0.0421652999939397,2026-08-31T21:34:21.565753+00:00,2026-08-31T21:34:21.608116+00:00,Regular member confirmation
Douban Movie,PERF_20260901_003219,1337,confirmation,Member confirmation,8,104,53,,,41,42,False,7.611169600015273,0x95BD68e846B47B83a23F18dF22573e8a0f96Ddf5,0x27fFA41Dd35f806E2e8b320c1f074B7E33d8B902,0x7740a508b0dfefae405f43031903de3e4cbbbaf3e73449a8925550c1f9c633dc,1,65,1788212061,90844,80000000,300000,90844,233923,0.000233923,21250501012,2.1250501012e-08,0.04684130000532605,2026-08-31T21:34:21.723811+00:00,2026-08-31T21:34:21.770513+00:00,Regular member confirmation
Douban Movie,PERF_20260901_003219,1337,confirmation,Member confirmation,8,104,53,,,42,43,False,7.747257600014564,0x7597dB2a70206b8F24AfbCa3E0E2D79A8284D695,0x27fFA41Dd35f806E2e8b320c1f074B7E33d8B902,0x58d98f49965b9ed9cea00d7b88fbcb4224fee9a3a56863d6eedd94bdbdd5a5bb,1,66,1788212061,90844,80000000,300000,90844,204750,0.00020475,18600309000,1.8600309e-08,0.033332399994833395,2026-08-31T21:34:21.886783+00:00,2026-08-31T21:34:21.919872+00:00,Regular member confirmation
Douban Movie,PERF_20260901_003219,1337,confirmation,Member confirmation,8,104,53,,,43,44,False,7.878378599998541,0x4F2D45E659436E243Ee1198F52819ee3166ed70e,0x27fFA41Dd35f806E2e8b320c1f074B7E33d8B902,0x5d7686ceed797feb33e5f4e32c049dd62d3a76a433ece0d3cfc3e3b35b09a2db,1,67,1788212062,90844,80000000,300000,90844,179214,0.000179214,16280516616,1.6280516616e-08,0.03345019998960197,2026-08-31T21:34:22.020441+00:00,2026-08-31T21:34:22.054072+00:00,Regular member confirmation
Douban Movie,PERF_20260901_003219,1337,confirmation,Member confirmation,8,104,53,,,44,45,False,8.000605100009125,0x06A2Fc5592B2a593be8ba88CEF69A5Bb9Ce45223,0x27fFA41Dd35f806E2e8b320c1f074B7E33d8B902,0x41367a266fb12e614bb9f779d927257ce0426bc420f28645c87f24846d5da2fd,1,68,1788212062,90844,80000000,300000,90844,156863,0.000156863,14250062372,1.4250062372e-08,0.031910100020468235,2026-08-31T21:34:22.142150+00:00,2026-08-31T21:34:22.174391+00:00,Regular member confirmation
Douban Movie,PERF_20260901_003219,1337,confirmation,Member confirmation,8,104,53,,,45,46,False,8.130338299990399,0xEbF28c64354e3e4CDa78c1C5C57a184ec18De4b5,0x27fFA41Dd35f806E2e8b320c1f074B7E33d8B902,0xe954a4a79510f7236f1ccc6c00e50c96b3059a3881aad357f26a82cad0fa7c67,1,69,1788212062,90844,80000000,300000,90844,137300,0.0001373,12472881200,1.24728812e-08,0.033197599987033755,2026-08-31T21:34:22.272654+00:00,2026-08-31T21:34:22.305986+00:00,Regular member confirmation
Douban Movie,PERF_20260901_003219,1337,confirmation,Member confirmation,8,104,53,,,46,47,False,8.246494499995606,0xBf21580FEDB9EC02a3d9D3B8078eD828FbB6d7A3,0x27fFA41Dd35f806E2e8b320c1f074B7E33d8B902,0x09f89513271b865197417b9dba72c164cbc23070c8f6cf8e1fea0dbdad6418a1,1,70,1788212062,90844,80000000,300000,90844,120178,0.000120178,10917450232,1.0917450232e-08,0.030172200000379235,2026-08-31T21:34:22.392441+00:00,2026-08-31T21:34:22.422625+00:00,Regular member confirmation
Douban Movie,PERF_20260901_003219,1337,confirmation,Member confirmation,8,104,53,,,47,48,False,8.365821699990192,0x6bF7FD0b86D84fE4FD67EB66e79077dF69069068,0x27fFA41Dd35f806E2e8b320c1f074B7E33d8B902,0x37b77fbc1988cbc5c647f84f2339874909ae96c810be7799a7fb1e79ee11370a,1,71,1788212062,90844,80000000,300000,90844,105190,0.00010519,9555880360,9.55588036e-09,0.029404800006886944,2026-08-31T21:34:22.515047+00:00,2026-08-31T21:34:22.544416+00:00,Regular member confirmation
Douban Movie,PERF_20260901_003219,1337,confirmation,Member confirmation,8,104,53,,,48,49,False,8.47954440000467,0xA9f9D910549fC017B84851E1C6e7A83319802527,0x27fFA41Dd35f806E2e8b320c1f074B7E33d8B902,0xa420a6c6061b50591724eda2eed06bb099e4ea83c5a037e79352576d53537e8c,1,72,1788212062,90844,80000000,300000,90844,92072,9.2072e-05,8364188768,8.364188768e-09,0.029424999986076728,2026-08-31T21:34:22.626828+00:00,2026-08-31T21:34:22.656157+00:00,Regular member confirmation
Douban Movie,PERF_20260901_003219,1337,confirmation,Member confirmation,8,104,53,,,49,50,False,8.633279100002255,0xB804E042d819dc68bd27DE70f6B6c5a7D75E7E24,0x27fFA41Dd35f806E2e8b320c1f074B7E33d8B902,0xd31829082d9ee4b1884453f219bed23838d2730ac32d3e0ddeafeb58d64c5fa9,1,73,1788212062,90844,80000000,300000,90844,80590,8.059e-05,7321117960,7.32111796e-09,0.03804580002906732,2026-08-31T21:34:22.765930+00:00,2026-08-31T21:34:22.804258+00:00,Regular member confirmation
Douban Movie,PERF_20260901_003219,1337,confirmation,Member confirmation,8,104,53,,,50,51,False,8.76479489999474,0x0d9a57B2424C84Cc8f43Aa739D920886DFaEb219,0x27fFA41Dd35f806E2e8b320c1f074B7E33d8B902,0x5dce0da675a0af23bb8a927ed74e0428a56e7386982e9fbc03a4a4eb42116170,1,74,1788212062,90844,80000000,300000,90844,70540,7.054e-05,6408135760,6.40813576e-09,0.035126600007060915,2026-08-31T21:34:22.903932+00:00,2026-08-31T21:34:22.939670+00:00,Regular member confirmation
Douban Movie,PERF_20260901_003219,1337,confirmation,Member confirmation,8,104,53,,,51,52,False,8.883696500008227,0x8b8e148f09941213e4563ae4e29024E481B0D468,0x27fFA41Dd35f806E2e8b320c1f074B7E33d8B902,0x73a1e1a046bc03028f03c90d29ec5b2b41c15885b6bf407262cd9ff37dcff123,1,75,1788212063,90844,80000000,300000,90844,61743,6.1743e-05,5608981092,5.608981092e-09,0.031215199996950105,2026-08-31T21:34:23.032550+00:00,2026-08-31T21:34:23.063061+00:00,Regular member confirmation
Douban Movie,PERF_20260901_003219,1337,confirmation,Member confirmation,8,104,53,,,52,53,True,9.011571900016861,0xF4cC504Ebd88564A66B0Db7ffffE7Ba3a6353416,0x27fFA41Dd35f806E2e8b320c1f074B7E33d8B902,0x0246f9f75318cd1767682416f5bd6e3be60372cde7f7e1831ebc9b7e79339af6,1,76,1788212063,120841,80000000,300000,120841,54042,5.4042e-05,6530489322,6.530489322e-09,0.03587270001298748,2026-08-31T21:34:23.145087+00:00,2026-08-31T21:34:23.180334+00:00,Finalization-triggering confirmation
Douban Movie,PERF_20260901_003219,1337,confirmation,Member confirmation,14,137,69,,,1,2,False,0.16678689999389462,0x48e3239058470F56942C265f75505758DaDa4A94,0x27fFA41Dd35f806E2e8b320c1f074B7E33d8B902,0xc647d450fd01b10df771f448383831aed4413ea13adbc3a9544da45412afb62d,1,77,1788212063,90844,80000000,300000,90844,47308,4.7308e-05,4297647952,4.297647952e-09,0.033748699992429465,2026-08-31T21:34:23.491734+00:00,2026-08-31T21:34:23.526285+00:00,Regular member confirmation
Douban Movie,PERF_20260901_003219,1337,confirmation,Member confirmation,14,137,69,,,2,3,False,0.29561410000314936,0xEeff7dF76119C5e756DE7D5242BC65595C4287aA,0x27fFA41Dd35f806E2e8b320c1f074B7E33d8B902,0xd0c2069eda5b7f81479217752317b1f9873f49dff59f39e0535fb97ae1e28103,1,78,1788212063,90844,80000000,300000,90844,41409,4.1409e-05,3761759196,3.761759196e-09,0.03412999998545274,2026-08-31T21:34:23.627975+00:00,2026-08-31T21:34:23.662179+00:00,Regular member confirmation
Douban Movie,PERF_20260901_003219,1337,confirmation,Member confirmation,14,137,69,,,3,4,False,0.4214085999992676,0x61CA0178dfC67130d4E7954A57e6e24C783B8586,0x27fFA41Dd35f806E2e8b320c1f074B7E33d8B902,0x5fd7b2fc97e71e7d510634df7d612e65f450455bbdb09ce16bc16402787ae3ce,1,79,1788212063,90844,80000000,300000,90844,36245,3.6245e-05,3292640780,3.29264078e-09,0.033325199998216704,2026-08-31T21:34:23.753192+00:00,2026-08-31T21:34:23.786539+00:00,Regular member confirmation
Douban Movie,PERF_20260901_003219,1337,confirmation,Member confirmation,14,137,69,,,4,5,False,0.5389480000012554,0x77f87F083f5F7C997219A0dB820683B6BEC36Ee9,0x27fFA41Dd35f806E2e8b320c1f074B7E33d8B902,0xc5fa492d807639967a9689807fd9683aa13b6dcf5c0023eed1cb3648ad707744,1,80,1788212063,90844,80000000,300000,90844,31726,3.1726e-05,2882116744,2.882116744e-09,0.02990620001219213,2026-08-31T21:34:23.879194+00:00,2026-08-31T21:34:23.909410+00:00,Regular member confirmation
Douban Movie,PERF_20260901_003219,1337,confirmation,Member confirmation,14,137,69,,,5,6,False,0.6556584000063594,0x0a7781346EBE3B463f39A791bCD97c8275aFB3bA,0x27fFA41Dd35f806E2e8b320c1f074B7E33d8B902,0x65a13b6696dee0ea0445e103a15d85af394d50da6e8dee391b2c15c9df3d8b81,1,81,1788212064,90844,80000000,300000,90844,27769,2.7769e-05,2522647036,2.522647036e-09,0.02945579998777248,2026-08-31T21:34:23.993917+00:00,2026-08-31T21:34:24.023708+00:00,Regular member confirmation
Douban Movie,PERF_20260901_003219,1337,confirmation,Member confirmation,14,137,69,,,6,7,False,0.7669804000179283,0x4AC8472c67392792508011585590EC5CBfd1c8AA,0x27fFA41Dd35f806E2e8b320c1f074B7E33d8B902,0x97a0c136b850f0aa8c7b49bf480f46f69fab5864946b536b41eb915638f430b0,1,82,1788212064,90844,80000000,300000,90844,24306,2.4306e-05,2208054264,2.208054264e-09,0.028851699986262247,2026-08-31T21:34:24.108819+00:00,2026-08-31T21:34:24.137599+00:00,Regular member confirmation
Douban Movie,PERF_20260901_003219,1337,confirmation,Member confirmation,14,137,69,,,7,8,False,0.8890122000011615,0x83E43eFFCCd25BCC8C9807A68dea939bb3D97930,0x27fFA41Dd35f806E2e8b320c1f074B7E33d8B902,0x590ef87fa29e86325ea0aff49091cc5f2b269941a67ef427dbdc752d0eea5ae1,1,83,1788212064,90844,80000000,300000,90844,21276,2.1276e-05,1932796944,1.932796944e-09,0.03427970001939684,2026-08-31T21:34:24.219865+00:00,2026-08-31T21:34:24.254069+00:00,Regular member confirmation
Douban Movie,PERF_20260901_003219,1337,confirmation,Member confirmation,14,137,69,,,8,9,False,1.0018589000101201,0x1ecd98a3899BbacA71fB10B2D57A88489674bD95,0x27fFA41Dd35f806E2e8b320c1f074B7E33d8B902,0xd3e63b081c179a4bfd5c1c3bfc7a549527bdcca2b467b129058e362fe1c1afa5,1,84,1788212064,90844,80000000,300000,90844,18623,1.8623e-05,1691787812,1.691787812e-09,0.02981120001641102,2026-08-31T21:34:24.341465+00:00,2026-08-31T21:34:24.371929+00:00,Regular member confirmation
Douban Movie,PERF_20260901_003219,1337,confirmation,Member confirmation,14,137,69,,,9,10,False,1.11968460000935,0x7178eabF7787EdeB792C3DaF31734EF27Ae0beB9,0x27fFA41Dd35f806E2e8b320c1f074B7E33d8B902,0xfcabbfdd7670fc2ac58a3eccc9acd9115a39d68117d563362ff83c7c24c05ebf,1,85,1788212064,90844,80000000,300000,90844,16301,1.6301e-05,1480848044,1.480848044e-09,0.030061400000704452,2026-08-31T21:34:24.454277+00:00,2026-08-31T21:34:24.484358+00:00,Regular member confirmation
Douban Movie,PERF_20260901_003219,1337,confirmation,Member confirmation,14,137,69,,,10,11,False,1.2330666000198107,0x936Ae00b7bdF92296959595866ea98308E53Fc9c,0x27fFA41Dd35f806E2e8b320c1f074B7E33d8B902,0xb734a6ab6c066228419cea7dfe72ee77b4106eebc897946bad8baf3e1eaad483,1,86,1788212064,90844,80000000,300000,90844,14268,1.4268e-05,1296162192,1.296162192e-09,0.02907649998087436,2026-08-31T21:34:24.573801+00:00,2026-08-31T21:34:24.602387+00:00,Regular member confirmation
Douban Movie,PERF_20260901_003219,1337,confirmation,Member confirmation,14,137,69,,,11,12,False,1.3442081999965012,0xb26D9E1E700a774dDa158cEa0cA1F507bfC40Da4,0x27fFA41Dd35f806E2e8b320c1f074B7E33d8B902,0x36992bfc2094e171d80af21ea902be2babebc0b4352a364afddcca6533dc0834,1,87,1788212064,90844,80000000,300000,90844,12488,1.2488e-05,1134459872,1.134459872e-09,0.028634099988266826,2026-08-31T21:34:24.684172+00:00,2026-08-31T21:34:24.713630+00:00,Regular member confirmation
Douban Movie,PERF_20260901_003219,1337,confirmation,Member confirmation,14,137,69,,,12,13,False,1.4585613000090234,0x49981700b6e9F31584535016573781776411770A,0x27fFA41Dd35f806E2e8b320c1f074B7E33d8B902,0x7d22ab8c30d83717da74b18455d58770de7eb596d1eb37ec1549b3c539d9150a,1,88,1788212064,90844,80000000,300000,90844,10931,1.0931e-05,993015764,9.93015764e-10,0.029054800019366667,2026-08-31T21:34:24.798933+00:00,2026-08-31T21:34:24.828001+00:00,Regular member confirmation
Douban Movie,PERF_20260901_003219,1337,confirmation,Member confirmation,14,137,69,,,13,14,False,1.5739844999916386,0x362368F105431b097EAf2ec822900c33D62Af663,0x27fFA41Dd35f806E2e8b320c1f074B7E33d8B902,0x075f23120519c1229b3e244f8f663b1c72cf4f7a6397fe42f3fa04bf8e75c986,1,89,1788212064,90844,80000000,300000,90844,9569,9.569e-06,869286236,8.69286236e-10,0.0281842999975197,2026-08-31T21:34:24.912923+00:00,2026-08-31T21:34:24.940253+00:00,Regular member confirmation
Douban Movie,PERF_20260901_003219,1337,confirmation,Member confirmation,14,137,69,,,14,15,False,1.7062967999954708,0xafA816319DA0A4FBe8bFD95313579e4B03210603,0x27fFA41Dd35f806E2e8b320c1f074B7E33d8B902,0x8882b94c90a593e6a8cbe18a54428ca2a5726c0c1cafdb0e5fc40aae36da9a1c,1,90,1788212065,90844,80000000,300000,90844,8376,8.376e-06,760909344,7.60909344e-10,0.03358039999147877,2026-08-31T21:34:25.039559+00:00,2026-08-31T21:34:25.073568+00:00,Regular member confirmation
Douban Movie,PERF_20260901_003219,1337,confirmation,Member confirmation,14,137,69,,,15,16,False,1.820543700014241,0xd879d2358E3E84Da4a6bB57A3f180e258ee138cC,0x27fFA41Dd35f806E2e8b320c1f074B7E33d8B902,0x60b09dc57ef6411e677e8fde74ffbe646efc1d43391748a8cad6923260ef6479,1,91,1788212065,90844,80000000,300000,90844,7332,7.332e-06,666068208,6.66068208e-10,0.03086460000486113,2026-08-31T21:34:25.158113+00:00,2026-08-31T21:34:25.189390+00:00,Regular member confirmation
Douban Movie,PERF_20260901_003219,1337,confirmation,Member confirmation,14,137,69,,,16,17,False,1.9498645999992732,0x0D01aBaB659EF3E0C56882ffA2d5F75F70ffC465,0x27fFA41Dd35f806E2e8b320c1f074B7E33d8B902,0xe06f2932ed8b19d32dafe52b1c1000d489a9d3f1d2ca64b0d817a3bca8d5b006,1,92,1788212065,90844,80000000,300000,90844,6419,6.419e-06,583127636,5.83127636e-10,0.030883500003255904,2026-08-31T21:34:25.287726+00:00,2026-08-31T21:34:25.318920+00:00,Regular member confirmation
Douban Movie,PERF_20260901_003219,1337,confirmation,Member confirmation,14,137,69,,,17,18,False,2.065600700007053,0xE174B42Dc25C0dD086ca8a08bcF02eab4AF31014,0x27fFA41Dd35f806E2e8b320c1f074B7E33d8B902,0x40ac93b5d683b8c083c6debcf65791234db4bdc4b35c587dd3f4497c0151047e,1,93,1788212065,90844,80000000,300000,90844,5619,5.619e-06,510452436,5.10452436e-10,0.03130779997445643,2026-08-31T21:34:25.401584+00:00,2026-08-31T21:34:25.432167+00:00,Regular member confirmation
Douban Movie,PERF_20260901_003219,1337,confirmation,Member confirmation,14,137,69,,,18,19,False,2.1779520999989472,0xfB9C1fc6d0DD95192f8D2192C728f2A813e8A9f1,0x27fFA41Dd35f806E2e8b320c1f074B7E33d8B902,0xddb615d0d32816b0010ee873f4acec2b3cf8d380091a0d52145bfe5c6af39bbf,1,94,1788212065,90844,80000000,300000,90844,4918,4.918e-06,446770792,4.46770792e-10,0.02933750001830049,2026-08-31T21:34:25.517814+00:00,2026-08-31T21:34:25.547218+00:00,Regular member confirmation
Douban Movie,PERF_20260901_003219,1337,confirmation,Member confirmation,14,137,69,,,19,20,False,2.289321399992332,0x6cDdc47D25bD038054d062AC87c81a40df694DaD,0x27fFA41Dd35f806E2e8b320c1f074B7E33d8B902,0x43b487701e8dd445019f2bfd52e330c495ff148153cab8bacec5c9dcb89abd52,1,95,1788212065,90844,80000000,300000,90844,4306,4.306e-06,391174264,3.91174264e-10,0.029207099985796958,2026-08-31T21:34:25.629199+00:00,2026-08-31T21:34:25.658639+00:00,Regular member confirmation
Douban Movie,PERF_20260901_003219,1337,confirmation,Member confirmation,14,137,69,,,20,21,False,2.407415800000308,0x24e56005d31e988447644F6bad784a3522aD3068,0x27fFA41Dd35f806E2e8b320c1f074B7E33d8B902,0x3c7bd31be84d702fd0a68cf4ba493d4b43c308473d25a303ba25fe674bafae06,1,96,1788212065,90844,80000000,300000,90844,3769,3.769e-06,342391036,3.42391036e-10,0.032366200000979006,2026-08-31T21:34:25.741589+00:00,2026-08-31T21:34:25.773884+00:00,Regular member confirmation
Douban Movie,PERF_20260901_003219,1337,confirmation,Member confirmation,14,137,69,,,21,22,False,2.5240047000115737,0xD2F845C59CE87723F16D76666E5d95700a602ee0,0x27fFA41Dd35f806E2e8b320c1f074B7E33d8B902,0x589ea6a7b9aaceba43c2b25f202160fd75942e11eee34fa50a7aaff3e12c6516,1,97,1788212065,90844,80000000,300000,90844,3300,3.3e-06,299785200,2.997852e-10,0.03033880001748912,2026-08-31T21:34:25.859064+00:00,2026-08-31T21:34:25.890300+00:00,Regular member confirmation
Douban Movie,PERF_20260901_003219,1337,confirmation,Member confirmation,14,137,69,,,22,23,False,2.6372551000094973,0xD915f4E24D0795cdE9Aa24F292e2df7f117259b0,0x27fFA41Dd35f806E2e8b320c1f074B7E33d8B902,0xbbcbe1be045978b8295426ca311247a0c28c3472e1ae9f1ba96277a27a190c76,1,98,1788212065,90844,80000000,300000,90844,2889,2.889e-06,262448316,2.62448316e-10,0.029645000002346933,2026-08-31T21:34:25.977437+00:00,2026-08-31T21:34:26.007140+00:00,Regular member confirmation
Douban Movie,PERF_20260901_003219,1337,confirmation,Member confirmation,14,137,69,,,23,24,False,2.7577354999957606,0x78EEF6A1967965d7fdf5b5ee5f2C3d8549c50d5A,0x27fFA41Dd35f806E2e8b320c1f074B7E33d8B902,0x88e015863666ee680f7a9011d50bec991689f1a909e70cb5ba2b382ff43d558d,1,99,1788212066,90844,80000000,300000,90844,2529,2.529e-06,229744476,2.29744476e-10,0.029696999990846962,2026-08-31T21:34:26.091140+00:00,2026-08-31T21:34:26.121115+00:00,Regular member confirmation
Douban Movie,PERF_20260901_003219,1337,confirmation,Member confirmation,14,137,69,,,24,25,False,2.8784434999979567,0xAf4DaaE1C8Ca37A0aA5CA8B67E122733686AD399,0x27fFA41Dd35f806E2e8b320c1f074B7E33d8B902,0x1a6689a86a704ee00a213220134870541ebced1c1bf3923d22882625ef57c990,1,100,1788212066,90844,80000000,300000,90844,2214,2.214e-06,201128616,2.01128616e-10,0.0364963999891188,2026-08-31T21:34:26.211651+00:00,2026-08-31T21:34:26.248147+00:00,Regular member confirmation
Douban Movie,PERF_20260901_003219,1337,confirmation,Member confirmation,14,137,69,,,25,26,False,2.995219600008568,0x8915CEa45e5B7E6D6fA724c13dB5d37D70e38C57,0x27fFA41Dd35f806E2e8b320c1f074B7E33d8B902,0xb41550703c4859fd455f03fde4c06ce14a6d5c0896a7d6c820f10507bbed76ee,1,101,1788212066,90844,80000000,300000,90844,1938,1.938e-06,176055672,1.76055672e-10,0.030299699981696904,2026-08-31T21:34:26.332028+00:00,2026-08-31T21:34:26.361842+00:00,Regular member confirmation
Douban Movie,PERF_20260901_003219,1337,confirmation,Member confirmation,14,137,69,,,26,27,False,3.1129977999953553,0xfe704370Ad70429BB99B12180A4c504fbeA11A59,0x27fFA41Dd35f806E2e8b320c1f074B7E33d8B902,0x93617d7b9af3a65781f8d2cd3d42547f87966cf942b3b2e9eab558fad6281a50,1,102,1788212066,90844,80000000,300000,90844,1696,1.696e-06,154071424,1.54071424e-10,0.03349050000542775,2026-08-31T21:34:26.449826+00:00,2026-08-31T21:34:26.484166+00:00,Regular member confirmation
Douban Movie,PERF_20260901_003219,1337,confirmation,Member confirmation,14,137,69,,,27,28,False,3.2374321999959648,0x3532E4ebC48BD74a3e7a222Ba2D9d5E2Ee8563ba,0x27fFA41Dd35f806E2e8b320c1f074B7E33d8B902,0x6593d952e3be10cd75738bd667d796778327b704c2898fde740c85abbcd32306,1,103,1788212066,90844,80000000,300000,90844,1485,1.485e-06,134903340,1.3490334e-10,0.03841350000584498,2026-08-31T21:34:26.565904+00:00,2026-08-31T21:34:26.603985+00:00,Regular member confirmation
Douban Movie,PERF_20260901_003219,1337,confirmation,Member confirmation,14,137,69,,,28,29,False,3.352483700000448,0x45DA8C676bd55F65fd5cBcB0F88c68aa31aE66E4,0x27fFA41Dd35f806E2e8b320c1f074B7E33d8B902,0x5b2586281d4644b0b26486f66a71e0f7bceb72d8405c685d1f0406dcf32a2084,1,104,1788212066,90844,80000000,300000,90844,1300,1.3e-06,118097200,1.180972e-10,0.032467099983477965,2026-08-31T21:34:26.690235+00:00,2026-08-31T21:34:26.722526+00:00,Regular member confirmation
Douban Movie,PERF_20260901_003219,1337,confirmation,Member confirmation,14,137,69,,,29,30,False,3.4733374000061303,0x17076559A3a124005f98F697CE0F63A689b8fa6f,0x27fFA41Dd35f806E2e8b320c1f074B7E33d8B902,0xf70304a613c7624b92c498851b4fa0c8816c5a0deabf62633cddde1dd937f6a9,1,105,1788212066,90844,80000000,300000,90844,1138,1.138e-06,103380472,1.03380472e-10,0.02891500000259839,2026-08-31T21:34:26.809344+00:00,2026-08-31T21:34:26.838273+00:00,Regular member confirmation
Douban Movie,PERF_20260901_003219,1337,confirmation,Member confirmation,14,137,69,,,30,31,False,3.6009061000077054,0x59AEf886EAC367506b91A8452b96214f29fbbA83,0x27fFA41Dd35f806E2e8b320c1f074B7E33d8B902,0x5b6886e48eafd2cb0e7ad86a626bf14e3d57d33c66c06224a5731e2ab940b9ec,1,106,1788212066,90844,80000000,300000,90844,996,9.96e-07,90480624,9.0480624e-11,0.034271900018211454,2026-08-31T21:34:26.932105+00:00,2026-08-31T21:34:26.966559+00:00,Regular member confirmation
Douban Movie,PERF_20260901_003219,1337,confirmation,Member confirmation,14,137,69,,,31,32,False,3.771810900012497,0x3cc590460d88c9b64F350EB8e5E167931Dd1F40c,0x27fFA41Dd35f806E2e8b320c1f074B7E33d8B902,0x106f58a4f7494eded940b2c2993c2e4cfc2b43a6a06e1b59619feb7db29ce939,1,107,1788212067,90844,80000000,300000,90844,873,8.73e-07,79306812,7.9306812e-11,0.03704470000229776,2026-08-31T21:34:27.059848+00:00,2026-08-31T21:34:27.096825+00:00,Regular member confirmation
Douban Movie,PERF_20260901_003219,1337,confirmation,Member confirmation,14,137,69,,,32,33,False,3.906640500004869,0xaE9f1Ca3d9093Ab170f17199698CE9ab29668aBE,0x27fFA41Dd35f806E2e8b320c1f074B7E33d8B902,0xe138c8369d260f4d5d8b138eb8f4449918525c028afe41162ffb08e91369ba98,1,108,1788212067,90844,80000000,300000,90844,763,7.63e-07,69313972,6.9313972e-11,0.03607890001148917,2026-08-31T21:34:27.235707+00:00,2026-08-31T21:34:27.272144+00:00,Regular member confirmation
Douban Movie,PERF_20260901_003219,1337,confirmation,Member confirmation,14,137,69,,,33,34,False,4.039630600018427,0xEEAf00d240199585FE232683d662d242E8cBa3a7,0x27fFA41Dd35f806E2e8b320c1f074B7E33d8B902,0x7bf97086dd87342a2c4124371cd5841c52e25b97febf1b33d14e95648314d9e5,1,109,1788212067,90844,80000000,300000,90844,669,6.69e-07,60774636,6.0774636e-11,0.03462200000649318,2026-08-31T21:34:27.367569+00:00,2026-08-31T21:34:27.402431+00:00,Regular member confirmation
Douban Movie,PERF_20260901_003219,1337,confirmation,Member confirmation,14,137,69,,,34,35,False,4.167983999999706,0x7B83cdf2f71d103C31653C49E7592C35182516e4,0x27fFA41Dd35f806E2e8b320c1f074B7E33d8B902,0x9bbc629b49552b6ea932fe10f8a0b0665d19080bef7e741f704987eb2d9ae192,1,110,1788212067,90844,80000000,300000,90844,587,5.87e-07,53325428,5.3325428e-11,0.03488630001083948,2026-08-31T21:34:27.501148+00:00,2026-08-31T21:34:27.535637+00:00,Regular member confirmation
Douban Movie,PERF_20260901_003219,1337,confirmation,Member confirmation,14,137,69,,,35,36,False,4.2874302999989595,0xf05090d6Df75a0A125FdFd7eA7563eDf04E73eAa,0x27fFA41Dd35f806E2e8b320c1f074B7E33d8B902,0xea6f64440c1aad40bcec6969ff1966bc03cd54562d828e1a401cf523e3285f77,1,111,1788212067,90844,80000000,300000,90844,514,5.14e-07,46693816,4.6693816e-11,0.03113750001648441,2026-08-31T21:34:27.620365+00:00,2026-08-31T21:34:27.652419+00:00,Regular member confirmation
Douban Movie,PERF_20260901_003219,1337,confirmation,Member confirmation,14,137,69,,,36,37,False,4.402832699997816,0x998e30c02a4220158eDfE88B3a60Cc1f786dE117,0x27fFA41Dd35f806E2e8b320c1f074B7E33d8B902,0x5cffd2484e088e38f8643d17d76056274f1581aa764dd46825bc8acb849ecf40,1,112,1788212067,90844,80000000,300000,90844,451,4.51e-07,40970644,4.0970644e-11,0.029616099986014888,2026-08-31T21:34:27.741694+00:00,2026-08-31T21:34:27.771198+00:00,Regular member confirmation
Douban Movie,PERF_20260901_003219,1337,confirmation,Member confirmation,14,137,69,,,37,38,False,4.5182606000162195,0x993e92FcF772099970fFDfD63f28e82336D854f3,0x27fFA41Dd35f806E2e8b320c1f074B7E33d8B902,0xbd4039e1edbc01122bd90ceae3adb77a7b3b2bd0865b5f3adc9b83eda0a12efb,1,113,1788212067,90844,80000000,300000,90844,396,3.96e-07,35974224,3.5974224e-11,0.030649499996798113,2026-08-31T21:34:27.855495+00:00,2026-08-31T21:34:27.886240+00:00,Regular member confirmation
Douban Movie,PERF_20260901_003219,1337,confirmation,Member confirmation,14,137,69,,,38,39,False,4.639895500004059,0x1CF58F6e65172CD8a79DA0D5eD5258255f039614,0x27fFA41Dd35f806E2e8b320c1f074B7E33d8B902,0xe55519e381f166d4bb5af0579c8a72af2e558bc29c2b1406397a92944754671e,1,114,1788212067,90844,80000000,300000,90844,346,3.46e-07,31432024,3.1432024e-11,0.03463410001131706,2026-08-31T21:34:27.970252+00:00,2026-08-31T21:34:28.004429+00:00,Regular member confirmation
Douban Movie,PERF_20260901_003219,1337,confirmation,Member confirmation,14,137,69,,,39,40,False,4.7754167999955826,0x21852ad91dC48D26cc8047b41F61C3dB1fd16db3,0x27fFA41Dd35f806E2e8b320c1f074B7E33d8B902,0x8f1c8e9736f5036b36024c055dc9ede6643e5dc47446bc453ff9f699692b0467,1,115,1788212068,90844,80000000,300000,90844,303,3.03e-07,27525732,2.7525732e-11,0.03670359999523498,2026-08-31T21:34:28.099550+00:00,2026-08-31T21:34:28.136584+00:00,Regular member confirmation
Douban Movie,PERF_20260901_003219,1337,confirmation,Member confirmation,14,137,69,,,40,41,False,4.903153599996585,0x2A3Cf1C14714FeF02ff01d7a20324934D080034a,0x27fFA41Dd35f806E2e8b320c1f074B7E33d8B902,0xaba2c4b22facc86a26894e4cb558a61ff80b52a37dbcb75d0f2d9fad0a2cbb77,1,116,1788212068,90844,80000000,300000,90844,266,2.66e-07,24164504,2.4164504e-11,0.0361245000094641,2026-08-31T21:34:28.231137+00:00,2026-08-31T21:34:28.268292+00:00,Regular member confirmation
Douban Movie,PERF_20260901_003219,1337,confirmation,Member confirmation,14,137,69,,,41,42,False,5.031593099993188,0x6f425f0D9879d1D9256F9588E04486CC2A410080,0x27fFA41Dd35f806E2e8b320c1f074B7E33d8B902,0xc952d80e621410404df5b07241962458462c2760a50ec50df4508934329ebcac,1,117,1788212068,90844,80000000,300000,90844,234,2.34e-07,21257496,2.1257496e-11,0.03250510001089424,2026-08-31T21:34:28.367627+00:00,2026-08-31T21:34:28.399665+00:00,Regular member confirmation
Douban Movie,PERF_20260901_003219,1337,confirmation,Member confirmation,14,137,69,,,42,43,False,5.158044000010705,0x7da971C7eFF91BdE7774616f542C15be7c05e0C3,0x27fFA41Dd35f806E2e8b320c1f074B7E33d8B902,0x79ba226800b0b1c243883d45f85246c40d299b43a13ac095dfece10ba447457c,1,118,1788212068,90844,80000000,300000,90844,204,2.04e-07,18532176,1.8532176e-11,0.03259659998002462,2026-08-31T21:34:28.490646+00:00,2026-08-31T21:34:28.524012+00:00,Regular member confirmation
Douban Movie,PERF_20260901_003219,1337,confirmation,Member confirmation,14,137,69,,,43,44,False,5.282805399998324,0x4b42973e200BF31FFcD2A4aa55E7d57C4BaBC8eC,0x27fFA41Dd35f806E2e8b320c1f074B7E33d8B902,0xd6a2fd1bd090b359b80c4b97da0c909b5a526714a2c941c6f2a659ccdf1b2b99,1,119,1788212068,90844,80000000,300000,90844,178,1.78e-07,16170232,1.6170232e-11,0.033836299990070984,2026-08-31T21:34:28.614132+00:00,2026-08-31T21:34:28.647280+00:00,Regular member confirmation
Douban Movie,PERF_20260901_003219,1337,confirmation,Member confirmation,14,137,69,,,44,45,False,5.403690400009509,0x23472a154c1BA324d154B79aaD94c0a88940BE50,0x27fFA41Dd35f806E2e8b320c1f074B7E33d8B902,0xaf61e683ca307dd1e37b837c497c451e5571a98363d57b774c6d7e2928771424,1,120,1788212068,90844,80000000,300000,90844,157,1.57e-07,14262508,1.4262508e-11,0.03198160001193173,2026-08-31T21:34:28.741467+00:00,2026-08-31T21:34:28.773372+00:00,Regular member confirmation
Douban Movie,PERF_20260901_003219,1337,confirmation,Member confirmation,14,137,69,,,45,46,False,5.524271500005852,0x3BAb799042895a360868cCb232417c73dEA98E18,0x27fFA41Dd35f806E2e8b320c1f074B7E33d8B902,0xedc4867dabc982884c327ecdc3eec32ce864e2ca814fa52fb8bc08a631fddaeb,1,121,1788212068,90844,80000000,300000,90844,138,1.38e-07,12536472,1.2536472e-11,0.035461399995256215,2026-08-31T21:34:28.855745+00:00,2026-08-31T21:34:28.891395+00:00,Regular member confirmation
Douban Movie,PERF_20260901_003219,1337,confirmation,Member confirmation,14,137,69,,,46,47,False,5.644822200003546,0xd8F96869e792A6792E4758f6C1f820ed232291fd,0x27fFA41Dd35f806E2e8b320c1f074B7E33d8B902,0x77d53c5b37187efbe99c15ab32d6013aba9452c1174c39b123ed605bcd1a60ed,1,122,1788212068,90844,80000000,300000,90844,122,1.22e-07,11082968,1.1082968e-11,0.03048280000803061,2026-08-31T21:34:28.980732+00:00,2026-08-31T21:34:29.011529+00:00,Regular member confirmation
Douban Movie,PERF_20260901_003219,1337,confirmation,Member confirmation,14,137,69,,,47,48,False,5.777948800008744,0x85fe95919a3341C476Eba0AF519cFf037a92e79d,0x27fFA41Dd35f806E2e8b320c1f074B7E33d8B902,0x90db85fce456cbfb1a144ec3e14b42415c8d53c0d8ccd9a1815c089dce9a4690,1,123,1788212069,90844,80000000,300000,90844,106,1.06e-07,9629464,9.629464e-12,0.035506100015481934,2026-08-31T21:34:29.105080+00:00,2026-08-31T21:34:29.140309+00:00,Regular member confirmation
Douban Movie,PERF_20260901_003219,1337,confirmation,Member confirmation,14,137,69,,,48,49,False,5.898782300006133,0x33df470318f7917C8D069A42608cb6B37b4CC577,0x27fFA41Dd35f806E2e8b320c1f074B7E33d8B902,0x0657a63b03a323ebc62ade1a5616243a9df7fcbd1ceb21ff69979d22028f994f,1,124,1788212069,90844,80000000,300000,90844,94,9.4e-08,8539336,8.539336e-12,0.029410999995889142,2026-08-31T21:34:29.238368+00:00,2026-08-31T21:34:29.267914+00:00,Regular member confirmation
Douban Movie,PERF_20260901_003219,1337,confirmation,Member confirmation,14,137,69,,,49,50,False,6.030193800019333,0x96B0d02cD83ac00F3b866730Da03c6711242C035,0x27fFA41Dd35f806E2e8b320c1f074B7E33d8B902,0x207a4483b82d9e929d4ea31555f15078e893f4008bb5a3de9f3e3ce177eed8cf,1,125,1788212069,90844,80000000,300000,90844,83,8.3e-08,7540052,7.540052e-12,0.03482760000042617,2026-08-31T21:34:29.358516+00:00,2026-08-31T21:34:29.393354+00:00,Regular member confirmation
Douban Movie,PERF_20260901_003219,1337,confirmation,Member confirmation,14,137,69,,,50,51,False,6.151777199993376,0x036af19e87B095ADAE8e59Bed2787427505251D0,0x27fFA41Dd35f806E2e8b320c1f074B7E33d8B902,0x6752c81237689152670a3a32bb7e4185bf795c79119270c6a15258c69401ee69,1,126,1788212069,90844,80000000,300000,90844,73,7.3e-08,6631612,6.631612e-12,0.03008840000256896,2026-08-31T21:34:29.491402+00:00,2026-08-31T21:34:29.521160+00:00,Regular member confirmation
Douban Movie,PERF_20260901_003219,1337,confirmation,Member confirmation,14,137,69,,,51,52,False,6.265750699996715,0x6131029C29b77c6aAe76491A1EbE66d704585D9D,0x27fFA41Dd35f806E2e8b320c1f074B7E33d8B902,0x9dd65360b16af8e38e55220aa234616ffba4fd9c54cbca70d4a8c002e264c4dc,1,127,1788212069,90844,80000000,300000,90844,64,6.4e-08,5814016,5.814016e-12,0.03154140000697225,2026-08-31T21:34:29.603440+00:00,2026-08-31T21:34:29.634987+00:00,Regular member confirmation
Douban Movie,PERF_20260901_003219,1337,confirmation,Member confirmation,14,137,69,,,52,53,False,6.3787390000070445,0xAADfb68e8260ad0f0096d11c9b33e6Cac67E0784,0x27fFA41Dd35f806E2e8b320c1f074B7E33d8B902,0x23e53a6a5a5dfc35b399cdc33f8ee08b436c8156d8debe88ae6cff1e09360b40,1,128,1788212069,90844,80000000,300000,90844,56,5.6e-08,5087264,5.087264e-12,0.029386999987764284,2026-08-31T21:34:29.719322+00:00,2026-08-31T21:34:29.748157+00:00,Regular member confirmation
Douban Movie,PERF_20260901_003219,1337,confirmation,Member confirmation,14,137,69,,,53,54,False,6.5008206000202335,0x2551c5268DcC78E0219d9d9e66583783c39aD8B6,0x27fFA41Dd35f806E2e8b320c1f074B7E33d8B902,0x968d7b84af3b75f667c7160b0f9b00318a1a15cfca4197c945282a214b96812b,1,129,1788212069,90844,80000000,300000,90844,50,5e-08,4542200,4.5422e-12,0.03276519998325966,2026-08-31T21:34:29.833908+00:00,2026-08-31T21:34:29.867096+00:00,Regular member confirmation
Douban Movie,PERF_20260901_003219,1337,confirmation,Member confirmation,14,137,69,,,54,55,False,6.613659499998903,0x410841429c9103e270cE469ab1cfE09f26f824AD,0x27fFA41Dd35f806E2e8b320c1f074B7E33d8B902,0xd06f7df701d54fe4f30cedacd4b83ef231e3de666baeb1edeb6d2c6be94bb2ef,1,130,1788212069,90844,80000000,300000,90844,45,4.5e-08,4087980,4.08798e-12,0.03163670000503771,2026-08-31T21:34:29.953101+00:00,2026-08-31T21:34:29.985135+00:00,Regular member confirmation
Douban Movie,PERF_20260901_003219,1337,confirmation,Member confirmation,14,137,69,,,55,56,False,6.734975100000156,0x55Db4A7c71689EE54089d02b09f6e964D1D6308F,0x27fFA41Dd35f806E2e8b320c1f074B7E33d8B902,0x49f71528683fd455dbfdf59003866f7207e2a8fbf2e63f45c05a9f8b46ff06a7,1,131,1788212070,90844,80000000,300000,90844,40,4e-08,3633760,3.63376e-12,0.03225849999580532,2026-08-31T21:34:30.070766+00:00,2026-08-31T21:34:30.103448+00:00,Regular member confirmation
Douban Movie,PERF_20260901_003219,1337,confirmation,Member confirmation,14,137,69,,,56,57,False,6.850105199991958,0x06739df1475a6293316B0765889009df673Fd6a4,0x27fFA41Dd35f806E2e8b320c1f074B7E33d8B902,0x2036f663540930ba2bd81f2768e447c86be01fc91e987160f50c4cd643249110,1,132,1788212070,90844,80000000,300000,90844,36,3.6e-08,3270384,3.270384e-12,0.031060100009199232,2026-08-31T21:34:30.188168+00:00,2026-08-31T21:34:30.219149+00:00,Regular member confirmation
Douban Movie,PERF_20260901_003219,1337,confirmation,Member confirmation,14,137,69,,,57,58,False,6.962459100002889,0x3eC0dA0E2E2c85F7b74B3F842c322779fD834249,0x27fFA41Dd35f806E2e8b320c1f074B7E33d8B902,0xebfaa4a1b9c77f8eee2e829439a321a7847feea13b87c91e238e405215d36a72,1,133,1788212070,90844,80000000,300000,90844,32,3.2e-08,2907008,2.907008e-12,0.030399999988730997,2026-08-31T21:34:30.301152+00:00,2026-08-31T21:34:30.331061+00:00,Regular member confirmation
Douban Movie,PERF_20260901_003219,1337,confirmation,Member confirmation,14,137,69,,,58,59,False,7.075266500003636,0x4dd43259164afdF5C8F645d2678Ed0d31CE73f15,0x27fFA41Dd35f806E2e8b320c1f074B7E33d8B902,0x08742d7da6dc323bd4eac42ab112f86dd8936aa7edbcd0d0355f76093118fd4d,1,134,1788212070,90844,80000000,300000,90844,28,2.8e-08,2543632,2.543632e-12,0.030764500028453767,2026-08-31T21:34:30.414429+00:00,2026-08-31T21:34:30.445253+00:00,Regular member confirmation
Douban Movie,PERF_20260901_003219,1337,confirmation,Member confirmation,14,137,69,,,59,60,False,7.1899399000103585,0xf368d6c37a0348a955fA96B83cDb43e9754c3f76,0x27fFA41Dd35f806E2e8b320c1f074B7E33d8B902,0x731f14bfc45c305fe5a8f80188673d4a9f24ecb805f1b69789f0614d8b7478fb,1,135,1788212070,90844,80000000,300000,90844,25,2.5e-08,2271100,2.2711e-12,0.02861139999004081,2026-08-31T21:34:30.529656+00:00,2026-08-31T21:34:30.558894+00:00,Regular member confirmation
Douban Movie,PERF_20260901_003219,1337,confirmation,Member confirmation,14,137,69,,,60,61,False,7.316281500010518,0xc4830c3e41af68382c3b8474F913fA43e8b613b4,0x27fFA41Dd35f806E2e8b320c1f074B7E33d8B902,0xade49b3913d1b52dee63bdaf7be43c1005c5a6fbb567b389c19ed5740ec23c42,1,136,1788212070,90844,80000000,300000,90844,23,2.3e-08,2089412,2.089412e-12,0.035228799999458715,2026-08-31T21:34:30.648497+00:00,2026-08-31T21:34:30.683953+00:00,Regular member confirmation
Douban Movie,PERF_20260901_003219,1337,confirmation,Member confirmation,14,137,69,,,61,62,False,7.436307600000873,0xb850c389d7BfC897d2dfAA4833613ED0cfe5B529,0x27fFA41Dd35f806E2e8b320c1f074B7E33d8B902,0x6dd2dbc7670fb72ad1871f9ef048ffe52b37556f6a5d668105f47aaa0cae2782,1,137,1788212070,90844,80000000,300000,90844,21,2.1e-08,1907724,1.907724e-12,0.031806200015125796,2026-08-31T21:34:30.768829+00:00,2026-08-31T21:34:30.800753+00:00,Regular member confirmation
Douban Movie,PERF_20260901_003219,1337,confirmation,Member confirmation,14,137,69,,,62,63,False,7.551741400005994,0x0d2976FC4ad1DD053EcA2A16D8734aE92f5BBb81,0x27fFA41Dd35f806E2e8b320c1f074B7E33d8B902,0x7e620607264e11371d4fdde30b8f3972a7bf40b4c2436b04389eaebce0ce2f6f,1,138,1788212070,90844,80000000,300000,90844,18,1.8e-08,1635192,1.635192e-12,0.03328279999550432,2026-08-31T21:34:30.889302+00:00,2026-08-31T21:34:30.922794+00:00,Regular member confirmation
Douban Movie,PERF_20260901_003219,1337,confirmation,Member confirmation,14,137,69,,,63,64,False,7.66624029999366,0x28514B582b12E1B247f78914fb71d778b3D9b504,0x27fFA41Dd35f806E2e8b320c1f074B7E33d8B902,0x129483ba12b9dd17a24ce77277fd246a69501da0771026467e19fe7780a35a37,1,139,1788212071,90844,80000000,300000,90844,16,1.6e-08,1453504,1.453504e-12,0.02960850001545623,2026-08-31T21:34:31.003200+00:00,2026-08-31T21:34:31.031910+00:00,Regular member confirmation
Douban Movie,PERF_20260901_003219,1337,confirmation,Member confirmation,14,137,69,,,64,65,False,7.788173000008101,0x5bbb70501BB7c2f90ee922A825BA5490757a628C,0x27fFA41Dd35f806E2e8b320c1f074B7E33d8B902,0x77c2fc49a8b453b6ab0faf50654ffc94cda5149abbfb8afd7f8d8fedd206d03c,1,140,1788212071,90844,80000000,300000,90844,15,1.5e-08,1362660,1.36266e-12,0.037424599984660745,2026-08-31T21:34:31.120298+00:00,2026-08-31T21:34:31.157378+00:00,Regular member confirmation
Douban Movie,PERF_20260901_003219,1337,confirmation,Member confirmation,14,137,69,,,65,66,False,7.912353399995482,0x055371cd23856Be754fC9cf10f045B735D00aede,0x27fFA41Dd35f806E2e8b320c1f074B7E33d8B902,0xab7a9c4ea5986a933d3d1e1508484fd039b1fe51ca966a949832188566f2fde2,1,141,1788212071,90844,80000000,300000,90844,14,1.4e-08,1271816,1.271816e-12,0.03400179999880493,2026-08-31T21:34:31.246487+00:00,2026-08-31T21:34:31.280094+00:00,Regular member confirmation
Douban Movie,PERF_20260901_003219,1337,confirmation,Member confirmation,14,137,69,,,66,67,False,8.027275300002657,0xb8c789Ee452A7131367AD8EecCd6d187160351E9,0x27fFA41Dd35f806E2e8b320c1f074B7E33d8B902,0x4806d1fa33632ab8a3d62670925bd464935463daecc9fe21703633d6b1b91de9,1,142,1788212071,90844,80000000,300000,90844,13,1.3e-08,1180972,1.180972e-12,0.030465500021819025,2026-08-31T21:34:31.365193+00:00,2026-08-31T21:34:31.395274+00:00,Regular member confirmation
Douban Movie,PERF_20260901_003219,1337,confirmation,Member confirmation,14,137,69,,,67,68,False,8.145139900007052,0x6d2045fEF34c45283FFbA5CA1f45629F81861CdD,0x27fFA41Dd35f806E2e8b320c1f074B7E33d8B902,0x54d1cd4122ac5d8079a90f42b189acb0a44dc49d2ce647f788b06b3d1d9c34ea,1,143,1788212071,90844,80000000,300000,90844,12,1.2e-08,1090128,1.090128e-12,0.0313554999884218,2026-08-31T21:34:31.480140+00:00,2026-08-31T21:34:31.511205+00:00,Regular member confirmation
Douban Movie,PERF_20260901_003219,1337,confirmation,Member confirmation,14,137,69,,,68,69,True,8.264310200000182,0x0D986141276706C9d868dAF3356506b55e4a48ff,0x27fFA41Dd35f806E2e8b320c1f074B7E33d8B902,0x8d6b5e7adf77b9fd087415d684d3e5df68f36ca772b6e58b85abd19e14146779,1,144,1788212071,120841,80000000,300000,120841,11,1.1e-08,1329251,1.329251e-12,0.03556920000119135,2026-08-31T21:34:31.599416+00:00,2026-08-31T21:34:31.634167+00:00,Finalization-triggering confirmation
Douban Movie,PERF_20260901_003219,1337,confirmation,Member confirmation,84,117,59,,,1,2,False,0.14332089998060837,0xB7E36E95689545F178f6b4b0AF8cEd0fCC4eDFCc,0x27fFA41Dd35f806E2e8b320c1f074B7E33d8B902,0x11eaa99e9b2c54e6875059c84dd4aa587f61ff871f8d562d774cec4a727b0277,1,145,1788212071,90832,80000000,300000,90832,10,1e-08,908320,9.0832e-13,0.029360299988184124,2026-08-31T21:34:31.903049+00:00,2026-08-31T21:34:31.931764+00:00,Regular member confirmation
Douban Movie,PERF_20260901_003219,1337,confirmation,Member confirmation,84,117,59,,,2,3,False,0.25516760000027716,0xfBBEbfa25708BA3838538967b05680685F3a57FC,0x27fFA41Dd35f806E2e8b320c1f074B7E33d8B902,0xde181a580bb6cc56420d933e0bcc659fbb53ca6bf059a58419f9f54a87f23f4e,1,146,1788212072,90832,80000000,300000,90832,10,1e-08,908320,9.0832e-13,0.02937430000747554,2026-08-31T21:34:32.014154+00:00,2026-08-31T21:34:32.043437+00:00,Regular member confirmation
Douban Movie,PERF_20260901_003219,1337,confirmation,Member confirmation,84,117,59,,,3,4,False,0.3816359999764245,0x8329FFC4dDDa535F324E3392aCbCe326824Ab999,0x27fFA41Dd35f806E2e8b320c1f074B7E33d8B902,0x5149b2b6016b594083d52c44257c4ddbecd6d3005cf3634a91f06e60c7bc949f,1,147,1788212072,90832,80000000,300000,90832,10,1e-08,908320,9.0832e-13,0.037900299998000264,2026-08-31T21:34:32.123270+00:00,2026-08-31T21:34:32.160968+00:00,Regular member confirmation
Douban Movie,PERF_20260901_003219,1337,confirmation,Member confirmation,84,117,59,,,4,5,False,0.49629759998060763,0x1F3406eb7f78a7C2776D77bEA2E8C362d9680CA0,0x27fFA41Dd35f806E2e8b320c1f074B7E33d8B902,0xba8013e2348c745ccc10e3c3af27cb2ffbe2b6db56732ff7a4b1e6af68be1de2,1,148,1788212072,90832,80000000,300000,90832,10,1e-08,908320,9.0832e-13,0.030260999978054315,2026-08-31T21:34:32.250338+00:00,2026-08-31T21:34:32.281175+00:00,Regular member confirmation
Douban Movie,PERF_20260901_003219,1337,confirmation,Member confirmation,84,117,59,,,5,6,False,0.6106865999754518,0x692A1b99F678b321C92de09fFcA8D24760f457Ff,0x27fFA41Dd35f806E2e8b320c1f074B7E33d8B902,0x6d4c97d4b1dc0a7a034d9e8beedc552275a63aac2170f506ac954e2b6e84c590,1,149,1788212072,90832,80000000,300000,90832,10,1e-08,908320,9.0832e-13,0.03119650000007823,2026-08-31T21:34:32.367019+00:00,2026-08-31T21:34:32.398642+00:00,Regular member confirmation
Douban Movie,PERF_20260901_003219,1337,confirmation,Member confirmation,84,117,59,,,6,7,False,0.7253854000009596,0x1479b0b2b6F69581709667d0B24ecd6673D9fa58,0x27fFA41Dd35f806E2e8b320c1f074B7E33d8B902,0xdbfbfa3df0d8576917fe86304920ef2a41ff7e57fb52d82482ab0c4f8ce5d571,1,150,1788212072,90832,80000000,300000,90832,10,1e-08,908320,9.0832e-13,0.029354099999181926,2026-08-31T21:34:32.481462+00:00,2026-08-31T21:34:32.511637+00:00,Regular member confirmation
Douban Movie,PERF_20260901_003219,1337,confirmation,Member confirmation,84,117,59,,,7,8,False,0.836705499998061,0x5A0eaBb32946E23eF130D0E1e63926e1dfaa2902,0x27fFA41Dd35f806E2e8b320c1f074B7E33d8B902,0x93f6cffaff4075d8caf98523427903c350eaa62fa650c952f209e899be0f3b4c,1,151,1788212072,90832,80000000,300000,90832,10,1e-08,908320,9.0832e-13,0.029760400007944554,2026-08-31T21:34:32.594916+00:00,2026-08-31T21:34:32.625616+00:00,Regular member confirmation
Douban Movie,PERF_20260901_003219,1337,confirmation,Member confirmation,84,117,59,,,8,9,False,0.9522944999916945,0x7c1B93240f979Fa0bb3cf7468B8d5Df1eDD6cA31,0x27fFA41Dd35f806E2e8b320c1f074B7E33d8B902,0xa4773eeb3b7cf146eb4412a6ab72de1e86feeca5634b711be7977cec0172e6b0,1,152,1788212072,90832,80000000,300000,90832,10,1e-08,908320,9.0832e-13,0.032146999990800396,2026-08-31T21:34:32.706159+00:00,2026-08-31T21:34:32.738344+00:00,Regular member confirmation
Douban Movie,PERF_20260901_003219,1337,confirmation,Member confirmation,84,117,59,,,9,10,False,1.0673916999949142,0xb2CdB4905dC521dBB81f9449C40F911DFE5d7225,0x27fFA41Dd35f806E2e8b320c1f074B7E33d8B902,0x5d60f17ea889145292f6fa2a848a9a836faceeec5e27811f95d200fec0b5f94d,1,153,1788212072,90832,80000000,300000,90832,10,1e-08,908320,9.0832e-13,0.028470199991716072,2026-08-31T21:34:32.826156+00:00,2026-08-31T21:34:32.854730+00:00,Regular member confirmation
Douban Movie,PERF_20260901_003219,1337,confirmation,Member confirmation,84,117,59,,,10,11,False,1.1884081999887712,0x451331213687272CCD5A9162d2e1B25c792941CD,0x27fFA41Dd35f806E2e8b320c1f074B7E33d8B902,0x797e10be746e4ecf20e3f50a08bad5bf35461e0bc6d31cd25f813961428b02d2,1,154,1788212072,90832,80000000,300000,90832,10,1e-08,908320,9.0832e-13,0.031689399998867884,2026-08-31T21:34:32.941589+00:00,2026-08-31T21:34:32.973094+00:00,Regular member confirmation
Douban Movie,PERF_20260901_003219,1337,confirmation,Member confirmation,84,117,59,,,11,12,False,1.2989967000030447,0x60b82E2D1Ad4bD80Cf95927BA62985615E7c549C,0x27fFA41Dd35f806E2e8b320c1f074B7E33d8B902,0xc10fe5d7800480877ec94e1c8e8991e5597f2c1e595f47d600eac277d3e49b73,1,155,1788212073,90832,80000000,300000,90832,10,1e-08,908320,9.0832e-13,0.027918899984797463,2026-08-31T21:34:33.058924+00:00,2026-08-31T21:34:33.087063+00:00,Regular member confirmation
Douban Movie,PERF_20260901_003219,1337,confirmation,Member confirmation,84,117,59,,,12,13,False,1.4141601999872364,0x2CB236fD8Bf1CFE03Ea60a48ab853dabBC62BB35,0x27fFA41Dd35f806E2e8b320c1f074B7E33d8B902,0xc63e5919f277b9bc472ef9c5559a15b73a3c41cb45b134c1ba021abd292ca12f,1,156,1788212073,90832,80000000,300000,90832,10,1e-08,908320,9.0832e-13,0.029043399990769103,2026-08-31T21:34:33.169869+00:00,2026-08-31T21:34:33.198206+00:00,Regular member confirmation
Douban Movie,PERF_20260901_003219,1337,confirmation,Member confirmation,84,117,59,,,13,14,False,1.5275167999789119,0x2368d5135411197CAEe0524FD3e35915d9ccDD11,0x27fFA41Dd35f806E2e8b320c1f074B7E33d8B902,0x9bbbb0095e49c8e53b568e041928d2daefb987d5a0ee85af9f2ea68d5a5ae019,1,157,1788212073,90832,80000000,300000,90832,10,1e-08,908320,9.0832e-13,0.02941849999479018,2026-08-31T21:34:33.285841+00:00,2026-08-31T21:34:33.314820+00:00,Regular member confirmation
Douban Movie,PERF_20260901_003219,1337,confirmation,Member confirmation,84,117,59,,,14,15,False,1.7429657999891788,0xB9d37fB7c592Ea3b10995Be7d8f20709ddfE666E,0x27fFA41Dd35f806E2e8b320c1f074B7E33d8B902,0x639daac04d6e377f436af17c31eadbe1b17407ad4b2aa5e3f5ee13989d2e235b,1,158,1788212073,90832,80000000,300000,90832,10,1e-08,908320,9.0832e-13,0.029693299991777167,2026-08-31T21:34:33.500061+00:00,2026-08-31T21:34:33.530761+00:00,Regular member confirmation
Douban Movie,PERF_20260901_003219,1337,confirmation,Member confirmation,84,117,59,,,15,16,False,1.851377599989064,0x74742eD6EA98CF8b8F00636E9030d62a0FEb7E0c,0x27fFA41Dd35f806E2e8b320c1f074B7E33d8B902,0xa0901daed29ea1387a9c959e253a5d7bb613b5f3552a58343be131be7b07b1c0,1,159,1788212073,90832,80000000,300000,90832,10,1e-08,908320,9.0832e-13,0.02901299999211915,2026-08-31T21:34:33.611085+00:00,2026-08-31T21:34:33.640335+00:00,Regular member confirmation
Douban Movie,PERF_20260901_003219,1337,confirmation,Member confirmation,84,117,59,,,16,17,False,1.9861807999841403,0x507AC5fd9d40D9f6E193D3d7396385E65b3C1770,0x27fFA41Dd35f806E2e8b320c1f074B7E33d8B902,0xa38a0a56353939587c06d655a24a84ebebb97af8196a0203ea647a9432c17952,1,160,1788212073,90832,80000000,300000,90832,10,1e-08,908320,9.0832e-13,0.03310210001654923,2026-08-31T21:34:33.720410+00:00,2026-08-31T21:34:33.754021+00:00,Regular member confirmation
Douban Movie,PERF_20260901_003219,1337,confirmation,Member confirmation,84,117,59,,,17,18,False,2.10572009999305,0x0dA38A4BAEcbc6C29D5023bDCd62cD5c281b8e25,0x27fFA41Dd35f806E2e8b320c1f074B7E33d8B902,0x0f2e53d056fbbf2caeeacc51f5c06cf664b0a602a7dece30866e55f6cae351ab,1,161,1788212073,90832,80000000,300000,90832,10,1e-08,908320,9.0832e-13,0.0314146000018809,2026-08-31T21:34:33.862146+00:00,2026-08-31T21:34:33.892981+00:00,Regular member confirmation
Douban Movie,PERF_20260901_003219,1337,confirmation,Member confirmation,84,117,59,,,18,19,False,2.233738099981565,0x0e1e707211c329F54760F3d198f7592eD78715A8,0x27fFA41Dd35f806E2e8b320c1f074B7E33d8B902,0x46c554b1513a0b0f1385f4590f64e8f9dcff6c8d982f3f4f3398991c4149485b,1,162,1788212073,90832,80000000,300000,90832,10,1e-08,908320,9.0832e-13,0.034049600013531744,2026-08-31T21:34:33.981744+00:00,2026-08-31T21:34:34.016440+00:00,Regular member confirmation
Douban Movie,PERF_20260901_003219,1337,confirmation,Member confirmation,84,117,59,,,19,20,False,2.348073300003307,0x83B202A2559034Df3897b7046C9c93cB23580736,0x27fFA41Dd35f806E2e8b320c1f074B7E33d8B902,0x862448c4ead87aa0b7fc4826f6463edd4a1ba258461b177e69963f78ea737c29,1,163,1788212074,90832,80000000,300000,90832,10,1e-08,908320,9.0832e-13,0.02980540000135079,2026-08-31T21:34:34.105447+00:00,2026-08-31T21:34:34.135510+00:00,Regular member confirmation
Douban Movie,PERF_20260901_003219,1337,confirmation,Member confirmation,84,117,59,,,20,21,False,2.4732434999896213,0x669B088926810bb8Bc3Bbd74fcd64Afd065C3920,0x27fFA41Dd35f806E2e8b320c1f074B7E33d8B902,0xde68c68945e3648cf26a3de60e50ee22f64ca731915186fb2f0113770cd7e9b5,1,164,1788212074,90832,80000000,300000,90832,10,1e-08,908320,9.0832e-13,0.032101299992064014,2026-08-31T21:34:34.222977+00:00,2026-08-31T21:34:34.254118+00:00,Regular member confirmation
Douban Movie,PERF_20260901_003219,1337,confirmation,Member confirmation,84,117,59,,,21,22,False,2.5903364999976475,0xB595FD0d7c433b69c143173ac055A4DB37a8aE9E,0x27fFA41Dd35f806E2e8b320c1f074B7E33d8B902,0x03625a07b3c41742802d309f1d6afb72feea7bbf2fb17228895b23a1f1cec3b1,1,165,1788212074,90832,80000000,300000,90832,10,1e-08,908320,9.0832e-13,0.031242199998814613,2026-08-31T21:34:34.347637+00:00,2026-08-31T21:34:34.378177+00:00,Regular member confirmation
Douban Movie,PERF_20260901_003219,1337,confirmation,Member confirmation,84,117,59,,,22,23,False,2.729085400002077,0xFC42FB6cB9F32e97bC0E1C0eE5a3Dd846fc63385,0x27fFA41Dd35f806E2e8b320c1f074B7E33d8B902,0x746b8323a565342df064b3b24ba6cdd835389ffdf5184b31467d4f682db413d8,1,166,1788212074,90832,80000000,300000,90832,10,1e-08,908320,9.0832e-13,0.03513189998921007,2026-08-31T21:34:34.466811+00:00,2026-08-31T21:34:34.501400+00:00,Regular member confirmation
Douban Movie,PERF_20260901_003219,1337,confirmation,Member confirmation,84,117,59,,,23,24,False,2.898518599977251,0xb7248142134D84681e24BC623348e3513BBDdf0E,0x27fFA41Dd35f806E2e8b320c1f074B7E33d8B902,0xb513c984b28825f1582c2252a902b7a8fa5f123de4feec6d0070755e3bf3c14a,1,167,1788212074,90832,80000000,300000,90832,10,1e-08,908320,9.0832e-13,0.05267089998233132,2026-08-31T21:34:34.612999+00:00,2026-08-31T21:34:34.666643+00:00,Regular member confirmation
Douban Movie,PERF_20260901_003219,1337,confirmation,Member confirmation,84,117,59,,,24,25,False,3.0742912999994587,0x6716a31Ba936933dAbEFb07f260ddBab269cA81a,0x27fFA41Dd35f806E2e8b320c1f074B7E33d8B902,0x3113ade8337d545732c6a740e6c1192d5e02135338e4326616fa68ac4c98a897,1,168,1788212074,90832,80000000,300000,90832,10,1e-08,908320,9.0832e-13,0.04755519999889657,2026-08-31T21:34:34.796525+00:00,2026-08-31T21:34:34.843939+00:00,Regular member confirmation
Douban Movie,PERF_20260901_003219,1337,confirmation,Member confirmation,84,117,59,,,25,26,False,3.230871699983254,0xC95f07Bc324b664E13b367C040B72F0C8D8429F8,0x27fFA41Dd35f806E2e8b320c1f074B7E33d8B902,0x3457bc0410bb4d2ab04de20d671c54c8a6ba1c2f60fc8e1e80c932f9aaa72595,1,169,1788212074,90832,80000000,300000,90832,10,1e-08,908320,9.0832e-13,0.043409400008386,2026-08-31T21:34:34.967566+00:00,2026-08-31T21:34:35.011494+00:00,Regular member confirmation
Douban Movie,PERF_20260901_003219,1337,confirmation,Member confirmation,84,117,59,,,26,27,False,3.377716499991948,0x2021bca6B34eBCbAA0ea2C1BF716a1643b13B266,0x27fFA41Dd35f806E2e8b320c1f074B7E33d8B902,0x0423c6e1437f94d81a70f57aa6a5d165ac2c1721d14910be996244cd2c7f0038,1,170,1788212075,90832,80000000,300000,90832,10,1e-08,908320,9.0832e-13,0.03721919999225065,2026-08-31T21:34:35.115884+00:00,2026-08-31T21:34:35.153463+00:00,Regular member confirmation
Douban Movie,PERF_20260901_003219,1337,confirmation,Member confirmation,84,117,59,,,27,28,False,3.5404755999916233,0x0f21BB0e076B9ff1C626fca2f4A79E7666f207cE,0x27fFA41Dd35f806E2e8b320c1f074B7E33d8B902,0x94f9730facb1543bdf3f6ea5b5b982ea82c55348a7f546dbf62d319c0b721176,1,171,1788212075,90832,80000000,300000,90832,10,1e-08,908320,9.0832e-13,0.04822289998992346,2026-08-31T21:34:35.266096+00:00,2026-08-31T21:34:35.314756+00:00,Regular member confirmation
Douban Movie,PERF_20260901_003219,1337,confirmation,Member confirmation,84,117,59,,,28,29,False,3.687589899986051,0x9DA8A9AB46105Ac563755f311c09E3e84B3EBCcA,0x27fFA41Dd35f806E2e8b320c1f074B7E33d8B902,0x4fccf6140b193a98c8dfa6a40b8e500ef3f92a50bf3a0f4efbd6c20e6fceca16,1,172,1788212075,90832,80000000,300000,90832,10,1e-08,908320,9.0832e-13,0.039578800002345815,2026-08-31T21:34:35.425846+00:00,2026-08-31T21:34:35.466114+00:00,Regular member confirmation
Douban Movie,PERF_20260901_003219,1337,confirmation,Member confirmation,84,117,59,,,29,30,False,3.8531668999930844,0xaE60Fb3fb3689b58f9f6Ef4f083F156dD0f8d5Cb,0x27fFA41Dd35f806E2e8b320c1f074B7E33d8B902,0x458e1c0096b4f174f4d72a2d7211acf8e390ff02697bc238c8603995e9b49950,1,173,1788212075,90832,80000000,300000,90832,10,1e-08,908320,9.0832e-13,0.04334890001337044,2026-08-31T21:34:35.593946+00:00,2026-08-31T21:34:35.636788+00:00,Regular member confirmation
Douban Movie,PERF_20260901_003219,1337,confirmation,Member confirmation,84,117,59,,,30,31,False,3.9774356999841984,0x55aDfF5a8D30FFFeBA7eBb215c088a4f0B609224,0x27fFA41Dd35f806E2e8b320c1f074B7E33d8B902,0x0a3355baa7fde91360e22fa09686f40d7a1961618f1247dbbdf8ab1d16de94ce,1,174,1788212075,90832,80000000,300000,90832,10,1e-08,908320,9.0832e-13,0.032741199975134805,2026-08-31T21:34:35.728654+00:00,2026-08-31T21:34:35.762021+00:00,Regular member confirmation
Douban Movie,PERF_20260901_003219,1337,confirmation,Member confirmation,84,117,59,,,31,32,False,4.118569899990689,0xa971476108bDB4C744132BE5323A572b53961a09,0x27fFA41Dd35f806E2e8b320c1f074B7E33d8B902,0xf0ff361a4faee606cb71991dcbef70ddb5ea77688701d3dd5e358c8f333fc8d7,1,175,1788212075,90832,80000000,300000,90832,10,1e-08,908320,9.0832e-13,0.03750370000489056,2026-08-31T21:34:35.856203+00:00,2026-08-31T21:34:35.894226+00:00,Regular member confirmation
Douban Movie,PERF_20260901_003219,1337,confirmation,Member confirmation,84,117,59,,,32,33,False,4.2521275999897625,0x0E44033882B920b94Fb4C800E46DFa2F71886309,0x27fFA41Dd35f806E2e8b320c1f074B7E33d8B902,0x139e309f70474959a5a25326f78371822e7300635b118d506dc935cba6136280,1,176,1788212076,90832,80000000,300000,90832,10,1e-08,908320,9.0832e-13,0.0366770000255201,2026-08-31T21:34:35.997881+00:00,2026-08-31T21:34:36.034441+00:00,Regular member confirmation
Douban Movie,PERF_20260901_003219,1337,confirmation,Member confirmation,84,117,59,,,33,34,False,4.369969499995932,0x7D9e52cD2dcb7f48025Fa6370dB930729783aCA4,0x27fFA41Dd35f806E2e8b320c1f074B7E33d8B902,0xd2b8dedc624588f12c41acbb66292d73016cd753ab98e940e6c10154aaf69a31,1,177,1788212076,90832,80000000,300000,90832,10,1e-08,908320,9.0832e-13,0.030617700016591698,2026-08-31T21:34:36.125235+00:00,2026-08-31T21:34:36.155281+00:00,Regular member confirmation
Douban Movie,PERF_20260901_003219,1337,confirmation,Member confirmation,84,117,59,,,34,35,False,4.495915399980731,0x40D834CB4cF63c7817fB451ea3eeF704E40D8A6E,0x27fFA41Dd35f806E2e8b320c1f074B7E33d8B902,0x8ce65daf88db35951adcdbb4ce2ebe6044886868ca12c0debacebde06b542d1c,1,178,1788212076,90832,80000000,300000,90832,10,1e-08,908320,9.0832e-13,0.03172090000589378,2026-08-31T21:34:36.248345+00:00,2026-08-31T21:34:36.279657+00:00,Regular member confirmation
Douban Movie,PERF_20260901_003219,1337,confirmation,Member confirmation,84,117,59,,,35,36,False,4.621679599978961,0x9253222Bd31C699f94212D32629De4e9782686FD,0x27fFA41Dd35f806E2e8b320c1f074B7E33d8B902,0xbf08fd23554ed2c0a6f5cbcf44ca775b88445a00dc7ebf758df64406b50afd0a,1,179,1788212076,90832,80000000,300000,90832,10,1e-08,908320,9.0832e-13,0.032988699997076765,2026-08-31T21:34:36.374664+00:00,2026-08-31T21:34:36.407153+00:00,Regular member confirmation
Douban Movie,PERF_20260901_003219,1337,confirmation,Member confirmation,84,117,59,,,36,37,False,4.745383200002834,0x881D985aC65278E59948BBcE83e31f86fDd9d1b6,0x27fFA41Dd35f806E2e8b320c1f074B7E33d8B902,0x1142fa0b6728e54cb8ab2f79019ac412a6162e5b35338bdc20fa91135a43c469,1,180,1788212076,90832,80000000,300000,90832,10,1e-08,908320,9.0832e-13,0.03493510000407696,2026-08-31T21:34:36.496141+00:00,2026-08-31T21:34:36.530355+00:00,Regular member confirmation
Douban Movie,PERF_20260901_003219,1337,confirmation,Member confirmation,84,117,59,,,37,38,False,4.855971299984958,0xdA27AF88Fef37B90338CbbA5886f6c57B0172fE6,0x27fFA41Dd35f806E2e8b320c1f074B7E33d8B902,0xe6e3472bc65c8771ea8acf76ba98bd41748c6fcaee12319000f2042302108459,1,181,1788212076,90832,80000000,300000,90832,10,1e-08,908320,9.0832e-13,0.02832240000134334,2026-08-31T21:34:36.614946+00:00,2026-08-31T21:34:36.643755+00:00,Regular member confirmation
Douban Movie,PERF_20260901_003219,1337,confirmation,Member confirmation,84,117,59,,,38,39,False,4.988699199981056,0x5F15fd47881244CA0418fB4F93223dFfB3be24b6,0x27fFA41Dd35f806E2e8b320c1f074B7E33d8B902,0xc230b700ac316394d6c1b8a37b6a0d3ff4d1a19338d82d92456870afb690169d,1,182,1788212076,90832,80000000,300000,90832,10,1e-08,908320,9.0832e-13,0.03502770001068711,2026-08-31T21:34:36.728098+00:00,2026-08-31T21:34:36.763414+00:00,Regular member confirmation
Douban Movie,PERF_20260901_003219,1337,confirmation,Member confirmation,84,117,59,,,39,40,False,5.121389899984933,0xacb455CC57369805889aDe43C2cf58D82Cc65B01,0x27fFA41Dd35f806E2e8b320c1f074B7E33d8B902,0x4a947c5cae73cac2593ad6b9c119198c75590b451b304b7cbad28b72cc5d2d0a,1,183,1788212076,90832,80000000,300000,90832,10,1e-08,908320,9.0832e-13,0.03568179998546839,2026-08-31T21:34:36.868921+00:00,2026-08-31T21:34:36.904232+00:00,Regular member confirmation
Douban Movie,PERF_20260901_003219,1337,confirmation,Member confirmation,84,117,59,,,40,41,False,5.255219699989539,0x32944bA6375f08165215D1E50a01dA1225CD4Fe9,0x27fFA41Dd35f806E2e8b320c1f074B7E33d8B902,0x85273c0b38870415cd91ed3e72f074b6b625d75c524be03de00c4de3bf295f6b,1,184,1788212077,90832,80000000,300000,90832,10,1e-08,908320,9.0832e-13,0.03780570000526495,2026-08-31T21:34:36.994828+00:00,2026-08-31T21:34:37.032535+00:00,Regular member confirmation
Douban Movie,PERF_20260901_003219,1337,confirmation,Member confirmation,84,117,59,,,41,42,False,5.393159999977797,0xFb25e18fB44805bD33e087314ccE9d9d907359c6,0x27fFA41Dd35f806E2e8b320c1f074B7E33d8B902,0x04200b97fb0b7c715f4152af81b569ff607fda01394ed1332fb7973ff6815c83,1,185,1788212077,90832,80000000,300000,90832,10,1e-08,908320,9.0832e-13,0.035135499987518415,2026-08-31T21:34:37.138899+00:00,2026-08-31T21:34:37.174140+00:00,Regular member confirmation
Douban Movie,PERF_20260901_003219,1337,confirmation,Member confirmation,84,117,59,,,42,43,False,5.518236499978229,0xc5bAFFfC14A77c0cBa723cAa2F33d0ad62a0E977,0x27fFA41Dd35f806E2e8b320c1f074B7E33d8B902,0xbede6415377f5bd459cf0da77fdb6d270d92bbb1827c3cc3194045bfb1c96aed,1,186,1788212077,90832,80000000,300000,90832,10,1e-08,908320,9.0832e-13,0.031068400014191866,2026-08-31T21:34:37.269639+00:00,2026-08-31T21:34:37.300635+00:00,Regular member confirmation
Douban Movie,PERF_20260901_003219,1337,confirmation,Member confirmation,84,117,59,,,43,44,False,5.6459800000011455,0xF9643ebe86fA650b5dE8F349c22134327af27E0D,0x27fFA41Dd35f806E2e8b320c1f074B7E33d8B902,0x035387f05c29b58c6395d166e319641782f0427757d7844997a78b739c5c108e,1,187,1788212077,90832,80000000,300000,90832,10,1e-08,908320,9.0832e-13,0.035751899995375425,2026-08-31T21:34:37.393081+00:00,2026-08-31T21:34:37.428509+00:00,Regular member confirmation
Douban Movie,PERF_20260901_003219,1337,confirmation,Member confirmation,84,117,59,,,44,45,False,5.775319099979242,0xB510669b5E91cEb3F455373870CF20E7f1824A0B,0x27fFA41Dd35f806E2e8b320c1f074B7E33d8B902,0xec75c32edc2e96430d4b7b6b9aafd68e10d674d7aa39a846b6ee19985c273e56,1,188,1788212077,90832,80000000,300000,90832,10,1e-08,908320,9.0832e-13,0.034440599993104115,2026-08-31T21:34:37.526965+00:00,2026-08-31T21:34:37.561143+00:00,Regular member confirmation
Douban Movie,PERF_20260901_003219,1337,confirmation,Member confirmation,84,117,59,,,45,46,False,5.887473799986765,0x48ADaE98Ea5AddabeE8AD7566C109339a08745AB,0x27fFA41Dd35f806E2e8b320c1f074B7E33d8B902,0x0ee04e37bb4120df9f4897b8ed96fd08b0f4182fc9f34c30501833b5994b00c2,1,189,1788212077,90832,80000000,300000,90832,10,1e-08,908320,9.0832e-13,0.030132399988360703,2026-08-31T21:34:37.644929+00:00,2026-08-31T21:34:37.675070+00:00,Regular member confirmation
Douban Movie,PERF_20260901_003219,1337,confirmation,Member confirmation,84,117,59,,,46,47,False,6.00720029999502,0x6453A6f0a131F939a68C29D7d1e2B66200b5269a,0x27fFA41Dd35f806E2e8b320c1f074B7E33d8B902,0xd94c4e5115424ce093aa43a6cb6c2460502a14bd8d1f2145fcf664d751eda6ca,1,190,1788212077,90832,80000000,300000,90832,10,1e-08,908320,9.0832e-13,0.03285339998546988,2026-08-31T21:34:37.757584+00:00,2026-08-31T21:34:37.790559+00:00,Regular member confirmation
Douban Movie,PERF_20260901_003219,1337,confirmation,Member confirmation,84,117,59,,,47,48,False,6.120675699989079,0xa1b9f671E2a631c619b7c6c2b3192E57Da8bF86c,0x27fFA41Dd35f806E2e8b320c1f074B7E33d8B902,0x7366f363c86c835399b8bbfc11b67c369a8b1fa54d9347cef74d612b8b1eb2fd,1,191,1788212077,90832,80000000,300000,90832,10,1e-08,908320,9.0832e-13,0.0307195000059437,2026-08-31T21:34:37.877456+00:00,2026-08-31T21:34:37.907086+00:00,Regular member confirmation
Douban Movie,PERF_20260901_003219,1337,confirmation,Member confirmation,84,117,59,,,48,49,False,6.233448699989822,0x5921bA4530db56118B7fD6171DB768f823E7419e,0x27fFA41Dd35f806E2e8b320c1f074B7E33d8B902,0x21e95067404feea0e2baa440a836f3397079cf3a10db94da8b534602ffb4f75e,1,192,1788212077,90832,80000000,300000,90832,10,1e-08,908320,9.0832e-13,0.029400400002487004,2026-08-31T21:34:37.989760+00:00,2026-08-31T21:34:38.018214+00:00,Regular member confirmation
Douban Movie,PERF_20260901_003219,1337,confirmation,Member confirmation,84,117,59,,,49,50,False,6.350039099983405,0x1387637b1e46E8FAFc7695271dc3AacdE8C43f2A,0x27fFA41Dd35f806E2e8b320c1f074B7E33d8B902,0x089af067257caae147174d5ca161df23769dff6dcecabe936ad0e7744e86fe9d,1,193,1788212078,90832,80000000,300000,90832,10,1e-08,908320,9.0832e-13,0.03324749998864718,2026-08-31T21:34:38.104920+00:00,2026-08-31T21:34:38.137694+00:00,Regular member confirmation
Douban Movie,PERF_20260901_003219,1337,confirmation,Member confirmation,84,117,59,,,50,51,False,6.469452199991792,0x54D0D470C79246bEEa22E76283034e3Fb8e01b7f,0x27fFA41Dd35f806E2e8b320c1f074B7E33d8B902,0x245f1cad57ce2b400c3bf3483397501500281aa632f235bf1bcfe96b50df3f34,1,194,1788212078,90832,80000000,300000,90832,10,1e-08,908320,9.0832e-13,0.031665700022131205,2026-08-31T21:34:38.220659+00:00,2026-08-31T21:34:38.251362+00:00,Regular member confirmation
Douban Movie,PERF_20260901_003219,1337,confirmation,Member confirmation,84,117,59,,,51,52,False,6.585831000003964,0xfDcF5d1E075Ec8715F28E3BdDB7d90e0A2A5353D,0x27fFA41Dd35f806E2e8b320c1f074B7E33d8B902,0xeef9c82326f239c761a2e12e719bdb97764d326266bbf76de6ae4a17106b1925,1,195,1788212078,90832,80000000,300000,90832,10,1e-08,908320,9.0832e-13,0.03053119999822229,2026-08-31T21:34:38.341475+00:00,2026-08-31T21:34:38.371857+00:00,Regular member confirmation
Douban Movie,PERF_20260901_003219,1337,confirmation,Member confirmation,84,117,59,,,52,53,False,6.710132099979091,0x88F18C77B3a721ED7EA9ECDE7326fB66aDCB3c17,0x27fFA41Dd35f806E2e8b320c1f074B7E33d8B902,0x628fe9c446040023deee127ab934f0e1c969fe287d938d8f35c09c57fff6affe,1,196,1788212078,90832,80000000,300000,90832,10,1e-08,908320,9.0832e-13,0.03449009999167174,2026-08-31T21:34:38.459562+00:00,2026-08-31T21:34:38.494415+00:00,Regular member confirmation
Douban Movie,PERF_20260901_003219,1337,confirmation,Member confirmation,84,117,59,,,53,54,False,6.822052299976349,0x763262daf92b73e0b8091c3378b310Cd2174454C,0x27fFA41Dd35f806E2e8b320c1f074B7E33d8B902,0x4580fd596497cd828a2f4544d83fd00e93ae615c4bbb316c724d851b9c3eca57,1,197,1788212078,90832,80000000,300000,90832,10,1e-08,908320,9.0832e-13,0.029636899998877198,2026-08-31T21:34:38.580994+00:00,2026-08-31T21:34:38.610563+00:00,Regular member confirmation
Douban Movie,PERF_20260901_003219,1337,confirmation,Member confirmation,84,117,59,,,54,55,False,6.936752499983413,0x222666c68Dc24D3B8db4d6118f46380065EDc60C,0x27fFA41Dd35f806E2e8b320c1f074B7E33d8B902,0x9b44d14bb13d6e802ea5cf5e79efaa2a3f25b2262b944fba58cf31dc07aef82b,1,198,1788212078,90832,80000000,300000,90832,10,1e-08,908320,9.0832e-13,0.028177500003948808,2026-08-31T21:34:38.691165+00:00,2026-08-31T21:34:38.719588+00:00,Regular member confirmation
Douban Movie,PERF_20260901_003219,1337,confirmation,Member confirmation,84,117,59,,,55,56,False,7.0486164999892935,0x026c0c454D38Fc28d16383f602c0182BBDdeEa95,0x27fFA41Dd35f806E2e8b320c1f074B7E33d8B902,0xb9cbbb1afd558ac1a282a7f98796a5c2c99a995b460147a367a5b57cc0b93b25,1,199,1788212078,90832,80000000,300000,90832,10,1e-08,908320,9.0832e-13,0.02899950000573881,2026-08-31T21:34:38.808179+00:00,2026-08-31T21:34:38.836552+00:00,Regular member confirmation
Douban Movie,PERF_20260901_003219,1337,confirmation,Member confirmation,84,117,59,,,56,57,False,7.182477800000925,0x0709c5b236Ae4a7FF4a47Fa2c30BBa1B372A293d,0x27fFA41Dd35f806E2e8b320c1f074B7E33d8B902,0x50edfeed495ada02c79d97ed4f678c63f7de1c26db9cf8b5e2c39a942ba0e1d7,1,200,1788212078,90832,80000000,300000,90832,10,1e-08,908320,9.0832e-13,0.027868199977092445,2026-08-31T21:34:38.923404+00:00,2026-08-31T21:34:38.950576+00:00,Regular member confirmation
Douban Movie,PERF_20260901_003219,1337,confirmation,Member confirmation,84,117,59,,,57,58,False,7.307467899983749,0xb4c7e1de85035c9967ca2521226995D257a6e663,0x27fFA41Dd35f806E2e8b320c1f074B7E33d8B902,0xfa0043bfa4fe9d49e2914d9e5582c2699641dfeef0a6a7fdabacb696dafbbe58,1,201,1788212079,90832,80000000,300000,90832,10,1e-08,908320,9.0832e-13,0.029912800004240125,2026-08-31T21:34:39.065191+00:00,2026-08-31T21:34:39.095810+00:00,Regular member confirmation
Douban Movie,PERF_20260901_003219,1337,confirmation,Member confirmation,84,117,59,,,58,59,True,7.427879700000631,0x11f439f484327FDa28e89cD7d8DC5A3f501dD255,0x27fFA41Dd35f806E2e8b320c1f074B7E33d8B902,0x72d99aff84f80622905f1d9075713746db513d05edd83aec0c1b266983d45358,1,202,1788212079,120829,80000000,300000,120829,10,1e-08,1208290,1.20829e-12,0.03637970000272617,2026-08-31T21:34:39.177307+00:00,2026-08-31T21:34:39.213905+00:00,Finalization-triggering confirmation
Douban Movie,PERF_20260901_003219,1337,confirmation,Member confirmation,96,137,69,,,1,2,False,0.14891250000800937,0xC22dCe226cB69279519353445A447E21748C1b4f,0x27fFA41Dd35f806E2e8b320c1f074B7E33d8B902,0x856deb1291973e98cb55e842016a8a6b60d1f11379a613a29fa8404e7c5875ac,1,203,1788212079,90832,80000000,300000,90832,10,1e-08,908320,9.0832e-13,0.02979080000659451,2026-08-31T21:34:39.482262+00:00,2026-08-31T21:34:39.511682+00:00,Regular member confirmation
Douban Movie,PERF_20260901_003219,1337,confirmation,Member confirmation,96,137,69,,,2,3,False,0.274705299991183,0xc0c8575756Cf4fecF634057055f9Af703Ce228e0,0x27fFA41Dd35f806E2e8b320c1f074B7E33d8B902,0x6a3536753ade1f2044c024f0ce7dab6eac3f85338d18a0fea2ea6c13554aaf1d,1,204,1788212079,90832,80000000,300000,90832,10,1e-08,908320,9.0832e-13,0.04102819997933693,2026-08-31T21:34:39.597160+00:00,2026-08-31T21:34:39.637951+00:00,Regular member confirmation
Douban Movie,PERF_20260901_003219,1337,confirmation,Member confirmation,96,137,69,,,3,4,False,0.38576559998909943,0xD435Ed63c3d3DB9A81333E8dc6dBBadd78541f69,0x27fFA41Dd35f806E2e8b320c1f074B7E33d8B902,0x3df7bf2f54c66483f447db40c821d3002d555641470546cae83151170da65907,1,205,1788212079,90832,80000000,300000,90832,10,1e-08,908320,9.0832e-13,0.0288052000105381,2026-08-31T21:34:39.719290+00:00,2026-08-31T21:34:39.748376+00:00,Regular member confirmation
Douban Movie,PERF_20260901_003219,1337,confirmation,Member confirmation,96,137,69,,,4,5,False,0.4962701000040397,0x9928F53DbDb9D3C98944070f388cd9fc11404dbD,0x27fFA41Dd35f806E2e8b320c1f074B7E33d8B902,0xba68984f88681962ee7819aace17339dceac10a667227c80851c3e1f0ae35760,1,206,1788212079,90832,80000000,300000,90832,10,1e-08,908320,9.0832e-13,0.02841279999120161,2026-08-31T21:34:39.831780+00:00,2026-08-31T21:34:39.860980+00:00,Regular member confirmation
Douban Movie,PERF_20260901_003219,1337,confirmation,Member confirmation,96,137,69,,,5,6,False,0.6089269999938551,0xda3455ADafE487ad37093F1A47598850D71E739A,0x27fFA41Dd35f806E2e8b320c1f074B7E33d8B902,0x213ca98f7a6e20fa3a2e159ed5d2cb554ad3980e8e112241b7b0bd008b9fa4e7,1,207,1788212079,90832,80000000,300000,90832,10,1e-08,908320,9.0832e-13,0.02964110000175424,2026-08-31T21:34:39.941242+00:00,2026-08-31T21:34:39.970360+00:00,Regular member confirmation
Douban Movie,PERF_20260901_003219,1337,confirmation,Member confirmation,96,137,69,,,6,7,False,0.7223000999947544,0xD812A8182f40bE446A106D87a3FA3f9e12A319AC,0x27fFA41Dd35f806E2e8b320c1f074B7E33d8B902,0x89632275607e62047a9b4ebeeda2ce3d93b843f40bf7d7f3042e88b4ea636988,1,208,1788212080,90832,80000000,300000,90832,10,1e-08,908320,9.0832e-13,0.029798500007018447,2026-08-31T21:34:40.055751+00:00,2026-08-31T21:34:40.085933+00:00,Regular member confirmation
Douban Movie,PERF_20260901_003219,1337,confirmation,Member confirmation,96,137,69,,,7,8,False,0.8339735000045039,0x0D0bA3395Ed8f88f792eEA69A0Db3c5668f44332,0x27fFA41Dd35f806E2e8b320c1f074B7E33d8B902,0xd8419a102eaf1980ebef95d809303ca041647aefafcbd92702259ae831eef067,1,209,1788212080,90832,80000000,300000,90832,10,1e-08,908320,9.0832e-13,0.029612200014526024,2026-08-31T21:34:40.167408+00:00,2026-08-31T21:34:40.196439+00:00,Regular member confirmation
Douban Movie,PERF_20260901_003219,1337,confirmation,Member confirmation,96,137,69,,,8,9,False,1.0189287000102922,0x1426F40bC32fbb600eB46d0a55B2E8B68d84f5Db,0x27fFA41Dd35f806E2e8b320c1f074B7E33d8B902,0x8894e0d8f61b220f7f61e913ea4fb0cb10db9640c29d4d60afe87e77eee179aa,1,210,1788212080,90832,80000000,300000,90832,10,1e-08,908320,9.0832e-13,0.029231200023787096,2026-08-31T21:34:40.354117+00:00,2026-08-31T21:34:40.384295+00:00,Regular member confirmation
Douban Movie,PERF_20260901_003219,1337,confirmation,Member confirmation,96,137,69,,,9,10,False,1.133047900017118,0x844dAfaF0BBdAaCD2d1D612E756D502a0708bd33,0x27fFA41Dd35f806E2e8b320c1f074B7E33d8B902,0x5866ccc85b65d5e85aa84224006dbc9ab7d96472cd9363185881936b37206a88,1,211,1788212080,90832,80000000,300000,90832,10,1e-08,908320,9.0832e-13,0.028249100025277585,2026-08-31T21:34:40.465468+00:00,2026-08-31T21:34:40.494039+00:00,Regular member confirmation
Douban Movie,PERF_20260901_003219,1337,confirmation,Member confirmation,96,137,69,,,10,11,False,1.2593264000024647,0x24b1BbC39F27Ef561532cc9BcF4FF95ADDd494f6,0x27fFA41Dd35f806E2e8b320c1f074B7E33d8B902,0x9f2afa0f3aa6a09e9851db82c1f08d866c1a468188927909b8dabc19232d8732,1,212,1788212080,90832,80000000,300000,90832,10,1e-08,908320,9.0832e-13,0.03983860000153072,2026-08-31T21:34:40.578604+00:00,2026-08-31T21:34:40.618435+00:00,Regular member confirmation
Douban Movie,PERF_20260901_003219,1337,confirmation,Member confirmation,96,137,69,,,11,12,False,1.3711900000052992,0x09BCebf60E48F373940f4201BBa457947c3aa047,0x27fFA41Dd35f806E2e8b320c1f074B7E33d8B902,0x9cdfc1fce91892d29dfc0bf447c757ee9e39831736126e1513608510da3fa384,1,213,1788212080,90832,80000000,300000,90832,10,1e-08,908320,9.0832e-13,0.02890150001621805,2026-08-31T21:34:40.703488+00:00,2026-08-31T21:34:40.732406+00:00,Regular member confirmation
Douban Movie,PERF_20260901_003219,1337,confirmation,Member confirmation,96,137,69,,,12,13,False,1.4832214000052772,0x5C9C9e6193C2d0fe383c9e12c53ECe15c3ddE322,0x27fFA41Dd35f806E2e8b320c1f074B7E33d8B902,0x6c3564330bd3878cfbdb282fee68874207dbee00e4ecbfdb200185415c23786b,1,214,1788212080,90832,80000000,300000,90832,10,1e-08,908320,9.0832e-13,0.028130899998359382,2026-08-31T21:34:40.818038+00:00,2026-08-31T21:34:40.846594+00:00,Regular member confirmation
Douban Movie,PERF_20260901_003219,1337,confirmation,Member confirmation,96,137,69,,,13,14,False,1.5957242000149563,0xd9581BEc5b605b235F131666692cA6340240Df9F,0x27fFA41Dd35f806E2e8b320c1f074B7E33d8B902,0x1e2e99cbea4b774eb4ec544ebb3eef8f9c080e95848357882e47521618c39ce4,1,215,1788212080,90832,80000000,300000,90832,10,1e-08,908320,9.0832e-13,0.029237199982162565,2026-08-31T21:34:40.927689+00:00,2026-08-31T21:34:40.956867+00:00,Regular member confirmation
Douban Movie,PERF_20260901_003219,1337,confirmation,Member confirmation,96,137,69,,,14,15,False,1.7086765000130981,0x75EF8c458F06d4a3e9759b0c7bccC959D9a63A25,0x27fFA41Dd35f806E2e8b320c1f074B7E33d8B902,0xaf55953ab8029ecdc4d826d0a787a6ea3cd9a1a2b83ada43df326478064702d3,1,216,1788212081,90832,80000000,300000,90832,10,1e-08,908320,9.0832e-13,0.030440100003033876,2026-08-31T21:34:41.041170+00:00,2026-08-31T21:34:41.071202+00:00,Regular member confirmation
Douban Movie,PERF_20260901_003219,1337,confirmation,Member confirmation,96,137,69,,,15,16,False,1.8295533999917097,0x81Bd5B2cBbcf3cb6AE72cd020e63f4FF60fc9343,0x27fFA41Dd35f806E2e8b320c1f074B7E33d8B902,0xf75ef1175f9d2a02d8a92558d04760195e708e3908e81e99b25fab801c0d4a4c,1,217,1788212081,90832,80000000,300000,90832,10,1e-08,908320,9.0832e-13,0.03565070001059212,2026-08-31T21:34:41.153586+00:00,2026-08-31T21:34:41.189910+00:00,Regular member confirmation
Douban Movie,PERF_20260901_003219,1337,confirmation,Member confirmation,96,137,69,,,16,17,False,1.958317500015255,0x149d9cD03e037c4A82f9946952206Fc352d10931,0x27fFA41Dd35f806E2e8b320c1f074B7E33d8B902,0x910c3a9d16c5d725cb2e884e5d28bd19644f94fa5406dfc55b795a55697f7f62,1,218,1788212081,90832,80000000,300000,90832,10,1e-08,908320,9.0832e-13,0.030880699981935322,2026-08-31T21:34:41.286303+00:00,2026-08-31T21:34:41.317021+00:00,Regular member confirmation
Douban Movie,PERF_20260901_003219,1337,confirmation,Member confirmation,96,137,69,,,17,18,False,2.0726998999889474,0x91BF79613405D54ff23C0698691996dE1B1F04Bc,0x27fFA41Dd35f806E2e8b320c1f074B7E33d8B902,0xa655077f0c1a6c2edbbcf3ae86fdde40b2085c79327b01846087eec7b31f08bc,1,219,1788212081,90832,80000000,300000,90832,10,1e-08,908320,9.0832e-13,0.030242000008001924,2026-08-31T21:34:41.403247+00:00,2026-08-31T21:34:41.434340+00:00,Regular member confirmation
Douban Movie,PERF_20260901_003219,1337,confirmation,Member confirmation,96,137,69,,,18,19,False,2.18501750001451,0x548E91CB781bD506b72332f295633D2910f668be,0x27fFA41Dd35f806E2e8b320c1f074B7E33d8B902,0x08868e267de9a029b0f298fb4d790242324491488254cb63ab3a83ac1947da17,1,220,1788212081,90832,80000000,300000,90832,10,1e-08,908320,9.0832e-13,0.030415100016398355,2026-08-31T21:34:41.517395+00:00,2026-08-31T21:34:41.547623+00:00,Regular member confirmation
Douban Movie,PERF_20260901_003219,1337,confirmation,Member confirmation,96,137,69,,,19,20,False,2.295669400016777,0x605901b6B424fEe4ACd1E1b43BcCf4aC7bE3b439,0x27fFA41Dd35f806E2e8b320c1f074B7E33d8B902,0xbef263b2bca9e391e72f1d21237aa49bc20971f8180c65294bfca53c375421ed,1,221,1788212081,90832,80000000,300000,90832,10,1e-08,908320,9.0832e-13,0.029650999989826232,2026-08-31T21:34:41.629021+00:00,2026-08-31T21:34:41.659063+00:00,Regular member confirmation
Douban Movie,PERF_20260901_003219,1337,confirmation,Member confirmation,96,137,69,,,20,21,False,2.41007919999538,0xB47B767b6130deD1f50600b5a89BFBb8cc5aF041,0x27fFA41Dd35f806E2e8b320c1f074B7E33d8B902,0x0efa1d67b5d135f83947b6d3159b43f3dd96421d2c662185ab818916a412ceaa,1,222,1788212081,90832,80000000,300000,90832,10,1e-08,908320,9.0832e-13,0.029374800011282787,2026-08-31T21:34:41.743485+00:00,2026-08-31T21:34:41.772914+00:00,Regular member confirmation
Douban Movie,PERF_20260901_003219,1337,confirmation,Member confirmation,96,137,69,,,21,22,False,2.5262318000022788,0xC7f05C490DF1922a76c98040568A15DCE5D4e0cC,0x27fFA41Dd35f806E2e8b320c1f074B7E33d8B902,0x21976f08a7a692254fd46b666063672d369024c803e7e8db2729fdb08d073a81,1,223,1788212081,90832,80000000,300000,90832,10,1e-08,908320,9.0832e-13,0.02950909998617135,2026-08-31T21:34:41.858639+00:00,2026-08-31T21:34:41.888143+00:00,Regular member confirmation
Douban Movie,PERF_20260901_003219,1337,confirmation,Member confirmation,96,137,69,,,22,23,False,2.6366044000023976,0xd1fE87b22D0caD5BC9dbb49C78A88EcC33984d39,0x27fFA41Dd35f806E2e8b320c1f074B7E33d8B902,0x458881f715f0b33e70b4376d2824515c94db802e980a3a6cdf04b4d1a584c0a9,1,224,1788212081,90832,80000000,300000,90832,10,1e-08,908320,9.0832e-13,0.02997450000839308,2026-08-31T21:34:41.971133+00:00,2026-08-31T21:34:42.001355+00:00,Regular member confirmation
Douban Movie,PERF_20260901_003219,1337,confirmation,Member confirmation,96,137,69,,,23,24,False,2.7512227999977767,0x8963B47FF5Cc1F72e94eb9568db9D549Ca4f4b69,0x27fFA41Dd35f806E2e8b320c1f074B7E33d8B902,0x6854f13cab9a10f5c60adc9af06b865c4634a3ce40b70bf56b7c595c37dfe132,1,225,1788212082,90832,80000000,300000,90832,10,1e-08,908320,9.0832e-13,0.029259099974296987,2026-08-31T21:34:42.082800+00:00,2026-08-31T21:34:42.112123+00:00,Regular member confirmation
Douban Movie,PERF_20260901_003219,1337,confirmation,Member confirmation,96,137,69,,,24,25,False,2.8694808000000194,0x3919Ca580a54d4591542e33d62b69f28130b7a3f,0x27fFA41Dd35f806E2e8b320c1f074B7E33d8B902,0x11c766b0175410adb6020d55fc15ab88052365be142dcea90bc803f12c348ab6,1,226,1788212082,90832,80000000,300000,90832,10,1e-08,908320,9.0832e-13,0.029664200003026053,2026-08-31T21:34:42.203552+00:00,2026-08-31T21:34:42.233676+00:00,Regular member confirmation
Douban Movie,PERF_20260901_003219,1337,confirmation,Member confirmation,96,137,69,,,25,26,False,2.9858217000146396,0xd59cA504E42aF67EA4d88Ed70e90D97c34CC5f28,0x27fFA41Dd35f806E2e8b320c1f074B7E33d8B902,0x916f9b1000803fe12bf77929e1bf82c5a840573c23003282d80c0f5a6fb7149d,1,227,1788212082,90832,80000000,300000,90832,10,1e-08,908320,9.0832e-13,0.03017760001239367,2026-08-31T21:34:42.315624+00:00,2026-08-31T21:34:42.345501+00:00,Regular member confirmation
Douban Movie,PERF_20260901_003219,1337,confirmation,Member confirmation,96,137,69,,,26,27,False,3.115417699998943,0x21f3071629410A532Ee5E6473c42fc77869F2E91,0x27fFA41Dd35f806E2e8b320c1f074B7E33d8B902,0x19d5e367a19034e0ddcfcfc408531f1605a804bd61ae54b4bcbb3d0ecc65c9d4,1,228,1788212082,90832,80000000,300000,90832,10,1e-08,908320,9.0832e-13,0.04653300001518801,2026-08-31T21:34:42.433342+00:00,2026-08-31T21:34:42.479988+00:00,Regular member confirmation
Douban Movie,PERF_20260901_003219,1337,confirmation,Member confirmation,96,137,69,,,27,28,False,3.2288257000036538,0xf857CdDfE00ae3f084271DCde4D643d5aAAC2416,0x27fFA41Dd35f806E2e8b320c1f074B7E33d8B902,0xfc3feba1fe6a4f1dc4e71f5b2aadabd679f558e7a29fa5f90d84761f9347f31f,1,229,1788212082,90832,80000000,300000,90832,10,1e-08,908320,9.0832e-13,0.030984499986516312,2026-08-31T21:34:42.560338+00:00,2026-08-31T21:34:42.591367+00:00,Regular member confirmation
Douban Movie,PERF_20260901_003219,1337,confirmation,Member confirmation,96,137,69,,,28,29,False,3.3390018999925815,0xf12D2cdce08D9A0Ac33186098AE10f296e881C37,0x27fFA41Dd35f806E2e8b320c1f074B7E33d8B902,0x7f6f6deec99f5105c3a0fa9a10734d5cd525a92e064f52292c156342ebf8ed40,1,230,1788212082,90832,80000000,300000,90832,10,1e-08,908320,9.0832e-13,0.02912839999771677,2026-08-31T21:34:42.673079+00:00,2026-08-31T21:34:42.702325+00:00,Regular member confirmation
Douban Movie,PERF_20260901_003219,1337,confirmation,Member confirmation,96,137,69,,,29,30,False,3.4535911999992095,0x57F31b8d61103D9B92e046cb48AcDbcC43CB52ba,0x27fFA41Dd35f806E2e8b320c1f074B7E33d8B902,0x753a660797b877538e7ae78c2601ff0e99bc3c127b26b297617c27c6d797a6e8,1,231,1788212082,90832,80000000,300000,90832,10,1e-08,908320,9.0832e-13,0.02967640000861138,2026-08-31T21:34:42.786844+00:00,2026-08-31T21:34:42.816253+00:00,Regular member confirmation
Douban Movie,PERF_20260901_003219,1337,confirmation,Member confirmation,96,137,69,,,30,31,False,3.567080100008752,0x594188Ce98a08d7A47d5E00eC996a8Aa97C31543,0x27fFA41Dd35f806E2e8b320c1f074B7E33d8B902,0x86b607ff154209735badadefb7a3b3448d146a8ca0c8139c910c137db6ca8351,1,232,1788212082,90832,80000000,300000,90832,10,1e-08,908320,9.0832e-13,0.029641900007845834,2026-08-31T21:34:42.902002+00:00,2026-08-31T21:34:42.932053+00:00,Regular member confirmation
Douban Movie,PERF_20260901_003219,1337,confirmation,Member confirmation,96,137,69,,,31,32,False,3.681199500017101,0x85697eE9f7e79A011e3F5a104A6F93bc2BE1780a,0x27fFA41Dd35f806E2e8b320c1f074B7E33d8B902,0x567f8bcc4a43dd0d4e0347bc69a18be92395be6adb04558dbf2b209b21e4f7a1,1,233,1788212083,90832,80000000,300000,90832,10,1e-08,908320,9.0832e-13,0.030466500000329688,2026-08-31T21:34:43.012823+00:00,2026-08-31T21:34:43.042749+00:00,Regular member confirmation
Douban Movie,PERF_20260901_003219,1337,confirmation,Member confirmation,96,137,69,,,32,33,False,3.7912307000078727,0x58DF9fBcB57D00Fd99770Bc8A6cf7FCc582A0F8d,0x27fFA41Dd35f806E2e8b320c1f074B7E33d8B902,0xac23708f75117651ba91c0ec1425518cf9c35250445957d504e2d5c42afd436d,1,234,1788212083,90832,80000000,300000,90832,10,1e-08,908320,9.0832e-13,0.029199900018284097,2026-08-31T21:34:43.125955+00:00,2026-08-31T21:34:43.155147+00:00,Regular member confirmation
Douban Movie,PERF_20260901_003219,1337,confirmation,Member confirmation,96,137,69,,,33,34,False,3.903329399996437,0xC078742536EE2306893bec95b26147f8fDAcdad5,0x27fFA41Dd35f806E2e8b320c1f074B7E33d8B902,0xc9802850a9dd1647dab181320ef766d278f5e5143f1b4e5099907df8304959ee,1,235,1788212083,90832,80000000,300000,90832,10,1e-08,908320,9.0832e-13,0.030008100002305582,2026-08-31T21:34:43.235635+00:00,2026-08-31T21:34:43.265099+00:00,Regular member confirmation
Douban Movie,PERF_20260901_003219,1337,confirmation,Member confirmation,96,137,69,,,34,35,False,4.0174031000060495,0x4a2000a8b735Ee5790662E5a537a128e75724a24,0x27fFA41Dd35f806E2e8b320c1f074B7E33d8B902,0x8595c5510015bca7626d09ea55ff3c684c0759a8745a48408849dd8a719fd92c,1,236,1788212083,90832,80000000,300000,90832,10,1e-08,908320,9.0832e-13,0.031135099998209625,2026-08-31T21:34:43.351195+00:00,2026-08-31T21:34:43.382344+00:00,Regular member confirmation
Douban Movie,PERF_20260901_003219,1337,confirmation,Member confirmation,96,137,69,,,35,36,False,4.1328016000043135,0x651742183CF20B97232Bd154ea84bBbf993e9F76,0x27fFA41Dd35f806E2e8b320c1f074B7E33d8B902,0xcc4cfaeaa7e633cff5c6842cb98090c9b5b9689537246210bc2e8a100893519f,1,237,1788212083,90832,80000000,300000,90832,10,1e-08,908320,9.0832e-13,0.029327700001886114,2026-08-31T21:34:43.464863+00:00,2026-08-31T21:34:43.494914+00:00,Regular member confirmation
Douban Movie,PERF_20260901_003219,1337,confirmation,Member confirmation,96,137,69,,,36,37,False,4.24347340001259,0x9a79c9EbCd36627aCc0bB8806C31f736598dd6D2,0x27fFA41Dd35f806E2e8b320c1f074B7E33d8B902,0x78928248b23bccc69f377567f8e9a79f59721bc30dce2740ab831c6c088a2d55,1,238,1788212083,90832,80000000,300000,90832,10,1e-08,908320,9.0832e-13,0.028776300023309886,2026-08-31T21:34:43.578122+00:00,2026-08-31T21:34:43.606788+00:00,Regular member confirmation
Douban Movie,PERF_20260901_003219,1337,confirmation,Member confirmation,96,137,69,,,37,38,False,4.359334200009471,0x348f97bFa0EAfF9A135dda3bD9D50F04B0db12E8,0x27fFA41Dd35f806E2e8b320c1f074B7E33d8B902,0x091e7d34898e06fc1f61364bf9dc84006d69d3c6a7370e27ada5bbee458d9ffa,1,239,1788212083,90832,80000000,300000,90832,10,1e-08,908320,9.0832e-13,0.029647700022906065,2026-08-31T21:34:43.690496+00:00,2026-08-31T21:34:43.719947+00:00,Regular member confirmation
Douban Movie,PERF_20260901_003219,1337,confirmation,Member confirmation,96,137,69,,,38,39,False,4.476625700015575,0x3C6A24C01AF71A29fe0BE494C814B8A348B3c6c4,0x27fFA41Dd35f806E2e8b320c1f074B7E33d8B902,0x3ebf7a6fd10bf7d1a75af743c7b55ef6867aa825fc8d98ea21d3edba23ec4a93,1,240,1788212083,90832,80000000,300000,90832,10,1e-08,908320,9.0832e-13,0.03070790000492707,2026-08-31T21:34:43.807362+00:00,2026-08-31T21:34:43.837212+00:00,Regular member confirmation
Douban Movie,PERF_20260901_003219,1337,confirmation,Member confirmation,96,137,69,,,39,40,False,4.591376700002002,0xB4CfE68545DD1e984BD227513dB4bb9950230826,0x27fFA41Dd35f806E2e8b320c1f074B7E33d8B902,0x5c4b52759fd5e50053f300b5b9a2aeefa9e144beb47e9d65f9a7e1c8e3624515,1,241,1788212083,90832,80000000,300000,90832,10,1e-08,908320,9.0832e-13,0.030111100000794977,2026-08-31T21:34:43.921437+00:00,2026-08-31T21:34:43.951261+00:00,Regular member confirmation
Douban Movie,PERF_20260901_003219,1337,confirmation,Member confirmation,96,137,69,,,40,41,False,4.714231299993116,0x1Fb9d812abCed1EF81eA81D2f678982AbB49b637,0x27fFA41Dd35f806E2e8b320c1f074B7E33d8B902,0xb2721a2565f273ad396c1bed4fb8b2c94c6e0ddabc6cc1a8e0be8f623332edd2,1,242,1788212084,90832,80000000,300000,90832,10,1e-08,908320,9.0832e-13,0.030103600001893938,2026-08-31T21:34:44.044143+00:00,2026-08-31T21:34:44.073669+00:00,Regular member confirmation
Douban Movie,PERF_20260901_003219,1337,confirmation,Member confirmation,96,137,69,,,41,42,False,4.8309760999982245,0xa7B87764F7B414AbeDacF04A6Bae21A76Ff5724d,0x27fFA41Dd35f806E2e8b320c1f074B7E33d8B902,0x8479bbc597f0549bfe3116910fa0101a8ccdc6b9a0b5cf8de721e9fcd5b5435d,1,243,1788212084,90832,80000000,300000,90832,10,1e-08,908320,9.0832e-13,0.033881899988045916,2026-08-31T21:34:44.158652+00:00,2026-08-31T21:34:44.192647+00:00,Regular member confirmation
Douban Movie,PERF_20260901_003219,1337,confirmation,Member confirmation,96,137,69,,,42,43,False,4.943220000015572,0x7394392230Ab7e145f6aAE997496FFA072288BB0,0x27fFA41Dd35f806E2e8b320c1f074B7E33d8B902,0xccc65fa096ac322527547558501759ae6a2d03ebcefd8da451898227bc9a4ca8,1,244,1788212084,90832,80000000,300000,90832,10,1e-08,908320,9.0832e-13,0.030298199999378994,2026-08-31T21:34:44.275993+00:00,2026-08-31T21:34:44.306278+00:00,Regular member confirmation
Douban Movie,PERF_20260901_003219,1337,confirmation,Member confirmation,96,137,69,,,43,44,False,5.060763499990571,0x1DDf3552ad9E48D09C6040dFa501Ad0ca36E4b98,0x27fFA41Dd35f806E2e8b320c1f074B7E33d8B902,0xe495a9837120c3362cf6bec00dc1c53b3f592ac9e52cd77604772136c7ea2d79,1,245,1788212084,90832,80000000,300000,90832,10,1e-08,908320,9.0832e-13,0.032887999986996874,2026-08-31T21:34:44.389591+00:00,2026-08-31T21:34:44.422359+00:00,Regular member confirmation
Douban Movie,PERF_20260901_003219,1337,confirmation,Member confirmation,96,137,69,,,44,45,False,5.173882000002777,0x62E78C62d65d45bA53C74FC62598E6da5cd92982,0x27fFA41Dd35f806E2e8b320c1f074B7E33d8B902,0xca0448bcd11fd1ab37f96b0d0ad42b8aa17d0bd686091e52f346273a5a11bbed,1,246,1788212084,90832,80000000,300000,90832,10,1e-08,908320,9.0832e-13,0.030404999997699633,2026-08-31T21:34:44.506857+00:00,2026-08-31T21:34:44.536982+00:00,Regular member confirmation
Douban Movie,PERF_20260901_003219,1337,confirmation,Member confirmation,96,137,69,,,45,46,False,5.306639100017492,0xa4FBbE5de54f49aB796aF48bA351e6365A099c2d,0x27fFA41Dd35f806E2e8b320c1f074B7E33d8B902,0xd3d4e3e5e73a95f90479bec4378f3a9af07f731a159027fde198a4573b12702d,1,247,1788212084,90832,80000000,300000,90832,10,1e-08,908320,9.0832e-13,0.029470200010109693,2026-08-31T21:34:44.617706+00:00,2026-08-31T21:34:44.648005+00:00,Regular member confirmation
Douban Movie,PERF_20260901_003219,1337,confirmation,Member confirmation,96,137,69,,,46,47,False,5.473166999989189,0x487f41F9D3A7e75B7F38553F32e3dB913DE4e547,0x27fFA41Dd35f806E2e8b320c1f074B7E33d8B902,0x884e817c19bb60a5c896375eb3dac26c8a97968de1f112ffcd7d3f4bbf2f1396,1,248,1788212084,90832,80000000,300000,90832,10,1e-08,908320,9.0832e-13,0.034179700014647096,2026-08-31T21:34:44.798128+00:00,2026-08-31T21:34:44.832027+00:00,Regular member confirmation
Douban Movie,PERF_20260901_003219,1337,confirmation,Member confirmation,96,137,69,,,47,48,False,5.589343800005736,0xE1015415A393227C658532964317bB99CaF3bB99,0x27fFA41Dd35f806E2e8b320c1f074B7E33d8B902,0x1a0e17a9b9b0a1692b3ea824d2f5b173af0d06762a9adcfc911d7ee85c1ce15f,1,249,1788212084,90832,80000000,300000,90832,10,1e-08,908320,9.0832e-13,0.03216719999909401,2026-08-31T21:34:44.920365+00:00,2026-08-31T21:34:44.953285+00:00,Regular member confirmation
Douban Movie,PERF_20260901_003219,1337,confirmation,Member confirmation,96,137,69,,,48,49,False,5.701296400016872,0xABD643084837d01bebcC84fd09A21c5eB4f89170,0x27fFA41Dd35f806E2e8b320c1f074B7E33d8B902,0x5634e1632feb749c470f99e6baef6a2b7499dc78b3fa9fda8f34ee68c7a14f43,1,250,1788212085,90832,80000000,300000,90832,10,1e-08,908320,9.0832e-13,0.030432700004894286,2026-08-31T21:34:45.035391+00:00,2026-08-31T21:34:45.065490+00:00,Regular member confirmation
Douban Movie,PERF_20260901_003219,1337,confirmation,Member confirmation,96,137,69,,,49,50,False,5.814962100004777,0xbCb0E088989C392b48CD2A6446682cFf98686C60,0x27fFA41Dd35f806E2e8b320c1f074B7E33d8B902,0x2c600b7973d5e5d6fd34340829c82eb922f7e6c3dc117476b7e496028f4a8f14,1,251,1788212085,90832,80000000,300000,90832,10,1e-08,908320,9.0832e-13,0.029358500003581867,2026-08-31T21:34:45.149874+00:00,2026-08-31T21:34:45.178728+00:00,Regular member confirmation
Douban Movie,PERF_20260901_003219,1337,confirmation,Member confirmation,96,137,69,,,50,51,False,5.9270235000003595,0xBe871157eC5e257826b553b06Bb8204e970C1c19,0x27fFA41Dd35f806E2e8b320c1f074B7E33d8B902,0x58f9ca560f0375ce075bac79e0f625b9d62fed26103de38556696bc3ee48a64f,1,252,1788212085,90832,80000000,300000,90832,10,1e-08,908320,9.0832e-13,0.03037449999828823,2026-08-31T21:34:45.260820+00:00,2026-08-31T21:34:45.290406+00:00,Regular member confirmation
Douban Movie,PERF_20260901_003219,1337,confirmation,Member confirmation,96,137,69,,,51,52,False,6.040688800014323,0x015F66Ef07E690a86175f03988f75d1c9F313A73,0x27fFA41Dd35f806E2e8b320c1f074B7E33d8B902,0x560bc192ffaaba4298af289535817f60af6c38f5f6a753c6cd9dd186c69b0e41,1,253,1788212085,90832,80000000,300000,90832,10,1e-08,908320,9.0832e-13,0.030260900006396696,2026-08-31T21:34:45.371991+00:00,2026-08-31T21:34:45.401453+00:00,Regular member confirmation
Douban Movie,PERF_20260901_003219,1337,confirmation,Member confirmation,96,137,69,,,52,53,False,6.155511299992213,0xe2fC60D3CEA74492CeA155718558fEE05f20a13F,0x27fFA41Dd35f806E2e8b320c1f074B7E33d8B902,0xa196b8bbd4d7b6a26f2eba1d60fd931b202b4636eb0d2281b2d441ce0b7a8c3a,1,254,1788212085,90832,80000000,300000,90832,10,1e-08,908320,9.0832e-13,0.03078490000916645,2026-08-31T21:34:45.487828+00:00,2026-08-31T21:34:45.518764+00:00,Regular member confirmation
Douban Movie,PERF_20260901_003219,1337,confirmation,Member confirmation,96,137,69,,,53,54,False,6.3033712999895215,0x4291515FA3AEc8D79B00d4d60D88100CB0B5a241,0x27fFA41Dd35f806E2e8b320c1f074B7E33d8B902,0xccfd46dfe1deec8fec356d7a691c647e25c8b95f856a1d9f436925c5819c4112,1,255,1788212085,90832,80000000,300000,90832,10,1e-08,908320,9.0832e-13,0.05058390001067892,2026-08-31T21:34:45.599514+00:00,2026-08-31T21:34:45.650233+00:00,Regular member confirmation
Douban Movie,PERF_20260901_003219,1337,confirmation,Member confirmation,96,137,69,,,54,55,False,6.44826910001575,0x58FaB5A36A821537B3545aB37F5A45B177D68C4c,0x27fFA41Dd35f806E2e8b320c1f074B7E33d8B902,0xf11947fb06fe001edd1a6809e8dcc232b8177f19bad9047e31b1ce0e1bc0a7cb,1,256,1788212085,90832,80000000,300000,90832,10,1e-08,908320,9.0832e-13,0.04103019999456592,2026-08-31T21:34:45.752215+00:00,2026-08-31T21:34:45.792796+00:00,Regular member confirmation
Douban Movie,PERF_20260901_003219,1337,confirmation,Member confirmation,96,137,69,,,55,56,False,6.590729799994733,0xb2998Ac53D580387f7C669708BCfbbdc7D487B6D,0x27fFA41Dd35f806E2e8b320c1f074B7E33d8B902,0x09bacc28aac335285ca5fd8cb5dd845f520780e1defc372e6f190068a0ce8376,1,257,1788212085,90832,80000000,300000,90832,10,1e-08,908320,9.0832e-13,0.037545900006080046,2026-08-31T21:34:45.917379+00:00,2026-08-31T21:34:45.954640+00:00,Regular member confirmation
Douban Movie,PERF_20260901_003219,1337,confirmation,Member confirmation,96,137,69,,,56,57,False,6.7049291000002995,0xCA5dECd1D785A3B4CB581C2dB0b0D2daeB47926A,0x27fFA41Dd35f806E2e8b320c1f074B7E33d8B902,0x4edac1df19f2f34453622b957749421fa4dd8d8e53c2607b25f500098714bf75,1,258,1788212086,90832,80000000,300000,90832,10,1e-08,908320,9.0832e-13,0.02977729999111034,2026-08-31T21:34:46.038130+00:00,2026-08-31T21:34:46.068615+00:00,Regular member confirmation
Douban Movie,PERF_20260901_003219,1337,confirmation,Member confirmation,96,137,69,,,57,58,False,6.856988300016383,0xc2b12c73DdC977d9128AdD5a7bA278F1E4c471B9,0x27fFA41Dd35f806E2e8b320c1f074B7E33d8B902,0xe59c63f74394d183bc39c9b58ed33aab533426229e81d2635aa9c746161b8943,1,259,1788212086,90832,80000000,300000,90832,10,1e-08,908320,9.0832e-13,0.041454599995631725,2026-08-31T21:34:46.165485+00:00,2026-08-31T21:34:46.206699+00:00,Regular member confirmation
Douban Movie,PERF_20260901_003219,1337,confirmation,Member confirmation,96,137,69,,,58,59,False,6.969078499998432,0x25FCc9E1b69B2b199Fd5a7173d3Cc6B466871E97,0x27fFA41Dd35f806E2e8b320c1f074B7E33d8B902,0x03d5a8a8d0acaf4d47efe0e8f41074379174b4b608f7eaf9667de6707b9eb21e,1,260,1788212086,90832,80000000,300000,90832,10,1e-08,908320,9.0832e-13,0.031445000000530854,2026-08-31T21:34:46.301720+00:00,2026-08-31T21:34:46.332886+00:00,Regular member confirmation
Douban Movie,PERF_20260901_003219,1337,confirmation,Member confirmation,96,137,69,,,59,60,False,7.08056200001738,0x0B596a291638f622DCa10d8C3822e7933AcBd840,0x27fFA41Dd35f806E2e8b320c1f074B7E33d8B902,0xd3e2bb0e9cef13c6fbbe804e9cb531a0bd3c9ceb238948649ddb06de4b6e4c69,1,261,1788212086,90832,80000000,300000,90832,10,1e-08,908320,9.0832e-13,0.02790480002295226,2026-08-31T21:34:46.413356+00:00,2026-08-31T21:34:46.441901+00:00,Regular member confirmation
Douban Movie,PERF_20260901_003219,1337,confirmation,Member confirmation,96,137,69,,,60,61,False,7.200348000013037,0xfEd3a67f8Aa7F443b83116C81a81175A34544ec7,0x27fFA41Dd35f806E2e8b320c1f074B7E33d8B902,0xaf3f364108bd965a25da3424652374a5e687fc8e86ccfb824cb1a5415bc72f12,1,262,1788212086,90832,80000000,300000,90832,10,1e-08,908320,9.0832e-13,0.030007399996975437,2026-08-31T21:34:46.533715+00:00,2026-08-31T21:34:46.563998+00:00,Regular member confirmation
Douban Movie,PERF_20260901_003219,1337,confirmation,Member confirmation,96,137,69,,,61,62,False,7.329350400017574,0x18D932b959a4b2fD4B5FDE572a9d596F11688054,0x27fFA41Dd35f806E2e8b320c1f074B7E33d8B902,0x098741a2a58af2f2a4f93b09e3a5d713a7a005ca9f4df89a2fa2a8e54e10fdd9,1,263,1788212086,90832,80000000,300000,90832,10,1e-08,908320,9.0832e-13,0.029435600008582696,2026-08-31T21:34:46.659250+00:00,2026-08-31T21:34:46.689582+00:00,Regular member confirmation
Douban Movie,PERF_20260901_003219,1337,confirmation,Member confirmation,96,137,69,,,62,63,False,7.4409941000049,0xB3Da5611c9C831b09bAA61521cC6C98e809f410e,0x27fFA41Dd35f806E2e8b320c1f074B7E33d8B902,0x35722c3dccd6b1dbad54a3d06b04803c6641b5ff6f2ccf8df048866f928b7403,1,264,1788212086,90832,80000000,300000,90832,10,1e-08,908320,9.0832e-13,0.03100719998474233,2026-08-31T21:34:46.773158+00:00,2026-08-31T21:34:46.804700+00:00,Regular member confirmation
Douban Movie,PERF_20260901_003219,1337,confirmation,Member confirmation,96,137,69,,,63,64,False,7.556597999995574,0xeB1Ec88E635Ad0620367a43206039AD117809c49,0x27fFA41Dd35f806E2e8b320c1f074B7E33d8B902,0x831b5df4013e864fca832d8e8fd6fd2287b531f77813da3e429f4f2541cde82c,1,265,1788212086,90832,80000000,300000,90832,10,1e-08,908320,9.0832e-13,0.030063599988352507,2026-08-31T21:34:46.887268+00:00,2026-08-31T21:34:46.917176+00:00,Regular member confirmation
Douban Movie,PERF_20260901_003219,1337,confirmation,Member confirmation,96,137,69,,,64,65,False,7.669886199990287,0x510c47170b0f6bf62208C16458b2325EDBB4Ec62,0x27fFA41Dd35f806E2e8b320c1f074B7E33d8B902,0x77c5a8bbbf0eb65f786c686198b3a2373f0e9107c338f216876cc817e193b1b3,1,266,1788212087,90832,80000000,300000,90832,10,1e-08,908320,9.0832e-13,0.031312900013290346,2026-08-31T21:34:47.000998+00:00,2026-08-31T21:34:47.032237+00:00,Regular member confirmation
Douban Movie,PERF_20260901_003219,1337,confirmation,Member confirmation,96,137,69,,,65,66,False,7.794982899999013,0x4b617dEae4D9D49b70443241BDc56c174Abc9Cc7,0x27fFA41Dd35f806E2e8b320c1f074B7E33d8B902,0x5622a4ed97243eeb731c12c0a533cf0483546cd3488b39da30831e37e10db71b,1,267,1788212087,90832,80000000,300000,90832,10,1e-08,908320,9.0832e-13,0.032058400014648214,2026-08-31T21:34:47.113594+00:00,2026-08-31T21:34:47.145754+00:00,Regular member confirmation
Douban Movie,PERF_20260901_003219,1337,confirmation,Member confirmation,96,137,69,,,66,67,False,7.9110458999930415,0x45ebB5038634497e1983768a840F371af43172Df,0x27fFA41Dd35f806E2e8b320c1f074B7E33d8B902,0xe15aa93898fbdbfeebb12d229bf6f046b3c4c318f29247f474e2c0c92d6ec20e,1,268,1788212087,90832,80000000,300000,90832,10,1e-08,908320,9.0832e-13,0.02981010000803508,2026-08-31T21:34:47.246134+00:00,2026-08-31T21:34:47.275945+00:00,Regular member confirmation
Douban Movie,PERF_20260901_003219,1337,confirmation,Member confirmation,96,137,69,,,67,68,False,8.028370899992296,0xD72205a655FCd6789AC5b066cD9a084fF5b6eF50,0x27fFA41Dd35f806E2e8b320c1f074B7E33d8B902,0x8f66a4beabd73b192349639daab14e1e143102bc4dfe0fa15979d300c24d0c90,1,269,1788212087,90832,80000000,300000,90832,10,1e-08,908320,9.0832e-13,0.03088090001256205,2026-08-31T21:34:47.356564+00:00,2026-08-31T21:34:47.386668+00:00,Regular member confirmation
Douban Movie,PERF_20260901_003219,1337,confirmation,Member confirmation,96,137,69,,,68,69,True,8.146762899996247,0xe7a95CB55B5e3FB085768C04daE5999949bEAc49,0x27fFA41Dd35f806E2e8b320c1f074B7E33d8B902,0x39cac31ce307429eb62b8237259fe7e9b8f1872179f8b71f223089d182e91568,1,270,1788212087,120829,80000000,300000,120829,10,1e-08,1208290,1.20829e-12,0.03679809998720884,2026-08-31T21:34:47.473104+00:00,2026-08-31T21:34:47.509853+00:00,Finalization-triggering confirmation
Douban Movie,PERF_20260901_003219,1337,confirmation,Member confirmation,101,80,41,,,1,2,False,0.1465914000000339,0x550a5D9fEd53c4d8feB94315155DB390e9E96585,0x27fFA41Dd35f806E2e8b320c1f074B7E33d8B902,0xa13d4a95815ecd13189b80e8198fdaebf58a8c6d18258d66d58cb30e5f7f23ae,1,271,1788212087,90832,80000000,300000,90832,10,1e-08,908320,9.0832e-13,0.033052200014935806,2026-08-31T21:34:47.770592+00:00,2026-08-31T21:34:47.803095+00:00,Regular member confirmation
Douban Movie,PERF_20260901_003219,1337,confirmation,Member confirmation,101,80,41,,,2,3,False,0.2600113000080455,0xE4e4251377E877fA553FA0F724112c4F63126282,0x27fFA41Dd35f806E2e8b320c1f074B7E33d8B902,0x47aa75153ee29193bec572254999e98d98d3f431106b6557092e347d2e7e640d,1,272,1788212087,90832,80000000,300000,90832,10,1e-08,908320,9.0832e-13,0.031477500015171245,2026-08-31T21:34:47.886386+00:00,2026-08-31T21:34:47.917405+00:00,Regular member confirmation
Douban Movie,PERF_20260901_003219,1337,confirmation,Member confirmation,101,80,41,,,3,4,False,0.3713628000114113,0x13aEA6ed99aC688CA73240aC5d5074Cc44D3Dc52,0x27fFA41Dd35f806E2e8b320c1f074B7E33d8B902,0x1040509a0ca950c44b584b83fc6418e0b62433f1bfb44955876d697969d11f29,1,273,1788212088,90832,80000000,300000,90832,10,1e-08,908320,9.0832e-13,0.029911699995864183,2026-08-31T21:34:47.998529+00:00,2026-08-31T21:34:48.028032+00:00,Regular member confirmation
Douban Movie,PERF_20260901_003219,1337,confirmation,Member confirmation,101,80,41,,,4,5,False,0.4841444999910891,0xBE24707F7Fd0E544FEC7E70FB86F7D1AdaF21dE5,0x27fFA41Dd35f806E2e8b320c1f074B7E33d8B902,0x9a2b8713e19ff699345d85186dee950aa26db12595fe4588eca9173591a94581,1,274,1788212088,90832,80000000,300000,90832,10,1e-08,908320,9.0832e-13,0.03007789998082444,2026-08-31T21:34:48.108938+00:00,2026-08-31T21:34:48.138869+00:00,Regular member confirmation
Douban Movie,PERF_20260901_003219,1337,confirmation,Member confirmation,101,80,41,,,5,6,False,0.5967195999983232,0x790860C9f09aD6Da399937dc87D4699bE2b5FcB6,0x27fFA41Dd35f806E2e8b320c1f074B7E33d8B902,0xf79490209e95d7b69bd64fa008374e28b5a83bc3c66b7898fac0b86bd43a2c19,1,275,1788212088,90832,80000000,300000,90832,10,1e-08,908320,9.0832e-13,0.030257999984314665,2026-08-31T21:34:48.223319+00:00,2026-08-31T21:34:48.253802+00:00,Regular member confirmation
Douban Movie,PERF_20260901_003219,1337,confirmation,Member confirmation,101,80,41,,,6,7,False,0.7130928999977186,0xf0A646dCeA69e54b5947fCA7568F711B1A3EDeC9,0x27fFA41Dd35f806E2e8b320c1f074B7E33d8B902,0xdfaf8f4c168734fda6df8ac0db6ece5b55fd890d6533231e2e49383643ff4a3d,1,276,1788212088,90832,80000000,300000,90832,10,1e-08,908320,9.0832e-13,0.03262079998967238,2026-08-31T21:34:48.335014+00:00,2026-08-31T21:34:48.367569+00:00,Regular member confirmation
Douban Movie,PERF_20260901_003219,1337,confirmation,Member confirmation,101,80,41,,,7,8,False,0.8279558999929577,0xe5b4a9c5c72036E159342a601344D4df1d228267,0x27fFA41Dd35f806E2e8b320c1f074B7E33d8B902,0x6e2dd6649668616f896e517c7f80aeb8425f30428a7c02b242c536261d9ff132,1,277,1788212088,90832,80000000,300000,90832,10,1e-08,908320,9.0832e-13,0.030749900004593655,2026-08-31T21:34:48.453457+00:00,2026-08-31T21:34:48.484154+00:00,Regular member confirmation
Douban Movie,PERF_20260901_003219,1337,confirmation,Member confirmation,101,80,41,,,8,9,False,0.9414980000001378,0xCd9DF2A580c89E77fecAc7263642597cCCDE22a6,0x27fFA41Dd35f806E2e8b320c1f074B7E33d8B902,0xbf8db43a2711a06a92897aec8c5d94c2f275c9cca53e1223e77f360a8a82701c,1,278,1788212088,90832,80000000,300000,90832,10,1e-08,908320,9.0832e-13,0.02991489999112673,2026-08-31T21:34:48.566809+00:00,2026-08-31T21:34:48.596408+00:00,Regular member confirmation
Douban Movie,PERF_20260901_003219,1337,confirmation,Member confirmation,101,80,41,,,9,10,False,1.0599174000089988,0xCEf7CcE64dfbb3C80E5E6Ed4Cf5C25EE911e05f8,0x27fFA41Dd35f806E2e8b320c1f074B7E33d8B902,0x0447b62ee906c0ba30f2f14085a92691918bc2a70a27d32fad894aa66f94bc46,1,279,1788212088,90832,80000000,300000,90832,10,1e-08,908320,9.0832e-13,0.03221120001398958,2026-08-31T21:34:48.680527+00:00,2026-08-31T21:34:48.712835+00:00,Regular member confirmation
Douban Movie,PERF_20260901_003219,1337,confirmation,Member confirmation,101,80,41,,,10,11,False,1.190932800003793,0xF49eA7d926e7c60886C2738bAB23720A98bc373f,0x27fFA41Dd35f806E2e8b320c1f074B7E33d8B902,0xaa575a4f930210c3779bbd19f46a74ff723c0af09eaed792996dbd311e463d87,1,280,1788212088,90832,80000000,300000,90832,10,1e-08,908320,9.0832e-13,0.04109559999778867,2026-08-31T21:34:48.800022+00:00,2026-08-31T21:34:48.841860+00:00,Regular member confirmation
Douban Movie,PERF_20260901_003219,1337,confirmation,Member confirmation,101,80,41,,,11,12,False,1.3292038000072353,0xe671D2E2657C36F9292e28F3013593FdE6364865,0x27fFA41Dd35f806E2e8b320c1f074B7E33d8B902,0xbba73c53dac762579db38651332bed454be3af5aa9e2701c6039222c9068ddce,1,281,1788212088,90832,80000000,300000,90832,10,1e-08,908320,9.0832e-13,0.0377384000166785,2026-08-31T21:34:48.941537+00:00,2026-08-31T21:34:48.979403+00:00,Regular member confirmation
Douban Movie,PERF_20260901_003219,1337,confirmation,Member confirmation,101,80,41,,,12,13,False,1.4580604000075255,0x739ea87624C09cABde7a6AAD5d2F5b7D01C0ad50,0x27fFA41Dd35f806E2e8b320c1f074B7E33d8B902,0x64875427d36cddc6395a1641f65c01ff64841f2a9d90f656872aa823d64ce307,1,282,1788212089,90832,80000000,300000,90832,10,1e-08,908320,9.0832e-13,0.03528739998000674,2026-08-31T21:34:49.073936+00:00,2026-08-31T21:34:49.109157+00:00,Regular member confirmation
Douban Movie,PERF_20260901_003219,1337,confirmation,Member confirmation,101,80,41,,,13,14,False,1.577077800000552,0x3feBB76ebf0834A6442dc43cEC62fFdde43c3a58,0x27fFA41Dd35f806E2e8b320c1f074B7E33d8B902,0x7ce88b7074a7cbb94b6743170a7b76feb0bda9e60b28564b68346dbe6a3a52b6,1,283,1788212089,90832,80000000,300000,90832,10,1e-08,908320,9.0832e-13,0.032572500000242144,2026-08-31T21:34:49.199113+00:00,2026-08-31T21:34:49.231507+00:00,Regular member confirmation
Douban Movie,PERF_20260901_003219,1337,confirmation,Member confirmation,101,80,41,,,14,15,False,1.7022906999918632,0x734AE4BC9EBcaF163E2230A5166f471Ef64FE9b6,0x27fFA41Dd35f806E2e8b320c1f074B7E33d8B902,0x76c352b347b4eac321f60c4db4ab9cdf69d0f1e9a9237357b7e0ec7a54abc302,1,284,1788212089,90832,80000000,300000,90832,10,1e-08,908320,9.0832e-13,0.0333540000137873,2026-08-31T21:34:49.321742+00:00,2026-08-31T21:34:49.354791+00:00,Regular member confirmation
Douban Movie,PERF_20260901_003219,1337,confirmation,Member confirmation,101,80,41,,,15,16,False,1.815270299994154,0x1b3b00F4588d265C1A316443d0Eb351F3c7337A3,0x27fFA41Dd35f806E2e8b320c1f074B7E33d8B902,0x4842fcd67f4bbdf0d10a5a7f5f1336e60856950541d5fa28ad7ce3df80d232e5,1,285,1788212089,90832,80000000,300000,90832,10,1e-08,908320,9.0832e-13,0.029720199992880225,2026-08-31T21:34:49.442535+00:00,2026-08-31T21:34:49.472737+00:00,Regular member confirmation
Douban Movie,PERF_20260901_003219,1337,confirmation,Member confirmation,101,80,41,,,16,17,False,1.941535699996166,0x52C2dE8C0b94c3AF9Dc4db37FFF004dC6d8f63E3,0x27fFA41Dd35f806E2e8b320c1f074B7E33d8B902,0x08d4f31a5883fa268a23bd9bfc9e227b8ed76a643f85b269f237311dd44029c6,1,286,1788212089,90832,80000000,300000,90832,10,1e-08,908320,9.0832e-13,0.03280859999358654,2026-08-31T21:34:49.556071+00:00,2026-08-31T21:34:49.589216+00:00,Regular member confirmation
Douban Movie,PERF_20260901_003219,1337,confirmation,Member confirmation,101,80,41,,,17,18,False,2.0711594999884255,0xFF74611EB5400664B28E5cA8a7b297357756036a,0x27fFA41Dd35f806E2e8b320c1f074B7E33d8B902,0xbed94e7993c7186e5c3c2a672b27a132d59dcb39c5c36aaa64c9b57e5ef23c43,1,287,1788212089,90832,80000000,300000,90832,10,1e-08,908320,9.0832e-13,0.032938199990894645,2026-08-31T21:34:49.689739+00:00,2026-08-31T21:34:49.722174+00:00,Regular member confirmation
Douban Movie,PERF_20260901_003219,1337,confirmation,Member confirmation,101,80,41,,,18,19,False,2.228488099994138,0x316A1E5A2fad7a628E2Ac612560D29748d38650D,0x27fFA41Dd35f806E2e8b320c1f074B7E33d8B902,0x3837f1e38f8fce233a69f0fee94a839a354b95a447420bfdefa00835e8712c7c,1,288,1788212089,90832,80000000,300000,90832,10,1e-08,908320,9.0832e-13,0.03628500000922941,2026-08-31T21:34:49.843727+00:00,2026-08-31T21:34:49.880376+00:00,Regular member confirmation
Douban Movie,PERF_20260901_003219,1337,confirmation,Member confirmation,101,80,41,,,19,20,False,2.354000899998937,0x7F9C77E44F1926D3b2C9b1Bbf9fC0306003Fe6b6,0x27fFA41Dd35f806E2e8b320c1f074B7E33d8B902,0xf09f9201fd5ba85004ad99a2bb9e63f459e64ff4d0360fa574a5744331115242,1,289,1788212089,90832,80000000,300000,90832,10,1e-08,908320,9.0832e-13,0.03377509998972528,2026-08-31T21:34:49.973729+00:00,2026-08-31T21:34:50.006906+00:00,Regular member confirmation
Douban Movie,PERF_20260901_003219,1337,confirmation,Member confirmation,101,80,41,,,20,21,False,2.5086438999860547,0x331bC6dC9E57617DC21f6F22ec13444b8585db9c,0x27fFA41Dd35f806E2e8b320c1f074B7E33d8B902,0xd0b3f49ab94bf1de315d10b56548021bb6da8ebe99ab66782c33a61e09945ea4,1,290,1788212090,90832,80000000,300000,90832,10,1e-08,908320,9.0832e-13,0.04469810001319274,2026-08-31T21:34:50.117897+00:00,2026-08-31T21:34:50.163063+00:00,Regular member confirmation
Douban Movie,PERF_20260901_003219,1337,confirmation,Member confirmation,101,80,41,,,21,22,False,2.6260770999942906,0x79ffBfC9f2516969A899c73F61594ecF5eE40108,0x27fFA41Dd35f806E2e8b320c1f074B7E33d8B902,0x90160208fcb97286c470138bba2b322dc05aa75b960eb499f6c564818fca4472,1,291,1788212090,90832,80000000,300000,90832,10,1e-08,908320,9.0832e-13,0.030911399982869625,2026-08-31T21:34:50.252402+00:00,2026-08-31T21:34:50.283499+00:00,Regular member confirmation
Douban Movie,PERF_20260901_003219,1337,confirmation,Member confirmation,101,80,41,,,22,23,False,2.738990099984221,0x53268e6280540A53E327CF0c1434b92B69caa1eb,0x27fFA41Dd35f806E2e8b320c1f074B7E33d8B902,0xb6b9e1e663a6cad31a9856e3fd36099b37b0edc1787fe7a160fc229d05be0d85,1,292,1788212090,90832,80000000,300000,90832,10,1e-08,908320,9.0832e-13,0.028604399994947016,2026-08-31T21:34:50.364179+00:00,2026-08-31T21:34:50.393023+00:00,Regular member confirmation
Douban Movie,PERF_20260901_003219,1337,confirmation,Member confirmation,101,80,41,,,23,24,False,2.8680307999893557,0x1FCf189297d88d1f5034CF7A7b3A4C60CdCF529b,0x27fFA41Dd35f806E2e8b320c1f074B7E33d8B902,0x178a0c25ecb10a6e0c30f9dab36ec94094b9cc6a0de4fb96258d0721e8848a81,1,293,1788212090,90832,80000000,300000,90832,10,1e-08,908320,9.0832e-13,0.03459130000555888,2026-08-31T21:34:50.484310+00:00,2026-08-31T21:34:50.519529+00:00,Regular member confirmation
Douban Movie,PERF_20260901_003219,1337,confirmation,Member confirmation,101,80,41,,,24,25,False,3.011654500005534,0x152DCe8C8a1F7dB20Bf967bfFD397c73577740a0,0x27fFA41Dd35f806E2e8b320c1f074B7E33d8B902,0xac3a58b3fa7c994fb4104f3be0057d0b64fe03fda2fa940c233b606a482f5667,1,294,1788212090,90832,80000000,300000,90832,10,1e-08,908320,9.0832e-13,0.041724000009708107,2026-08-31T21:34:50.622566+00:00,2026-08-31T21:34:50.663611+00:00,Regular member confirmation
Douban Movie,PERF_20260901_003219,1337,confirmation,Member confirmation,101,80,41,,,25,26,False,3.198516500007827,0x66680b77EAD7b57Ea3a2624C5a3F56b21726D1DA,0x27fFA41Dd35f806E2e8b320c1f074B7E33d8B902,0xf5ff44d658eaaf36fae7b5127509342b21cf69f6a03df586d175acfb70cb4e6d,1,295,1788212090,90832,80000000,300000,90832,10,1e-08,908320,9.0832e-13,0.05302170000504702,2026-08-31T21:34:50.776958+00:00,2026-08-31T21:34:50.829887+00:00,Regular member confirmation
Douban Movie,PERF_20260901_003219,1337,confirmation,Member confirmation,101,80,41,,,26,27,False,3.398792299994966,0xe74371903f9a913db4b2e472b1180944B7bAdD60,0x27fFA41Dd35f806E2e8b320c1f074B7E33d8B902,0xa64ebd4612c0e3825f2b19573a88364cbc625821620b6b0d890be30309faf90b,1,296,1788212090,90832,80000000,300000,90832,10,1e-08,908320,9.0832e-13,0.05009019997669384,2026-08-31T21:34:50.979268+00:00,2026-08-31T21:34:51.028724+00:00,Regular member confirmation
Douban Movie,PERF_20260901_003219,1337,confirmation,Member confirmation,101,80,41,,,27,28,False,3.5567607000120915,0x7279d543e12dcE0800aae5345faff94fBf4bE7C4,0x27fFA41Dd35f806E2e8b320c1f074B7E33d8B902,0x5baa2f9a060b332e8fcb23556612386c7c2a2ff1b4591b6f6bb4b495ccfee7b3,1,297,1788212091,90832,80000000,300000,90832,10,1e-08,908320,9.0832e-13,0.04700049999519251,2026-08-31T21:34:51.160267+00:00,2026-08-31T21:34:51.207702+00:00,Regular member confirmation
Douban Movie,PERF_20260901_003219,1337,confirmation,Member confirmation,101,80,41,,,28,29,False,3.6887743000115734,0x43753C523e8A646F1a131C91D4E7A83e2D3DBFbf,0x27fFA41Dd35f806E2e8b320c1f074B7E33d8B902,0x03a313cdbffb99d757ceb8fae4fd8d48ea843cb9f659039132dfd630f90f780f,1,298,1788212091,90832,80000000,300000,90832,10,1e-08,908320,9.0832e-13,0.03527239998220466,2026-08-31T21:34:51.303605+00:00,2026-08-31T21:34:51.338598+00:00,Regular member confirmation
Douban Movie,PERF_20260901_003219,1337,confirmation,Member confirmation,101,80,41,,,29,30,False,3.820903999992879,0xD0f41EaefBBb6bD4B4e6bBF128bc3ccBA7540c19,0x27fFA41Dd35f806E2e8b320c1f074B7E33d8B902,0xa5e5f1d64d481584a42329a388cc82b9deed720f2aa4101b8114dd70df8ddfa7,1,299,1788212091,90832,80000000,300000,90832,10,1e-08,908320,9.0832e-13,0.03522469999734312,2026-08-31T21:34:51.436797+00:00,2026-08-31T21:34:51.471495+00:00,Regular member confirmation
Douban Movie,PERF_20260901_003219,1337,confirmation,Member confirmation,101,80,41,,,30,31,False,3.9545434000028763,0x8DC12b5a306DC39D838127D9a51e2af2b4963Ccc,0x27fFA41Dd35f806E2e8b320c1f074B7E33d8B902,0x843e24ea0a8c829c45e957bffa2bb7bff5870b4ab8183ae3fcbb133935b74b44,1,300,1788212091,90832,80000000,300000,90832,10,1e-08,908320,9.0832e-13,0.03356330000679009,2026-08-31T21:34:51.569280+00:00,2026-08-31T21:34:51.602913+00:00,Regular member confirmation
Douban Movie,PERF_20260901_003219,1337,confirmation,Member confirmation,101,80,41,,,31,32,False,4.104617100005271,0x46f50F40E495734Ec5bd101D4496B7DEd638e2A0,0x27fFA41Dd35f806E2e8b320c1f074B7E33d8B902,0x51a4aa1c68e1e08cb624f1cbee829fa62570718b5fec7d31e36f57e87bf65040,1,301,1788212091,90832,80000000,300000,90832,10,1e-08,908320,9.0832e-13,0.036236400017514825,2026-08-31T21:34:51.699725+00:00,2026-08-31T21:34:51.736022+00:00,Regular member confirmation
Douban Movie,PERF_20260901_003219,1337,confirmation,Member confirmation,101,80,41,,,32,33,False,4.2329095999884885,0xe17837225020af1D365bf6af747213DE1933dF9A,0x27fFA41Dd35f806E2e8b320c1f074B7E33d8B902,0x0c8d9b8796c06707a18dd34777038fe571e76952fd978fa2e568499d7ea1d983,1,302,1788212091,90832,80000000,300000,90832,10,1e-08,908320,9.0832e-13,0.03658840002026409,2026-08-31T21:34:51.845686+00:00,2026-08-31T21:34:51.882364+00:00,Regular member confirmation
Douban Movie,PERF_20260901_003219,1337,confirmation,Member confirmation,101,80,41,,,33,34,False,4.359109999990324,0x1766EA78ff27dce68C45923dA32603092e393A46,0x27fFA41Dd35f806E2e8b320c1f074B7E33d8B902,0x32c6b5a296b0a1cdf650208d70f497d08e1b15dd38789782e63a448db00ba34b,1,303,1788212091,90832,80000000,300000,90832,10,1e-08,908320,9.0832e-13,0.03232709999429062,2026-08-31T21:34:51.979776+00:00,2026-08-31T21:34:52.012815+00:00,Regular member confirmation
Douban Movie,PERF_20260901_003219,1337,confirmation,Member confirmation,101,80,41,,,34,35,False,4.479796200001147,0xE60608e52Fe1eb1AdBC3Ad7566CA2b18C22d1744,0x27fFA41Dd35f806E2e8b320c1f074B7E33d8B902,0x7229f5128b76f47d715f42c792fc74172e444529e93e4e11d9a3ae87cb42e9b5,1,304,1788212092,90832,80000000,300000,90832,10,1e-08,908320,9.0832e-13,0.032472899998538196,2026-08-31T21:34:52.099049+00:00,2026-08-31T21:34:52.131408+00:00,Regular member confirmation
Douban Movie,PERF_20260901_003219,1337,confirmation,Member confirmation,101,80,41,,,35,36,False,4.631027900002664,0x1c7F4F2e57b54806Bf7524e25faf3Bf118408Bf2,0x27fFA41Dd35f806E2e8b320c1f074B7E33d8B902,0x74837df31554bd5fce6a6e453a89a4ba9daf8e575677804c3937d1dfae289a53,1,305,1788212092,90832,80000000,300000,90832,10,1e-08,908320,9.0832e-13,0.038300399988656864,2026-08-31T21:34:52.232889+00:00,2026-08-31T21:34:52.271196+00:00,Regular member confirmation
Douban Movie,PERF_20260901_003219,1337,confirmation,Member confirmation,101,80,41,,,36,37,False,4.814929299987853,0x62f0D2a9Ae2f02E7e2791bd3Ad178Ef464D826a3,0x27fFA41Dd35f806E2e8b320c1f074B7E33d8B902,0xe62a9241ee8ba1f4b0d2e1d5801c19121794b18793822875561c44c0f0bca1fa,1,306,1788212092,90832,80000000,300000,90832,10,1e-08,908320,9.0832e-13,0.04169840001850389,2026-08-31T21:34:52.405750+00:00,2026-08-31T21:34:52.447420+00:00,Regular member confirmation
Douban Movie,PERF_20260901_003219,1337,confirmation,Member confirmation,101,80,41,,,37,38,False,4.970978500001365,0xA4d200EFD457181cCd6dbd8007398FEaB6203490,0x27fFA41Dd35f806E2e8b320c1f074B7E33d8B902,0xf2c2b17386db02f629b1e5c6b746681c4abdc3e5905647a916d8906c00d545ae,1,307,1788212092,90832,80000000,300000,90832,10,1e-08,908320,9.0832e-13,0.03612299999804236,2026-08-31T21:34:52.577672+00:00,2026-08-31T21:34:52.613922+00:00,Regular member confirmation
Douban Movie,PERF_20260901_003219,1337,confirmation,Member confirmation,101,80,41,,,38,39,False,5.126518400007626,0xDC6071CC7Ce03726e26783B0Cde5B4092e2b2D35,0x27fFA41Dd35f806E2e8b320c1f074B7E33d8B902,0xcc8690cc1aeb9568d5773d565e5ccd9df4059dfa43a40c5efa425f9650f71de0,1,308,1788212092,90832,80000000,300000,90832,10,1e-08,908320,9.0832e-13,0.040598199993837625,2026-08-31T21:34:52.727272+00:00,2026-08-31T21:34:52.768306+00:00,Regular member confirmation
Douban Movie,PERF_20260901_003219,1337,confirmation,Member confirmation,101,80,41,,,39,40,False,5.2767116999893915,0xe2d38c5c3c416079B5E3d98244011e21099EF68D,0x27fFA41Dd35f806E2e8b320c1f074B7E33d8B902,0x089097f2c05f8c1c73e0e21922d4a866741546ac19b184fd1c23efa24e390d60,1,309,1788212092,90832,80000000,300000,90832,10,1e-08,908320,9.0832e-13,0.041192300006514415,2026-08-31T21:34:52.883771+00:00,2026-08-31T21:34:52.924703+00:00,Regular member confirmation
Douban Movie,PERF_20260901_003219,1337,confirmation,Member confirmation,101,80,41,,,40,41,True,5.423713199998019,0x153947870a237fEF835C0073d69f549549485c50,0x27fFA41Dd35f806E2e8b320c1f074B7E33d8B902,0xc8ffbc90aa10de0dbfedd12635d0bf9e25b6faf7de12582068817577db4a0bc3,1,310,1788212093,120829,80000000,300000,120829,10,1e-08,1208290,1.20829e-12,0.040863200003514066,2026-08-31T21:34:53.025793+00:00,2026-08-31T21:34:53.067165+00:00,Finalization-triggering confirmation
Douban Movie,PERF_20260901_003219,1337,confirmation,Member confirmation,287,118,60,,,1,2,False,0.18576000002212822,0xaDcA3ACA212B015860781910F8F1EE30A0649c74,0x27fFA41Dd35f806E2e8b320c1f074B7E33d8B902,0xade5060ea01e2737163ea660c594bd3713bd5adc5417d6f37e16b9a340daf502,1,311,1788212093,90856,80000000,300000,90856,10,1e-08,908560,9.0856e-13,0.03534360000048764,2026-08-31T21:34:53.401398+00:00,2026-08-31T21:34:53.437342+00:00,Regular member confirmation
Douban Movie,PERF_20260901_003219,1337,confirmation,Member confirmation,287,118,60,,,2,3,False,0.32135420001577586,0x0f3f1eD98ad16396383eD1E292929b53855E83b1,0x27fFA41Dd35f806E2e8b320c1f074B7E33d8B902,0x493c0c54f8124cbeca3f94e79b6eb69853318f4f3363678c8884c7dd18ea980a,1,312,1788212093,90856,80000000,300000,90856,10,1e-08,908560,9.0856e-13,0.03529919998254627,2026-08-31T21:34:53.541163+00:00,2026-08-31T21:34:53.576350+00:00,Regular member confirmation
Douban Movie,PERF_20260901_003219,1337,confirmation,Member confirmation,287,118,60,,,3,4,False,0.4595934000099078,0xFc7154cfc13A7DdEa6dA6f1ac1C2c49957cdF4D0,0x27fFA41Dd35f806E2e8b320c1f074B7E33d8B902,0x9f0ff8e37a9809123ad933e1a51638d7ed612ae458e0d3ce8b296bfe36bc0686,1,313,1788212093,90856,80000000,300000,90856,10,1e-08,908560,9.0856e-13,0.04040040000109002,2026-08-31T21:34:53.669631+00:00,2026-08-31T21:34:53.710002+00:00,Regular member confirmation
Douban Movie,PERF_20260901_003219,1337,confirmation,Member confirmation,287,118,60,,,4,5,False,0.6031937000225298,0x94041FCfd0b11Aa72c39dCe1260A2bC1e37faCa0,0x27fFA41Dd35f806E2e8b320c1f074B7E33d8B902,0x90a004dceaf65a606e1b7bf506ba3a2f084d695b09eb1285905ea2dd3094716d,1,314,1788212093,90856,80000000,300000,90856,10,1e-08,908560,9.0856e-13,0.035914900014176965,2026-08-31T21:34:53.817057+00:00,2026-08-31T21:34:53.853465+00:00,Regular member confirmation
Douban Movie,PERF_20260901_003219,1337,confirmation,Member confirmation,287,118,60,,,5,6,False,0.7514535000082105,0x7BE85B334dbF4cBd28919e2944094407016f3f43,0x27fFA41Dd35f806E2e8b320c1f074B7E33d8B902,0xfd7af0405c6e1e10391c3e18c1d0de87da0cdcf5d8d6ea36be37e1365968b92b,1,315,1788212093,90856,80000000,300000,90856,10,1e-08,908560,9.0856e-13,0.03808319999370724,2026-08-31T21:34:53.954831+00:00,2026-08-31T21:34:53.992129+00:00,Regular member confirmation
Douban Movie,PERF_20260901_003219,1337,confirmation,Member confirmation,287,118,60,,,6,7,False,0.9204544000094756,0xf0E133e0ff77193197fe69409685353aCCF73B95,0x27fFA41Dd35f806E2e8b320c1f074B7E33d8B902,0x6de90427d66100cad5499b70e0aaa8713c031096d551035a709c45f0a4e18772,1,316,1788212094,90856,80000000,300000,90856,10,1e-08,908560,9.0856e-13,0.032858199992915615,2026-08-31T21:34:54.112288+00:00,2026-08-31T21:34:54.145201+00:00,Regular member confirmation
Douban Movie,PERF_20260901_003219,1337,confirmation,Member confirmation,287,118,60,,,7,8,False,1.0648751000117045,0xbA763b2fad58beB4cA79d2f1996928afceb5258F,0x27fFA41Dd35f806E2e8b320c1f074B7E33d8B902,0xb9eb388038c2aff2a4789c256a892a47e78e1ed5198a6b859081d13669b29f2a,1,317,1788212094,90856,80000000,300000,90856,10,1e-08,908560,9.0856e-13,0.03746379999211058,2026-08-31T21:34:54.278068+00:00,2026-08-31T21:34:54.316047+00:00,Regular member confirmation
Douban Movie,PERF_20260901_003219,1337,confirmation,Member confirmation,287,118,60,,,8,9,False,1.2067143000022043,0xA1b5d95a53930A4F2ceaEf36a6cd3E6C7fe2481B,0x27fFA41Dd35f806E2e8b320c1f074B7E33d8B902,0x2522aa64e8db1b1358f453a8ae4a74f69a3565dd38f99ac76a3aefcd18a0172f,1,318,1788212094,90856,80000000,300000,90856,10,1e-08,908560,9.0856e-13,0.04153969997423701,2026-08-31T21:34:54.415609+00:00,2026-08-31T21:34:54.457222+00:00,Regular member confirmation
Douban Movie,PERF_20260901_003219,1337,confirmation,Member confirmation,287,118,60,,,9,10,False,1.3554516000149306,0xdA5fe68210ec28815D029aa2928D697CDF0cbeB2,0x27fFA41Dd35f806E2e8b320c1f074B7E33d8B902,0x5cb77e4c9ed93043426933c1318d48eda7c54cc192f33884a508bfdb789e6db1,1,319,1788212094,90856,80000000,300000,90856,10,1e-08,908560,9.0856e-13,0.04415159998461604,2026-08-31T21:34:54.563053+00:00,2026-08-31T21:34:54.607525+00:00,Regular member confirmation
Douban Movie,PERF_20260901_003219,1337,confirmation,Member confirmation,287,118,60,,,10,11,False,1.5010326000046916,0x1282011D0e39193F518CF062C30DeFAB6A55e2da,0x27fFA41Dd35f806E2e8b320c1f074B7E33d8B902,0xb50ae379476ff35c40a31543e4cc884177b62c354635da25dd22a4845124c2bb,1,320,1788212094,90856,80000000,300000,90856,10,1e-08,908560,9.0856e-13,0.04411010001786053,2026-08-31T21:34:54.705283+00:00,2026-08-31T21:34:54.748708+00:00,Regular member confirmation
Douban Movie,PERF_20260901_003219,1337,confirmation,Member confirmation,287,118,60,,,11,12,False,1.6777327000163496,0x1AeB48424efA373b08b1099450C63f58c6c28297,0x27fFA41Dd35f806E2e8b320c1f074B7E33d8B902,0x06772ce7697fe55bc21fc998e5cc78d8bdbcd39ba2419cfd61b9bc9c1daa19c2,1,321,1788212094,90856,80000000,300000,90856,10,1e-08,908560,9.0856e-13,0.058512199990218505,2026-08-31T21:34:54.864470+00:00,2026-08-31T21:34:54.923394+00:00,Regular member confirmation
Douban Movie,PERF_20260901_003219,1337,confirmation,Member confirmation,287,118,60,,,12,13,False,1.830933700024616,0xe11c79097022129b37C21f4Fee236D149A05b6eb,0x27fFA41Dd35f806E2e8b320c1f074B7E33d8B902,0x283697b421fe071124e036ce4a9f09b915e611c7ab99e6ec8f1b39ea05c6ec52,1,322,1788212095,90856,80000000,300000,90856,10,1e-08,908560,9.0856e-13,0.030578500009141862,2026-08-31T21:34:55.048066+00:00,2026-08-31T21:34:55.078778+00:00,Regular member confirmation
Douban Movie,PERF_20260901_003219,1337,confirmation,Member confirmation,287,118,60,,,13,14,False,1.94456080000964,0x07f02eC237861c680FDaE633112268405268Af0F,0x27fFA41Dd35f806E2e8b320c1f074B7E33d8B902,0x89305774b928c90a24e044c88383882a10d9153a791330165dc3b732d977e5a4,1,323,1788212095,90856,80000000,300000,90856,10,1e-08,908560,9.0856e-13,0.03300680001848377,2026-08-31T21:34:55.169376+00:00,2026-08-31T21:34:55.202651+00:00,Regular member confirmation
Douban Movie,PERF_20260901_003219,1337,confirmation,Member confirmation,287,118,60,,,14,15,False,2.056740300002275,0x6C02f712FF3C3a76d5b78e803F40FAA19Ba73Eb9,0x27fFA41Dd35f806E2e8b320c1f074B7E33d8B902,0x7ff5fe1ecac8ce24d1ae1d2f26ffbde2640cc019a052de6e09fb2b98f2500036,1,324,1788212095,90856,80000000,300000,90856,10,1e-08,908560,9.0856e-13,0.030448900011833757,2026-08-31T21:34:55.283522+00:00,2026-08-31T21:34:55.314333+00:00,Regular member confirmation
Douban Movie,PERF_20260901_003219,1337,confirmation,Member confirmation,287,118,60,,,15,16,False,2.170939700008603,0x2cc2CD10e53e2fD786D0436850116753eD9d2099,0x27fFA41Dd35f806E2e8b320c1f074B7E33d8B902,0x17136a3349d9e323d7e26357f0823b64b5f6391290a2958909669773136632c6,1,325,1788212095,90856,80000000,300000,90856,10,1e-08,908560,9.0856e-13,0.030284799984656274,2026-08-31T21:34:55.396523+00:00,2026-08-31T21:34:55.425937+00:00,Regular member confirmation
Douban Movie,PERF_20260901_003219,1337,confirmation,Member confirmation,287,118,60,,,16,17,False,2.305585699999938,0x18cC9d5fFaD7Be0FFe2Bd50b51C56F88044B6Db5,0x27fFA41Dd35f806E2e8b320c1f074B7E33d8B902,0x5eaec7a01a6f5adf458030887369a777d1183251b506b56ce90740f279f2907c,1,326,1788212095,90856,80000000,300000,90856,10,1e-08,908560,9.0856e-13,0.03561029999400489,2026-08-31T21:34:55.512529+00:00,2026-08-31T21:34:55.549100+00:00,Regular member confirmation
Douban Movie,PERF_20260901_003219,1337,confirmation,Member confirmation,287,118,60,,,17,18,False,2.4289247000124305,0x8aa9b69a4B8ca7D59239Fb4460465a4cF58e3176,0x27fFA41Dd35f806E2e8b320c1f074B7E33d8B902,0x9050621175d57a88669b44bf9bbce5406bf4ad3a6433a69f0ebe2dc016249064,1,327,1788212095,90856,80000000,300000,90856,10,1e-08,908560,9.0856e-13,0.03258670002105646,2026-08-31T21:34:55.655407+00:00,2026-08-31T21:34:55.687847+00:00,Regular member confirmation
Douban Movie,PERF_20260901_003219,1337,confirmation,Member confirmation,287,118,60,,,18,19,False,2.540852600010112,0x19E83Aa71c79b46134D935736BF80D30142BFF71,0x27fFA41Dd35f806E2e8b320c1f074B7E33d8B902,0xb353aa0d0baac3942c2829c141631664dbf858ad4bbe67c5cad1b69249e143c0,1,328,1788212095,90856,80000000,300000,90856,10,1e-08,908560,9.0856e-13,0.029782799974782392,2026-08-31T21:34:55.769190+00:00,2026-08-31T21:34:55.798203+00:00,Regular member confirmation
Douban Movie,PERF_20260901_003219,1337,confirmation,Member confirmation,287,118,60,,,19,20,False,2.6550914000254124,0x1E76CbEd56bBbf4ebE5c9Be974b454A1e92d8224,0x27fFA41Dd35f806E2e8b320c1f074B7E33d8B902,0x33263dbb5f61a1779630974958f2f1ca11e531ff6e1ffca2be7599159760a3e3,1,329,1788212095,90856,80000000,300000,90856,10,1e-08,908560,9.0856e-13,0.030689700011862442,2026-08-31T21:34:55.880833+00:00,2026-08-31T21:34:55.911538+00:00,Regular member confirmation
Douban Movie,PERF_20260901_003219,1337,confirmation,Member confirmation,287,118,60,,,20,21,False,2.7842684000206646,0x4943Aa404E88Edc3bA0f6693Feb4a061DD94911F,0x27fFA41Dd35f806E2e8b320c1f074B7E33d8B902,0xc9f7bc8d75f9b2dd3c2f03092a0ceee50b8f6e63f8f8d578069a422e290a80d0,1,330,1788212096,90856,80000000,300000,90856,10,1e-08,908560,9.0856e-13,0.032074599992483854,2026-08-31T21:34:56.006716+00:00,2026-08-31T21:34:56.038780+00:00,Regular member confirmation
Douban Movie,PERF_20260901_003219,1337,confirmation,Member confirmation,287,118,60,,,21,22,False,2.8980253000045195,0x953c8a02A8CF5c16f6416835557DabCE411E4616,0x27fFA41Dd35f806E2e8b320c1f074B7E33d8B902,0xce85399e9c30f582084b30300f481d61124e3226847d501a38902c07c731bd5a,1,331,1788212096,90856,80000000,300000,90856,10,1e-08,908560,9.0856e-13,0.030389999999897555,2026-08-31T21:34:56.125025+00:00,2026-08-31T21:34:56.155902+00:00,Regular member confirmation
Douban Movie,PERF_20260901_003219,1337,confirmation,Member confirmation,287,118,60,,,22,23,False,3.009240100014722,0x690282Ff52bEd1dA14F7CD1688683C32975E2bc8,0x27fFA41Dd35f806E2e8b320c1f074B7E33d8B902,0x959f2d19df43251818af7b477264dfd8784e129d5e4edfaf6fbad08b65df8a67,1,332,1788212096,90856,80000000,300000,90856,10,1e-08,908560,9.0856e-13,0.02969120000489056,2026-08-31T21:34:56.239437+00:00,2026-08-31T21:34:56.269143+00:00,Regular member confirmation
Douban Movie,PERF_20260901_003219,1337,confirmation,Member confirmation,287,118,60,,,23,24,False,3.1291802000196185,0x4f0f9BC50e462e22e4A7172e7f5dAf81284C0011,0x27fFA41Dd35f806E2e8b320c1f074B7E33d8B902,0x56e8a042415d23b38a21297f27796c53e49402d4ff87b949a533ef2575553f76,1,333,1788212096,90856,80000000,300000,90856,10,1e-08,908560,9.0856e-13,0.03221559998928569,2026-08-31T21:34:56.347147+00:00,2026-08-31T21:34:56.379598+00:00,Regular member confirmation
Douban Movie,PERF_20260901_003219,1337,confirmation,Member confirmation,287,118,60,,,24,25,False,3.2452317000133917,0xFD22a4c5B959572d09E4e9aeae18A878d42c6E88,0x27fFA41Dd35f806E2e8b320c1f074B7E33d8B902,0xc32bd726bad26f9be6999c74445662cfc7e372b1dead9b4bf31c374f94075adb,1,334,1788212096,90856,80000000,300000,90856,10,1e-08,908560,9.0856e-13,0.02964100000099279,2026-08-31T21:34:56.473410+00:00,2026-08-31T21:34:56.503153+00:00,Regular member confirmation
Douban Movie,PERF_20260901_003219,1337,confirmation,Member confirmation,287,118,60,,,25,26,False,3.3582528000115417,0x128f9F0415d95978C6DB1B360eE5c008D66d09Dc,0x27fFA41Dd35f806E2e8b320c1f074B7E33d8B902,0x8aba983a527b81c6ac79f37cd2597553217f308162aaa4eb93cfe5b3c1b8ce47,1,335,1788212096,90856,80000000,300000,90856,10,1e-08,908560,9.0856e-13,0.030976300011388958,2026-08-31T21:34:56.584940+00:00,2026-08-31T21:34:56.616355+00:00,Regular member confirmation
Douban Movie,PERF_20260901_003219,1337,confirmation,Member confirmation,287,118,60,,,26,27,False,3.470321900007548,0xb73E8666A3639a8A0512efD939d96a612b02a721,0x27fFA41Dd35f806E2e8b320c1f074B7E33d8B902,0x685409c5ab58519af59025d522978cd4c858761f2525f8d238ebfbcffe9f59ae,1,336,1788212096,90856,80000000,300000,90856,10,1e-08,908560,9.0856e-13,0.030241700005717576,2026-08-31T21:34:56.699014+00:00,2026-08-31T21:34:56.728689+00:00,Regular member confirmation
Douban Movie,PERF_20260901_003219,1337,confirmation,Member confirmation,287,118,60,,,27,28,False,3.5831746000039857,0x98F67AA553582B414494D4C4fce2999A9701eF9a,0x27fFA41Dd35f806E2e8b320c1f074B7E33d8B902,0xa87d56aadce31cd64cb7771ffd21a4bb5aa447a57ab8aefa4b418a04ee28711c,1,337,1788212096,90856,80000000,300000,90856,10,1e-08,908560,9.0856e-13,0.029867400007788092,2026-08-31T21:34:56.809993+00:00,2026-08-31T21:34:56.840050+00:00,Regular member confirmation
Douban Movie,PERF_20260901_003219,1337,confirmation,Member confirmation,287,118,60,,,28,29,False,3.714661200006958,0x2947955c04c0Acef6530e2C2095da884D0a8B5eE,0x27fFA41Dd35f806E2e8b320c1f074B7E33d8B902,0x9f798f25b9682561ecf481a7d5ac8837797f97280c5fc03bdb9c0a8add63597e,1,338,1788212096,90856,80000000,300000,90856,10,1e-08,908560,9.0856e-13,0.036328200018033385,2026-08-31T21:34:56.922819+00:00,2026-08-31T21:34:56.958934+00:00,Regular member confirmation
Douban Movie,PERF_20260901_003219,1337,confirmation,Member confirmation,287,118,60,,,29,30,False,3.833859600010328,0x65D3DF3f2c7c9a5DD29d23Eab5266550067c6d15,0x27fFA41Dd35f806E2e8b320c1f074B7E33d8B902,0x0df6ae01d63db1d8df9f730b97b7b6abd3771cbaef3b65a799245b67e207265a,1,339,1788212097,90856,80000000,300000,90856,10,1e-08,908560,9.0856e-13,0.03193299999111332,2026-08-31T21:34:57.059285+00:00,2026-08-31T21:34:57.091351+00:00,Regular member confirmation
Douban Movie,PERF_20260901_003219,1337,confirmation,Member confirmation,287,118,60,,,30,31,False,3.9446621000242885,0xdEaF94707778270995B1b4E33B295a53500bF6dD,0x27fFA41Dd35f806E2e8b320c1f074B7E33d8B902,0xbfd247e42ff20affb532053a29de97ed9bf096f662cf4d900e31bc8c6944d0cc,1,340,1788212097,90856,80000000,300000,90856,10,1e-08,908560,9.0856e-13,0.029973500000778586,2026-08-31T21:34:57.172834+00:00,2026-08-31T21:34:57.203202+00:00,Regular member confirmation
Douban Movie,PERF_20260901_003219,1337,confirmation,Member confirmation,287,118,60,,,31,32,False,4.064907799998764,0x3f45cCc056b74C82E6015D3CF067CB14f59A9876,0x27fFA41Dd35f806E2e8b320c1f074B7E33d8B902,0xfb587b86cc56ab272d72a79c2d8c85b0a3565b9d5c48d2996a116a9189c00359,1,341,1788212097,90856,80000000,300000,90856,10,1e-08,908560,9.0856e-13,0.0314885999832768,2026-08-31T21:34:57.290623+00:00,2026-08-31T21:34:57.322550+00:00,Regular member confirmation
Douban Movie,PERF_20260901_003219,1337,confirmation,Member confirmation,287,118,60,,,32,33,False,4.17580420000013,0xd2149eF1f23B55864851a3756Fa6E0C77CDb30A3,0x27fFA41Dd35f806E2e8b320c1f074B7E33d8B902,0xe194b139b4a4e15b1264b215b38d3872743acd4002f925a351f571eb5721ea18,1,342,1788212097,90856,80000000,300000,90856,10,1e-08,908560,9.0856e-13,0.03008560001035221,2026-08-31T21:34:57.404481+00:00,2026-08-31T21:34:57.435004+00:00,Regular member confirmation
Douban Movie,PERF_20260901_003219,1337,confirmation,Member confirmation,287,118,60,,,33,34,False,4.290578400017694,0x58e147cCe84c96EeB31662DB1B778C8F9D2ffE15,0x27fFA41Dd35f806E2e8b320c1f074B7E33d8B902,0x74b3d5faf364f69d376a94b9c25ae42238e60270c739dcc46e2bd058ec335ebf,1,343,1788212097,90856,80000000,300000,90856,10,1e-08,908560,9.0856e-13,0.031154800002695993,2026-08-31T21:34:57.515508+00:00,2026-08-31T21:34:57.547143+00:00,Regular member confirmation
Douban Movie,PERF_20260901_003219,1337,confirmation,Member confirmation,287,118,60,,,34,35,False,4.456037900003139,0x6B8Ac47A344373D9f21C2aFd7Cbd453Af83c640c,0x27fFA41Dd35f806E2e8b320c1f074B7E33d8B902,0x49f96efdf8e28353f74e31a5412205f86639ec390e8dfb68a9eb95404d385a5f,1,344,1788212097,90856,80000000,300000,90856,10,1e-08,908560,9.0856e-13,0.030754200008232147,2026-08-31T21:34:57.684063+00:00,2026-08-31T21:34:57.714828+00:00,Regular member confirmation
Douban Movie,PERF_20260901_003219,1337,confirmation,Member confirmation,287,118,60,,,35,36,False,4.572133000008762,0x5be92B745Ba86831939107a7c5910d38f89BeB12,0x27fFA41Dd35f806E2e8b320c1f074B7E33d8B902,0x883044ec5db40e4df7396b579b518233cc6166c9d82a7eebd4e657503f25b5c3,1,345,1788212097,90856,80000000,300000,90856,10,1e-08,908560,9.0856e-13,0.0323045999975875,2026-08-31T21:34:57.799028+00:00,2026-08-31T21:34:57.830630+00:00,Regular member confirmation
Douban Movie,PERF_20260901_003219,1337,confirmation,Member confirmation,287,118,60,,,36,37,False,4.6866325000009965,0x4Aa6cAd928C23115892E6d9DE54a0D4118DF4eF6,0x27fFA41Dd35f806E2e8b320c1f074B7E33d8B902,0xc18bc44f2d304b4b693464fd4be6157df5f905d80e5c7d2362f4c6f526335f20,1,346,1788212097,90856,80000000,300000,90856,10,1e-08,908560,9.0856e-13,0.0294634000165388,2026-08-31T21:34:57.915196+00:00,2026-08-31T21:34:57.944713+00:00,Regular member confirmation
Douban Movie,PERF_20260901_003219,1337,confirmation,Member confirmation,287,118,60,,,37,38,False,4.797681399999419,0xE42920B88495a7c53d94be3bb4C7E0F3511be5E0,0x27fFA41Dd35f806E2e8b320c1f074B7E33d8B902,0x9b40e483cc6dc734ee7c49bd52dfb6986f74b46c99c1e8ecf18a1f0dd478124e,1,347,1788212098,90856,80000000,300000,90856,10,1e-08,908560,9.0856e-13,0.03081019999808632,2026-08-31T21:34:58.024249+00:00,2026-08-31T21:34:58.055790+00:00,Regular member confirmation
Douban Movie,PERF_20260901_003219,1337,confirmation,Member confirmation,287,118,60,,,38,39,False,4.911175200017169,0xdB85ad5F580CE2c4fEfB531e23472444110159eF,0x27fFA41Dd35f806E2e8b320c1f074B7E33d8B902,0xfc29c6a44a251dcf820dc93e3e403fc0f902909cd8a57acbd72e6f31fb8cf9b7,1,348,1788212098,90856,80000000,300000,90856,10,1e-08,908560,9.0856e-13,0.030761500005610287,2026-08-31T21:34:58.138640+00:00,2026-08-31T21:34:58.169835+00:00,Regular member confirmation
Douban Movie,PERF_20260901_003219,1337,confirmation,Member confirmation,287,118,60,,,39,40,False,5.031596200016793,0xd3B1755CC1667B2402e37a1035aC97143305BC24,0x27fFA41Dd35f806E2e8b320c1f074B7E33d8B902,0x9504fec2f5e61b82db7331d93bc034c20fa9084b2c61636cf4f8d81540dfce66,1,349,1788212098,90856,80000000,300000,90856,10,1e-08,908560,9.0856e-13,0.029728699999395758,2026-08-31T21:34:58.255183+00:00,2026-08-31T21:34:58.285362+00:00,Regular member confirmation
Douban Movie,PERF_20260901_003219,1337,confirmation,Member confirmation,287,118,60,,,40,41,False,5.145323800010374,0xeF3971778B5164818086FAd702866FfB49700C71,0x27fFA41Dd35f806E2e8b320c1f074B7E33d8B902,0xf6e4274a8ebb1f25c3d7bc07152445695243e81f3632d91a0d598254a0e72ee4,1,350,1788212098,90856,80000000,300000,90856,10,1e-08,908560,9.0856e-13,0.031093300000065938,2026-08-31T21:34:58.372225+00:00,2026-08-31T21:34:58.403191+00:00,Regular member confirmation
Douban Movie,PERF_20260901_003219,1337,confirmation,Member confirmation,287,118,60,,,41,42,False,5.261024300009012,0xc382a5E67203D081BD3a9104e5A24522A45D1958,0x27fFA41Dd35f806E2e8b320c1f074B7E33d8B902,0xe97a51af5d2d0804096b791076d3580d857abda4366d960857e79391ad206baf,1,351,1788212098,90856,80000000,300000,90856,10,1e-08,908560,9.0856e-13,0.030171999998856336,2026-08-31T21:34:58.485760+00:00,2026-08-31T21:34:58.515731+00:00,Regular member confirmation
Douban Movie,PERF_20260901_003219,1337,confirmation,Member confirmation,287,118,60,,,42,43,False,5.373999000003096,0x5DC7513f8373eF63e2634dc01d1324342315d6AA,0x27fFA41Dd35f806E2e8b320c1f074B7E33d8B902,0xc0020d7cf73485113ac37b22ae046ff8ea1e257c271829674416f1d2b20aeaf6,1,352,1788212098,90856,80000000,300000,90856,10,1e-08,908560,9.0856e-13,0.02971959998831153,2026-08-31T21:34:58.602955+00:00,2026-08-31T21:34:58.633039+00:00,Regular member confirmation
Douban Movie,PERF_20260901_003219,1337,confirmation,Member confirmation,287,118,60,,,43,44,False,5.486136300023645,0xAa77C0eC6180cE0e61B54941532C215a1db40E73,0x27fFA41Dd35f806E2e8b320c1f074B7E33d8B902,0xfd6d0f232306b4975e29b5783dea9aebd9a7d436b2d260d9fcb82fc43897201c,1,353,1788212098,90856,80000000,300000,90856,10,1e-08,908560,9.0856e-13,0.031133400014368817,2026-08-31T21:34:58.712918+00:00,2026-08-31T21:34:58.743558+00:00,Regular member confirmation
Douban Movie,PERF_20260901_003219,1337,confirmation,Member confirmation,287,118,60,,,44,45,False,5.603799000004074,0xbe56BE80F75Ce5450edB1373877871965439813A,0x27fFA41Dd35f806E2e8b320c1f074B7E33d8B902,0x12e5931a4e8bb5129f861b6a35b96bbf4bee390ebec8ef5f86879d686063f5bd,1,354,1788212098,90856,80000000,300000,90856,10,1e-08,908560,9.0856e-13,0.03356310000526719,2026-08-31T21:34:58.827234+00:00,2026-08-31T21:34:58.860582+00:00,Regular member confirmation
Douban Movie,PERF_20260901_003219,1337,confirmation,Member confirmation,287,118,60,,,45,46,False,5.735283100017114,0x96818152a27012344BD0A46b29A4E55A4F04F1CB,0x27fFA41Dd35f806E2e8b320c1f074B7E33d8B902,0x74c9bc5885624f8df7df165430a7115e57ae8e45f377af762898b64f0144a264,1,355,1788212098,90856,80000000,300000,90856,10,1e-08,908560,9.0856e-13,0.039736100006848574,2026-08-31T21:34:58.952113+00:00,2026-08-31T21:34:58.991140+00:00,Regular member confirmation
Douban Movie,PERF_20260901_003219,1337,confirmation,Member confirmation,287,118,60,,,46,47,False,5.847831500024768,0xc0C134AA8105F31A62AD03E4D99Cb047FAb0AaFB,0x27fFA41Dd35f806E2e8b320c1f074B7E33d8B902,0x53cc1f4797c1f3e22fd134098c63debd3ffb25b1b256172f700cbcaadfeae7c5,1,356,1788212099,90856,80000000,300000,90856,10,1e-08,908560,9.0856e-13,0.03167120000580326,2026-08-31T21:34:59.074255+00:00,2026-08-31T21:34:59.106017+00:00,Regular member confirmation
Douban Movie,PERF_20260901_003219,1337,confirmation,Member confirmation,287,118,60,,,47,48,False,5.9599508000246715,0x7C770130205F4C07aa1E155bdA90015612e9aAa3,0x27fFA41Dd35f806E2e8b320c1f074B7E33d8B902,0x9796c76891cd5c95c78f5827a0784d059b1eca027e7379ee097be6aa68d8c815,1,357,1788212099,90856,80000000,300000,90856,10,1e-08,908560,9.0856e-13,0.030382600001757964,2026-08-31T21:34:59.186357+00:00,2026-08-31T21:34:59.216291+00:00,Regular member confirmation
Douban Movie,PERF_20260901_003219,1337,confirmation,Member confirmation,287,118,60,,,48,49,False,6.071644300012849,0xec786D4E0C5325B6F79945C44F735D73088D07B0,0x27fFA41Dd35f806E2e8b320c1f074B7E33d8B902,0x5017f3d44134711a6f777e7caf3c17ad600bfb98ee8f049fafc74dbcb861655b,1,358,1788212099,90856,80000000,300000,90856,10,1e-08,908560,9.0856e-13,0.028944299992872402,2026-08-31T21:34:59.301118+00:00,2026-08-31T21:34:59.330410+00:00,Regular member confirmation
Douban Movie,PERF_20260901_003219,1337,confirmation,Member confirmation,287,118,60,,,49,50,False,6.1941713000123855,0x67dDc30578024783386F68A676D3dE524391F891,0x27fFA41Dd35f806E2e8b320c1f074B7E33d8B902,0x7f136c66f25589a4fba892c9543df9a847e96c96b380e030fe8b0b6f0405da9d,1,359,1788212099,90856,80000000,300000,90856,10,1e-08,908560,9.0856e-13,0.030967800004873425,2026-08-31T21:34:59.412863+00:00,2026-08-31T21:34:59.444267+00:00,Regular member confirmation
Douban Movie,PERF_20260901_003219,1337,confirmation,Member confirmation,287,118,60,,,50,51,False,6.306641100003617,0x03fCab9fc2B73aBB6cDd53E8883EB1eC51f8931D,0x27fFA41Dd35f806E2e8b320c1f074B7E33d8B902,0x79804d5738bdf049962939bdafa45f874182b9599c0bafbc7408b8a3fded5980,1,360,1788212099,90856,80000000,300000,90856,10,1e-08,908560,9.0856e-13,0.03037310001673177,2026-08-31T21:34:59.535540+00:00,2026-08-31T21:34:59.565985+00:00,Regular member confirmation
Douban Movie,PERF_20260901_003219,1337,confirmation,Member confirmation,287,118,60,,,51,52,False,6.417615200014552,0x6549F81B2e2076e0B6962eF50B58b1c20ff2b265,0x27fFA41Dd35f806E2e8b320c1f074B7E33d8B902,0xe31e2f8250b7ec24e6d698199a4f24ef30e2905f3825f0fba03e39a3acf8d4e8,1,361,1788212099,90856,80000000,300000,90856,10,1e-08,908560,9.0856e-13,0.030220000015106052,2026-08-31T21:34:59.644356+00:00,2026-08-31T21:34:59.674653+00:00,Regular member confirmation
Douban Movie,PERF_20260901_003219,1337,confirmation,Member confirmation,287,118,60,,,52,53,False,6.529052500001853,0x2598B4e1951619CaD4A744c155dD3AFd83BE8642,0x27fFA41Dd35f806E2e8b320c1f074B7E33d8B902,0x3875017ca26a67e424a93f2816244b424ca8bb03531271e17ee2c4e6c3f72c9c,1,362,1788212099,90856,80000000,300000,90856,10,1e-08,908560,9.0856e-13,0.030864400003338233,2026-08-31T21:34:59.756936+00:00,2026-08-31T21:34:59.787883+00:00,Regular member confirmation
Douban Movie,PERF_20260901_003219,1337,confirmation,Member confirmation,287,118,60,,,53,54,False,6.6395206000015605,0x0050da8b4530CA35f40A7B56806A0C5dd415eD82,0x27fFA41Dd35f806E2e8b320c1f074B7E33d8B902,0x0cd5d3a7dff7f58ba10ad0f6a0c4617b280a7e08e33bd30560fca085079cf2cb,1,363,1788212099,90856,80000000,300000,90856,10,1e-08,908560,9.0856e-13,0.029313199978787452,2026-08-31T21:34:59.868843+00:00,2026-08-31T21:34:59.898155+00:00,Regular member confirmation
Douban Movie,PERF_20260901_003219,1337,confirmation,Member confirmation,287,118,60,,,54,55,False,6.766748499998357,0x12a6C9836D6357d73e059Be995f536770aD1586e,0x27fFA41Dd35f806E2e8b320c1f074B7E33d8B902,0x581a44e6e5f13557bfeff1ebb49391535624175df23b8088b4c479169bc91529,1,364,1788212099,90856,80000000,300000,90856,10,1e-08,908560,9.0856e-13,0.03507139999419451,2026-08-31T21:34:59.979593+00:00,2026-08-31T21:35:00.014231+00:00,Regular member confirmation
Douban Movie,PERF_20260901_003219,1337,confirmation,Member confirmation,287,118,60,,,55,56,False,6.888377800001763,0x161Bf0f4937D1Aa45E5986a2B7Dc44857cEc0f15,0x27fFA41Dd35f806E2e8b320c1f074B7E33d8B902,0xac7d55596ecb8db0dcb2dc160c6732794f99e2e81621a44506d3fc692daf9842,1,365,1788212100,90856,80000000,300000,90856,10,1e-08,908560,9.0856e-13,0.03483349998714402,2026-08-31T21:35:00.108478+00:00,2026-08-31T21:35:00.142688+00:00,Regular member confirmation
Douban Movie,PERF_20260901_003219,1337,confirmation,Member confirmation,287,118,60,,,56,57,False,7.025296800013166,0xD0D4dE5Be064C0F584E89A92EC0c4d5919d866d0,0x27fFA41Dd35f806E2e8b320c1f074B7E33d8B902,0x4ba6a452c5e1758e864b652cf03eebfda4f88a75d57c7904f1279547c5f1a8e5,1,366,1788212100,90856,80000000,300000,90856,10,1e-08,908560,9.0856e-13,0.033916200016392395,2026-08-31T21:35:00.245426+00:00,2026-08-31T21:35:00.279527+00:00,Regular member confirmation
Douban Movie,PERF_20260901_003219,1337,confirmation,Member confirmation,287,118,60,,,57,58,False,7.157216100022197,0x8F83AC3cB74b8C9fc4a2028C96D0B122BD271778,0x27fFA41Dd35f806E2e8b320c1f074B7E33d8B902,0x0902f794fdaa92a56d0b29278049dfa469554af667611b23d0058d65a77735bd,1,367,1788212100,90856,80000000,300000,90856,10,1e-08,908560,9.0856e-13,0.04124940000474453,2026-08-31T21:35:00.371662+00:00,2026-08-31T21:35:00.412802+00:00,Regular member confirmation
Douban Movie,PERF_20260901_003219,1337,confirmation,Member confirmation,287,118,60,,,58,59,False,7.275453900016146,0xca8E2A0F3296BD9FeDB317BD7852eEe5ACbe86dB,0x27fFA41Dd35f806E2e8b320c1f074B7E33d8B902,0x1a558fbd55edeb88b587c2023f6796246c40f5cc4657beee06041fd892fdc3d8,1,368,1788212100,90856,80000000,300000,90856,10,1e-08,908560,9.0856e-13,0.030899600009433925,2026-08-31T21:35:00.498505+00:00,2026-08-31T21:35:00.528808+00:00,Regular member confirmation
Douban Movie,PERF_20260901_003219,1337,confirmation,Member confirmation,287,118,60,,,59,60,True,7.395764800021425,0xbb52503f2205A9a9f787f3174b9CfC92d14DBf20,0x27fFA41Dd35f806E2e8b320c1f074B7E33d8B902,0x480390a8501e20b8590a9c5665f3ee7acc3b8c917fcb7cd74a47037d3263a21c,1,369,1788212100,120853,80000000,300000,120853,10,1e-08,1208530,1.20853e-12,0.04038220000802539,2026-08-31T21:35:00.613597+00:00,2026-08-31T21:35:00.653604+00:00,Finalization-triggering confirmation
