community_id,user_id,user_address,trusted_node_user_id,trusted_node_address,delivery_version,top_n,recommendation_count,payload_path,recommendation_hash,tx_hash,record_exists_before,record_exists_after,stored_hash_matches,status,error
28,2,0x8824B1EF12A30f9D5a2e9319588EB8779a6997b6,1858,0x59239a02DDF3eF95057C9504993B29704e785bfe,2,5,5,D:\PHD\بابل\2024\Research Reco\الجزء الثاني\lastfmReco\4 ايصال التوصيات بضمنها العقد\03_outputs\RECOMMENDATION_DELIVERY_TOP5_V2\payloads\community_28\user_2_top5_v2.json,0x85b3475056af22900c8070a0d15c67c11a6c54d6285b15f0e7c870ea2d669e07,bf3a58bb72f03dbdd1224775b7a2c1f58f6285728ea2fe2e0dc494e0592ca08e,False,True,True,stored_onchain,
28,63,0x99E0CB5792c8E5FC8f24e1FA256FED68AdDA1e1A,1858,0x59239a02DDF3eF95057C9504993B29704e785bfe,2,5,5,D:\PHD\بابل\2024\Research Reco\الجزء الثاني\lastfmReco\4 ايصال التوصيات بضمنها العقد\03_outputs\RECOMMENDATION_DELIVERY_TOP5_V2\payloads\community_28\user_63_top5_v2.json,0x3b2917d7cebee9f3fafda8c1641aafd286fb6ad969facef060d1f31cfbb52030,a6fd6dc4190fe166793f4891e3bef83ee6ee438d3a0a404b2f6396bc1ebc8607,False,True,True,stored_onchain,
28,66,0x2952A417f0Af11814e5A56B932B1cD8a1890F120,1858,0x59239a02DDF3eF95057C9504993B29704e785bfe,2,5,5,D:\PHD\بابل\2024\Research Reco\الجزء الثاني\lastfmReco\4 ايصال التوصيات بضمنها العقد\03_outputs\RECOMMENDATION_DELIVERY_TOP5_V2\payloads\community_28\user_66_top5_v2.json,0x40c2c000d7ba95f59d5e1225f93fdf1ffd9042d8ae4f54f42758f57ec217089f,d50d9c746cec89ef8d114b9a7ab3637bb2180222e1e27491b37ab7a065fca103,False,True,True,stored_onchain,
28,96,0xfe7b45b07c499E6606b1e4b8b91Fc61b5593a982,1858,0x59239a02DDF3eF95057C9504993B29704e785bfe,2,5,5,D:\PHD\بابل\2024\Research Reco\الجزء الثاني\lastfmReco\4 ايصال التوصيات بضمنها العقد\03_outputs\RECOMMENDATION_DELIVERY_TOP5_V2\payloads\community_28\user_96_top5_v2.json,0xbef62cbce616afc5971da2f408f4a9b3edf1b5d8bd5609e3478a289654e5ff15,4b2f629080dbe1571f0b802d1d16110f45a03dd6fbcd26af5eb84e8a397b049d,False,True,True,stored_onchain,
28,117,0x6eF9fe5AB4AC82aa321BE377740eEA4c7c6D46EF,1858,0x59239a02DDF3eF95057C9504993B29704e785bfe,2,5,5,D:\PHD\بابل\2024\Research Reco\الجزء الثاني\lastfmReco\4 ايصال التوصيات بضمنها العقد\03_outputs\RECOMMENDATION_DELIVERY_TOP5_V2\payloads\community_28\user_117_top5_v2.json,0xb1981d44ad6b1b53879b62ae1e940d71e8f8800bad01848528d24bf3425b93dc,fcb8c5b7033f80c8f0e57b0fafc0196a9c45d4fc5f2c380324899b3c0c168134,False,True,True,stored_onchain,
28,128,0x5dcf294A0b2B3f48D0Fa2EC713d05D566a108AcC,1858,0x59239a02DDF3eF95057C9504993B29704e785bfe,2,5,5,D:\PHD\بابل\2024\Research Reco\الجزء الثاني\lastfmReco\4 ايصال التوصيات بضمنها العقد\03_outputs\RECOMMENDATION_DELIVERY_TOP5_V2\payloads\community_28\user_128_top5_v2.json,0xf60685601e54970d5091942d0b6952dc9c35c65b49a6d8e630efbae136ceb954,97832d4c7bb33eeae7d1a5379f49dfdc52d038d71207c2597d3fbac2480a036f,False,True,True,stored_onchain,
28,141,0x78F1e30953298Ed219cD7963DD22ee2024f3b2d1,1858,0x59239a02DDF3eF95057C9504993B29704e785bfe,2,5,5,D:\PHD\بابل\2024\Research Reco\الجزء الثاني\lastfmReco\4 ايصال التوصيات بضمنها العقد\03_outputs\RECOMMENDATION_DELIVERY_TOP5_V2\payloads\community_28\user_141_top5_v2.json,0x9041931f4a20d568c6fead1e523391b2c8e22d55aaeee13bb127833d17548a60,c4c6d01712dbb54795ab24d801fc45beb55d5f7bad5caef8c5b7ce6addf427df,False,True,True,stored_onchain,
28,176,0xAB8894bAF85188913c9baFD70772eDa28cA34d3B,1858,0x59239a02DDF3eF95057C9504993B29704e785bfe,2,5,5,D:\PHD\بابل\2024\Research Reco\الجزء الثاني\lastfmReco\4 ايصال التوصيات بضمنها العقد\03_outputs\RECOMMENDATION_DELIVERY_TOP5_V2\payloads\community_28\user_176_top5_v2.json,0x381d698ec1396558a9b959706207d90e9b1ad3b22627bcedf0487d82929c422f,805430dead2ed9ec4a94a29f153ae49acb25b0766aba37d1231ea5f44042d3cc,False,True,True,stored_onchain,
28,196,0x631325D32cD2E78a45321eb7330aDa8D4c4aE6cD,1858,0x59239a02DDF3eF95057C9504993B29704e785bfe,2,5,5,D:\PHD\بابل\2024\Research Reco\الجزء الثاني\lastfmReco\4 ايصال التوصيات بضمنها العقد\03_outputs\RECOMMENDATION_DELIVERY_TOP5_V2\payloads\community_28\user_196_top5_v2.json,0xad6908ee5fe27fa70c6d262c4226971a922897ce8f2d14295c3751d744f2f3e6,2389a9c06fe87388db2952c382abacd35f85f896ebda257ccdd59968c648e81d,False,True,True,stored_onchain,
28,224,0x277ED9B4bc65ED57420785bd8e864B987e88377f,1858,0x59239a02DDF3eF95057C9504993B29704e785bfe,2,5,5,D:\PHD\بابل\2024\Research Reco\الجزء الثاني\lastfmReco\4 ايصال التوصيات بضمنها العقد\03_outputs\RECOMMENDATION_DELIVERY_TOP5_V2\payloads\community_28\user_224_top5_v2.json,0xf7c9170f165d75e07f488010f1ec39800c9c37eb2e0b38c27c55d4b2e3df69fb,58d9711002bc1e7a26be8a24501c5d5394ab011a8d519831ffc2383955fc3566,False,True,True,stored_onchain,
28,290,0x5A509037acC49F4226fd77fCB08f6Ab8c8344952,1858,0x59239a02DDF3eF95057C9504993B29704e785bfe,2,5,5,D:\PHD\بابل\2024\Research Reco\الجزء الثاني\lastfmReco\4 ايصال التوصيات بضمنها العقد\03_outputs\RECOMMENDATION_DELIVERY_TOP5_V2\payloads\community_28\user_290_top5_v2.json,0x6b91eb010f9fc8953e9c46dab958d93cb9025ffcd6cf02cea99c3c9dddb63161,bf661d4da1dde08119ee046c29add8afce7f0890d3a110dd3c71cd9d4ef4eb1e,False,True,True,stored_onchain,
28,338,0x5de3792cA2D70f05F55fAA3254fDf90088618B98,1858,0x59239a02DDF3eF95057C9504993B29704e785bfe,2,5,5,D:\PHD\بابل\2024\Research Reco\الجزء الثاني\lastfmReco\4 ايصال التوصيات بضمنها العقد\03_outputs\RECOMMENDATION_DELIVERY_TOP5_V2\payloads\community_28\user_338_top5_v2.json,0xa56814be9c3ea740fc1bf77fb6a735eaf32c6868a0d34a53ef7e853c56d07074,d43dfc538d596d49da2bcff9a247352e71072c9706ae87eb2f1d285f966d39b4,False,True,True,stored_onchain,
28,374,0xA4c6bA4a21dc566a397f50A03aFFa9f4504c43cc,1858,0x59239a02DDF3eF95057C9504993B29704e785bfe,2,5,5,D:\PHD\بابل\2024\Research Reco\الجزء الثاني\lastfmReco\4 ايصال التوصيات بضمنها العقد\03_outputs\RECOMMENDATION_DELIVERY_TOP5_V2\payloads\community_28\user_374_top5_v2.json,0xca027006acc50214249e4d49b290efebc1f9f482e55e56250920a7c90018b3fe,f8110170bc26c393ad55843fb8c52ac1a8d8a15631eb68c13401f071e26fa1cd,False,True,True,stored_onchain,
28,423,0x12EAd38c58967EcBBD3b5d787Cc860191f445cD5,1858,0x59239a02DDF3eF95057C9504993B29704e785bfe,2,5,5,D:\PHD\بابل\2024\Research Reco\الجزء الثاني\lastfmReco\4 ايصال التوصيات بضمنها العقد\03_outputs\RECOMMENDATION_DELIVERY_TOP5_V2\payloads\community_28\user_423_top5_v2.json,0xb239ccda1021ea6ea8cad548053ba7f226a85b588974025b2a697c2385e72336,378edfdcea3bdfddbd9ea51bc6832220174834994f2d78e7ec28eaed51d6a6c5,False,True,True,stored_onchain,
28,428,0x000348Ed2d6efFd0139bEaf9C4990dB4f0b9b2c7,1858,0x59239a02DDF3eF95057C9504993B29704e785bfe,2,5,5,D:\PHD\بابل\2024\Research Reco\الجزء الثاني\lastfmReco\4 ايصال التوصيات بضمنها العقد\03_outputs\RECOMMENDATION_DELIVERY_TOP5_V2\payloads\community_28\user_428_top5_v2.json,0xabb91ac564665054ecfce2956e72699c1dd5bbe71f98f709bb612543a53fecc7,12eb40942fc6ccb39692115f254cfdff19f90bcebac80595907d77ec36d297f4,False,True,True,stored_onchain,
28,568,0x0c3A05C57FDaad5304bBB7E2c89a56548C03a074,1858,0x59239a02DDF3eF95057C9504993B29704e785bfe,2,5,5,D:\PHD\بابل\2024\Research Reco\الجزء الثاني\lastfmReco\4 ايصال التوصيات بضمنها العقد\03_outputs\RECOMMENDATION_DELIVERY_TOP5_V2\payloads\community_28\user_568_top5_v2.json,0xb17612c6215e49a0d0a775b4e8ba69f092d6183bef336617cb9ab9580fac2f44,1b6b3c23c548cd9e77ae303dad1985beabbb7fcc8637f8d90bfdcb428c8f0069,False,True,True,stored_onchain,
28,576,0x6eb5C2c2bde26995B2fCFC885767c8B6edFD7731,1858,0x59239a02DDF3eF95057C9504993B29704e785bfe,2,5,5,D:\PHD\بابل\2024\Research Reco\الجزء الثاني\lastfmReco\4 ايصال التوصيات بضمنها العقد\03_outputs\RECOMMENDATION_DELIVERY_TOP5_V2\payloads\community_28\user_576_top5_v2.json,0x8fcfe403479b6369f15b3dba6ad268cd7f29172840f31ab08487d40e6cffe4e5,7f3042ce838852cba37e25e6e7bc1e20a9113c48a3c1b0d027cb584533adaf61,False,True,True,stored_onchain,
28,592,0x7D441e1144Fa9c393dcF84Ab1D3EBd6c0Fb79b57,1858,0x59239a02DDF3eF95057C9504993B29704e785bfe,2,5,5,D:\PHD\بابل\2024\Research Reco\الجزء الثاني\lastfmReco\4 ايصال التوصيات بضمنها العقد\03_outputs\RECOMMENDATION_DELIVERY_TOP5_V2\payloads\community_28\user_592_top5_v2.json,0xf3bf60d34aac77b461e783a2aeae36750dd41ac8824832993e0dd6f92c5ed71f,e8dcc46b8bed172f2fc59feb5727b35681b47eaeeafb684e398e31935ff7d24f,False,True,True,stored_onchain,
28,643,0x7D06bE9D63221dF8d9a1133fAd134Da457b1b338,1858,0x59239a02DDF3eF95057C9504993B29704e785bfe,2,5,5,D:\PHD\بابل\2024\Research Reco\الجزء الثاني\lastfmReco\4 ايصال التوصيات بضمنها العقد\03_outputs\RECOMMENDATION_DELIVERY_TOP5_V2\payloads\community_28\user_643_top5_v2.json,0x697906aa8a278cd344d9afa75beea07ae8ee78a7c409a475b3ea1f4fa5b0e178,09948db1c16483b87b3d42e22757e02d385f4b25e260e4fa8b3234792f516ca2,False,True,True,stored_onchain,
28,714,0x57C0e14db9b80dCedCE053E319FE911B387e2035,1858,0x59239a02DDF3eF95057C9504993B29704e785bfe,2,5,5,D:\PHD\بابل\2024\Research Reco\الجزء الثاني\lastfmReco\4 ايصال التوصيات بضمنها العقد\03_outputs\RECOMMENDATION_DELIVERY_TOP5_V2\payloads\community_28\user_714_top5_v2.json,0xfcc0b06b70deb0f795300ff23a3dc121e181c4fccd393c73788bb6ec40372dbf,5bffe0dbeb59d50ba54b9dd560d78967db75e671936dd448c6f4a34702bb0003,False,True,True,stored_onchain,
28,761,0x78d35D1597a86304c053A1a924FE4E1a33621F34,1858,0x59239a02DDF3eF95057C9504993B29704e785bfe,2,5,5,D:\PHD\بابل\2024\Research Reco\الجزء الثاني\lastfmReco\4 ايصال التوصيات بضمنها العقد\03_outputs\RECOMMENDATION_DELIVERY_TOP5_V2\payloads\community_28\user_761_top5_v2.json,0x4c58f4f229e4c031cad24b0a5952f2d5f652a8702283909d211749c79f8e9e94,f863cf2fbf69d8950da60bfd69c984a6be1b18d69151fe4a018462c380545d80,False,True,True,stored_onchain,
28,788,0xd2e54a653FfD117C990beE430ca37EB5659d5C40,1858,0x59239a02DDF3eF95057C9504993B29704e785bfe,2,5,5,D:\PHD\بابل\2024\Research Reco\الجزء الثاني\lastfmReco\4 ايصال التوصيات بضمنها العقد\03_outputs\RECOMMENDATION_DELIVERY_TOP5_V2\payloads\community_28\user_788_top5_v2.json,0x6f87aba6323e23cff0b1dc28f3d04b4c80d6027b2ae753ca8ef75219275249b5,630715e287fd44cdddb87123f42488436e0fe2f018dfea6e66606b6a72fb74e2,False,True,True,stored_onchain,
28,832,0xd8057D10Df9cC2036c81Bd00DB98aaf1c93C7f78,1858,0x59239a02DDF3eF95057C9504993B29704e785bfe,2,5,5,D:\PHD\بابل\2024\Research Reco\الجزء الثاني\lastfmReco\4 ايصال التوصيات بضمنها العقد\03_outputs\RECOMMENDATION_DELIVERY_TOP5_V2\payloads\community_28\user_832_top5_v2.json,0xccef429558575cdb8ed94985f1ea73adf9f0f15b0964b6b4e01c70a2fe801bdb,efc79dde802c167d6002257b5d5290b4a73773ec45523dcae7890f6d0f8b0ce4,False,True,True,stored_onchain,
28,1003,0x8991877b825B24b028330854F59F611b33003199,1858,0x59239a02DDF3eF95057C9504993B29704e785bfe,2,5,5,D:\PHD\بابل\2024\Research Reco\الجزء الثاني\lastfmReco\4 ايصال التوصيات بضمنها العقد\03_outputs\RECOMMENDATION_DELIVERY_TOP5_V2\payloads\community_28\user_1003_top5_v2.json,0x4ee3021d517ef414fbbc363c46e4ef3e459d54fc88e25624a36dbcb191e8451b,a325210bbc77b2da1237cfbe03e2bc902cdc8c9471c6b7f31d544665c86c6e2d,False,True,True,stored_onchain,
28,1038,0xB47B5a88FE5672125ED4D97133E3c2864b42b87B,1858,0x59239a02DDF3eF95057C9504993B29704e785bfe,2,5,5,D:\PHD\بابل\2024\Research Reco\الجزء الثاني\lastfmReco\4 ايصال التوصيات بضمنها العقد\03_outputs\RECOMMENDATION_DELIVERY_TOP5_V2\payloads\community_28\user_1038_top5_v2.json,0x5d875f446e9e36f1131506846ce43894689e35743fce296118af206638727142,5d8ddee2c2ecb506660a71406b0e4f15e5c9b334a2348768651800110375f484,False,True,True,stored_onchain,
28,1074,0x70165b92Db923979e3A411968ae1FFCe77cCEf8C,1858,0x59239a02DDF3eF95057C9504993B29704e785bfe,2,5,5,D:\PHD\بابل\2024\Research Reco\الجزء الثاني\lastfmReco\4 ايصال التوصيات بضمنها العقد\03_outputs\RECOMMENDATION_DELIVERY_TOP5_V2\payloads\community_28\user_1074_top5_v2.json,0x05e4f9d9a63878e5717efb732a236ea903a76fa4dbeee77dcafa5aa024d84d10,4158385a631b86d754db330245acd2ca8cfe9bced1e607950aa2f70a37722a6b,False,True,True,stored_onchain,
28,1115,0x343B64d8f793208e73813C69dc9868B9ac96c073,1858,0x59239a02DDF3eF95057C9504993B29704e785bfe,2,5,5,D:\PHD\بابل\2024\Research Reco\الجزء الثاني\lastfmReco\4 ايصال التوصيات بضمنها العقد\03_outputs\RECOMMENDATION_DELIVERY_TOP5_V2\payloads\community_28\user_1115_top5_v2.json,0x76b250a02b7ce7a9dce2c4ac35ad73e69ff61a4aa7fb5c7f697ab65d47b913eb,78d774d6a56181de2edb87566f0ca31807a6a0cfbac1a7b3baf5b1ce999396cc,False,True,True,stored_onchain,
28,1202,0x010b8D7f9C4BedC7b76eC5fe949e823DAD41c3FB,1858,0x59239a02DDF3eF95057C9504993B29704e785bfe,2,5,5,D:\PHD\بابل\2024\Research Reco\الجزء الثاني\lastfmReco\4 ايصال التوصيات بضمنها العقد\03_outputs\RECOMMENDATION_DELIVERY_TOP5_V2\payloads\community_28\user_1202_top5_v2.json,0x50326f1213303d170d5d678269d31315bc7374cf598f6f296853da53251ed740,08171ff340b3b278cadd8d263bbbb7f8fe3eac41777aaa56f3b0002953f51e36,False,True,True,stored_onchain,
28,1209,0xd69ca0934be63ef0cfB8eA3193933Ad28220bb40,1858,0x59239a02DDF3eF95057C9504993B29704e785bfe,2,5,5,D:\PHD\بابل\2024\Research Reco\الجزء الثاني\lastfmReco\4 ايصال التوصيات بضمنها العقد\03_outputs\RECOMMENDATION_DELIVERY_TOP5_V2\payloads\community_28\user_1209_top5_v2.json,0x6ac04fdd0ec557c1da2c95db930b3a9da0aca2ca9ad77fb3f5dd070d2f2e3f9f,905ab4e14c100b7a10234260de7dc47ea3d6d0321f2ea8e45deaaf7ba6ecc5d3,False,True,True,stored_onchain,
28,1210,0x2A02439708908A2526033ee6A468Ca4ACdF39A53,1858,0x59239a02DDF3eF95057C9504993B29704e785bfe,2,5,5,D:\PHD\بابل\2024\Research Reco\الجزء الثاني\lastfmReco\4 ايصال التوصيات بضمنها العقد\03_outputs\RECOMMENDATION_DELIVERY_TOP5_V2\payloads\community_28\user_1210_top5_v2.json,0x200cd3eafbf2e926d6ecdbbc4ced1652d577dc05ccef32a0932d8da6f3872009,5d2efcd2d54c48c13a05cb74198e03a62b3d6ebf766039c97890c9c7118d8887,False,True,True,stored_onchain,
28,1427,0xB7a78F3d61a04c0C51419A95c91b23B8185ae30f,1858,0x59239a02DDF3eF95057C9504993B29704e785bfe,2,5,5,D:\PHD\بابل\2024\Research Reco\الجزء الثاني\lastfmReco\4 ايصال التوصيات بضمنها العقد\03_outputs\RECOMMENDATION_DELIVERY_TOP5_V2\payloads\community_28\user_1427_top5_v2.json,0x48948f52f7b046d32fd067bfe38cdf8405637589d1841288a7523bd6a0eb2b45,f2992ebfff1e09a06d7c92d4af6e9fe63c3def4809b288c86479db6e506fa418,False,True,True,stored_onchain,
28,1585,0x063D2C9e2dd3C4feE742d0fDB8b691289Db8a62b,1858,0x59239a02DDF3eF95057C9504993B29704e785bfe,2,5,5,D:\PHD\بابل\2024\Research Reco\الجزء الثاني\lastfmReco\4 ايصال التوصيات بضمنها العقد\03_outputs\RECOMMENDATION_DELIVERY_TOP5_V2\payloads\community_28\user_1585_top5_v2.json,0xc9b3d488307f9370941ef3f6734a5ed88814f1e0cfceb7050d841ae72127708a,0dcaf99f67243cd4d33b4c43f9b7a3fcad2f8b4a4c33b5c71d8e3cbcb88c7bcd,False,True,True,stored_onchain,
28,1643,0x01426b822B387673bd279C45BdeB37418402c30F,1858,0x59239a02DDF3eF95057C9504993B29704e785bfe,2,5,5,D:\PHD\بابل\2024\Research Reco\الجزء الثاني\lastfmReco\4 ايصال التوصيات بضمنها العقد\03_outputs\RECOMMENDATION_DELIVERY_TOP5_V2\payloads\community_28\user_1643_top5_v2.json,0x4168b7dc70a1d7bc10662687e88971c203a7b56bb76b8207a69df5a24f7c217f,ce8a57663b86aa5fe33c4e105f226c14706cac9f54d4b11b865894ac15876b8e,False,True,True,stored_onchain,
28,1724,0x490eA5549679B3D3887d9Bc651D95AeaFB20cA49,1858,0x59239a02DDF3eF95057C9504993B29704e785bfe,2,5,5,D:\PHD\بابل\2024\Research Reco\الجزء الثاني\lastfmReco\4 ايصال التوصيات بضمنها العقد\03_outputs\RECOMMENDATION_DELIVERY_TOP5_V2\payloads\community_28\user_1724_top5_v2.json,0x4a9dadd559ae809a5c202dd9cd79a8391c80615690688c642ccf852f3679f55b,2cacdda4180878f819ef08f8a8f178faf1e97ddf8e646556876fb1464f32421e,False,True,True,stored_onchain,
28,1845,0x9155E8F63eB531a39548003b42377d0fB2ECEEA4,1858,0x59239a02DDF3eF95057C9504993B29704e785bfe,2,5,5,D:\PHD\بابل\2024\Research Reco\الجزء الثاني\lastfmReco\4 ايصال التوصيات بضمنها العقد\03_outputs\RECOMMENDATION_DELIVERY_TOP5_V2\payloads\community_28\user_1845_top5_v2.json,0x2b48c9c25386a905dacc59e669b61c58c46ee861b8c9257adf9b276d11980ab5,b6789441eaed282f27b1873def2c6ae231172a50abc2f7404bbed3deef1ccdfe,False,True,True,stored_onchain,
28,1866,0x255039B757223B96E6010d882B0B37a92b920170,1858,0x59239a02DDF3eF95057C9504993B29704e785bfe,2,5,5,D:\PHD\بابل\2024\Research Reco\الجزء الثاني\lastfmReco\4 ايصال التوصيات بضمنها العقد\03_outputs\RECOMMENDATION_DELIVERY_TOP5_V2\payloads\community_28\user_1866_top5_v2.json,0x613c03794e9bb7362694ed7ef737d171cae596e353c569bf53a35ea9dc8ab43d,46206a8a8bd46d0b3cabf884f7524e9dd9d0a5a6543373e7cb5ccc0d8b4a1e7c,False,True,True,stored_onchain,
28,1881,0x0D2d341f0ca1fCB9E406f591F5731B7Cc2fb9B6c,1858,0x59239a02DDF3eF95057C9504993B29704e785bfe,2,5,5,D:\PHD\بابل\2024\Research Reco\الجزء الثاني\lastfmReco\4 ايصال التوصيات بضمنها العقد\03_outputs\RECOMMENDATION_DELIVERY_TOP5_V2\payloads\community_28\user_1881_top5_v2.json,0xa0d3286963261f1624650c8d1914525f45599aee8fb6a21cf6fe3dca67e503f3,45e7623ea9f745a4f05ad56ef5594b0538bd13353a7305e1dfe0617d27fb80f0,False,True,True,stored_onchain,
28,1900,0xAF5C22Aa8aBEd8B3B4162847018486d31c749885,1858,0x59239a02DDF3eF95057C9504993B29704e785bfe,2,5,5,D:\PHD\بابل\2024\Research Reco\الجزء الثاني\lastfmReco\4 ايصال التوصيات بضمنها العقد\03_outputs\RECOMMENDATION_DELIVERY_TOP5_V2\payloads\community_28\user_1900_top5_v2.json,0xacc0d85f2ecd7561143561f697ad1a44c0f799156ab26c7c4eabf27cee1a65d6,25310873fd3bea2cf3414069960ebfc5791f624f684ed6e8d8d82c97b8d13829,False,True,True,stored_onchain,
30,21,0x933cb317eb006b58455BCd3dAbD5C90c00F8242B,423,0x12EAd38c58967EcBBD3b5d787Cc860191f445cD5,2,5,5,D:\PHD\بابل\2024\Research Reco\الجزء الثاني\lastfmReco\4 ايصال التوصيات بضمنها العقد\03_outputs\RECOMMENDATION_DELIVERY_TOP5_V2\payloads\community_30\user_21_top5_v2.json,0x81e5a44d3452e814f0855a3abb690a8b51b87044189aaff7b50fa1e4c7a05805,09e042b0f7c723eff94868a76f18eb5a42560e1f778e77ee5ed55a21b414f2b7,False,True,True,stored_onchain,
30,24,0xec9509B3c1735FbDF7DadE7a319150b44cD075cb,423,0x12EAd38c58967EcBBD3b5d787Cc860191f445cD5,2,5,5,D:\PHD\بابل\2024\Research Reco\الجزء الثاني\lastfmReco\4 ايصال التوصيات بضمنها العقد\03_outputs\RECOMMENDATION_DELIVERY_TOP5_V2\payloads\community_30\user_24_top5_v2.json,0xcbe06b64b9c91b9a6826c28a5bba743f4719977ba34c4ff164c447bb1d86edf5,8504376d4c9ad1ec1fa06ee63c163e2fa14f6da6b6382294f77b9243f4ed8882,False,True,True,stored_onchain,
30,29,0xDF036e66860E129a057Cf6e38C77a1211734C19D,423,0x12EAd38c58967EcBBD3b5d787Cc860191f445cD5,2,5,5,D:\PHD\بابل\2024\Research Reco\الجزء الثاني\lastfmReco\4 ايصال التوصيات بضمنها العقد\03_outputs\RECOMMENDATION_DELIVERY_TOP5_V2\payloads\community_30\user_29_top5_v2.json,0xc9f7db893fea1c9fa2b68408b7e04b29274f6677e6037b3fc180029e7d3922cf,05ee08535d5cd9e135c8ca089484245958d7757d64eda385337d496a4b930e60,False,True,True,stored_onchain,
30,126,0x29a646B648e7298973BD6170e0995FE8E19E54Ec,423,0x12EAd38c58967EcBBD3b5d787Cc860191f445cD5,2,5,5,D:\PHD\بابل\2024\Research Reco\الجزء الثاني\lastfmReco\4 ايصال التوصيات بضمنها العقد\03_outputs\RECOMMENDATION_DELIVERY_TOP5_V2\payloads\community_30\user_126_top5_v2.json,0xc79612684c85cd2752d0bfafa6936873831e6167a8e5e2769e845f83468a23c2,18958e898070a07bd1932137209ff51f74c605af2e5d01a35255ecdf3c6cea52,False,True,True,stored_onchain,
30,227,0xcCa438F73E12D37EeFE7dbB060DBf50494962a9F,423,0x12EAd38c58967EcBBD3b5d787Cc860191f445cD5,2,5,5,D:\PHD\بابل\2024\Research Reco\الجزء الثاني\lastfmReco\4 ايصال التوصيات بضمنها العقد\03_outputs\RECOMMENDATION_DELIVERY_TOP5_V2\payloads\community_30\user_227_top5_v2.json,0x4c2f2a7813b21c2c2d6b09c85f176dc7691072b2b2c128ef2c1dc22a77f9884d,66a5c4a5f7c1bbb7483cc09a35ef30dbd85c4e701b8e6d0bf5c2cfc906895064,False,True,True,stored_onchain,
30,243,0x6441cF901453eA05183652fAaaCED6c207D1e0B1,423,0x12EAd38c58967EcBBD3b5d787Cc860191f445cD5,2,5,5,D:\PHD\بابل\2024\Research Reco\الجزء الثاني\lastfmReco\4 ايصال التوصيات بضمنها العقد\03_outputs\RECOMMENDATION_DELIVERY_TOP5_V2\payloads\community_30\user_243_top5_v2.json,0x33db11c8006212f57281e9e7bf72e804709e04d0b72df9d615c8489094f94752,e205b127c69d8dbda2db0c7c4c08d008b1cac088dfe7dd54ff56f7a8b1564bf9,False,True,True,stored_onchain,
30,252,0xCC4910cf90b3Ccbad937ffE59420A4219FE2E70F,423,0x12EAd38c58967EcBBD3b5d787Cc860191f445cD5,2,5,5,D:\PHD\بابل\2024\Research Reco\الجزء الثاني\lastfmReco\4 ايصال التوصيات بضمنها العقد\03_outputs\RECOMMENDATION_DELIVERY_TOP5_V2\payloads\community_30\user_252_top5_v2.json,0x8f5d7b635c2264083bed13390a74c15a48c61ccda12768043de2bae237f0200e,165a81a2feb0baae1fe4a5a8ecab536a054ee3330d61685d1ea17c63ff7961c5,False,True,True,stored_onchain,
30,299,0x6D1cCB4dE3dBb292bfc92F48fe71cC4D6DFfda81,423,0x12EAd38c58967EcBBD3b5d787Cc860191f445cD5,2,5,5,D:\PHD\بابل\2024\Research Reco\الجزء الثاني\lastfmReco\4 ايصال التوصيات بضمنها العقد\03_outputs\RECOMMENDATION_DELIVERY_TOP5_V2\payloads\community_30\user_299_top5_v2.json,0x79064fc6763a10d8ec304476a08443f3f3b5ce7034ff52784c64387c73253ad2,547b69aecc7e1fe757fca72da9f30500aa4378574e5210ee3a72876bedd750a8,False,True,True,stored_onchain,
30,329,0x00c2b3c77D10Aa939BB406Ae071090dCF608e291,423,0x12EAd38c58967EcBBD3b5d787Cc860191f445cD5,2,5,5,D:\PHD\بابل\2024\Research Reco\الجزء الثاني\lastfmReco\4 ايصال التوصيات بضمنها العقد\03_outputs\RECOMMENDATION_DELIVERY_TOP5_V2\payloads\community_30\user_329_top5_v2.json,0xbe115a16cb2aeaf657705f6fb09f528be0bd311a25baee784a2c372b744b607b,0901cd42b6866dd43537996328f6d31d0b2119b44944721effa1b1f5e532866b,False,True,True,stored_onchain,
30,339,0xa18AC8C3D67B9c7A6E6a7BdA8427dCc655C8E48F,423,0x12EAd38c58967EcBBD3b5d787Cc860191f445cD5,2,5,5,D:\PHD\بابل\2024\Research Reco\الجزء الثاني\lastfmReco\4 ايصال التوصيات بضمنها العقد\03_outputs\RECOMMENDATION_DELIVERY_TOP5_V2\payloads\community_30\user_339_top5_v2.json,0x6f8969cfe762fd0d1ecf680d3a32bbe06eb0a4f8f721756fc8525d3616793293,25f67343a0358e1e571bec122eb422346a3119762cc1cb1dcc85af0cbc1064c5,False,True,True,stored_onchain,
30,350,0xdee9Fa9426afddBeb7C1cec2ECF9f265AcA8fD74,423,0x12EAd38c58967EcBBD3b5d787Cc860191f445cD5,2,5,5,D:\PHD\بابل\2024\Research Reco\الجزء الثاني\lastfmReco\4 ايصال التوصيات بضمنها العقد\03_outputs\RECOMMENDATION_DELIVERY_TOP5_V2\payloads\community_30\user_350_top5_v2.json,0xff3c8d169df185fe1aa37abeede57f272bc27f35b0623b954948791c490e6c98,3397bb5506d1438fd3c4df1fe8b8c34be419f4eb63917bd92c49facf5dd654a1,False,True,True,stored_onchain,
30,405,0x7A54C65c5449dBCDe0920c12EfB47AeFd093711C,423,0x12EAd38c58967EcBBD3b5d787Cc860191f445cD5,2,5,5,D:\PHD\بابل\2024\Research Reco\الجزء الثاني\lastfmReco\4 ايصال التوصيات بضمنها العقد\03_outputs\RECOMMENDATION_DELIVERY_TOP5_V2\payloads\community_30\user_405_top5_v2.json,0xccda53acd317e959f9b9dd942ab304183622d64f08cb395db9f822b0e107eefa,a4f168e70bb77acd7f630ec277576e565979d0046f54ad8d11d24f6306485a36,False,True,True,stored_onchain,
30,477,0x08C0B25307540d8A7F7b0d83725756b76AA25b4F,423,0x12EAd38c58967EcBBD3b5d787Cc860191f445cD5,2,5,5,D:\PHD\بابل\2024\Research Reco\الجزء الثاني\lastfmReco\4 ايصال التوصيات بضمنها العقد\03_outputs\RECOMMENDATION_DELIVERY_TOP5_V2\payloads\community_30\user_477_top5_v2.json,0xa890ae15cb35e0e422ee0b2cade4ac3e83202f41ee586355d73eb14f5bb555e9,7e6f9220f7a88f16a99c145a0870566f41295fee88f3675498c4550c5032e463,False,True,True,stored_onchain,
30,481,0x9D8A8CbE4A2af8dFaceCDB9Af2bB5D3901f33B01,423,0x12EAd38c58967EcBBD3b5d787Cc860191f445cD5,2,5,5,D:\PHD\بابل\2024\Research Reco\الجزء الثاني\lastfmReco\4 ايصال التوصيات بضمنها العقد\03_outputs\RECOMMENDATION_DELIVERY_TOP5_V2\payloads\community_30\user_481_top5_v2.json,0x6ecbc2c054dc4c8f9bbb08df11c7a3aae6c40efc49f9f076ca23893a73a3df5d,35233d81be7342df13fd4c1bbec775b0a16bed8973ae823959bc5d69f40deb26,False,True,True,stored_onchain,
30,503,0xe459417387FAc5e7684a4CB6089FAFe75e4a759b,423,0x12EAd38c58967EcBBD3b5d787Cc860191f445cD5,2,5,5,D:\PHD\بابل\2024\Research Reco\الجزء الثاني\lastfmReco\4 ايصال التوصيات بضمنها العقد\03_outputs\RECOMMENDATION_DELIVERY_TOP5_V2\payloads\community_30\user_503_top5_v2.json,0xd9b8265505257f96c34d2412b0b36fa3228762cbe9aec7c47a3e0b99d96810a7,d103b18b41f621404cea1f5ec49ca15ba6f0c7c9808d668bfd865dc1283fbab5,False,True,True,stored_onchain,
30,518,0x7d7f5FAE5E2d503407FB7B4E920f2d18D8E9E08f,423,0x12EAd38c58967EcBBD3b5d787Cc860191f445cD5,2,5,5,D:\PHD\بابل\2024\Research Reco\الجزء الثاني\lastfmReco\4 ايصال التوصيات بضمنها العقد\03_outputs\RECOMMENDATION_DELIVERY_TOP5_V2\payloads\community_30\user_518_top5_v2.json,0xc4c6ed3f6228e53911f9ef98d5925f28cfa860d1c0b0f57b76b3b9e6723c8ca3,9da1c3f4818e13041372e10475575c84e0d5018127e297789b4c9f04db0f1898,False,True,True,stored_onchain,
30,571,0xaf60495D06C14272bee93f7286deC22Ef32C396C,423,0x12EAd38c58967EcBBD3b5d787Cc860191f445cD5,2,5,5,D:\PHD\بابل\2024\Research Reco\الجزء الثاني\lastfmReco\4 ايصال التوصيات بضمنها العقد\03_outputs\RECOMMENDATION_DELIVERY_TOP5_V2\payloads\community_30\user_571_top5_v2.json,0x0cd0bdc6a876da942d44f77a02afb6dc52375613e3fc701edcd3a04530a51b49,06961cb29c09f74ee753856b5789da5ac047734a7f4458da29992106098e225d,False,True,True,stored_onchain,
30,572,0x0D309758a6A9Aa91b374187Fadd9B550d7634bf8,423,0x12EAd38c58967EcBBD3b5d787Cc860191f445cD5,2,5,5,D:\PHD\بابل\2024\Research Reco\الجزء الثاني\lastfmReco\4 ايصال التوصيات بضمنها العقد\03_outputs\RECOMMENDATION_DELIVERY_TOP5_V2\payloads\community_30\user_572_top5_v2.json,0x273fc67b885406bcf98249c3e676e6b1ccdcbca1ea831ddb54f3eacc2e45c742,7faaafd3151fe334b4f1ca1e985fbd41bc1b05242f92b471d4b44d1d8a680083,False,True,True,stored_onchain,
30,612,0xF3AF95EFb1A8050C6663913E9EEc4A11Ff7c213A,423,0x12EAd38c58967EcBBD3b5d787Cc860191f445cD5,2,5,5,D:\PHD\بابل\2024\Research Reco\الجزء الثاني\lastfmReco\4 ايصال التوصيات بضمنها العقد\03_outputs\RECOMMENDATION_DELIVERY_TOP5_V2\payloads\community_30\user_612_top5_v2.json,0x6a04b86bd6f05e5aaf152713f08ff4adcdb4ad2d888ec1de1d5672b13d82cc81,62f2a61c24026660ac1d7608c0738be9de492524505dfb56d6dc26a64a066c28,False,True,True,stored_onchain,
30,651,0x762b2040f44D63304159aDb1858ed50E03eFD2CE,423,0x12EAd38c58967EcBBD3b5d787Cc860191f445cD5,2,5,5,D:\PHD\بابل\2024\Research Reco\الجزء الثاني\lastfmReco\4 ايصال التوصيات بضمنها العقد\03_outputs\RECOMMENDATION_DELIVERY_TOP5_V2\payloads\community_30\user_651_top5_v2.json,0xcba3d121170cc43a504f802ce3785d591e77c123113a0702b92557d6e498802a,10a166e5c6e48c9f20fe6a99aca8de19a93d8188e831697683e4899d08a28b05,False,True,True,stored_onchain,
30,659,0x73f694C8d9dDD0715D0Dc9Ec09A8f9A91301599D,423,0x12EAd38c58967EcBBD3b5d787Cc860191f445cD5,2,5,5,D:\PHD\بابل\2024\Research Reco\الجزء الثاني\lastfmReco\4 ايصال التوصيات بضمنها العقد\03_outputs\RECOMMENDATION_DELIVERY_TOP5_V2\payloads\community_30\user_659_top5_v2.json,0x9558a01bfbf9cba4ebb3986faf51d8be20366adaf261fdebe9729773b3199b4d,03229b4d59bf034e2be1bfbdb1b49c523b9d9ec01cf23c8260d7ae090260e424,False,True,True,stored_onchain,
30,674,0x41B51ba13f058C13a400276Dfea95B135421629E,423,0x12EAd38c58967EcBBD3b5d787Cc860191f445cD5,2,5,5,D:\PHD\بابل\2024\Research Reco\الجزء الثاني\lastfmReco\4 ايصال التوصيات بضمنها العقد\03_outputs\RECOMMENDATION_DELIVERY_TOP5_V2\payloads\community_30\user_674_top5_v2.json,0x499ab2e7f0900ff8552336849b3a32bde8d025a2b1a827f1302e532797649176,68301361e637286ec3c678f287ca539e5cc4e0fc297a169440a2d6a0e40359c9,False,True,True,stored_onchain,
30,675,0xaC38b746f1c2D1FB8086Baa71610a25c1388e388,423,0x12EAd38c58967EcBBD3b5d787Cc860191f445cD5,2,5,5,D:\PHD\بابل\2024\Research Reco\الجزء الثاني\lastfmReco\4 ايصال التوصيات بضمنها العقد\03_outputs\RECOMMENDATION_DELIVERY_TOP5_V2\payloads\community_30\user_675_top5_v2.json,0xa944bcc41ed4867e9ea78fc4af01c884417d386642f6c2e04425053d463ba37c,90f61d06ca99bdbe59e8ed64fa46dc3437e3015015ba2a5e1f2d8a0468bd2055,False,True,True,stored_onchain,
30,679,0xea829DDc1ce965E263F53c195d83aA9aB362c457,423,0x12EAd38c58967EcBBD3b5d787Cc860191f445cD5,2,5,5,D:\PHD\بابل\2024\Research Reco\الجزء الثاني\lastfmReco\4 ايصال التوصيات بضمنها العقد\03_outputs\RECOMMENDATION_DELIVERY_TOP5_V2\payloads\community_30\user_679_top5_v2.json,0x45b17243dce2ee8f9577a9493a02ef314b6dc616527188c6e5b8c66db9d74694,69a2b796bf7ea0dea91fb893dff34e2b8c6e1410111d26c7a3d12cf00581527c,False,True,True,stored_onchain,
30,690,0x2Ed4fEC4E595C3Eaf8fBe368761dBC0EBf842209,423,0x12EAd38c58967EcBBD3b5d787Cc860191f445cD5,2,5,5,D:\PHD\بابل\2024\Research Reco\الجزء الثاني\lastfmReco\4 ايصال التوصيات بضمنها العقد\03_outputs\RECOMMENDATION_DELIVERY_TOP5_V2\payloads\community_30\user_690_top5_v2.json,0x337d6ccffccf44dc3d1449f24ceb3e20fc6bcaf65fa93185d6530370525be346,82a40802a1c4a794f9b92cd6a9fe740e0b55d88610580f8a067d43b5b7686a40,False,True,True,stored_onchain,
30,713,0x99f3A786297b21A100092d4592e2e2bFf248AF8e,423,0x12EAd38c58967EcBBD3b5d787Cc860191f445cD5,2,5,5,D:\PHD\بابل\2024\Research Reco\الجزء الثاني\lastfmReco\4 ايصال التوصيات بضمنها العقد\03_outputs\RECOMMENDATION_DELIVERY_TOP5_V2\payloads\community_30\user_713_top5_v2.json,0x1f98f6398c9883daa494299df0936b4d7eeac386fb696d67e1f41a8ac86a9946,8b311ac56ef80e4c44ad67fc490e6d1c9e4e2685622b7a656cb085eb5f615358,False,True,True,stored_onchain,
30,732,0x37cE0F5AC5561d420aAA0b1c358765f964cf1106,423,0x12EAd38c58967EcBBD3b5d787Cc860191f445cD5,2,5,5,D:\PHD\بابل\2024\Research Reco\الجزء الثاني\lastfmReco\4 ايصال التوصيات بضمنها العقد\03_outputs\RECOMMENDATION_DELIVERY_TOP5_V2\payloads\community_30\user_732_top5_v2.json,0x1e70a43524f9ccc7476339e049fb59e88f8dcd9fb4bc0ca85e3a3acd7dcf1651,fd07483c01d4115251dd3225e08b315d6e6128ab6f39ae51b599b22a02acee24,False,True,True,stored_onchain,
30,795,0xAAfb30C115729df1936f4e94D66640a92ac48565,423,0x12EAd38c58967EcBBD3b5d787Cc860191f445cD5,2,5,5,D:\PHD\بابل\2024\Research Reco\الجزء الثاني\lastfmReco\4 ايصال التوصيات بضمنها العقد\03_outputs\RECOMMENDATION_DELIVERY_TOP5_V2\payloads\community_30\user_795_top5_v2.json,0x4e05a5c131b496baa3c00aa7d1d05e8fd6ef0a5172bfbd3d11d8f400d362e894,64f67c5bbdb3c64c15f86a440a0a3650819844fceb2242e0fa399e71ee9489b9,False,True,True,stored_onchain,
30,808,0xe512DCeB2E20d8F409B1BaA431FF4E7099517d37,423,0x12EAd38c58967EcBBD3b5d787Cc860191f445cD5,2,5,5,D:\PHD\بابل\2024\Research Reco\الجزء الثاني\lastfmReco\4 ايصال التوصيات بضمنها العقد\03_outputs\RECOMMENDATION_DELIVERY_TOP5_V2\payloads\community_30\user_808_top5_v2.json,0x51696f953c4d8bc91cf8fc13ca1cf6df2f2d9a6d3c85f314be5fb78397faeb5e,41a28001d9c3ce090568a7b0bdbcd2676386060e90f52fa8236ca5d7c166193b,False,True,True,stored_onchain,
30,898,0xBfE456A92ec1778F54Dfc41d40A6f19D12d152FC,423,0x12EAd38c58967EcBBD3b5d787Cc860191f445cD5,2,5,5,D:\PHD\بابل\2024\Research Reco\الجزء الثاني\lastfmReco\4 ايصال التوصيات بضمنها العقد\03_outputs\RECOMMENDATION_DELIVERY_TOP5_V2\payloads\community_30\user_898_top5_v2.json,0xa5e56a701ca68bfd47cc8a95763ea703b23aa7e721923f56274c35a53efd08bf,348c79d61097f5a704ea426293b4602e11cf1d322e81310653170afce7a79de7,False,True,True,stored_onchain,
30,910,0x39630040e331cB2b5A731E91dd432183904F6C5c,423,0x12EAd38c58967EcBBD3b5d787Cc860191f445cD5,2,5,5,D:\PHD\بابل\2024\Research Reco\الجزء الثاني\lastfmReco\4 ايصال التوصيات بضمنها العقد\03_outputs\RECOMMENDATION_DELIVERY_TOP5_V2\payloads\community_30\user_910_top5_v2.json,0x1ff1aaa7765bb7dcc5031acf956eb99d6edde772559cd17dbd37f096bb35540f,57ede8f04095b1a0e690a46c9304aaf7fdeb2e4830bec2eaed899d8a89e5b366,False,True,True,stored_onchain,
30,954,0x08ECd5abBC6938A0E752931109A3460D47a1fD06,423,0x12EAd38c58967EcBBD3b5d787Cc860191f445cD5,2,5,5,D:\PHD\بابل\2024\Research Reco\الجزء الثاني\lastfmReco\4 ايصال التوصيات بضمنها العقد\03_outputs\RECOMMENDATION_DELIVERY_TOP5_V2\payloads\community_30\user_954_top5_v2.json,0xea1909b323c3512d4081d32938bc1ba9374ed7fdbf49b3c05a4dba1f84812aef,04e87cc08a9f255ef4d252a207050e7458625a1d494f822aa80e3ad58ecf701c,False,True,True,stored_onchain,
30,1057,0x2700A75fE8d744C3CD80CC047E3EEffCd5831Bc9,423,0x12EAd38c58967EcBBD3b5d787Cc860191f445cD5,2,5,5,D:\PHD\بابل\2024\Research Reco\الجزء الثاني\lastfmReco\4 ايصال التوصيات بضمنها العقد\03_outputs\RECOMMENDATION_DELIVERY_TOP5_V2\payloads\community_30\user_1057_top5_v2.json,0x86b4c2ece5b3efc7b27cc1646416e6dff6eebef5f1693608def75a9668fd836f,6abf004f1b3c4c48c2da1ab19de983c71669e3f9aa515c387edf832a23480c3c,False,True,True,stored_onchain,
30,1069,0x32e9e0c2ea117AC636AAea0Bc25293474ec1E84E,423,0x12EAd38c58967EcBBD3b5d787Cc860191f445cD5,2,5,5,D:\PHD\بابل\2024\Research Reco\الجزء الثاني\lastfmReco\4 ايصال التوصيات بضمنها العقد\03_outputs\RECOMMENDATION_DELIVERY_TOP5_V2\payloads\community_30\user_1069_top5_v2.json,0x3d796140da8467c358249e20da9c986ce2fe9deb7b2f6f952dd4f24451f3d3ff,0e9bfa481a65c89cd6f1b5340b253304d4983cf64046ff6b00194f73985d729f,False,True,True,stored_onchain,
30,1102,0x04a245B7AA80349Fe4F473E6413731652A7E5daA,423,0x12EAd38c58967EcBBD3b5d787Cc860191f445cD5,2,5,5,D:\PHD\بابل\2024\Research Reco\الجزء الثاني\lastfmReco\4 ايصال التوصيات بضمنها العقد\03_outputs\RECOMMENDATION_DELIVERY_TOP5_V2\payloads\community_30\user_1102_top5_v2.json,0xe28dac2bc9134140dd66dc3f0199750d9bbda01e9e67254c6e10c9f8a971b009,4b86789d03ddaf9ba758552bedb6a0691e81a132a0e6dc0bae8ba196cf02c2e0,False,True,True,stored_onchain,
30,1104,0xfe2bB3ff0266720319007D6f8DA6da40bD9b7f1e,423,0x12EAd38c58967EcBBD3b5d787Cc860191f445cD5,2,5,5,D:\PHD\بابل\2024\Research Reco\الجزء الثاني\lastfmReco\4 ايصال التوصيات بضمنها العقد\03_outputs\RECOMMENDATION_DELIVERY_TOP5_V2\payloads\community_30\user_1104_top5_v2.json,0x7577b86508c893fd4988bb646af064da880b60454533254fc379578ff31bde07,357c13305194bb79e71903de218c22e2a9a706f3944915acdeee1f727b08d262,False,True,True,stored_onchain,
30,1120,0x37e8c05818C17B1AF728b7cdA19dD91242F0Dc7f,423,0x12EAd38c58967EcBBD3b5d787Cc860191f445cD5,2,5,5,D:\PHD\بابل\2024\Research Reco\الجزء الثاني\lastfmReco\4 ايصال التوصيات بضمنها العقد\03_outputs\RECOMMENDATION_DELIVERY_TOP5_V2\payloads\community_30\user_1120_top5_v2.json,0x344078b193cfbcf0adba06837ed533b7b56a537d2e54ea9bd02897b4105e2f51,00e21689e3dcfdc0f703f8f9c8db3643ee0f18f935f7d4bc564ce195e2881341,False,True,True,stored_onchain,
30,1137,0x3C4cf288382D1013486D327672Db0961C03Cb55D,423,0x12EAd38c58967EcBBD3b5d787Cc860191f445cD5,2,5,5,D:\PHD\بابل\2024\Research Reco\الجزء الثاني\lastfmReco\4 ايصال التوصيات بضمنها العقد\03_outputs\RECOMMENDATION_DELIVERY_TOP5_V2\payloads\community_30\user_1137_top5_v2.json,0x1aa9fd6ed5df8046f0a2962399dcdf0d833ecd6f07edffb1a441f9c89dee055e,14c8f8a441e63b5aea3cbef326ac1b13cabc88a802ad35b3376dedfa4fe1290f,False,True,True,stored_onchain,
30,1185,0x0Fd7EA63bdCFfE096acA3e748639b43076ff9897,423,0x12EAd38c58967EcBBD3b5d787Cc860191f445cD5,2,5,5,D:\PHD\بابل\2024\Research Reco\الجزء الثاني\lastfmReco\4 ايصال التوصيات بضمنها العقد\03_outputs\RECOMMENDATION_DELIVERY_TOP5_V2\payloads\community_30\user_1185_top5_v2.json,0x8dd5ed7cf54e55d4b31309b261b843699998a3b1cebb15fba51011139adc001e,0003190e0575d20fb1ad35fb8a13c8f53b4ede7337226b5bd89f62544ecc27e1,False,True,True,stored_onchain,
30,1188,0xB3BB95220eA545AC6D80a346ee063A7e3A71CB4D,423,0x12EAd38c58967EcBBD3b5d787Cc860191f445cD5,2,5,5,D:\PHD\بابل\2024\Research Reco\الجزء الثاني\lastfmReco\4 ايصال التوصيات بضمنها العقد\03_outputs\RECOMMENDATION_DELIVERY_TOP5_V2\payloads\community_30\user_1188_top5_v2.json,0x5b3308c65158121ce5c34b4266bb7e87b96dea24505a412d795cf66f8a2235e2,698c4d99d738ef190e522fdaccdc73438d56cdfba9deeb5a5e9b9465c85364c4,False,True,True,stored_onchain,
30,1226,0x3c63438561A20b2e244Ed7f5057F4a926dfA6d53,423,0x12EAd38c58967EcBBD3b5d787Cc860191f445cD5,2,5,5,D:\PHD\بابل\2024\Research Reco\الجزء الثاني\lastfmReco\4 ايصال التوصيات بضمنها العقد\03_outputs\RECOMMENDATION_DELIVERY_TOP5_V2\payloads\community_30\user_1226_top5_v2.json,0xd614dbffab80756ecea7a166a5e38db3cb314eb73bb228a52153ce7595863a22,7ba2870c90c340c55e05243269289a6436276fb4b8419044d85297a98ed12f7f,False,True,True,stored_onchain,
30,1233,0xe6dBaC68CB681794F30b436d0d9a1bDeFd6aEc58,423,0x12EAd38c58967EcBBD3b5d787Cc860191f445cD5,2,5,5,D:\PHD\بابل\2024\Research Reco\الجزء الثاني\lastfmReco\4 ايصال التوصيات بضمنها العقد\03_outputs\RECOMMENDATION_DELIVERY_TOP5_V2\payloads\community_30\user_1233_top5_v2.json,0x9e6da7a838d8d1e0db8a7d188b0dbe164858c3e6c166d438d12fdcbfb698a397,0ce989d3ba66c7a1095168972cfd357d91d346543370a0b534de505a74ccbef1,False,True,True,stored_onchain,
30,1246,0x902284FC57a5E81b30eF1dE0029F7FD4bD40abb9,423,0x12EAd38c58967EcBBD3b5d787Cc860191f445cD5,2,5,5,D:\PHD\بابل\2024\Research Reco\الجزء الثاني\lastfmReco\4 ايصال التوصيات بضمنها العقد\03_outputs\RECOMMENDATION_DELIVERY_TOP5_V2\payloads\community_30\user_1246_top5_v2.json,0x61c299d7121e4d9e7f0c88f92171f03b9f80eebe46e5a89842c642b345c26fb0,269fa16ff9c9d1c7f09a67e04ec8210a27ff33a6dcac1d231416f65edea5a0b4,False,True,True,stored_onchain,
30,1247,0x8f25A8810a293099def85DA0edE73f5F82bE4955,423,0x12EAd38c58967EcBBD3b5d787Cc860191f445cD5,2,5,5,D:\PHD\بابل\2024\Research Reco\الجزء الثاني\lastfmReco\4 ايصال التوصيات بضمنها العقد\03_outputs\RECOMMENDATION_DELIVERY_TOP5_V2\payloads\community_30\user_1247_top5_v2.json,0xa818a5016975704a0806a1ffe5aed5b0cbaafb84d7565fe3fc5042098ebf24bd,b6e2e1dbdd767b1b99b9e86851bd5950250c0ecb65a803e57f6ab2d1cd7302b3,False,True,True,stored_onchain,
30,1365,0x510Bdf8B7f52AD57BcFe76133C9f19948535Ce0E,423,0x12EAd38c58967EcBBD3b5d787Cc860191f445cD5,2,5,5,D:\PHD\بابل\2024\Research Reco\الجزء الثاني\lastfmReco\4 ايصال التوصيات بضمنها العقد\03_outputs\RECOMMENDATION_DELIVERY_TOP5_V2\payloads\community_30\user_1365_top5_v2.json,0xf685ffc8d70b5328d88922083781a8e3cc9101be2e780a4ac3458b5b2e107a8c,6afd0de0601111a7a962e4bd78014264a283e2b35a7460eb5189e71e66ddfab4,False,True,True,stored_onchain,
30,1471,0xa4E06140b38F626AAa94a3Ad092228944E0A0346,423,0x12EAd38c58967EcBBD3b5d787Cc860191f445cD5,2,5,5,D:\PHD\بابل\2024\Research Reco\الجزء الثاني\lastfmReco\4 ايصال التوصيات بضمنها العقد\03_outputs\RECOMMENDATION_DELIVERY_TOP5_V2\payloads\community_30\user_1471_top5_v2.json,0x41c04aa8abfd87b603c5491c2c18a3de4598ef0749169089182e27bc8109c053,cf8e41d0812d066c1f4006e532c654ee794647aabc3ad7508a94b4e330bb2c67,False,True,True,stored_onchain,
30,1532,0x36135786c9ff9c3E396F64cDE2a30032ac99563a,423,0x12EAd38c58967EcBBD3b5d787Cc860191f445cD5,2,5,5,D:\PHD\بابل\2024\Research Reco\الجزء الثاني\lastfmReco\4 ايصال التوصيات بضمنها العقد\03_outputs\RECOMMENDATION_DELIVERY_TOP5_V2\payloads\community_30\user_1532_top5_v2.json,0x1799ee8f989be1fc8ddfbced2b9749aefa29ce59f9edc834f88175b4506f8801,a49a8ad620af15ed2315ba1b3a11220533892c28abf5ec3151bd43c07ee6cb46,False,True,True,stored_onchain,
30,1533,0x9bB82572fd944e8254bDF75835Af2BD49323EF8b,423,0x12EAd38c58967EcBBD3b5d787Cc860191f445cD5,2,5,5,D:\PHD\بابل\2024\Research Reco\الجزء الثاني\lastfmReco\4 ايصال التوصيات بضمنها العقد\03_outputs\RECOMMENDATION_DELIVERY_TOP5_V2\payloads\community_30\user_1533_top5_v2.json,0xc3c1e6ae0086a73f71040be95244e68ea6093d80cfaa1aaf5853aa88c57aa599,3d38d6ad2b03255e28bcc6c836935bd5eedb79b649c4ee443265fd865ecee5ee,False,True,True,stored_onchain,
30,1563,0xAd1fe6443298234624C51b77B14659969ebd15f8,423,0x12EAd38c58967EcBBD3b5d787Cc860191f445cD5,2,5,5,D:\PHD\بابل\2024\Research Reco\الجزء الثاني\lastfmReco\4 ايصال التوصيات بضمنها العقد\03_outputs\RECOMMENDATION_DELIVERY_TOP5_V2\payloads\community_30\user_1563_top5_v2.json,0xa1c63ecb2c9acbf557f4c2f347a0064c45079cef8f93548d92f250e7a9a248df,6bb36e6db8da561df6c0ea514478eece6c30a25962eadbd1110c9ba4d09119ed,False,True,True,stored_onchain,
30,1590,0x55160114fcA47B5345419Cbcc786Fb54be895E21,423,0x12EAd38c58967EcBBD3b5d787Cc860191f445cD5,2,5,5,D:\PHD\بابل\2024\Research Reco\الجزء الثاني\lastfmReco\4 ايصال التوصيات بضمنها العقد\03_outputs\RECOMMENDATION_DELIVERY_TOP5_V2\payloads\community_30\user_1590_top5_v2.json,0xd3b5837c648bc0efe50f3fc8363006df39501681491027e3e9e6c6bfb31df4b3,9abd9a922c907647520ff38926f86e8d77cff1d93059504db9e7f8ee1ec2d786,False,True,True,stored_onchain,
30,1600,0xcfC787C7B3bB27E21C6Eb7B761cc77beE90cbaA1,423,0x12EAd38c58967EcBBD3b5d787Cc860191f445cD5,2,5,5,D:\PHD\بابل\2024\Research Reco\الجزء الثاني\lastfmReco\4 ايصال التوصيات بضمنها العقد\03_outputs\RECOMMENDATION_DELIVERY_TOP5_V2\payloads\community_30\user_1600_top5_v2.json,0x8f40dc6ae478bdc420c224b39b90dd3fa083bf9d2c83c2b0ddc8820830409f28,bd3211e710809d25b7a139a3c8b66dbfbf22392a702afdb3654ff96160059037,False,True,True,stored_onchain,
30,1616,0xe905BbE7a2c7892ef3cBBdaa3B94711a52C5B2FD,423,0x12EAd38c58967EcBBD3b5d787Cc860191f445cD5,2,5,5,D:\PHD\بابل\2024\Research Reco\الجزء الثاني\lastfmReco\4 ايصال التوصيات بضمنها العقد\03_outputs\RECOMMENDATION_DELIVERY_TOP5_V2\payloads\community_30\user_1616_top5_v2.json,0x82e8d71b6c1a0e245be5585e509b24a86405c78c546e8221d76b18df6a88a45c,9cf79d1f8abae287134775a6260161e6d9bbeede7ba62c297459cd4e77345e33,False,True,True,stored_onchain,
30,1633,0x56f2727685cD80FBCAFDd3a2e1DA1dc64293EEB6,423,0x12EAd38c58967EcBBD3b5d787Cc860191f445cD5,2,5,5,D:\PHD\بابل\2024\Research Reco\الجزء الثاني\lastfmReco\4 ايصال التوصيات بضمنها العقد\03_outputs\RECOMMENDATION_DELIVERY_TOP5_V2\payloads\community_30\user_1633_top5_v2.json,0xa86bb6392ea742ce434c322a7db23eccfb9c27c4b88c591a006f0974bfea7439,c23fb61f34ac659a439c18eeef88123216919c04ebe85cc645aef7ed4d67b24d,False,True,True,stored_onchain,
30,1648,0xbDb45ac8cD85a1D96e9B188D5e95B8B55773B925,423,0x12EAd38c58967EcBBD3b5d787Cc860191f445cD5,2,5,5,D:\PHD\بابل\2024\Research Reco\الجزء الثاني\lastfmReco\4 ايصال التوصيات بضمنها العقد\03_outputs\RECOMMENDATION_DELIVERY_TOP5_V2\payloads\community_30\user_1648_top5_v2.json,0xdce4c92304e9703b0a6da4dcfe2fbae56251470181e666b50ebcd8cba62cc8cf,8701d38f134f8b832d030f492a6bc74134618e731da63336952d3abcd877c75f,False,True,True,stored_onchain,
30,1736,0xe83B8fe40fcA116B733c3f27e574350AeB38012F,423,0x12EAd38c58967EcBBD3b5d787Cc860191f445cD5,2,5,5,D:\PHD\بابل\2024\Research Reco\الجزء الثاني\lastfmReco\4 ايصال التوصيات بضمنها العقد\03_outputs\RECOMMENDATION_DELIVERY_TOP5_V2\payloads\community_30\user_1736_top5_v2.json,0x52ac19497a27a08bde4d7eda809e753a5392ec23121eeaf0b6b092223452fcfb,6ef519ac338c04e8f196887d3b2759c49e1dc8eff80cffa79072d3f93c474a9d,False,True,True,stored_onchain,
30,1742,0xA24597f8279AD7c1E22b9638dbb69eE1Efb2f647,423,0x12EAd38c58967EcBBD3b5d787Cc860191f445cD5,2,5,5,D:\PHD\بابل\2024\Research Reco\الجزء الثاني\lastfmReco\4 ايصال التوصيات بضمنها العقد\03_outputs\RECOMMENDATION_DELIVERY_TOP5_V2\payloads\community_30\user_1742_top5_v2.json,0x9426d33e351e439284504fdf9bd85d973f3380418486ee3b443458ef432976c1,3b24dbc1cdd4548311dfbb3784ec39021102e5a0b05196a06d8e73b64654d09f,False,True,True,stored_onchain,
30,1765,0x58d097E7953e22F06E4e4f0Fad87f6E8C0dBC8b5,423,0x12EAd38c58967EcBBD3b5d787Cc860191f445cD5,2,5,5,D:\PHD\بابل\2024\Research Reco\الجزء الثاني\lastfmReco\4 ايصال التوصيات بضمنها العقد\03_outputs\RECOMMENDATION_DELIVERY_TOP5_V2\payloads\community_30\user_1765_top5_v2.json,0xa02b0a947cff389b63fda028867dd1f349db1798d42b0aa87b7e9fbd5c05f070,d51618d70407314ec8127acfdb02c70761572bc8d9c1e17b1dd856e91be23124,False,True,True,stored_onchain,
30,1773,0xEFd1C49DF982CA8973c31326AA1476310dbBe1D0,423,0x12EAd38c58967EcBBD3b5d787Cc860191f445cD5,2,5,5,D:\PHD\بابل\2024\Research Reco\الجزء الثاني\lastfmReco\4 ايصال التوصيات بضمنها العقد\03_outputs\RECOMMENDATION_DELIVERY_TOP5_V2\payloads\community_30\user_1773_top5_v2.json,0xdd94a667f827a8f62d8711ce406ad46b560f62a031694495374a62fc1fc21b84,a0ed129b4e8ce9eefd2feb8d02c0462f5ee68280d04e4ed3169eb5faa0baf263,False,True,True,stored_onchain,
30,1838,0x52DFd1734Fc77aD00dd86093CF8a6d10F334f6bA,423,0x12EAd38c58967EcBBD3b5d787Cc860191f445cD5,2,5,5,D:\PHD\بابل\2024\Research Reco\الجزء الثاني\lastfmReco\4 ايصال التوصيات بضمنها العقد\03_outputs\RECOMMENDATION_DELIVERY_TOP5_V2\payloads\community_30\user_1838_top5_v2.json,0xdac9f70725037f751d88635e5f09974a488c2459ab44180bbbd1bb9b4da94766,f747ced65922197abc95f54e6bf7d50d0f5d3e0fd1aae424eb63b9580ff81ac4,False,True,True,stored_onchain,
30,1869,0xf2E25F7827627b7d94237352e553bE23ae3Cb0F8,423,0x12EAd38c58967EcBBD3b5d787Cc860191f445cD5,2,5,5,D:\PHD\بابل\2024\Research Reco\الجزء الثاني\lastfmReco\4 ايصال التوصيات بضمنها العقد\03_outputs\RECOMMENDATION_DELIVERY_TOP5_V2\payloads\community_30\user_1869_top5_v2.json,0xede69951f2d365bc9badefb08e10cac18614a863c23d376385a2769c7eeb2eb8,2fdb1999f5401e2d978296bad7fb7d44b2bc5689339979ee8305aa9cbeb1b0ed,False,True,True,stored_onchain,
30,1903,0xfBc3D982f7ac19A88e9ccAda6A8B28A023436Fb6,423,0x12EAd38c58967EcBBD3b5d787Cc860191f445cD5,2,5,5,D:\PHD\بابل\2024\Research Reco\الجزء الثاني\lastfmReco\4 ايصال التوصيات بضمنها العقد\03_outputs\RECOMMENDATION_DELIVERY_TOP5_V2\payloads\community_30\user_1903_top5_v2.json,0x77fea1a1f0afec132973757eae6aeb03db1441f4ec38de1948fed187751dd7ad,7cabc4f20ca5d4564e0135921d3d9ceb75b3bd043dd33208f370041269ba1679,False,True,True,stored_onchain,
30,1909,0x1552898da60ff1C9E0D4eE06D16369A3620eAE57,423,0x12EAd38c58967EcBBD3b5d787Cc860191f445cD5,2,5,5,D:\PHD\بابل\2024\Research Reco\الجزء الثاني\lastfmReco\4 ايصال التوصيات بضمنها العقد\03_outputs\RECOMMENDATION_DELIVERY_TOP5_V2\payloads\community_30\user_1909_top5_v2.json,0x9691bcd36cfca42ef624601082f559ce928e577e68a6379b07d2f7fe0be68407,c26e9084aa9f2a5cb5fe4c9322aac35b5550ac97b84b02adc24f6427659d8d3c,False,True,True,stored_onchain,
30,1973,0x38198fB3b22e2f0dE3846db17169A4ABd0CFEe80,423,0x12EAd38c58967EcBBD3b5d787Cc860191f445cD5,2,5,5,D:\PHD\بابل\2024\Research Reco\الجزء الثاني\lastfmReco\4 ايصال التوصيات بضمنها العقد\03_outputs\RECOMMENDATION_DELIVERY_TOP5_V2\payloads\community_30\user_1973_top5_v2.json,0x32e45746bd1e56baec88f5de4781d01bcee62def1a7f69f9c4caa647f8bfa353,0f5c0e30c1a0859a441f8afc23c40484b75e685caf52cb2b0b8b86767677dadd,False,True,True,stored_onchain,
30,1979,0xb8999fbAAA98751B8dF6a4ee20e6590fb975A12C,423,0x12EAd38c58967EcBBD3b5d787Cc860191f445cD5,2,5,5,D:\PHD\بابل\2024\Research Reco\الجزء الثاني\lastfmReco\4 ايصال التوصيات بضمنها العقد\03_outputs\RECOMMENDATION_DELIVERY_TOP5_V2\payloads\community_30\user_1979_top5_v2.json,0x7acb1f17dd1b98b20887eb00b654e83cd5356f47b13cac4c14808af4125e2fab,a020992b8cd6136e83459e7d22f3e5c2b9e51c386f37db43a83db30ff94c8e13,False,True,True,stored_onchain,
30,2058,0x042792D25Bf4F3fca716b2EA014e5f4bf6307002,423,0x12EAd38c58967EcBBD3b5d787Cc860191f445cD5,2,5,5,D:\PHD\بابل\2024\Research Reco\الجزء الثاني\lastfmReco\4 ايصال التوصيات بضمنها العقد\03_outputs\RECOMMENDATION_DELIVERY_TOP5_V2\payloads\community_30\user_2058_top5_v2.json,0xd45d47dad0015e51f9a2290d26dd59533a104ebb48a6c942e5dd11977ca41cbb,bb1ae29ecd1e3ea64a738ce2e144cc78d18e004c8277147adb661b1d99661c2f,False,True,True,stored_onchain,
30,2068,0xf97F7c5A6DC452bf2edA99ae8ECAFd2b257094Cf,423,0x12EAd38c58967EcBBD3b5d787Cc860191f445cD5,2,5,5,D:\PHD\بابل\2024\Research Reco\الجزء الثاني\lastfmReco\4 ايصال التوصيات بضمنها العقد\03_outputs\RECOMMENDATION_DELIVERY_TOP5_V2\payloads\community_30\user_2068_top5_v2.json,0xd9b32c6d29690d6f59bfd75e8d333ea30def42f13175ee05f5152aa0d916bebd,a61a90460a4d48886287c820790dc938a866fa48de55f0bac37c70d7ef180ab7,False,True,True,stored_onchain,
38,38,0xb5145439122e52eEeF1a0ff4180DC7D50BbA7e05,1624,0xBD4B860E86bB893F4Dd49ADFD4E71D98F3e105C5,2,5,5,D:\PHD\بابل\2024\Research Reco\الجزء الثاني\lastfmReco\4 ايصال التوصيات بضمنها العقد\03_outputs\RECOMMENDATION_DELIVERY_TOP5_V2\payloads\community_38\user_38_top5_v2.json,0x54e2077617417f3e5dc0a14cbfa248826448641dd75bc247aff8a77ced43e493,0d3d04e0058a4eb51132a4be4a6aab678a3613d30ae26ec99de65d961f1d3b15,False,True,True,stored_onchain,
38,42,0xE003c0b64C95293efbDa6880B9bF4D4633C1fcf8,1624,0xBD4B860E86bB893F4Dd49ADFD4E71D98F3e105C5,2,5,5,D:\PHD\بابل\2024\Research Reco\الجزء الثاني\lastfmReco\4 ايصال التوصيات بضمنها العقد\03_outputs\RECOMMENDATION_DELIVERY_TOP5_V2\payloads\community_38\user_42_top5_v2.json,0x8e405fefbc7f818bb8d4f408fb2082df794a65db7bf21e8e6abe8fcd4073d89b,9825e14911e3d10c46d73af5a24726d762bc10af43c5761e38cb5820e4404d35,False,True,True,stored_onchain,
38,62,0xc2F029A3f733C365049911B9D1F8D7D122e398E4,1624,0xBD4B860E86bB893F4Dd49ADFD4E71D98F3e105C5,2,5,5,D:\PHD\بابل\2024\Research Reco\الجزء الثاني\lastfmReco\4 ايصال التوصيات بضمنها العقد\03_outputs\RECOMMENDATION_DELIVERY_TOP5_V2\payloads\community_38\user_62_top5_v2.json,0x1ff2bc12748472f8369ca435f72fd39b52116e6fdfcdc34112d5571b4a364198,3b032218a51d7ffc4e64f335d9d1d52c854baa3c724ab1f0123b7501e0e57da0,False,True,True,stored_onchain,
38,174,0xD6e10d255d9Aa97fbBeAa09Aa4975E64e65bB2c6,1624,0xBD4B860E86bB893F4Dd49ADFD4E71D98F3e105C5,2,5,5,D:\PHD\بابل\2024\Research Reco\الجزء الثاني\lastfmReco\4 ايصال التوصيات بضمنها العقد\03_outputs\RECOMMENDATION_DELIVERY_TOP5_V2\payloads\community_38\user_174_top5_v2.json,0x4faed075f69d8b3ca693b2ac5b76b9a59b53c96040db030e88e8c03f1e60bccd,fc4828f4afd6bd1066213ca1404c44d9715f009158a1602692f59b6ff7a23934,False,True,True,stored_onchain,
38,266,0xbDBDA96aAF94A223c62Ee2e8b065e81aaEB75F22,1624,0xBD4B860E86bB893F4Dd49ADFD4E71D98F3e105C5,2,5,5,D:\PHD\بابل\2024\Research Reco\الجزء الثاني\lastfmReco\4 ايصال التوصيات بضمنها العقد\03_outputs\RECOMMENDATION_DELIVERY_TOP5_V2\payloads\community_38\user_266_top5_v2.json,0xe1986414e32f391c5129a5524e6e4c85447f952d14a765ac846f39e9db989207,87eacec1ac6810b5138a514fc81ede18a749e7abb46d51e6624156bee8e5eb74,False,True,True,stored_onchain,
38,315,0xcB5F0F2d4a309d818D03D957C77a77137bCA027A,1624,0xBD4B860E86bB893F4Dd49ADFD4E71D98F3e105C5,2,5,5,D:\PHD\بابل\2024\Research Reco\الجزء الثاني\lastfmReco\4 ايصال التوصيات بضمنها العقد\03_outputs\RECOMMENDATION_DELIVERY_TOP5_V2\payloads\community_38\user_315_top5_v2.json,0xb79b5c3568755e39552c581a79b9b74aafc310f94095c99b5af5edc326c003a1,90baa651d07f82cd0c5cffdd4512cc32306db01894092d760cc4d77d7da75cec,False,True,True,stored_onchain,
38,335,0x03E5655E50e0C2F5aEbc5230611b8D8EE36220e2,1624,0xBD4B860E86bB893F4Dd49ADFD4E71D98F3e105C5,2,5,5,D:\PHD\بابل\2024\Research Reco\الجزء الثاني\lastfmReco\4 ايصال التوصيات بضمنها العقد\03_outputs\RECOMMENDATION_DELIVERY_TOP5_V2\payloads\community_38\user_335_top5_v2.json,0x7a8b1b66d1073454eb5f137c1a2116921f551db7282c1322a82e84ecf85a042b,178c50bd1372cebc656ce8740a902f6b7d334d6457680500fec429bd9d9bb482,False,True,True,stored_onchain,
38,383,0x8D1C03404AD71125F5313EFB98fC5515288dd9a8,1624,0xBD4B860E86bB893F4Dd49ADFD4E71D98F3e105C5,2,5,5,D:\PHD\بابل\2024\Research Reco\الجزء الثاني\lastfmReco\4 ايصال التوصيات بضمنها العقد\03_outputs\RECOMMENDATION_DELIVERY_TOP5_V2\payloads\community_38\user_383_top5_v2.json,0xc2769819c919f5bb7d84f93173c2730ff7a4e5fecbb8866ba0dec1449ecb78ba,f98352d36c72739c25e0a333b689e508f91c2c8eb7214aaee562e4e719c4ac47,False,True,True,stored_onchain,
38,385,0x221EA8332b926E49443cb4Aaf76Fc1f4d3BF2a34,1624,0xBD4B860E86bB893F4Dd49ADFD4E71D98F3e105C5,2,5,5,D:\PHD\بابل\2024\Research Reco\الجزء الثاني\lastfmReco\4 ايصال التوصيات بضمنها العقد\03_outputs\RECOMMENDATION_DELIVERY_TOP5_V2\payloads\community_38\user_385_top5_v2.json,0x88073fee77def88497efec67a314cf6fbcf15ab960386a687b17232dd624283a,1999cee4e2ec822a52844ec3555f219b2b25e72f2e6ed639cfd61fb0f0c33648,False,True,True,stored_onchain,
38,461,0x0da68F087CcF5720810b22498FfEc761DAda4FaF,1624,0xBD4B860E86bB893F4Dd49ADFD4E71D98F3e105C5,2,5,5,D:\PHD\بابل\2024\Research Reco\الجزء الثاني\lastfmReco\4 ايصال التوصيات بضمنها العقد\03_outputs\RECOMMENDATION_DELIVERY_TOP5_V2\payloads\community_38\user_461_top5_v2.json,0x45689c482a2182b5130bd82de0d37fea07da31c97500d0875b8df1952d7f10de,641e2442944e23ecdd85ee729574dc0093bb65a25ba47929dacd0342e10d3b63,False,True,True,stored_onchain,
38,465,0x706300Ef138391154F6f1238Da0f737b4902eD3E,1624,0xBD4B860E86bB893F4Dd49ADFD4E71D98F3e105C5,2,5,5,D:\PHD\بابل\2024\Research Reco\الجزء الثاني\lastfmReco\4 ايصال التوصيات بضمنها العقد\03_outputs\RECOMMENDATION_DELIVERY_TOP5_V2\payloads\community_38\user_465_top5_v2.json,0xec692f98a8632f82acf1f2e1732271752e998b1a2a820a3b672a8c2c5fb9e253,e136a632711df4d178f7e0e82d523828bbfaa537ebcc9194f42dea65fc5023dc,False,True,True,stored_onchain,
38,628,0xCc516AE9f4dE1b647102b2E95b30A543563C0e53,1624,0xBD4B860E86bB893F4Dd49ADFD4E71D98F3e105C5,2,5,5,D:\PHD\بابل\2024\Research Reco\الجزء الثاني\lastfmReco\4 ايصال التوصيات بضمنها العقد\03_outputs\RECOMMENDATION_DELIVERY_TOP5_V2\payloads\community_38\user_628_top5_v2.json,0xa39a74b0a2d18b10e5ffd2a0906be374d4c946fa3f12d2ab402830a66c808560,82312360f681066339c3daa1603f17a98e90ace43d50a75281fe31d78518d5b3,False,True,True,stored_onchain,
38,631,0x780BBCcE685485Ca65043A38FB7173b6F13C101b,1624,0xBD4B860E86bB893F4Dd49ADFD4E71D98F3e105C5,2,5,5,D:\PHD\بابل\2024\Research Reco\الجزء الثاني\lastfmReco\4 ايصال التوصيات بضمنها العقد\03_outputs\RECOMMENDATION_DELIVERY_TOP5_V2\payloads\community_38\user_631_top5_v2.json,0x727685ad8bade87f97c9928feacb0b8ee281b82f9568da02f7bcbeeb3dceed39,9a1cd015d3ac50841bed9ee6ccfff72ba4712a35a2ddffd0a9bbf36a3e21ef8f,False,True,True,stored_onchain,
38,670,0xc089fe48b3C9D4FBB8F1aF379e0dA6008fFaA4fd,1624,0xBD4B860E86bB893F4Dd49ADFD4E71D98F3e105C5,2,5,5,D:\PHD\بابل\2024\Research Reco\الجزء الثاني\lastfmReco\4 ايصال التوصيات بضمنها العقد\03_outputs\RECOMMENDATION_DELIVERY_TOP5_V2\payloads\community_38\user_670_top5_v2.json,0x9d7505c7dfab14134307d15e7bcecf0b65f1d4cf2c320ffd9942514caa92be4c,0aba850df22df3e56888b5a98ce2f876f4c2eaaba0a287d4969ee57088331be5,False,True,True,stored_onchain,
38,688,0xD77FAA486b899371Fc7bdf25197ceB490b83ef15,1624,0xBD4B860E86bB893F4Dd49ADFD4E71D98F3e105C5,2,5,5,D:\PHD\بابل\2024\Research Reco\الجزء الثاني\lastfmReco\4 ايصال التوصيات بضمنها العقد\03_outputs\RECOMMENDATION_DELIVERY_TOP5_V2\payloads\community_38\user_688_top5_v2.json,0x5d698d3ad44a8582941fa734f31ecc095ff36b81bb733daaae6f1af485f8f39b,b6cd4a27eaadab63b47b5f1c20e9d0adb519c7c9521b615ef9f679e3a3a299ea,False,True,True,stored_onchain,
38,818,0x85faDb640Db1a776D2FBF943E779383AFa5Aa4de,1624,0xBD4B860E86bB893F4Dd49ADFD4E71D98F3e105C5,2,5,5,D:\PHD\بابل\2024\Research Reco\الجزء الثاني\lastfmReco\4 ايصال التوصيات بضمنها العقد\03_outputs\RECOMMENDATION_DELIVERY_TOP5_V2\payloads\community_38\user_818_top5_v2.json,0x213802495571289afbc7107e4adec053edfdd431cabe2cd4cb2ef0b63e52daf6,6d7467f86bd637e6acab5b477db9c84473a62f05fca2d221271213d25eee7385,False,True,True,stored_onchain,
38,864,0x29D335220e641C332ebA39D4025fF341ba1541A5,1624,0xBD4B860E86bB893F4Dd49ADFD4E71D98F3e105C5,2,5,5,D:\PHD\بابل\2024\Research Reco\الجزء الثاني\lastfmReco\4 ايصال التوصيات بضمنها العقد\03_outputs\RECOMMENDATION_DELIVERY_TOP5_V2\payloads\community_38\user_864_top5_v2.json,0xd8ba4aa88f2855ea74e9672d1bc42c9281da43455efd4c36a29a08cc5d17699c,e302d0bd7008e987b9794f8d6ebe6837af20c05e52d1264342b96a297ac27f97,False,True,True,stored_onchain,
38,904,0x4f13951780Ed088290D7e6e582d66480dfce00b9,1624,0xBD4B860E86bB893F4Dd49ADFD4E71D98F3e105C5,2,5,5,D:\PHD\بابل\2024\Research Reco\الجزء الثاني\lastfmReco\4 ايصال التوصيات بضمنها العقد\03_outputs\RECOMMENDATION_DELIVERY_TOP5_V2\payloads\community_38\user_904_top5_v2.json,0x771aba6cce49c36346e7a8814d55b3175533b71fc96d4410a1df6d11641b3970,f0fa4551128a4c3547a7bd8cc6f75e879cd6102fa9fd89918fd61fab4d3df54c,False,True,True,stored_onchain,
38,922,0x0DBCacde2c27C54559179C648Ad7C488a02c0F8d,1624,0xBD4B860E86bB893F4Dd49ADFD4E71D98F3e105C5,2,5,5,D:\PHD\بابل\2024\Research Reco\الجزء الثاني\lastfmReco\4 ايصال التوصيات بضمنها العقد\03_outputs\RECOMMENDATION_DELIVERY_TOP5_V2\payloads\community_38\user_922_top5_v2.json,0x6d99f96b1845fc1c180170b779bdb976b50170170ad27ca23ccdf9ecf683cc2c,4091c9c28b77e66bfd2cd1fbdd985335f4f3e12815e48b79f4f69ff95d94d86e,False,True,True,stored_onchain,
38,971,0x4AAf1c2049310b7012DA3602327833F86771b584,1624,0xBD4B860E86bB893F4Dd49ADFD4E71D98F3e105C5,2,5,5,D:\PHD\بابل\2024\Research Reco\الجزء الثاني\lastfmReco\4 ايصال التوصيات بضمنها العقد\03_outputs\RECOMMENDATION_DELIVERY_TOP5_V2\payloads\community_38\user_971_top5_v2.json,0xec8507ff7ede35cdb5ffa5acd5c68fdb060331956e76e457f7dc1f3495fadd07,b298ffc766c1df182e3af7d5826b55015847aca9dc23a6a15b63cf17aabf9d8d,False,True,True,stored_onchain,
38,999,0x5da13ef3DcddF59b6d6ad879fA7bCcAb7fed6071,1624,0xBD4B860E86bB893F4Dd49ADFD4E71D98F3e105C5,2,5,5,D:\PHD\بابل\2024\Research Reco\الجزء الثاني\lastfmReco\4 ايصال التوصيات بضمنها العقد\03_outputs\RECOMMENDATION_DELIVERY_TOP5_V2\payloads\community_38\user_999_top5_v2.json,0x28c7a47241869348b955b57c68edf35ced7ff428b7392c1369d5369dda6554a0,19807cf170cb7dedc7fac64374432ba91904e42f94471a12a4f3d5c3213dec4b,False,True,True,stored_onchain,
38,1015,0x7055903dD394BcB5902F49EF797a69D2F3012d2D,1624,0xBD4B860E86bB893F4Dd49ADFD4E71D98F3e105C5,2,5,5,D:\PHD\بابل\2024\Research Reco\الجزء الثاني\lastfmReco\4 ايصال التوصيات بضمنها العقد\03_outputs\RECOMMENDATION_DELIVERY_TOP5_V2\payloads\community_38\user_1015_top5_v2.json,0x32c9365826b006e9f85e14a82e330824eb8feb3760253d2ceb644ab54affc496,8fc09c071893405c6fed558b70417778caf1f706eb0c2e4508f03dde002f7ee3,False,True,True,stored_onchain,
38,1052,0x736b3F700096151Ee085b00BB31C1b7832d576B5,1624,0xBD4B860E86bB893F4Dd49ADFD4E71D98F3e105C5,2,5,5,D:\PHD\بابل\2024\Research Reco\الجزء الثاني\lastfmReco\4 ايصال التوصيات بضمنها العقد\03_outputs\RECOMMENDATION_DELIVERY_TOP5_V2\payloads\community_38\user_1052_top5_v2.json,0x1be679c933b4df5b737e9712809ab6229c6340f2f4acbe6ad1a6e07920d2a478,34c512c010cb8dd2b4b88f8b91e059fe82363df08c761c7611bcd8f23e6b68cc,False,True,True,stored_onchain,
38,1134,0x134676bf273CcDd3AfCfbf560fC478a360140677,1624,0xBD4B860E86bB893F4Dd49ADFD4E71D98F3e105C5,2,5,5,D:\PHD\بابل\2024\Research Reco\الجزء الثاني\lastfmReco\4 ايصال التوصيات بضمنها العقد\03_outputs\RECOMMENDATION_DELIVERY_TOP5_V2\payloads\community_38\user_1134_top5_v2.json,0xd6cd35c882d9af51f49097f23268f20414f54a7db56e1ca155931aae9b6eccd4,e1168d6897e938335900af134a90154e121a27fcd9a0c1ef541ce19563252080,False,True,True,stored_onchain,
38,1219,0x5c62f9dd06EC69161f17873B5BEF68115DDd08aD,1624,0xBD4B860E86bB893F4Dd49ADFD4E71D98F3e105C5,2,5,5,D:\PHD\بابل\2024\Research Reco\الجزء الثاني\lastfmReco\4 ايصال التوصيات بضمنها العقد\03_outputs\RECOMMENDATION_DELIVERY_TOP5_V2\payloads\community_38\user_1219_top5_v2.json,0x4b7f9c670ddf36cb9a9d5f37a8140110796af045fd7fa94dd4a64f402ddd972a,a623ac7752ba59faf04209470c0510f3f1bbebeb20fc52b23296c39bd34b9e85,False,True,True,stored_onchain,
38,1302,0x7Ee1EF6cdDe5992Bbe3C961A26C009D4c474A736,1624,0xBD4B860E86bB893F4Dd49ADFD4E71D98F3e105C5,2,5,5,D:\PHD\بابل\2024\Research Reco\الجزء الثاني\lastfmReco\4 ايصال التوصيات بضمنها العقد\03_outputs\RECOMMENDATION_DELIVERY_TOP5_V2\payloads\community_38\user_1302_top5_v2.json,0x3509c14e51f86a70b8f5895e040ebb42e8987e28f1728d138b4c8ceb73f9b41e,a52b0e093cde0c1df3ab679b36f968b9480296407b4ebc83981889c7ce4738f2,False,True,True,stored_onchain,
38,1339,0x1B7e5972AAeBDa237A55b49B49712452561e61dA,1624,0xBD4B860E86bB893F4Dd49ADFD4E71D98F3e105C5,2,5,5,D:\PHD\بابل\2024\Research Reco\الجزء الثاني\lastfmReco\4 ايصال التوصيات بضمنها العقد\03_outputs\RECOMMENDATION_DELIVERY_TOP5_V2\payloads\community_38\user_1339_top5_v2.json,0xc8aa7e73f381b51cc60d330614a85303daeae096e43da833ad41b0ac53629152,c19a4f88aecdae0fb250ca8003298d1b6706e496ee901495773f51c912951810,False,True,True,stored_onchain,
38,1372,0x6b29a7e373E73F1EbA5d0e4358cb9E019B645A13,1624,0xBD4B860E86bB893F4Dd49ADFD4E71D98F3e105C5,2,5,5,D:\PHD\بابل\2024\Research Reco\الجزء الثاني\lastfmReco\4 ايصال التوصيات بضمنها العقد\03_outputs\RECOMMENDATION_DELIVERY_TOP5_V2\payloads\community_38\user_1372_top5_v2.json,0xb91efeb4a4a27298f00bac5dfc314e009859bf56108e34cf96be9b351c7c4763,08267efe6a71fb4562cae47946127e12ed0b7741b8cf80309b366ace80b254a1,False,True,True,stored_onchain,
38,1381,0x1Db17E239fB6181afB8a2f2568F7896219eDEB83,1624,0xBD4B860E86bB893F4Dd49ADFD4E71D98F3e105C5,2,5,5,D:\PHD\بابل\2024\Research Reco\الجزء الثاني\lastfmReco\4 ايصال التوصيات بضمنها العقد\03_outputs\RECOMMENDATION_DELIVERY_TOP5_V2\payloads\community_38\user_1381_top5_v2.json,0x5a13b1177c41bdd3cde428f8fcf7e0b49f4abce847d9137cfe4e4103fb4d1bf6,89a14b3646f2091d4a85a5135e8494004834efa8eef6fc32ad535a56b15ffc52,False,True,True,stored_onchain,
38,1383,0x8eda16a07Fa1BCc5c91e97F610636434B5248224,1624,0xBD4B860E86bB893F4Dd49ADFD4E71D98F3e105C5,2,5,5,D:\PHD\بابل\2024\Research Reco\الجزء الثاني\lastfmReco\4 ايصال التوصيات بضمنها العقد\03_outputs\RECOMMENDATION_DELIVERY_TOP5_V2\payloads\community_38\user_1383_top5_v2.json,0x0f1b9039bfa034523ae0bb72f0f7e60cacb72ae5a5dad20eae495fae3627eebe,de124bda53d67c23e091f7879c64448fe35597e86d6d674e85701fcc9476d04d,False,True,True,stored_onchain,
38,1387,0x9Bf3c5bA69FdE5e13B8645666CF3E24C3e6D7659,1624,0xBD4B860E86bB893F4Dd49ADFD4E71D98F3e105C5,2,5,5,D:\PHD\بابل\2024\Research Reco\الجزء الثاني\lastfmReco\4 ايصال التوصيات بضمنها العقد\03_outputs\RECOMMENDATION_DELIVERY_TOP5_V2\payloads\community_38\user_1387_top5_v2.json,0x8983d79349a02ac914bdbc8496765feb4c69435ed6a695f6ea6f132f20eb5479,92bee4ba47be05eacdd80d0a74a775fdbb4c11cd9bd204cbd671d4fbd4935195,False,True,True,stored_onchain,
38,1411,0xBb66bc09035260491f1c3753512298Bf7A8D924a,1624,0xBD4B860E86bB893F4Dd49ADFD4E71D98F3e105C5,2,5,5,D:\PHD\بابل\2024\Research Reco\الجزء الثاني\lastfmReco\4 ايصال التوصيات بضمنها العقد\03_outputs\RECOMMENDATION_DELIVERY_TOP5_V2\payloads\community_38\user_1411_top5_v2.json,0xb91e234905a42eb7fa0c235b37a1f32071422f7b786ca853545350916769df70,182dd0d1f94b9901149292087d41c47d6979ddb13747ed46bc46e64fbc73bf83,False,True,True,stored_onchain,
38,1414,0xF85F360217195A4c44B3b902ac1211aD53d097bb,1624,0xBD4B860E86bB893F4Dd49ADFD4E71D98F3e105C5,2,5,5,D:\PHD\بابل\2024\Research Reco\الجزء الثاني\lastfmReco\4 ايصال التوصيات بضمنها العقد\03_outputs\RECOMMENDATION_DELIVERY_TOP5_V2\payloads\community_38\user_1414_top5_v2.json,0x2669a73e52567d36d1c5aa677e3fce61fd8e80c8fb714a7d2030a736879f67c3,7ba5e1b64401737c0bc33ca8ace196e3b809387db00a5e9f3613cd10b623af92,False,True,True,stored_onchain,
38,1419,0x386644De1Cb111FAe2E8eBC68A237d870078221D,1624,0xBD4B860E86bB893F4Dd49ADFD4E71D98F3e105C5,2,5,5,D:\PHD\بابل\2024\Research Reco\الجزء الثاني\lastfmReco\4 ايصال التوصيات بضمنها العقد\03_outputs\RECOMMENDATION_DELIVERY_TOP5_V2\payloads\community_38\user_1419_top5_v2.json,0x5ca21f52087a3cef335fa16e9955bf01bb6f3cc5a3070327d5d69654e29dde9b,aa045c25218c7c42ac10ad39a3d1a7084b51b828d45e2f9249ddefd17810c1b1,False,True,True,stored_onchain,
38,1424,0xBBB90B1867CDB1aaeCc0b98e29C234CC033Dec0A,1624,0xBD4B860E86bB893F4Dd49ADFD4E71D98F3e105C5,2,5,5,D:\PHD\بابل\2024\Research Reco\الجزء الثاني\lastfmReco\4 ايصال التوصيات بضمنها العقد\03_outputs\RECOMMENDATION_DELIVERY_TOP5_V2\payloads\community_38\user_1424_top5_v2.json,0xabaf2e74d907866d75359d5917a0035663662fb64ba84a1cc6d833a52da49bba,0f7d5504bc1dd1d8641f1abab493626badb4002be44950ef5cff1dbfb544876a,False,True,True,stored_onchain,
38,1469,0x97Aa8AB57B789a869CABDB0E1E3A5B011eF47aa9,1624,0xBD4B860E86bB893F4Dd49ADFD4E71D98F3e105C5,2,5,5,D:\PHD\بابل\2024\Research Reco\الجزء الثاني\lastfmReco\4 ايصال التوصيات بضمنها العقد\03_outputs\RECOMMENDATION_DELIVERY_TOP5_V2\payloads\community_38\user_1469_top5_v2.json,0xade401f5f284a48bf044cfd8c3294c251814993132e2fc5b1429843e50557636,f8aad7f24f6abb440b1d40ac29068dd49a1bb6f27096657bf1e714c99648f2fa,False,True,True,stored_onchain,
38,1486,0xb3D3BFf745B95e38D19AE27ceAe635F353BcFa5a,1624,0xBD4B860E86bB893F4Dd49ADFD4E71D98F3e105C5,2,5,5,D:\PHD\بابل\2024\Research Reco\الجزء الثاني\lastfmReco\4 ايصال التوصيات بضمنها العقد\03_outputs\RECOMMENDATION_DELIVERY_TOP5_V2\payloads\community_38\user_1486_top5_v2.json,0x45c2a31c991f17244ef178ccc8ddeb06b94b774c2948752c910209a74d3aa623,27c6c7d3286767ab426cef446bce0f2d199e3867e4a1a0e5c12536f30a9549b6,False,True,True,stored_onchain,
38,1509,0x39e8D75087A4458a19e818A1A16626653F2742E9,1624,0xBD4B860E86bB893F4Dd49ADFD4E71D98F3e105C5,2,5,5,D:\PHD\بابل\2024\Research Reco\الجزء الثاني\lastfmReco\4 ايصال التوصيات بضمنها العقد\03_outputs\RECOMMENDATION_DELIVERY_TOP5_V2\payloads\community_38\user_1509_top5_v2.json,0xcde2b923f03f29ee7fe03b2aa456b6542d79603a0b9a95c1ffc3094fd41b4bb0,d770f28851cdc434d5b933e74be230d7b83d88019ec60bbf904d16f69200662a,False,True,True,stored_onchain,
38,1538,0xADe7e5A52feC6ad494d0f35ca3C418E949835223,1624,0xBD4B860E86bB893F4Dd49ADFD4E71D98F3e105C5,2,5,5,D:\PHD\بابل\2024\Research Reco\الجزء الثاني\lastfmReco\4 ايصال التوصيات بضمنها العقد\03_outputs\RECOMMENDATION_DELIVERY_TOP5_V2\payloads\community_38\user_1538_top5_v2.json,0x3b05980c959d6d01b5eba38afbebaddd64d8ec45bf41850f21453accac25ffd6,4ff7e566f7f2994d7c9cde6e2d3c01531ff38c152473124b08a5e52d17736f99,False,True,True,stored_onchain,
38,1545,0xD60b00Cf7ab3A6A957ea024476DE6267B38A002c,1624,0xBD4B860E86bB893F4Dd49ADFD4E71D98F3e105C5,2,5,5,D:\PHD\بابل\2024\Research Reco\الجزء الثاني\lastfmReco\4 ايصال التوصيات بضمنها العقد\03_outputs\RECOMMENDATION_DELIVERY_TOP5_V2\payloads\community_38\user_1545_top5_v2.json,0xe6827f1e9a4b98c76885058e5c705307fd0afff21fc8ba170547c3d1e2252579,474d7596e38105d8ccb9e19f1ef8219c2a40f26ff913fe9dba8742a18f9f1a7a,False,True,True,stored_onchain,
38,1546,0xED7D9b0217159b6272fad5d8E95fE50E780C6F93,1624,0xBD4B860E86bB893F4Dd49ADFD4E71D98F3e105C5,2,5,5,D:\PHD\بابل\2024\Research Reco\الجزء الثاني\lastfmReco\4 ايصال التوصيات بضمنها العقد\03_outputs\RECOMMENDATION_DELIVERY_TOP5_V2\payloads\community_38\user_1546_top5_v2.json,0x99c86e777a8f8486b8c21963814e77dccbdc44c78377dc1e2477d87ec9773e54,016f64fa6166b3794d1c872c472b3975c4ecb38ef8103b841938782cf89e2f33,False,True,True,stored_onchain,
38,1597,0x539fb142dBbd7b9f96c34bCA42C2F720026e754D,1624,0xBD4B860E86bB893F4Dd49ADFD4E71D98F3e105C5,2,5,5,D:\PHD\بابل\2024\Research Reco\الجزء الثاني\lastfmReco\4 ايصال التوصيات بضمنها العقد\03_outputs\RECOMMENDATION_DELIVERY_TOP5_V2\payloads\community_38\user_1597_top5_v2.json,0x6d6c20608f09ec891652135b52a4055e241bed094c5c30c1c8b9c804e0a0af57,6a8c2407602db4f145775beb504ad291ca405bc6e72c2a3dfc4924043f237128,False,True,True,stored_onchain,
38,1688,0x672BC279689ed5bcD220228DC444Df81Bc93Cb60,1624,0xBD4B860E86bB893F4Dd49ADFD4E71D98F3e105C5,2,5,5,D:\PHD\بابل\2024\Research Reco\الجزء الثاني\lastfmReco\4 ايصال التوصيات بضمنها العقد\03_outputs\RECOMMENDATION_DELIVERY_TOP5_V2\payloads\community_38\user_1688_top5_v2.json,0xbd1289f81fc6a6893a4df0123c3550f2023ca8a340e1bb395285aca7b1116443,4b106b7f1a79ed53d2b75cae11885f132b487a1ea77d7e437217dd6cb780153e,False,True,True,stored_onchain,
38,1722,0x0b743Df6066683E1aC51b35fd44F2b8f9303562b,1624,0xBD4B860E86bB893F4Dd49ADFD4E71D98F3e105C5,2,5,5,D:\PHD\بابل\2024\Research Reco\الجزء الثاني\lastfmReco\4 ايصال التوصيات بضمنها العقد\03_outputs\RECOMMENDATION_DELIVERY_TOP5_V2\payloads\community_38\user_1722_top5_v2.json,0xbdcd287bac9b76875c164e5a722cca5b68d224531762800618a77afa2bff70cf,bf37aa828fd1f050c7abef96ab0e8ed460358b4e2c207f2f8dee013eb163c484,False,True,True,stored_onchain,
38,1744,0x12Fb05Ae815713A182846af09244473a6CEe8c0B,1624,0xBD4B860E86bB893F4Dd49ADFD4E71D98F3e105C5,2,5,5,D:\PHD\بابل\2024\Research Reco\الجزء الثاني\lastfmReco\4 ايصال التوصيات بضمنها العقد\03_outputs\RECOMMENDATION_DELIVERY_TOP5_V2\payloads\community_38\user_1744_top5_v2.json,0x3b77809e22aef79380fb5db4ca77da68a3e0160162114b1c8767a91ad18b8154,4e1bfd226b07ae2aeb026732493476004919172199cb9e6a64ce4ffa33235e7a,False,True,True,stored_onchain,
38,1778,0xd173777f5807A9d51e989f3DE1bbF7D85a00e8dE,1624,0xBD4B860E86bB893F4Dd49ADFD4E71D98F3e105C5,2,5,5,D:\PHD\بابل\2024\Research Reco\الجزء الثاني\lastfmReco\4 ايصال التوصيات بضمنها العقد\03_outputs\RECOMMENDATION_DELIVERY_TOP5_V2\payloads\community_38\user_1778_top5_v2.json,0x412c7342c7f8d2b9fa819bf6d83dac2a46fad6d54039d458e5f6763cd74ab562,f7f67ad20039961007fd2ebe2e5a5d6bf623ab94684c71d2a9defea49448a257,False,True,True,stored_onchain,
38,1781,0x8aD068D7D976319e2E97BAC7F05d9E00927Cc1b5,1624,0xBD4B860E86bB893F4Dd49ADFD4E71D98F3e105C5,2,5,5,D:\PHD\بابل\2024\Research Reco\الجزء الثاني\lastfmReco\4 ايصال التوصيات بضمنها العقد\03_outputs\RECOMMENDATION_DELIVERY_TOP5_V2\payloads\community_38\user_1781_top5_v2.json,0x237dd156cdf65e0249b66c5865102c7163cdd4bd3da13c83adb535a6f45707d7,15592632d1fc68e43c2a3a0b59425d3076335b3d383264ed020f86f7cd79af82,False,True,True,stored_onchain,
38,1795,0x967b99B0b891c3D253DFA195A1A73e39F892Dd19,1624,0xBD4B860E86bB893F4Dd49ADFD4E71D98F3e105C5,2,5,5,D:\PHD\بابل\2024\Research Reco\الجزء الثاني\lastfmReco\4 ايصال التوصيات بضمنها العقد\03_outputs\RECOMMENDATION_DELIVERY_TOP5_V2\payloads\community_38\user_1795_top5_v2.json,0xe8cb6b849198763abfcd09371429122079849c6e6b41e8f5cbb59d6f47c46e4b,46b16fbc44ec2fa3bf5db3f717b446d88d56d6e0a9a5c19c9c646751e7e59e1f,False,True,True,stored_onchain,
38,1797,0x215458F1764cae57fdadf4977A1EAC2d9ECb96EA,1624,0xBD4B860E86bB893F4Dd49ADFD4E71D98F3e105C5,2,5,5,D:\PHD\بابل\2024\Research Reco\الجزء الثاني\lastfmReco\4 ايصال التوصيات بضمنها العقد\03_outputs\RECOMMENDATION_DELIVERY_TOP5_V2\payloads\community_38\user_1797_top5_v2.json,0x9691d89807803affcabe5a5d79c3b8e3cbd95d6dd65bbabbec79be28971b0fec,0384115a30a342a1f63d1e4487500fa3faa46f12cdc49503011a31550c680f4a,False,True,True,stored_onchain,
38,1823,0x4961e27efF8b2b78b445B03572b65acE66b21839,1624,0xBD4B860E86bB893F4Dd49ADFD4E71D98F3e105C5,2,5,5,D:\PHD\بابل\2024\Research Reco\الجزء الثاني\lastfmReco\4 ايصال التوصيات بضمنها العقد\03_outputs\RECOMMENDATION_DELIVERY_TOP5_V2\payloads\community_38\user_1823_top5_v2.json,0x487f4660f185630bddcfac770a3249bca969e6ac41da6b0009d71456bf094325,08c181a5b3d02aac8ecff6ce463c2b25a51caaedde703203d68ac9df3a55c013,False,True,True,stored_onchain,
38,1875,0xD065cD887Ed1d3D40DC9FcCB540F4bC062E4eDCb,1624,0xBD4B860E86bB893F4Dd49ADFD4E71D98F3e105C5,2,5,5,D:\PHD\بابل\2024\Research Reco\الجزء الثاني\lastfmReco\4 ايصال التوصيات بضمنها العقد\03_outputs\RECOMMENDATION_DELIVERY_TOP5_V2\payloads\community_38\user_1875_top5_v2.json,0x51ef5cebcb3a36fd74a6171262bb1753c969fecbca8049bd7dc89dfc79fbf8cd,8143c8623b42093194b638c09cdde51f292dfaa80d86a2ca1fa7d3db141fcd6b,False,True,True,stored_onchain,
38,1966,0x4B5De5C3221fC461dd4F0D3300175b3533885d2d,1624,0xBD4B860E86bB893F4Dd49ADFD4E71D98F3e105C5,2,5,5,D:\PHD\بابل\2024\Research Reco\الجزء الثاني\lastfmReco\4 ايصال التوصيات بضمنها العقد\03_outputs\RECOMMENDATION_DELIVERY_TOP5_V2\payloads\community_38\user_1966_top5_v2.json,0xec0e7a38c23f375b4198c449c6a846dcc6cc9db69b521639acd6bb80bbc4155f,e1504a50be517e16203c4bab95f9a68852484fe55d656f835de1c4062ebb0ab0,False,True,True,stored_onchain,
38,1980,0x5d7e449E4fDde1Fd5bc710291e14433eF73d81B6,1624,0xBD4B860E86bB893F4Dd49ADFD4E71D98F3e105C5,2,5,5,D:\PHD\بابل\2024\Research Reco\الجزء الثاني\lastfmReco\4 ايصال التوصيات بضمنها العقد\03_outputs\RECOMMENDATION_DELIVERY_TOP5_V2\payloads\community_38\user_1980_top5_v2.json,0x9bae36de6518a4ed2d11e74858deb97e9b41bf9902c6bf0ec5e2f004b6ff57b8,1da2d24923c4908a212ddc952390b78dc2226782804b74933b0a9907cc4c31d1,False,True,True,stored_onchain,
38,1981,0x8A524a5fbE5e5C034e09d7f9F369Fbe5eFd7995B,1624,0xBD4B860E86bB893F4Dd49ADFD4E71D98F3e105C5,2,5,5,D:\PHD\بابل\2024\Research Reco\الجزء الثاني\lastfmReco\4 ايصال التوصيات بضمنها العقد\03_outputs\RECOMMENDATION_DELIVERY_TOP5_V2\payloads\community_38\user_1981_top5_v2.json,0xe07640d4a9d7a40a12d9f6e659a75bc34b3a55047e9bcca05e42479f6f277940,9521c9f81bd287e8364cd0b047be3c9daa3ab076bcb2c6589f94ec3c1ebf85e9,False,True,True,stored_onchain,
38,2013,0x75bab74dcc4Ea0675EcDbbB7a0008EDEe52132Da,1624,0xBD4B860E86bB893F4Dd49ADFD4E71D98F3e105C5,2,5,5,D:\PHD\بابل\2024\Research Reco\الجزء الثاني\lastfmReco\4 ايصال التوصيات بضمنها العقد\03_outputs\RECOMMENDATION_DELIVERY_TOP5_V2\payloads\community_38\user_2013_top5_v2.json,0x828716342902dbe77bf9dc1c11b18c977d2318d2585559a7c69277d89a92a629,55d5f73deb13956bb3d510cfdba71bf99c733410af7fc7e51f32179bc4e0d84a,False,True,True,stored_onchain,
38,2039,0xb222B4F42c6dAb821be331eA9c238C8b4582b7BD,1624,0xBD4B860E86bB893F4Dd49ADFD4E71D98F3e105C5,2,5,5,D:\PHD\بابل\2024\Research Reco\الجزء الثاني\lastfmReco\4 ايصال التوصيات بضمنها العقد\03_outputs\RECOMMENDATION_DELIVERY_TOP5_V2\payloads\community_38\user_2039_top5_v2.json,0x76645cf1324da3d90e56615fffbd2a4c49456dc94345abdf6fe6ffba75bc8b23,861465c3834b831671b8c6a3a0a3abd035807d7a342e6066c0a98828431ec9ae,False,True,True,stored_onchain,
38,2062,0x96d6f9F644cdeC9551FD502F563bB124ebB73522,1624,0xBD4B860E86bB893F4Dd49ADFD4E71D98F3e105C5,2,5,5,D:\PHD\بابل\2024\Research Reco\الجزء الثاني\lastfmReco\4 ايصال التوصيات بضمنها العقد\03_outputs\RECOMMENDATION_DELIVERY_TOP5_V2\payloads\community_38\user_2062_top5_v2.json,0xc21edf4a8d357efb302fa9cce3118d6b9a7042cb68c7abb4ad49d2f5434a054c,5a048494b30b600ef7a56252bb0d0c9e66d4ee0ff6f2f3de90fc0128c3fa3168,False,True,True,stored_onchain,
40,48,0x79A7fF92efA65DEdD09e0B63737DC393e4Aa51F5,189,0x9A316Df1897D7583E2BaC45e127E87c82974FF00,2,5,5,D:\PHD\بابل\2024\Research Reco\الجزء الثاني\lastfmReco\4 ايصال التوصيات بضمنها العقد\03_outputs\RECOMMENDATION_DELIVERY_TOP5_V2\payloads\community_40\user_48_top5_v2.json,0x91c0237c2b67fe57e8792ac51b079bb1f39cfa0cc57f3057144c6d244c99cb65,42d163769f1767c45e29aa5d96b277091100a14a80d5d9ee282bc2c79c13f4ba,False,True,True,stored_onchain,
40,68,0x361EeD74a2421180284C6bA2a9c8f18C3e24334b,189,0x9A316Df1897D7583E2BaC45e127E87c82974FF00,2,5,5,D:\PHD\بابل\2024\Research Reco\الجزء الثاني\lastfmReco\4 ايصال التوصيات بضمنها العقد\03_outputs\RECOMMENDATION_DELIVERY_TOP5_V2\payloads\community_40\user_68_top5_v2.json,0xcf36064edb05013cfa466eebe9847b9b892cc4b207adb61df3c8e84df6a42540,76c51cc989caafbdf6d829f5fdc989505183c3d7acd948fee56e2698a78cfef8,False,True,True,stored_onchain,
40,87,0xf305efDc597eF0F54E170E9CB400E4ded1841Db0,189,0x9A316Df1897D7583E2BaC45e127E87c82974FF00,2,5,5,D:\PHD\بابل\2024\Research Reco\الجزء الثاني\lastfmReco\4 ايصال التوصيات بضمنها العقد\03_outputs\RECOMMENDATION_DELIVERY_TOP5_V2\payloads\community_40\user_87_top5_v2.json,0x669cd953cc0af077b925ed28b956ec18af9d02b3054598f5ed4bd67593f64be4,47897e9b83a61202c0e015aae9f7457f846e81cc2b76c9f03f034d0ff24465a9,False,True,True,stored_onchain,
40,130,0x3E4C00F9f21Bd9c8fA39DEE7F7dB11967ba1fbfd,189,0x9A316Df1897D7583E2BaC45e127E87c82974FF00,2,5,5,D:\PHD\بابل\2024\Research Reco\الجزء الثاني\lastfmReco\4 ايصال التوصيات بضمنها العقد\03_outputs\RECOMMENDATION_DELIVERY_TOP5_V2\payloads\community_40\user_130_top5_v2.json,0x8e211fdbe53a48441c44384567641ca0878bde34f4907185d788bd6880d76607,37fc66095b80c31d4ba5f25b0114602e81dfdca89c3c0a15e84dc0d534d03939,False,True,True,stored_onchain,
40,214,0x84b16A391ee4a7456d3FFA32Be70aa94F6e0c6df,189,0x9A316Df1897D7583E2BaC45e127E87c82974FF00,2,5,5,D:\PHD\بابل\2024\Research Reco\الجزء الثاني\lastfmReco\4 ايصال التوصيات بضمنها العقد\03_outputs\RECOMMENDATION_DELIVERY_TOP5_V2\payloads\community_40\user_214_top5_v2.json,0x67e968b135b669098392f4de995daacd0795cbc1a74cbb70634ea0e230c21583,88d634b1cdef476f195ee09a637427bf05559fd75065d9ac1db22cbedf79243e,False,True,True,stored_onchain,
40,256,0x7d88dd12081eCa7d231AD57430F34FE1c8240a6D,189,0x9A316Df1897D7583E2BaC45e127E87c82974FF00,2,5,5,D:\PHD\بابل\2024\Research Reco\الجزء الثاني\lastfmReco\4 ايصال التوصيات بضمنها العقد\03_outputs\RECOMMENDATION_DELIVERY_TOP5_V2\payloads\community_40\user_256_top5_v2.json,0x0f9066259dc1559091bcd47b126bb9d6d73efd874df38636e5ec2034796cf9a8,385d73bbb7bbb08e9cb72eee37bbeecb60683fcd78ff65230065b01a6db18a5d,False,True,True,stored_onchain,
40,278,0xdEE7Fd0fE01C2a198397689c49ddB97bE71CC27f,189,0x9A316Df1897D7583E2BaC45e127E87c82974FF00,2,5,5,D:\PHD\بابل\2024\Research Reco\الجزء الثاني\lastfmReco\4 ايصال التوصيات بضمنها العقد\03_outputs\RECOMMENDATION_DELIVERY_TOP5_V2\payloads\community_40\user_278_top5_v2.json,0x698214e5949ea68b19ee8ec7485472859bc6407b704dd0fafc201592521564d1,91736f9f93b1c57b1b885e47fd0f37bc4798dea53807fe846d89f562ff0a953c,False,True,True,stored_onchain,
40,301,0x106327389BED2BC39b467b7a36506B99066ebF74,189,0x9A316Df1897D7583E2BaC45e127E87c82974FF00,2,5,5,D:\PHD\بابل\2024\Research Reco\الجزء الثاني\lastfmReco\4 ايصال التوصيات بضمنها العقد\03_outputs\RECOMMENDATION_DELIVERY_TOP5_V2\payloads\community_40\user_301_top5_v2.json,0x7345a7386ce713103c3c7dea5c4a6eeb6a6fc8dae74462d1cc7686fb0b417a5a,e0dc08feb882e136afe5b6e8253139f316b6c250be27152466ce0e0664f35bd1,False,True,True,stored_onchain,
40,333,0xb7a026118b0ccD15aF3fAf5a129e8f2ab72412B7,189,0x9A316Df1897D7583E2BaC45e127E87c82974FF00,2,5,5,D:\PHD\بابل\2024\Research Reco\الجزء الثاني\lastfmReco\4 ايصال التوصيات بضمنها العقد\03_outputs\RECOMMENDATION_DELIVERY_TOP5_V2\payloads\community_40\user_333_top5_v2.json,0x23093c1cec3d4bba770dcbd862e0262c50633e822ab41c9234704b878781947f,c9d9cf7bebd404e25ceb49a14b0278dc040a33dd2f9dd90ad0e3365404deaaa4,False,True,True,stored_onchain,
40,380,0xAa4EB4DC2eEddA1A5C0aad31fFF475486dA81124,189,0x9A316Df1897D7583E2BaC45e127E87c82974FF00,2,5,5,D:\PHD\بابل\2024\Research Reco\الجزء الثاني\lastfmReco\4 ايصال التوصيات بضمنها العقد\03_outputs\RECOMMENDATION_DELIVERY_TOP5_V2\payloads\community_40\user_380_top5_v2.json,0x54b512e0388088f9accabffd77452e29973151fda7ea4e22bcbb10201a72bc02,124086d82011524ec86f5dba98f4fed5631abe0d70362dada6f70fc8a571e272,False,True,True,stored_onchain,
40,387,0x62FCbd20b2c069D539be2bFe7De232c24544df9F,189,0x9A316Df1897D7583E2BaC45e127E87c82974FF00,2,5,5,D:\PHD\بابل\2024\Research Reco\الجزء الثاني\lastfmReco\4 ايصال التوصيات بضمنها العقد\03_outputs\RECOMMENDATION_DELIVERY_TOP5_V2\payloads\community_40\user_387_top5_v2.json,0x8ece98058e4dfafb60e2b60823df964d8b4434777455fa41c4fed704afa3f5e4,6174a0239cb99ae0719f5bcf1094114ade9ef90b3db5f3f51a0dea94840407d9,False,True,True,stored_onchain,
40,413,0x4F5aF532724D8d63269F0E3B6c687c8759338581,189,0x9A316Df1897D7583E2BaC45e127E87c82974FF00,2,5,5,D:\PHD\بابل\2024\Research Reco\الجزء الثاني\lastfmReco\4 ايصال التوصيات بضمنها العقد\03_outputs\RECOMMENDATION_DELIVERY_TOP5_V2\payloads\community_40\user_413_top5_v2.json,0x889b41c122b17c8c2d03559056eb77f113d917d4fb4cdab68999da8092c56342,79ffd8c62be41aa82947e39b62eda8bcf1ba532741303d69b469729eb4887921,False,True,True,stored_onchain,
40,420,0x7783E3872cCCe0097E5fbdbB96b854B018BdfDcD,189,0x9A316Df1897D7583E2BaC45e127E87c82974FF00,2,5,5,D:\PHD\بابل\2024\Research Reco\الجزء الثاني\lastfmReco\4 ايصال التوصيات بضمنها العقد\03_outputs\RECOMMENDATION_DELIVERY_TOP5_V2\payloads\community_40\user_420_top5_v2.json,0x657025814c210a5c1ba03f0225bda14e5a3f58d15bb8c0bd6719142d8fb68cb2,119d2ad6b3f6a73f6f9a022ff678812958898e2f2fc52234d23e4c7744ec5afe,False,True,True,stored_onchain,
40,470,0xe19FF947dC008Ae1d97B6e3fa1D068eEdEc19827,189,0x9A316Df1897D7583E2BaC45e127E87c82974FF00,2,5,5,D:\PHD\بابل\2024\Research Reco\الجزء الثاني\lastfmReco\4 ايصال التوصيات بضمنها العقد\03_outputs\RECOMMENDATION_DELIVERY_TOP5_V2\payloads\community_40\user_470_top5_v2.json,0x0641c4040a22efa0209f9d755ac3cf58bb67448bdeab36289cdb3541b5c5e8af,b6e8b80bc7d13c8dbae257081086ed8dca4d89961780a0daf536e54bbc723c7b,False,True,True,stored_onchain,
40,482,0xCc88efCf34E1b52bbFD3fB5345412031cFF67EE7,189,0x9A316Df1897D7583E2BaC45e127E87c82974FF00,2,5,5,D:\PHD\بابل\2024\Research Reco\الجزء الثاني\lastfmReco\4 ايصال التوصيات بضمنها العقد\03_outputs\RECOMMENDATION_DELIVERY_TOP5_V2\payloads\community_40\user_482_top5_v2.json,0xed966b7c4c67427f4c3df0ec42c9ea8ed2f9d476af509a4887fe222b5a5f6c04,a62c590918678a8eccb3ff29d7db70f57ce28758d375c631af22ecba4fd02619,False,True,True,stored_onchain,
40,498,0xd191A1499172896F9d9FB7fDf85F60FBF164e3E1,189,0x9A316Df1897D7583E2BaC45e127E87c82974FF00,2,5,5,D:\PHD\بابل\2024\Research Reco\الجزء الثاني\lastfmReco\4 ايصال التوصيات بضمنها العقد\03_outputs\RECOMMENDATION_DELIVERY_TOP5_V2\payloads\community_40\user_498_top5_v2.json,0xb64329cfd4c9730a986b89bacfe9696ca5cd22d9503d80e773f50ec87b1bb6bf,f416cec8c53a2dad63cdf1e8a1fe002a52cb69ddf71240ca636024bf6ed4fbc3,False,True,True,stored_onchain,
40,558,0x855e5633CDc61d15BBaeF8450ef746170Bfa9756,189,0x9A316Df1897D7583E2BaC45e127E87c82974FF00,2,5,5,D:\PHD\بابل\2024\Research Reco\الجزء الثاني\lastfmReco\4 ايصال التوصيات بضمنها العقد\03_outputs\RECOMMENDATION_DELIVERY_TOP5_V2\payloads\community_40\user_558_top5_v2.json,0xa09f9cdb87b41c37af7ce4c18372d59a013467f8665f2a5eff569888f1f37d3b,ea74686b6903a018effbe371a96e33a851d30e26aedcde9fe065faf6ed6b8ac5,False,True,True,stored_onchain,
40,581,0xeC9049cC8D6B4CB4B9a2464Aa963C046295bc027,189,0x9A316Df1897D7583E2BaC45e127E87c82974FF00,2,5,5,D:\PHD\بابل\2024\Research Reco\الجزء الثاني\lastfmReco\4 ايصال التوصيات بضمنها العقد\03_outputs\RECOMMENDATION_DELIVERY_TOP5_V2\payloads\community_40\user_581_top5_v2.json,0x6d146e764715e1d099902e1ae0d24807e75596765ce0ca3d524bf10a3fef7844,51646b0de1d5adb84ac106573b58351c2e63975b40a670b622dda0783c096628,False,True,True,stored_onchain,
40,604,0xA35d68e7A9041F427c4428CBA7f76B0e3aaCE683,189,0x9A316Df1897D7583E2BaC45e127E87c82974FF00,2,5,5,D:\PHD\بابل\2024\Research Reco\الجزء الثاني\lastfmReco\4 ايصال التوصيات بضمنها العقد\03_outputs\RECOMMENDATION_DELIVERY_TOP5_V2\payloads\community_40\user_604_top5_v2.json,0x126c294a621d095a55490372fb7fff210dba8caf1f6ff468bfea766f9c11b3b8,dad45baa3e2a38f545cbb961f3b7301671841861698551e0d7309eb62e0a439c,False,True,True,stored_onchain,
40,632,0x8247FfA797E947AD548757C97F8881FbB5CBDe6a,189,0x9A316Df1897D7583E2BaC45e127E87c82974FF00,2,5,5,D:\PHD\بابل\2024\Research Reco\الجزء الثاني\lastfmReco\4 ايصال التوصيات بضمنها العقد\03_outputs\RECOMMENDATION_DELIVERY_TOP5_V2\payloads\community_40\user_632_top5_v2.json,0xe884dfb984d544699275aaddf560770b3ed8bc2bcdd629b9aec2ed482800aeda,a3575853a71b9ae624b4ff3cb8c07925eaa40c19fcc47ca28b10274336d50b3c,False,True,True,stored_onchain,
40,684,0xc78e30ae43b7E8629AA144417a0d47eB62A358E7,189,0x9A316Df1897D7583E2BaC45e127E87c82974FF00,2,5,5,D:\PHD\بابل\2024\Research Reco\الجزء الثاني\lastfmReco\4 ايصال التوصيات بضمنها العقد\03_outputs\RECOMMENDATION_DELIVERY_TOP5_V2\payloads\community_40\user_684_top5_v2.json,0x26b08b499903c1640238b5d013404cd1d508dc8ad9a2f7c4c625e8de33a06f88,e460aa7461b9c43904fcc6ea94e8e6ab576098c43be5a1f0c4208f8afac44f8e,False,True,True,stored_onchain,
40,689,0x2Cd4c819e560Bb98601dBEc3d9182C9Ff1d65bC9,189,0x9A316Df1897D7583E2BaC45e127E87c82974FF00,2,5,5,D:\PHD\بابل\2024\Research Reco\الجزء الثاني\lastfmReco\4 ايصال التوصيات بضمنها العقد\03_outputs\RECOMMENDATION_DELIVERY_TOP5_V2\payloads\community_40\user_689_top5_v2.json,0xf9dbf9a96f00261ce2e798dde43dd677ff593e7eb269b79d275aab5c5b11b015,aa676e23a77972f7e792b10521cf7b738c9aeedfe6f120cf52855629732b62e9,False,True,True,stored_onchain,
40,730,0xb3b00578F7Aa5B640666594ED01A43D6FaD38DCC,189,0x9A316Df1897D7583E2BaC45e127E87c82974FF00,2,5,5,D:\PHD\بابل\2024\Research Reco\الجزء الثاني\lastfmReco\4 ايصال التوصيات بضمنها العقد\03_outputs\RECOMMENDATION_DELIVERY_TOP5_V2\payloads\community_40\user_730_top5_v2.json,0xfcbb83ee09cad37d3f243499524805d48ab10410218a667d276cf35e97ddce2f,734cd97ac5de1ccbbc18048bee213f41b35f36267aff7aedf44841bc842bffc9,False,True,True,stored_onchain,
40,749,0x6041a44ec1888bF9bFf46B175002949eB1B5b26d,189,0x9A316Df1897D7583E2BaC45e127E87c82974FF00,2,5,5,D:\PHD\بابل\2024\Research Reco\الجزء الثاني\lastfmReco\4 ايصال التوصيات بضمنها العقد\03_outputs\RECOMMENDATION_DELIVERY_TOP5_V2\payloads\community_40\user_749_top5_v2.json,0xb2985ec82fe82966b9d29e84a532d472edab29aa505ce23642ee4f5687f934c7,907a7730191343558386536db00b1212220a9efb9a652c48d946247c0aaf91b6,False,True,True,stored_onchain,
40,779,0xD77D406f6dd45D96188580bb65685C2627862f04,189,0x9A316Df1897D7583E2BaC45e127E87c82974FF00,2,5,5,D:\PHD\بابل\2024\Research Reco\الجزء الثاني\lastfmReco\4 ايصال التوصيات بضمنها العقد\03_outputs\RECOMMENDATION_DELIVERY_TOP5_V2\payloads\community_40\user_779_top5_v2.json,0xe8455acc7e67c303a74e45491c72df1e13bb2b9fdaf7d915808e8365297f6a01,63c97fdb7c23fb8d9e5940eb67141f4a85c585bc593d57db3eb254de19d39b61,False,True,True,stored_onchain,
40,793,0xEc2cD4fAfB7Ed71d8Bf20a05C0eCBd133C96ec3a,189,0x9A316Df1897D7583E2BaC45e127E87c82974FF00,2,5,5,D:\PHD\بابل\2024\Research Reco\الجزء الثاني\lastfmReco\4 ايصال التوصيات بضمنها العقد\03_outputs\RECOMMENDATION_DELIVERY_TOP5_V2\payloads\community_40\user_793_top5_v2.json,0xa7c5ac5d5039bb1b8bd5df74315cfc6be1a8a4c8c3c1e076cd33ef6885fcb360,a4e7507320e77a0d5157d2f7b233781278eef262059fd261de6657e546b2349b,False,True,True,stored_onchain,
40,859,0x952cB4ef0FeF52A43179FA4DD513CAa4fA994e39,189,0x9A316Df1897D7583E2BaC45e127E87c82974FF00,2,5,5,D:\PHD\بابل\2024\Research Reco\الجزء الثاني\lastfmReco\4 ايصال التوصيات بضمنها العقد\03_outputs\RECOMMENDATION_DELIVERY_TOP5_V2\payloads\community_40\user_859_top5_v2.json,0x4bd13f8d48458a965e04c5f8b4980f9100e9f1d3badf4ec7ceae765330db16df,3ac3863821a0dc24aef0f51ee23a44e3319952be70692616618aaeb4938b13c8,False,True,True,stored_onchain,
40,873,0x16Ff1A018A376bF11E5BeB058bcF2e75Bad87Fc4,189,0x9A316Df1897D7583E2BaC45e127E87c82974FF00,2,5,5,D:\PHD\بابل\2024\Research Reco\الجزء الثاني\lastfmReco\4 ايصال التوصيات بضمنها العقد\03_outputs\RECOMMENDATION_DELIVERY_TOP5_V2\payloads\community_40\user_873_top5_v2.json,0x17bd8f758e3b8ae32213ea438d2dbb8d0839eb6a421913d7483e4e81dd585e38,dcc6d3ea6848af7be39648add7346421287e3fdc1dce24fd180751937e2bc088,False,True,True,stored_onchain,
40,885,0x961122a3c4334E11b54855133cBE2d77F582AFF3,189,0x9A316Df1897D7583E2BaC45e127E87c82974FF00,2,5,5,D:\PHD\بابل\2024\Research Reco\الجزء الثاني\lastfmReco\4 ايصال التوصيات بضمنها العقد\03_outputs\RECOMMENDATION_DELIVERY_TOP5_V2\payloads\community_40\user_885_top5_v2.json,0x613c0a5a87305e8593263b4f4097239df31be4efb78b552336e86ed8b5dc7912,c47e58acb680117e9184c73e217840f047d22f671496c81329b40d1cfef5d17a,False,True,True,stored_onchain,
40,909,0xAA83e506ceBDEE48B2abA3ec8A08d95Fa876F196,189,0x9A316Df1897D7583E2BaC45e127E87c82974FF00,2,5,5,D:\PHD\بابل\2024\Research Reco\الجزء الثاني\lastfmReco\4 ايصال التوصيات بضمنها العقد\03_outputs\RECOMMENDATION_DELIVERY_TOP5_V2\payloads\community_40\user_909_top5_v2.json,0xb82887ed4cea1106a622a1bb35cb93a974a7f542aec596bbd87f9c505801ffd7,9e641d289c1a9604cc5f13fe263b2c100291bf6981c36d9b388c73b436ecfe02,False,True,True,stored_onchain,
40,963,0x1d56d0A3EDa85aCCB4891746B0911BA1Bfb53458,189,0x9A316Df1897D7583E2BaC45e127E87c82974FF00,2,5,5,D:\PHD\بابل\2024\Research Reco\الجزء الثاني\lastfmReco\4 ايصال التوصيات بضمنها العقد\03_outputs\RECOMMENDATION_DELIVERY_TOP5_V2\payloads\community_40\user_963_top5_v2.json,0x50d3916a5785b6dda95c1201719db3a11e1ab2ffb4acd8e0380c03a3a1540723,a99f7e8086b816a4e11ab54358b10e8de8e211f5b9e46d1bff71b694d22eec4d,False,True,True,stored_onchain,
40,984,0x4b2013e17a58332e4757F7E596F725e107eE592d,189,0x9A316Df1897D7583E2BaC45e127E87c82974FF00,2,5,5,D:\PHD\بابل\2024\Research Reco\الجزء الثاني\lastfmReco\4 ايصال التوصيات بضمنها العقد\03_outputs\RECOMMENDATION_DELIVERY_TOP5_V2\payloads\community_40\user_984_top5_v2.json,0x4e7f26eb820ca2f02c62fcab48f03a3938aad03e40716dfedc76034787f388cc,f39529667f08819eb7b6f42148766bf987602d5286a7a8a384106a2fd3fd59cd,False,True,True,stored_onchain,
40,985,0xA57EfD028B3Bc974A3ec632ef040423698C3271a,189,0x9A316Df1897D7583E2BaC45e127E87c82974FF00,2,5,5,D:\PHD\بابل\2024\Research Reco\الجزء الثاني\lastfmReco\4 ايصال التوصيات بضمنها العقد\03_outputs\RECOMMENDATION_DELIVERY_TOP5_V2\payloads\community_40\user_985_top5_v2.json,0x11e718ca33c2c5aa86cc45195eb23cb4c2c7ff1c58afd8e182ac9ecb602d1a0e,b99c48f0e9f8d3ffb692a12715a836d6d1b7fe3614585a7ad23193f80530e2d8,False,True,True,stored_onchain,
40,1014,0x7BA4F41ecDc916d90D2F437B70D446590522AdDf,189,0x9A316Df1897D7583E2BaC45e127E87c82974FF00,2,5,5,D:\PHD\بابل\2024\Research Reco\الجزء الثاني\lastfmReco\4 ايصال التوصيات بضمنها العقد\03_outputs\RECOMMENDATION_DELIVERY_TOP5_V2\payloads\community_40\user_1014_top5_v2.json,0x422750a8ac9088c85c4e1b643410c49e6b92e2d462d1dc64adff08b6456e33ee,7bc61616d9134cac9cb705ac8b4770564791d0386845bada693afbeec1be4dda,False,True,True,stored_onchain,
40,1132,0x34c7831A77A1f7221C1AE6f9481e2E56c9014D23,189,0x9A316Df1897D7583E2BaC45e127E87c82974FF00,2,5,5,D:\PHD\بابل\2024\Research Reco\الجزء الثاني\lastfmReco\4 ايصال التوصيات بضمنها العقد\03_outputs\RECOMMENDATION_DELIVERY_TOP5_V2\payloads\community_40\user_1132_top5_v2.json,0x59ec84ffdfa49bf191d98339b1beeadbe571d0d0804d5a67305b196b47ba0e9d,1c38eacf919548596805286141824c1b8f281331b8f986c8aa6434dbb7888439,False,True,True,stored_onchain,
40,1180,0x5250E1B69B4e525390Fb064736C5bfB46a68851c,189,0x9A316Df1897D7583E2BaC45e127E87c82974FF00,2,5,5,D:\PHD\بابل\2024\Research Reco\الجزء الثاني\lastfmReco\4 ايصال التوصيات بضمنها العقد\03_outputs\RECOMMENDATION_DELIVERY_TOP5_V2\payloads\community_40\user_1180_top5_v2.json,0xb8b3683dc858f47ffdeb29c9785674f5b4b05470c64877dc82307d7383018cc5,137c68d88fdb6fc5c06933b31ecf16d82c3e420c6490fef10900712b0672b942,False,True,True,stored_onchain,
40,1184,0x2d5F1b0DA18Aeb387a4689217Fed42926e9f1b15,189,0x9A316Df1897D7583E2BaC45e127E87c82974FF00,2,5,5,D:\PHD\بابل\2024\Research Reco\الجزء الثاني\lastfmReco\4 ايصال التوصيات بضمنها العقد\03_outputs\RECOMMENDATION_DELIVERY_TOP5_V2\payloads\community_40\user_1184_top5_v2.json,0x911c198732baaf75e18d0aeb12c44125a0ca19824f6b6d248d020af047fc93b4,551b58ebdae455a5ed1e7f6b0a38628c94a4ce21967a2392246fdd380e6ac3da,False,True,True,stored_onchain,
40,1220,0x8d2Fe74Cc66BA53998D2C8eE703B08F55f338efB,189,0x9A316Df1897D7583E2BaC45e127E87c82974FF00,2,5,5,D:\PHD\بابل\2024\Research Reco\الجزء الثاني\lastfmReco\4 ايصال التوصيات بضمنها العقد\03_outputs\RECOMMENDATION_DELIVERY_TOP5_V2\payloads\community_40\user_1220_top5_v2.json,0xad16f641c91b6b3b270ad69eecb59c31260555e1114cc615bb7f4c8d063f5c61,a099ddb9542cbc7cb97114417c2f2d7649687c1aff961f79c470ca2b8f5cf3f0,False,True,True,stored_onchain,
40,1222,0x264629d95e2b606A80f14e8357E7E6C2C281CBbE,189,0x9A316Df1897D7583E2BaC45e127E87c82974FF00,2,5,5,D:\PHD\بابل\2024\Research Reco\الجزء الثاني\lastfmReco\4 ايصال التوصيات بضمنها العقد\03_outputs\RECOMMENDATION_DELIVERY_TOP5_V2\payloads\community_40\user_1222_top5_v2.json,0x9a23cb058b096b02dd5526768d07f38c7229c6df5b306e8a2e6b376600969600,191ef7e5501b2056738b5707aa6ea9b3d9cbdc5a8d1f23529f342437c5a4ed17,False,True,True,stored_onchain,
40,1298,0x530FDba27dBcca2B6d580c4E3e5381F010D5dcAD,189,0x9A316Df1897D7583E2BaC45e127E87c82974FF00,2,5,5,D:\PHD\بابل\2024\Research Reco\الجزء الثاني\lastfmReco\4 ايصال التوصيات بضمنها العقد\03_outputs\RECOMMENDATION_DELIVERY_TOP5_V2\payloads\community_40\user_1298_top5_v2.json,0x88781cd2bf99366c1169448c89e008f6c033d1f977b9a667165c7618b254f7c4,74a736da132dcccc2ef6bdeab41128cb2c3f4d49a55081e9e16a2c6232f1ffd1,False,True,True,stored_onchain,
40,1301,0xb30822Fc9E0112a3a423CA5555BA427e87b23C95,189,0x9A316Df1897D7583E2BaC45e127E87c82974FF00,2,5,5,D:\PHD\بابل\2024\Research Reco\الجزء الثاني\lastfmReco\4 ايصال التوصيات بضمنها العقد\03_outputs\RECOMMENDATION_DELIVERY_TOP5_V2\payloads\community_40\user_1301_top5_v2.json,0xb63ecd12fec3544b76378c5bdab2a4c9c101ec8b1ee69a6d052cda6f5f787eb2,21af438ccd85ced3a2a6d05686d8b19019520157173edb1c24b484888a27bd2d,False,True,True,stored_onchain,
40,1308,0x15D8605Fd0C6385A0bAe66a2EBf997B711844F19,189,0x9A316Df1897D7583E2BaC45e127E87c82974FF00,2,5,5,D:\PHD\بابل\2024\Research Reco\الجزء الثاني\lastfmReco\4 ايصال التوصيات بضمنها العقد\03_outputs\RECOMMENDATION_DELIVERY_TOP5_V2\payloads\community_40\user_1308_top5_v2.json,0xa4d8f133ad6e9689410875ca16fca546276305a3519b6c058e8209ebe1a41c89,840937f640993b3c0f3d1c4c4ddc7bd83fd0007163b4c27959122b2750bc01c7,False,True,True,stored_onchain,
40,1394,0xeC6d1c483b738f5169034ba3972c8f8Cb2bf7ebc,189,0x9A316Df1897D7583E2BaC45e127E87c82974FF00,2,5,5,D:\PHD\بابل\2024\Research Reco\الجزء الثاني\lastfmReco\4 ايصال التوصيات بضمنها العقد\03_outputs\RECOMMENDATION_DELIVERY_TOP5_V2\payloads\community_40\user_1394_top5_v2.json,0xd310dca174b32c3cba73b25db65dc30351a1b9340e7b1d11d13c41f27e2f38d8,5e8431cfd99ee819a248da7a33ac447963573a6c7b6433de6099d2de1cd7ad80,False,True,True,stored_onchain,
40,1560,0x0468DfE31A38394B4673925F430ED69af8D93853,189,0x9A316Df1897D7583E2BaC45e127E87c82974FF00,2,5,5,D:\PHD\بابل\2024\Research Reco\الجزء الثاني\lastfmReco\4 ايصال التوصيات بضمنها العقد\03_outputs\RECOMMENDATION_DELIVERY_TOP5_V2\payloads\community_40\user_1560_top5_v2.json,0x2025b898b6e5abee5c07f7cf13e8b2aad727814fa032fc1ae9a94613777aba27,a9f3897a07b50646dbb2802621d97066253b1ac78f0bda5eb6c69d03b5a4c4e5,False,True,True,stored_onchain,
40,1564,0x9419F59c3AEeaE774211AfC5F9460ED84A3B589B,189,0x9A316Df1897D7583E2BaC45e127E87c82974FF00,2,5,5,D:\PHD\بابل\2024\Research Reco\الجزء الثاني\lastfmReco\4 ايصال التوصيات بضمنها العقد\03_outputs\RECOMMENDATION_DELIVERY_TOP5_V2\payloads\community_40\user_1564_top5_v2.json,0xa571d2f192357dc06930593e56a1006c82559782f0542d92bf4803e636219937,4b96190ee3f483fc9966f581019ee7268b38eec48b105cfd45ffb5800d85ad2b,False,True,True,stored_onchain,
40,1572,0xa79725De13ba54335099b0607Be7D30451Ea1714,189,0x9A316Df1897D7583E2BaC45e127E87c82974FF00,2,5,5,D:\PHD\بابل\2024\Research Reco\الجزء الثاني\lastfmReco\4 ايصال التوصيات بضمنها العقد\03_outputs\RECOMMENDATION_DELIVERY_TOP5_V2\payloads\community_40\user_1572_top5_v2.json,0x8a01075367ef136c04f57119760aa7b26b16dbc4664211fcd76836f4a46db3e9,45e168a265c05a39e25787fec6555f80ad3226e2cec93ddbe87586116e5f9c31,False,True,True,stored_onchain,
40,1587,0x04A1e3c5D1b75a5d9EB05bF333C1703716176C9c,189,0x9A316Df1897D7583E2BaC45e127E87c82974FF00,2,5,5,D:\PHD\بابل\2024\Research Reco\الجزء الثاني\lastfmReco\4 ايصال التوصيات بضمنها العقد\03_outputs\RECOMMENDATION_DELIVERY_TOP5_V2\payloads\community_40\user_1587_top5_v2.json,0x1f250824ee162e9f6dc0b226ce769f9adfd413de23638b2468fe90e26ca47ecd,078fdfe8248778221b3544e2d227ac348a2fa8d0802d437bc3b21c559d4f8b8c,False,True,True,stored_onchain,
40,1608,0xA59C09135d4586dbBfc9044209EA70ACCD0ae1b4,189,0x9A316Df1897D7583E2BaC45e127E87c82974FF00,2,5,5,D:\PHD\بابل\2024\Research Reco\الجزء الثاني\lastfmReco\4 ايصال التوصيات بضمنها العقد\03_outputs\RECOMMENDATION_DELIVERY_TOP5_V2\payloads\community_40\user_1608_top5_v2.json,0x9ae2e06fcd062d96b72b94ea59840cc71399fcd937733d82b6b48fcf209e525d,5b96ee161223c2ebdef3f75a04d9252692b066b221aa164b3cb8a8a3a241939e,False,True,True,stored_onchain,
40,1659,0xBa1B5F7d7e7C818D430C93e41b8542972f6f4181,189,0x9A316Df1897D7583E2BaC45e127E87c82974FF00,2,5,5,D:\PHD\بابل\2024\Research Reco\الجزء الثاني\lastfmReco\4 ايصال التوصيات بضمنها العقد\03_outputs\RECOMMENDATION_DELIVERY_TOP5_V2\payloads\community_40\user_1659_top5_v2.json,0x9e4d476082327a647b33a041051c5d7b75b4989436f8653c7aa80e85d7d378ed,cac31e7bb64930feda1a1e11ad553f464b42e8c3f40bad6d8f937fb533a2d8db,False,True,True,stored_onchain,
40,1753,0x811f39108e96e8DB0826B3eF34D5ebd32AFbFa9d,189,0x9A316Df1897D7583E2BaC45e127E87c82974FF00,2,5,5,D:\PHD\بابل\2024\Research Reco\الجزء الثاني\lastfmReco\4 ايصال التوصيات بضمنها العقد\03_outputs\RECOMMENDATION_DELIVERY_TOP5_V2\payloads\community_40\user_1753_top5_v2.json,0x06824b8470929f8056410de04b66ffc89b39f8811e44b09aa3e94a84138a5c45,6e8f008e8734fffa7c54a883feaaef70e88da99e248f0f64dcaf962b2a634fc3,False,True,True,stored_onchain,
40,1762,0x5A1F053D8942081a859cDef1BC72F29671E174e0,189,0x9A316Df1897D7583E2BaC45e127E87c82974FF00,2,5,5,D:\PHD\بابل\2024\Research Reco\الجزء الثاني\lastfmReco\4 ايصال التوصيات بضمنها العقد\03_outputs\RECOMMENDATION_DELIVERY_TOP5_V2\payloads\community_40\user_1762_top5_v2.json,0xcb1822569b2674d67f8e6f93181779e354e413e078cd62329252beeb6e068005,94e5aeaaee29720720da8f9d1f7e99d3efb4ad3f16465c6c0c7b02baad972002,False,True,True,stored_onchain,
40,1771,0xC7d83eC7B1B0C9A3F12553005643E19E3332Ba38,189,0x9A316Df1897D7583E2BaC45e127E87c82974FF00,2,5,5,D:\PHD\بابل\2024\Research Reco\الجزء الثاني\lastfmReco\4 ايصال التوصيات بضمنها العقد\03_outputs\RECOMMENDATION_DELIVERY_TOP5_V2\payloads\community_40\user_1771_top5_v2.json,0x474ecd85ccafe58752051a54123f3fae82f7501c289491da03be61c334f963b0,eb3394aa90b05c068b93fd4128e7e27871b6ebce2367c2be5ff167444da0b218,False,True,True,stored_onchain,
40,1873,0x580485DB053B3F0fca44D3161f7b78c6877C9dB7,189,0x9A316Df1897D7583E2BaC45e127E87c82974FF00,2,5,5,D:\PHD\بابل\2024\Research Reco\الجزء الثاني\lastfmReco\4 ايصال التوصيات بضمنها العقد\03_outputs\RECOMMENDATION_DELIVERY_TOP5_V2\payloads\community_40\user_1873_top5_v2.json,0x4d909babaabd2598d36c2071f23e5b4daa0ba271ea2ddb2078083ecf5b9baf0e,e2631bb837142e03b7eaf0f29086eb6bda192e3457fb3c923e92bf9aafbc67af,False,True,True,stored_onchain,
40,1910,0x8eECd58F9541eF38e21b534CD33455cD4dae68AC,189,0x9A316Df1897D7583E2BaC45e127E87c82974FF00,2,5,5,D:\PHD\بابل\2024\Research Reco\الجزء الثاني\lastfmReco\4 ايصال التوصيات بضمنها العقد\03_outputs\RECOMMENDATION_DELIVERY_TOP5_V2\payloads\community_40\user_1910_top5_v2.json,0x301694acfa174217790d794f02177e081ddb8e7d93fb0124d5cf02935d783036,5335e85cf03ad6672da10df49cb6b09b2960891b52c74537396f39c8085c1a7e,False,True,True,stored_onchain,
40,1928,0x0e2410BabCD6AFFAb95338613e0A49A8226f873f,189,0x9A316Df1897D7583E2BaC45e127E87c82974FF00,2,5,5,D:\PHD\بابل\2024\Research Reco\الجزء الثاني\lastfmReco\4 ايصال التوصيات بضمنها العقد\03_outputs\RECOMMENDATION_DELIVERY_TOP5_V2\payloads\community_40\user_1928_top5_v2.json,0x5c53570ca7b752c68b3c959f2c1566ff05f7389c2104718e4495d860f89f8f98,d01c3d0695bc7e0571a68c5a8a47c63b75d9ef7f15e89d961f70eabe9dd1cd95,False,True,True,stored_onchain,
40,2000,0x43886A56dFCa42F11Cb529F4135C9909d394a022,189,0x9A316Df1897D7583E2BaC45e127E87c82974FF00,2,5,5,D:\PHD\بابل\2024\Research Reco\الجزء الثاني\lastfmReco\4 ايصال التوصيات بضمنها العقد\03_outputs\RECOMMENDATION_DELIVERY_TOP5_V2\payloads\community_40\user_2000_top5_v2.json,0x77dcf406a4bfc930c0cde5468c70e23e56be668110f83e1401bb300d70e52c41,3a2accc72a6570411d23c382171a80a638facaef3a0c90eea68e41b92c06cb6a,False,True,True,stored_onchain,
40,2025,0x9ae975023b2983736cE0074B1A23f9bd6462D096,189,0x9A316Df1897D7583E2BaC45e127E87c82974FF00,2,5,5,D:\PHD\بابل\2024\Research Reco\الجزء الثاني\lastfmReco\4 ايصال التوصيات بضمنها العقد\03_outputs\RECOMMENDATION_DELIVERY_TOP5_V2\payloads\community_40\user_2025_top5_v2.json,0xeb792c09e85bd576f92fe261520eb6a5bf0f6d372028d7d53a7b6b7250a385af,3a6fe2d3149abeb5f4eeb69916c735f5a47fd395be40158c66a1e1156916cacc,False,True,True,stored_onchain,
40,2037,0xc60EdbfAC872544aF831A59F34FfFE30d1b81210,189,0x9A316Df1897D7583E2BaC45e127E87c82974FF00,2,5,5,D:\PHD\بابل\2024\Research Reco\الجزء الثاني\lastfmReco\4 ايصال التوصيات بضمنها العقد\03_outputs\RECOMMENDATION_DELIVERY_TOP5_V2\payloads\community_40\user_2037_top5_v2.json,0xa76a050c66a84a38f24787f1e14b033bf009ee33269b98fb617a0ac1da3c4147,ab4171e347ea4fcaaece8e05f406dbaa4c76d5532544761e6111484431287317,False,True,True,stored_onchain,
44,99,0x52Cd41733a16C76dF57aA70d05302999794FB25f,2043,0x0Ec9448AB816C28261F7DfA93F631FBdFC557941,2,5,5,D:\PHD\بابل\2024\Research Reco\الجزء الثاني\lastfmReco\4 ايصال التوصيات بضمنها العقد\03_outputs\RECOMMENDATION_DELIVERY_TOP5_V2\payloads\community_44\user_99_top5_v2.json,0xfa95c7cdcab0aec33750180cb45ab914a196861edd4d5401435f98e953cff6fe,c1ad05130989efd244daa6d900655bf65d4ee0ffa9802f1e07cc40557d7b6962,False,True,True,stored_onchain,
44,103,0xE1BA3456DC025c7B935E71bD939f6b2B1bbeBdD5,2043,0x0Ec9448AB816C28261F7DfA93F631FBdFC557941,2,5,5,D:\PHD\بابل\2024\Research Reco\الجزء الثاني\lastfmReco\4 ايصال التوصيات بضمنها العقد\03_outputs\RECOMMENDATION_DELIVERY_TOP5_V2\payloads\community_44\user_103_top5_v2.json,0x6708775618ca6d32565cf45beca924a25ede34ce6d0ed0e2c9b0a335f1f3f77c,9ffa08097f1b5c8d75893fbeccdc550188a24744b803343326634399f71ce559,False,True,True,stored_onchain,
44,191,0xf5894FC74D8414fE2281e4629689e317E2640D28,2043,0x0Ec9448AB816C28261F7DfA93F631FBdFC557941,2,5,5,D:\PHD\بابل\2024\Research Reco\الجزء الثاني\lastfmReco\4 ايصال التوصيات بضمنها العقد\03_outputs\RECOMMENDATION_DELIVERY_TOP5_V2\payloads\community_44\user_191_top5_v2.json,0xd5c98285c54bd4c34afc85453fc89c0051466d97871036fd4cb3563c0a8c4f87,cf50f0f157ebf1eda9be0132a89664c9f29cd58ffa84e86f9e072c7c1930282c,False,True,True,stored_onchain,
44,210,0x45BcFeB1Ae2E6F0d51d0823050111e68D28B8575,2043,0x0Ec9448AB816C28261F7DfA93F631FBdFC557941,2,5,5,D:\PHD\بابل\2024\Research Reco\الجزء الثاني\lastfmReco\4 ايصال التوصيات بضمنها العقد\03_outputs\RECOMMENDATION_DELIVERY_TOP5_V2\payloads\community_44\user_210_top5_v2.json,0x21c3ab5f5f1a28d9749d2e42b247ad182ca9a057f56992c4c8be955accba3a16,cc724ebbadbea52d9ec064fb12d1b95791feb72ebdfa49641ece19d0a4f94ab4,False,True,True,stored_onchain,
44,218,0x0cC7495B2502e257dc0ab867B1e81d818512A6e1,2043,0x0Ec9448AB816C28261F7DfA93F631FBdFC557941,2,5,5,D:\PHD\بابل\2024\Research Reco\الجزء الثاني\lastfmReco\4 ايصال التوصيات بضمنها العقد\03_outputs\RECOMMENDATION_DELIVERY_TOP5_V2\payloads\community_44\user_218_top5_v2.json,0x53014fe9f27dcd35e00de23f1535ee69c2d7223bcb8363c3d7c068c7fd235e20,2750f2ab28dbce81be118e79e1c368d53b2d948bcab32f98a1b921f43c07e27e,False,True,True,stored_onchain,
44,275,0x1586fB585d2c1D590812a3D6ec50Ad164D6E1039,2043,0x0Ec9448AB816C28261F7DfA93F631FBdFC557941,2,5,5,D:\PHD\بابل\2024\Research Reco\الجزء الثاني\lastfmReco\4 ايصال التوصيات بضمنها العقد\03_outputs\RECOMMENDATION_DELIVERY_TOP5_V2\payloads\community_44\user_275_top5_v2.json,0x8cb0faea56c830107bfaa21964dbfd485358572e94677a948653cfae9338a04b,1cbbfbaee4cfa7f9874770af3ad980e67e421c3815c57a925c58b028ae52b79f,False,True,True,stored_onchain,
44,306,0x966d0aCf55E0aF521A869Ed77826c50D0693c8C9,2043,0x0Ec9448AB816C28261F7DfA93F631FBdFC557941,2,5,5,D:\PHD\بابل\2024\Research Reco\الجزء الثاني\lastfmReco\4 ايصال التوصيات بضمنها العقد\03_outputs\RECOMMENDATION_DELIVERY_TOP5_V2\payloads\community_44\user_306_top5_v2.json,0xf392c14cd44dd572abfd604d9ce0743383cd178b41f28376586ebef4f7aa5b10,3e250141b5e64721be44a69ea1f6e111f4d05a5108d815c7b956c86ba56d20d3,False,True,True,stored_onchain,
44,446,0x4c8cD117017d6abB4E45dcEE581088a22516b8d9,2043,0x0Ec9448AB816C28261F7DfA93F631FBdFC557941,2,5,5,D:\PHD\بابل\2024\Research Reco\الجزء الثاني\lastfmReco\4 ايصال التوصيات بضمنها العقد\03_outputs\RECOMMENDATION_DELIVERY_TOP5_V2\payloads\community_44\user_446_top5_v2.json,0x076e962ab9cae1add4f66b8ffe636bf4e80178e57696437063237cd97e61e483,be60fb216acc0fda354d5724136dbae352ee3082f03e7db43db9953b9c2b812c,False,True,True,stored_onchain,
44,493,0xf4087B7156c49eaD083d50A9B94F40A425212717,2043,0x0Ec9448AB816C28261F7DfA93F631FBdFC557941,2,5,5,D:\PHD\بابل\2024\Research Reco\الجزء الثاني\lastfmReco\4 ايصال التوصيات بضمنها العقد\03_outputs\RECOMMENDATION_DELIVERY_TOP5_V2\payloads\community_44\user_493_top5_v2.json,0xc8f728d4b0a991655ea170718f45af941fcfdb15d3907a96eef6110076ed84ef,7e01c66c9aad7fe25b1012b426e8a5ae374233041c0dc2d203a00c5dceacf8ce,False,True,True,stored_onchain,
44,520,0x1efd69E35eC509D6d763D5B41ED76316408a08B9,2043,0x0Ec9448AB816C28261F7DfA93F631FBdFC557941,2,5,5,D:\PHD\بابل\2024\Research Reco\الجزء الثاني\lastfmReco\4 ايصال التوصيات بضمنها العقد\03_outputs\RECOMMENDATION_DELIVERY_TOP5_V2\payloads\community_44\user_520_top5_v2.json,0x684870ce36511e6beb8f89375481d602420f11b67160ef585c0eb1faa86c72af,0caaba6f00e2d9f38adcef7d1c97ddbd1a4642c0900290ef29a739658b332e56,False,True,True,stored_onchain,
44,539,0xeF54A275112b1ef6B1376EBD501C05f396cF43c6,2043,0x0Ec9448AB816C28261F7DfA93F631FBdFC557941,2,5,5,D:\PHD\بابل\2024\Research Reco\الجزء الثاني\lastfmReco\4 ايصال التوصيات بضمنها العقد\03_outputs\RECOMMENDATION_DELIVERY_TOP5_V2\payloads\community_44\user_539_top5_v2.json,0x7f9fe949b319855a9991b8758ac15dbb59cdfdb952ec662be8556adbd6f44c3b,ef818ca2337ce971b9dcab143d0878afc86adf94dc9cf553250a29601a9d8761,False,True,True,stored_onchain,
44,566,0x9B4B5d158c9A6EBf3c284dB8B6909006ba29b96E,2043,0x0Ec9448AB816C28261F7DfA93F631FBdFC557941,2,5,5,D:\PHD\بابل\2024\Research Reco\الجزء الثاني\lastfmReco\4 ايصال التوصيات بضمنها العقد\03_outputs\RECOMMENDATION_DELIVERY_TOP5_V2\payloads\community_44\user_566_top5_v2.json,0x974ab9e5138f52352be32e07c9fed02e8305cd8f51a135fac537322aed294772,7259dc609d65ee597e62e708acc33c123d68c4cb9c1d0eebebe96e22ebc851ed,False,True,True,stored_onchain,
44,650,0xfe79C3Ef5f669ec5671E42b344337Bee2087E12a,2043,0x0Ec9448AB816C28261F7DfA93F631FBdFC557941,2,5,5,D:\PHD\بابل\2024\Research Reco\الجزء الثاني\lastfmReco\4 ايصال التوصيات بضمنها العقد\03_outputs\RECOMMENDATION_DELIVERY_TOP5_V2\payloads\community_44\user_650_top5_v2.json,0x8400456b7e2e5c3210662c3faee75503cbb918eded639735f1a7e12330f984b2,9f2d368b098ef2680d909cb43dff4d80ff997b9207270ae5ca770e2b132fb11c,False,True,True,stored_onchain,
44,665,0xC98Fc5b1ae5F5e5d0F89c2D2e99FF21B4Db7ec90,2043,0x0Ec9448AB816C28261F7DfA93F631FBdFC557941,2,5,5,D:\PHD\بابل\2024\Research Reco\الجزء الثاني\lastfmReco\4 ايصال التوصيات بضمنها العقد\03_outputs\RECOMMENDATION_DELIVERY_TOP5_V2\payloads\community_44\user_665_top5_v2.json,0x01926a01277ecd2bb559f7dc849ddd8be0ea1f2323b23ebe3c5eb82ae69855e5,68d59b25ded04a14febd9f8f4abed862d097c6b1f07188e33303088161ad2a17,False,True,True,stored_onchain,
44,767,0x6390d22acbB8b489a9FdF671a84a990D3aC1AF58,2043,0x0Ec9448AB816C28261F7DfA93F631FBdFC557941,2,5,5,D:\PHD\بابل\2024\Research Reco\الجزء الثاني\lastfmReco\4 ايصال التوصيات بضمنها العقد\03_outputs\RECOMMENDATION_DELIVERY_TOP5_V2\payloads\community_44\user_767_top5_v2.json,0xee2e076d1a5568f8dfa25482107881bea241e0994a1700cc87d904549fc004b1,170a216dcd9f04b04c19ed7eaed79bdb4e0193a879f46ee6ce265e8b76ebc0d9,False,True,True,stored_onchain,
44,893,0x3dc41a6F7a399A3260E01a399Be6c8D7e9B504B5,2043,0x0Ec9448AB816C28261F7DfA93F631FBdFC557941,2,5,5,D:\PHD\بابل\2024\Research Reco\الجزء الثاني\lastfmReco\4 ايصال التوصيات بضمنها العقد\03_outputs\RECOMMENDATION_DELIVERY_TOP5_V2\payloads\community_44\user_893_top5_v2.json,0x471088b88f8e41b4dc0ffee527f7aff8d119f14b5d6f7c8e52a41767e871ac20,bc2379f87e166aeded6f05fb1b2dd1dc7fc0e4c44a2da27bf46c44071db0e478,False,True,True,stored_onchain,
44,1002,0x7fDfa4532b35e1b93309c9F37AF4D7f8cd9D9f5F,2043,0x0Ec9448AB816C28261F7DfA93F631FBdFC557941,2,5,5,D:\PHD\بابل\2024\Research Reco\الجزء الثاني\lastfmReco\4 ايصال التوصيات بضمنها العقد\03_outputs\RECOMMENDATION_DELIVERY_TOP5_V2\payloads\community_44\user_1002_top5_v2.json,0xe92509f5cc7a92b384df8842509de861f3d2e22c5d4163fcdd50c0277d184215,3926573eaf148a36d5313fd6e5abe823e630b892046c115bf110cb90acd33f07,False,True,True,stored_onchain,
44,1099,0x4927f4bA2d7ca72208De5404b77e74C06c6dDa09,2043,0x0Ec9448AB816C28261F7DfA93F631FBdFC557941,2,5,5,D:\PHD\بابل\2024\Research Reco\الجزء الثاني\lastfmReco\4 ايصال التوصيات بضمنها العقد\03_outputs\RECOMMENDATION_DELIVERY_TOP5_V2\payloads\community_44\user_1099_top5_v2.json,0x8a491dd3f3abd7eb47f33bd35d4f7163f6674b6bffb50b17704e70fa6feef302,8076080a408a37fbb5fa7a7fc36c44ee5cf68e990a9aa96fe235c6e39bcac7fb,False,True,True,stored_onchain,
44,1163,0xf52DD7581E20fb0De8290eDa350957f311EA60Cd,2043,0x0Ec9448AB816C28261F7DfA93F631FBdFC557941,2,5,5,D:\PHD\بابل\2024\Research Reco\الجزء الثاني\lastfmReco\4 ايصال التوصيات بضمنها العقد\03_outputs\RECOMMENDATION_DELIVERY_TOP5_V2\payloads\community_44\user_1163_top5_v2.json,0xb9986e305fb1c3985423d6418e1bf99e77f01674f22145118a420b74c9c42555,163239f598abf7b53f4ecb21ab83637fca1a9d17e62963370ff93bfbc9099401,False,True,True,stored_onchain,
44,1505,0x397D9e59360765E33d2DD22A40754B2d8F05a93f,2043,0x0Ec9448AB816C28261F7DfA93F631FBdFC557941,2,5,5,D:\PHD\بابل\2024\Research Reco\الجزء الثاني\lastfmReco\4 ايصال التوصيات بضمنها العقد\03_outputs\RECOMMENDATION_DELIVERY_TOP5_V2\payloads\community_44\user_1505_top5_v2.json,0x45f7f875362c32c5923222b6ce5a0ce9a5e822c82e39066db33285c77c8154f3,c5dbeb1a40c971e59013de0fa5be520fa919389c8bd1dad3028920d96982d8b4,False,True,True,stored_onchain,
44,1611,0x2e29A66E5Ed58174474f4B49477022A4Dbfb92c1,2043,0x0Ec9448AB816C28261F7DfA93F631FBdFC557941,2,5,5,D:\PHD\بابل\2024\Research Reco\الجزء الثاني\lastfmReco\4 ايصال التوصيات بضمنها العقد\03_outputs\RECOMMENDATION_DELIVERY_TOP5_V2\payloads\community_44\user_1611_top5_v2.json,0x14c613123d15fa5ba7fa598979b6e0929e6a0a85ec957318b7385afebdad19f2,bcca55d237cdde1dea9dc03259b68157308747e01d64c597bc959eddada07449,False,True,True,stored_onchain,
44,1642,0x4A1A884d58d5D1b154178e27586163fA15062Ba7,2043,0x0Ec9448AB816C28261F7DfA93F631FBdFC557941,2,5,5,D:\PHD\بابل\2024\Research Reco\الجزء الثاني\lastfmReco\4 ايصال التوصيات بضمنها العقد\03_outputs\RECOMMENDATION_DELIVERY_TOP5_V2\payloads\community_44\user_1642_top5_v2.json,0x3a67f98043b6a2eba5b592d793dc54af82abfe05f5518d3bfff69ed9b37f2f25,e1ec4ad54430dac6a39bef5e6baa242f9ffc50ecfef7af600efaa4492089ff92,False,True,True,stored_onchain,
44,1653,0x4E4E921310350C5fcc8b3A3aB2d8501aBFe77022,2043,0x0Ec9448AB816C28261F7DfA93F631FBdFC557941,2,5,5,D:\PHD\بابل\2024\Research Reco\الجزء الثاني\lastfmReco\4 ايصال التوصيات بضمنها العقد\03_outputs\RECOMMENDATION_DELIVERY_TOP5_V2\payloads\community_44\user_1653_top5_v2.json,0xaca0b615b0314e1de7317a5753d5a777c4bde5960944a04cb906cbc8c1924dae,8cdd0154194857a3d350854cf672569f0314fa2a303cf64c43ef498e6a7e20c1,False,True,True,stored_onchain,
44,1835,0xAFbA68f4d61A009824cd60302451e7eA181eaD91,2043,0x0Ec9448AB816C28261F7DfA93F631FBdFC557941,2,5,5,D:\PHD\بابل\2024\Research Reco\الجزء الثاني\lastfmReco\4 ايصال التوصيات بضمنها العقد\03_outputs\RECOMMENDATION_DELIVERY_TOP5_V2\payloads\community_44\user_1835_top5_v2.json,0x9f9d052365058b8e9ee2883f3d424552af7476072bfe959d62139f689730c354,3b3139622e1e3c3b743704c2349b5d7d4da79eb404a7611a31ae69e335898da2,False,True,True,stored_onchain,
44,2075,0x334C852eE8b4a17BAf7d54b40d4e1D3eC0B84360,2043,0x0Ec9448AB816C28261F7DfA93F631FBdFC557941,2,5,5,D:\PHD\بابل\2024\Research Reco\الجزء الثاني\lastfmReco\4 ايصال التوصيات بضمنها العقد\03_outputs\RECOMMENDATION_DELIVERY_TOP5_V2\payloads\community_44\user_2075_top5_v2.json,0xcf69a500de18dd51de65cee53bc7eeb5a3fa52657896d9f671eaaa8ccfdc5baa,acfc65d18903d35e55e2b735d7e0f7e4f63286a85c70a243c811c2af53bc3d74,False,True,True,stored_onchain,
44,2080,0xe9C3Cfa3971dcF353892E435f1B54Af5C57F10fd,2043,0x0Ec9448AB816C28261F7DfA93F631FBdFC557941,2,5,5,D:\PHD\بابل\2024\Research Reco\الجزء الثاني\lastfmReco\4 ايصال التوصيات بضمنها العقد\03_outputs\RECOMMENDATION_DELIVERY_TOP5_V2\payloads\community_44\user_2080_top5_v2.json,0x4c351ffaf106c8537df32c2948096d69c3a1564c4188f6e69bdc3aedb9acee5a,671304b0d2bfeae562bff66ce46e3550d9fc175afb64d77164fd5f9905804ac0,False,True,True,stored_onchain,
60,7,0xc8B65A14DE27749A8EF48D61a88d5885812f35F8,585,0x75F911ea4ceEA63FcB87cB906cc0e93800A06326,2,5,5,D:\PHD\بابل\2024\Research Reco\الجزء الثاني\lastfmReco\4 ايصال التوصيات بضمنها العقد\03_outputs\RECOMMENDATION_DELIVERY_TOP5_V2\payloads\community_60\user_7_top5_v2.json,0x1797fdb3a0d082b5c41316502fce27b9ae8047e1aa75d32365ad61d3a1a1a8e8,304287de427e7aff030121362149aaba40a404ec339b95b2358f492187c92a43,False,True,True,stored_onchain,
60,13,0xD9348F45EfcB640aCB7e1F2f2aD966825416cfaF,585,0x75F911ea4ceEA63FcB87cB906cc0e93800A06326,2,5,5,D:\PHD\بابل\2024\Research Reco\الجزء الثاني\lastfmReco\4 ايصال التوصيات بضمنها العقد\03_outputs\RECOMMENDATION_DELIVERY_TOP5_V2\payloads\community_60\user_13_top5_v2.json,0x02d55d177fd39bbf7c52670249945fcfefe4c56c22aa70068f2a319da1e82994,2c97c6019bd8d7e18e7a1ca5fb9b752a376e97302720275f609a0ef9e42f3b3d,False,True,True,stored_onchain,
60,16,0xAE009A5CE582ef30A04f2E153Bbc9bA9b1E17D25,585,0x75F911ea4ceEA63FcB87cB906cc0e93800A06326,2,5,5,D:\PHD\بابل\2024\Research Reco\الجزء الثاني\lastfmReco\4 ايصال التوصيات بضمنها العقد\03_outputs\RECOMMENDATION_DELIVERY_TOP5_V2\payloads\community_60\user_16_top5_v2.json,0xb5a560793cd59fd60a3e3ca2ef69e52b1935ee8334704d5cca0f6704580e93a7,24562e3f7061a38d7571926e1efb53c1bd88b49a348ac31b6915a9cc6e9ea547,False,True,True,stored_onchain,
60,17,0xC44Ce4395F1B717dc105EA18AdeEbADF271a759C,585,0x75F911ea4ceEA63FcB87cB906cc0e93800A06326,2,5,5,D:\PHD\بابل\2024\Research Reco\الجزء الثاني\lastfmReco\4 ايصال التوصيات بضمنها العقد\03_outputs\RECOMMENDATION_DELIVERY_TOP5_V2\payloads\community_60\user_17_top5_v2.json,0xd3e0ccf5d666e07202911de995d9c8bed5b6bb3b3c62596887989ef94af55763,217a69d792ac01018a1e524a82a3b3fab5e0a8da9a72991602a4c774f1d070ed,False,True,True,stored_onchain,
60,30,0xBB3a4243dBe8CfeA4392647a5cECE4b1aD04D7AE,585,0x75F911ea4ceEA63FcB87cB906cc0e93800A06326,2,5,5,D:\PHD\بابل\2024\Research Reco\الجزء الثاني\lastfmReco\4 ايصال التوصيات بضمنها العقد\03_outputs\RECOMMENDATION_DELIVERY_TOP5_V2\payloads\community_60\user_30_top5_v2.json,0x72b5bfcabce0e1cff819629d097285b58e300a353237162c4086107c90fd3835,5d3e8d79e481016d2636b52eab5c5bc4287aec7067c8c2996b4416890dc9406e,False,True,True,stored_onchain,
60,57,0x38b3b1872046Bbd6E2490349ccdb4A68416770F3,585,0x75F911ea4ceEA63FcB87cB906cc0e93800A06326,2,5,5,D:\PHD\بابل\2024\Research Reco\الجزء الثاني\lastfmReco\4 ايصال التوصيات بضمنها العقد\03_outputs\RECOMMENDATION_DELIVERY_TOP5_V2\payloads\community_60\user_57_top5_v2.json,0xa76d96bc871e790750a02357b4c4fb542f4ef6bb104b2be76b5ebe82ccf21f25,04a8af5011d037b74d732ba3ec09ad600cebcc8925535d644a1fac1a67e3f81e,False,True,True,stored_onchain,
60,104,0x3340fB38Ee3711312Ffaf3aF9B0A55866C5dA3dC,585,0x75F911ea4ceEA63FcB87cB906cc0e93800A06326,2,5,5,D:\PHD\بابل\2024\Research Reco\الجزء الثاني\lastfmReco\4 ايصال التوصيات بضمنها العقد\03_outputs\RECOMMENDATION_DELIVERY_TOP5_V2\payloads\community_60\user_104_top5_v2.json,0x2719f5d1aebdd8000093461080aef195813698656c963f05e0ea7dbb8ce467f2,f0b34a9253bd3f0e34b44d81e30c38003acd64238e6c57624012e332f07dd8f5,False,True,True,stored_onchain,
60,110,0x3abeeB122e4085A6Eaf20263b845e04CEeb2F9A9,585,0x75F911ea4ceEA63FcB87cB906cc0e93800A06326,2,5,5,D:\PHD\بابل\2024\Research Reco\الجزء الثاني\lastfmReco\4 ايصال التوصيات بضمنها العقد\03_outputs\RECOMMENDATION_DELIVERY_TOP5_V2\payloads\community_60\user_110_top5_v2.json,0x2452ad8711a30b38c413b9224df3024bc2f70be05f98e9d92ab397696d580899,3258182927facbeac789b8b1fab0bb6ab5964cf581e188ace96c7c1c6bdc7e99,False,True,True,stored_onchain,
60,121,0xffea32E82750799F1Cf21E14fE758C97F0E51B5a,585,0x75F911ea4ceEA63FcB87cB906cc0e93800A06326,2,5,5,D:\PHD\بابل\2024\Research Reco\الجزء الثاني\lastfmReco\4 ايصال التوصيات بضمنها العقد\03_outputs\RECOMMENDATION_DELIVERY_TOP5_V2\payloads\community_60\user_121_top5_v2.json,0x690b780a336b5aaa3d842c2c39c418cd46c89b91c888ae438cc44320afa3b22a,3716de31174028e6c6adb0ca8c426160375ecf580092826c7240ea1b8c4aa161,False,True,True,stored_onchain,
60,129,0xeb2A55D19875cB05B4217B673D596CE53241DB4C,585,0x75F911ea4ceEA63FcB87cB906cc0e93800A06326,2,5,5,D:\PHD\بابل\2024\Research Reco\الجزء الثاني\lastfmReco\4 ايصال التوصيات بضمنها العقد\03_outputs\RECOMMENDATION_DELIVERY_TOP5_V2\payloads\community_60\user_129_top5_v2.json,0x5b9941d2f0d6074554588f7b53c10c932e6f4fb8f824b7feef9a8f00feef5fe8,ab05ffecd3284afcf4469af5f7d0099699c7c762d928db9bcab4ec100134adc7,False,True,True,stored_onchain,
60,135,0x9FAf13052ba701fCFD8214308d9F4FEDdAaCE172,585,0x75F911ea4ceEA63FcB87cB906cc0e93800A06326,2,5,5,D:\PHD\بابل\2024\Research Reco\الجزء الثاني\lastfmReco\4 ايصال التوصيات بضمنها العقد\03_outputs\RECOMMENDATION_DELIVERY_TOP5_V2\payloads\community_60\user_135_top5_v2.json,0x19622ddc670e3c65602ff6c57be51cb5f51a750d4fec00e82c95a28c6fd6225a,6745d00d50cf92e594aea8ff6857bb0ca25087ef49db37c0ee02e2b3b9c2fa88,False,True,True,stored_onchain,
60,146,0x3aDF575d5f5Ca70f2CBDe52921F6Ac6C8B7DFc85,585,0x75F911ea4ceEA63FcB87cB906cc0e93800A06326,2,5,5,D:\PHD\بابل\2024\Research Reco\الجزء الثاني\lastfmReco\4 ايصال التوصيات بضمنها العقد\03_outputs\RECOMMENDATION_DELIVERY_TOP5_V2\payloads\community_60\user_146_top5_v2.json,0x6e385e97a8afb55a72957ec56c1bedc9b48a5c1b91a0a5a1e57b65c1a572566f,d3ef18929330b901d8ee2fcdf31a9207295decbe577741426a25043432e5e745,False,True,True,stored_onchain,
60,149,0x7481Ba82E99BAe35d9E2075C6d430ad01B6dA8e1,585,0x75F911ea4ceEA63FcB87cB906cc0e93800A06326,2,5,5,D:\PHD\بابل\2024\Research Reco\الجزء الثاني\lastfmReco\4 ايصال التوصيات بضمنها العقد\03_outputs\RECOMMENDATION_DELIVERY_TOP5_V2\payloads\community_60\user_149_top5_v2.json,0x64a5659eb0bbc19628d46f89498baea432df05163022525feaabb30745fa34f6,91287be19fb0a82ae0c29a0d2b7085cfaba37dd3ae1c4ced3ca4ef9eefaf8a21,False,True,True,stored_onchain,
60,150,0x06a78043fb47BB7422a51DE3E61f6C3e8D569E4A,585,0x75F911ea4ceEA63FcB87cB906cc0e93800A06326,2,5,5,D:\PHD\بابل\2024\Research Reco\الجزء الثاني\lastfmReco\4 ايصال التوصيات بضمنها العقد\03_outputs\RECOMMENDATION_DELIVERY_TOP5_V2\payloads\community_60\user_150_top5_v2.json,0x507067b271b81704030b7b95aa75341a0adcc7b65840ca7f60d291ecfaa8a57e,2878ff743c6020bd78991f4ff3570cc76125bfe1780e426a9e65c52399eef6b3,False,True,True,stored_onchain,
60,179,0x15e336c6312a07Cc31f9633169242224257A6F93,585,0x75F911ea4ceEA63FcB87cB906cc0e93800A06326,2,5,5,D:\PHD\بابل\2024\Research Reco\الجزء الثاني\lastfmReco\4 ايصال التوصيات بضمنها العقد\03_outputs\RECOMMENDATION_DELIVERY_TOP5_V2\payloads\community_60\user_179_top5_v2.json,0xb12b319fd24e88794837f16fb0231b20ecd7c11e49d42952134ba595b691698e,3dbccae049dc33d628681f91610f123104e6c348637e49e1fe11f2e0a246ce2b,False,True,True,stored_onchain,
60,226,0x658e8AE9901E23487444EE896b9616a232F789cf,585,0x75F911ea4ceEA63FcB87cB906cc0e93800A06326,2,5,5,D:\PHD\بابل\2024\Research Reco\الجزء الثاني\lastfmReco\4 ايصال التوصيات بضمنها العقد\03_outputs\RECOMMENDATION_DELIVERY_TOP5_V2\payloads\community_60\user_226_top5_v2.json,0x72e1f0a37ed391a285d628a888c03e4e046a90dce93e893491002f3802fc5809,c81c6f7d9f9005b3ea421898d2df77f3c005f240e8c06ef46e52195243113480,False,True,True,stored_onchain,
60,230,0xa3069F26C0082feed7118D9444eFc7Ded209102E,585,0x75F911ea4ceEA63FcB87cB906cc0e93800A06326,2,5,5,D:\PHD\بابل\2024\Research Reco\الجزء الثاني\lastfmReco\4 ايصال التوصيات بضمنها العقد\03_outputs\RECOMMENDATION_DELIVERY_TOP5_V2\payloads\community_60\user_230_top5_v2.json,0xf4e00631e92f79bf0af0fb4ffad0c7c52c42dc3cb4abd3aa60d07f2a9925caea,c4f2742e5be314f474e43f14e972dc050938114ae9f57c955e6c71918ecd95db,False,True,True,stored_onchain,
60,231,0xD4eC14268BaB4a8e20f4195c3A28b5D01CE077AD,585,0x75F911ea4ceEA63FcB87cB906cc0e93800A06326,2,5,5,D:\PHD\بابل\2024\Research Reco\الجزء الثاني\lastfmReco\4 ايصال التوصيات بضمنها العقد\03_outputs\RECOMMENDATION_DELIVERY_TOP5_V2\payloads\community_60\user_231_top5_v2.json,0xdd5997a4c291d62b9ead9280617c072c20f21e1347ff2b797ce7f8eafb399ff7,fbab94d2cec0caa99fdcddb8fbb7c8317ed7552dc44b4c38744364ec1b273405,False,True,True,stored_onchain,
60,232,0x2129DebcF94cdCFecbA573afdF9a919E7672806f,585,0x75F911ea4ceEA63FcB87cB906cc0e93800A06326,2,5,5,D:\PHD\بابل\2024\Research Reco\الجزء الثاني\lastfmReco\4 ايصال التوصيات بضمنها العقد\03_outputs\RECOMMENDATION_DELIVERY_TOP5_V2\payloads\community_60\user_232_top5_v2.json,0xcbb5323cdfc38458cc89c19d8bb08ff09794714f38957ab183e1e261eff0e282,67e60012b30e1808e6772ed477622766f9cde052aebb69cf0b740a49eaddcb0e,False,True,True,stored_onchain,
60,240,0x9Ba8C62a601420328cAE845a5A0979Ae518FC6BA,585,0x75F911ea4ceEA63FcB87cB906cc0e93800A06326,2,5,5,D:\PHD\بابل\2024\Research Reco\الجزء الثاني\lastfmReco\4 ايصال التوصيات بضمنها العقد\03_outputs\RECOMMENDATION_DELIVERY_TOP5_V2\payloads\community_60\user_240_top5_v2.json,0xb8f9f1a20e0ca9668605394333632095d174d0dc4cf650025e614e177f39c2c1,6cea830834bc5afede3ecec242674e968d499c5fa7d1ee846cfa877412114717,False,True,True,stored_onchain,
60,248,0x0750c815D142dc468b538Da1C22dDB40A59FBD86,585,0x75F911ea4ceEA63FcB87cB906cc0e93800A06326,2,5,5,D:\PHD\بابل\2024\Research Reco\الجزء الثاني\lastfmReco\4 ايصال التوصيات بضمنها العقد\03_outputs\RECOMMENDATION_DELIVERY_TOP5_V2\payloads\community_60\user_248_top5_v2.json,0xfcd1871d8b1365acde8f53cd7668313bfbf83a11b52a97a977abeb58a50d6d19,0efc8953e5a33342f0db6733c6fba8ca6b1173ec841fc3c9f160746eab41f78f,False,True,True,stored_onchain,
60,253,0x4A6305d0cE09075caB75b0Ac815DFCb846a8aC58,585,0x75F911ea4ceEA63FcB87cB906cc0e93800A06326,2,5,5,D:\PHD\بابل\2024\Research Reco\الجزء الثاني\lastfmReco\4 ايصال التوصيات بضمنها العقد\03_outputs\RECOMMENDATION_DELIVERY_TOP5_V2\payloads\community_60\user_253_top5_v2.json,0x160959f2190ce5ee66181b649bdc252a9882e0a3a334efe0bef6fe3ba48fe8c4,8e7117373d6c9f9d2de01223c9c7892159c0378f62354a20eed7ed18cb8c2a78,False,True,True,stored_onchain,
60,260,0xC646748f6e0eA96108cc42214a652e40e3D8D5b4,585,0x75F911ea4ceEA63FcB87cB906cc0e93800A06326,2,5,5,D:\PHD\بابل\2024\Research Reco\الجزء الثاني\lastfmReco\4 ايصال التوصيات بضمنها العقد\03_outputs\RECOMMENDATION_DELIVERY_TOP5_V2\payloads\community_60\user_260_top5_v2.json,0xc763daf7d176125edd7358ed3db7979df769bfef8ec62ce61409e47fdc3d7f4e,094613a80ecc57c5f807e62e46dcaa55381b66c82d2ee203e13618a1df6e1b45,False,True,True,stored_onchain,
60,271,0x14C7cF112abbfb5F1AFc7083db42a87B9404a469,585,0x75F911ea4ceEA63FcB87cB906cc0e93800A06326,2,5,5,D:\PHD\بابل\2024\Research Reco\الجزء الثاني\lastfmReco\4 ايصال التوصيات بضمنها العقد\03_outputs\RECOMMENDATION_DELIVERY_TOP5_V2\payloads\community_60\user_271_top5_v2.json,0x58a957b6ba8b4841c92c2738734659968fe980fa990fef364b064cf6f7a5d2cf,f5c4e38fa4e6218d0d8be90b8b323ca25ab59b8379a31835597e3d29d6546be1,False,True,True,stored_onchain,
60,280,0x586F2d792c8995B22C4817760504D6E91EfA2F94,585,0x75F911ea4ceEA63FcB87cB906cc0e93800A06326,2,5,5,D:\PHD\بابل\2024\Research Reco\الجزء الثاني\lastfmReco\4 ايصال التوصيات بضمنها العقد\03_outputs\RECOMMENDATION_DELIVERY_TOP5_V2\payloads\community_60\user_280_top5_v2.json,0x3e5b9086756dd016ab0df465c4439b38a74bf0e96e65678823b9bcfa60acab55,b5f689cd1300d0bdd36949d84b6f00eeb9a5a2d241550d5a7427a13f8598f906,False,True,True,stored_onchain,
60,286,0xc122641b6fC2FB071c60153f3A74DD71FD81Af80,585,0x75F911ea4ceEA63FcB87cB906cc0e93800A06326,2,5,5,D:\PHD\بابل\2024\Research Reco\الجزء الثاني\lastfmReco\4 ايصال التوصيات بضمنها العقد\03_outputs\RECOMMENDATION_DELIVERY_TOP5_V2\payloads\community_60\user_286_top5_v2.json,0x7aec7d2e234a39c70e137164e42f09b1cd516c94dccfb79bb5d7be9ea2d72d7b,8b9661876de859c7663ea833cda78e4b39a86fb1f4607679060d8961d7f129d1,False,True,True,stored_onchain,
60,302,0xaa86d12A4a60BdDd680ABacC6819b635c81444FB,585,0x75F911ea4ceEA63FcB87cB906cc0e93800A06326,2,5,5,D:\PHD\بابل\2024\Research Reco\الجزء الثاني\lastfmReco\4 ايصال التوصيات بضمنها العقد\03_outputs\RECOMMENDATION_DELIVERY_TOP5_V2\payloads\community_60\user_302_top5_v2.json,0xed3ba905111abdeb9f8ff890d43e8f84e4ff74faffd8c2e208e13fcfb1f4088c,18d152873ace992c8db5ff88c4e3fc55436886d0490b5a7ed3d864500bb03544,False,True,True,stored_onchain,
60,340,0xC5efc91E45115AD987399D839035A3715EF601D8,585,0x75F911ea4ceEA63FcB87cB906cc0e93800A06326,2,5,5,D:\PHD\بابل\2024\Research Reco\الجزء الثاني\lastfmReco\4 ايصال التوصيات بضمنها العقد\03_outputs\RECOMMENDATION_DELIVERY_TOP5_V2\payloads\community_60\user_340_top5_v2.json,0x61e9e28f0de47701fd691352a5802339883d20d9e7c1c8b0aeb67326471c41fc,bef4e8240a194ee35af891733df82b446b8f7d06f078331ed574b74a3193a178,False,True,True,stored_onchain,
60,346,0xDC21fb5C01D1253945E3703D4A7B6cB6a7db6ca1,585,0x75F911ea4ceEA63FcB87cB906cc0e93800A06326,2,5,5,D:\PHD\بابل\2024\Research Reco\الجزء الثاني\lastfmReco\4 ايصال التوصيات بضمنها العقد\03_outputs\RECOMMENDATION_DELIVERY_TOP5_V2\payloads\community_60\user_346_top5_v2.json,0x356f0965a797302507d855a149c40a3114dcae47dece27eaec39bf80080ff198,b5425536bfea6e8fc49bdd3b2b4897a36f1e268662ca8b44aa65b3589c597a7d,False,True,True,stored_onchain,
60,352,0xd82Be12790636c8bD17857acEE608Dcb63C4EAE4,585,0x75F911ea4ceEA63FcB87cB906cc0e93800A06326,2,5,5,D:\PHD\بابل\2024\Research Reco\الجزء الثاني\lastfmReco\4 ايصال التوصيات بضمنها العقد\03_outputs\RECOMMENDATION_DELIVERY_TOP5_V2\payloads\community_60\user_352_top5_v2.json,0x21d13097304c838f6eb408894f5a58641b508511a4819023702b55c1b211708a,10764750b5db1c06b94a5627ac8e1b8390e5542c80308d82a915afb6d4bd6320,False,True,True,stored_onchain,
60,353,0x0317fBf3351A781aF740AD3C14b7De68a7C47379,585,0x75F911ea4ceEA63FcB87cB906cc0e93800A06326,2,5,5,D:\PHD\بابل\2024\Research Reco\الجزء الثاني\lastfmReco\4 ايصال التوصيات بضمنها العقد\03_outputs\RECOMMENDATION_DELIVERY_TOP5_V2\payloads\community_60\user_353_top5_v2.json,0x0e984b46c7fcfa39ae305010867425cfc4629d4870c71069915821ef587fb405,00de1914ba8f49b8d3b772364b0d991991db52f04284a11d75a541a73fa1aee7,False,True,True,stored_onchain,
60,409,0xa54D3F25d12e7d54D1CA102703e14f56256025C4,585,0x75F911ea4ceEA63FcB87cB906cc0e93800A06326,2,5,5,D:\PHD\بابل\2024\Research Reco\الجزء الثاني\lastfmReco\4 ايصال التوصيات بضمنها العقد\03_outputs\RECOMMENDATION_DELIVERY_TOP5_V2\payloads\community_60\user_409_top5_v2.json,0x8fb21e326eb554598f7290c8bd91a6fc1229c2b9529186d30a0bd47e771c0b32,2b9f4568554f904b85f23c999b1ccc08e4be7d92e4ee16bac1a6aa0a589bc3f0,False,True,True,stored_onchain,
60,412,0xfC5C3073c0E0A238b79f0b5190705F64f6793116,585,0x75F911ea4ceEA63FcB87cB906cc0e93800A06326,2,5,5,D:\PHD\بابل\2024\Research Reco\الجزء الثاني\lastfmReco\4 ايصال التوصيات بضمنها العقد\03_outputs\RECOMMENDATION_DELIVERY_TOP5_V2\payloads\community_60\user_412_top5_v2.json,0x4aa2c1c4918941a3b064020e3b2fc4ffcfce744f355a741d4ffe789760657817,a5f2f4dcd904919b7bd6b200984d808640f36e7c520440ae9307dff808ee1de4,False,True,True,stored_onchain,
60,415,0xEd2adF2662a690c6A3633df6EAb8e8E6Cf8a8bD6,585,0x75F911ea4ceEA63FcB87cB906cc0e93800A06326,2,5,5,D:\PHD\بابل\2024\Research Reco\الجزء الثاني\lastfmReco\4 ايصال التوصيات بضمنها العقد\03_outputs\RECOMMENDATION_DELIVERY_TOP5_V2\payloads\community_60\user_415_top5_v2.json,0xe8a36e53e2e560051563ad0be975fbf9e6e4affff39e3388a7bae9e92785ff5a,b60ad24e461c32f38437a4d3c9fbe11fbbfa3f84c2627a213e171b57e04e194c,False,True,True,stored_onchain,
60,417,0x22E6C1e2a5214b5ABe186ef0eFd072a67bb9e739,585,0x75F911ea4ceEA63FcB87cB906cc0e93800A06326,2,5,5,D:\PHD\بابل\2024\Research Reco\الجزء الثاني\lastfmReco\4 ايصال التوصيات بضمنها العقد\03_outputs\RECOMMENDATION_DELIVERY_TOP5_V2\payloads\community_60\user_417_top5_v2.json,0x986b9a3ef726a7dbbd1d2f2db9c4b6ae2fe7f04dbecff8762b89553125080330,1590bd421baa8fd7fc03ac877fdee7655b8b28f51d2be45a8438d23243623edc,False,True,True,stored_onchain,
60,418,0x4812E64AeEa3Dae01e2e6633dEA0d36807A32E22,585,0x75F911ea4ceEA63FcB87cB906cc0e93800A06326,2,5,5,D:\PHD\بابل\2024\Research Reco\الجزء الثاني\lastfmReco\4 ايصال التوصيات بضمنها العقد\03_outputs\RECOMMENDATION_DELIVERY_TOP5_V2\payloads\community_60\user_418_top5_v2.json,0xdcc807845248cb175a6bc3b4f9e35f9bc96d7a78038e34872c766c93a1e01283,bbe3b7dc2652999ab0ca5c6c6aa7d0076c68950bd1901ca5c36b004509360971,False,True,True,stored_onchain,
60,419,0xdfC7BF95df2a7d17100AB3a024a3C041C9c6b128,585,0x75F911ea4ceEA63FcB87cB906cc0e93800A06326,2,5,5,D:\PHD\بابل\2024\Research Reco\الجزء الثاني\lastfmReco\4 ايصال التوصيات بضمنها العقد\03_outputs\RECOMMENDATION_DELIVERY_TOP5_V2\payloads\community_60\user_419_top5_v2.json,0x5e2295cbe6186c425cad221a23081f34ea5fa3ae4b735c963245e5a4e70e72f8,a7b80cd58e2c9c3f1a1c72a7110c61f3cfae20a1249542f44b54f2fbc093aa5d,False,True,True,stored_onchain,
60,421,0xd91c94E80616688b4b5DEB5942d80aAab64A1061,585,0x75F911ea4ceEA63FcB87cB906cc0e93800A06326,2,5,5,D:\PHD\بابل\2024\Research Reco\الجزء الثاني\lastfmReco\4 ايصال التوصيات بضمنها العقد\03_outputs\RECOMMENDATION_DELIVERY_TOP5_V2\payloads\community_60\user_421_top5_v2.json,0xfa4d0f7203bdc8aa3975419d5377ba5a5c457caa9f3b8130e9e3a7ab3a303c65,55e38b5da5f888a63e737bf9c3a26b15b82b6ae92bf6193194400a4671030895,False,True,True,stored_onchain,
60,486,0xCfEfEd6d93c47CC72c98918A9408A0E48d34bBba,585,0x75F911ea4ceEA63FcB87cB906cc0e93800A06326,2,5,5,D:\PHD\بابل\2024\Research Reco\الجزء الثاني\lastfmReco\4 ايصال التوصيات بضمنها العقد\03_outputs\RECOMMENDATION_DELIVERY_TOP5_V2\payloads\community_60\user_486_top5_v2.json,0xc7eec84070fe91c7637a64173e6a7720ac8f168a3e1da702865ef8f44fe3967d,85863c40973785bd16fb66fc2fa42142151a1d23398f335a88714ab41f905c53,False,True,True,stored_onchain,
60,490,0x0fF0cfA5014eBCB9f5aA2E00146FcD9AE391f91a,585,0x75F911ea4ceEA63FcB87cB906cc0e93800A06326,2,5,5,D:\PHD\بابل\2024\Research Reco\الجزء الثاني\lastfmReco\4 ايصال التوصيات بضمنها العقد\03_outputs\RECOMMENDATION_DELIVERY_TOP5_V2\payloads\community_60\user_490_top5_v2.json,0xce67b6d8f77506e267bd37e376d04fda75a6446548f8728e861acbc5e526c7e9,e3eceeacc933425f3ce3b2acc4a6a9d0ce74f5b46ca8c15900a2274db75af4c6,False,True,True,stored_onchain,
60,497,0x8576DcC1C361C7Db0678add9039b67BE195c155d,585,0x75F911ea4ceEA63FcB87cB906cc0e93800A06326,2,5,5,D:\PHD\بابل\2024\Research Reco\الجزء الثاني\lastfmReco\4 ايصال التوصيات بضمنها العقد\03_outputs\RECOMMENDATION_DELIVERY_TOP5_V2\payloads\community_60\user_497_top5_v2.json,0x98bd404ad6825a2815e4102c658e44ff9f7c452c7f0cce11ca72acd1cd71cdd8,c2ba5871db7d9a1fd6b1471ae6aab4bc64b2411d31c488c292bd2a55ca18b1fb,False,True,True,stored_onchain,
60,527,0xD7Fb06646B4753C1EbB3D8b81Ee21b4dC3dBd3A8,585,0x75F911ea4ceEA63FcB87cB906cc0e93800A06326,2,5,5,D:\PHD\بابل\2024\Research Reco\الجزء الثاني\lastfmReco\4 ايصال التوصيات بضمنها العقد\03_outputs\RECOMMENDATION_DELIVERY_TOP5_V2\payloads\community_60\user_527_top5_v2.json,0xfa213e5f3f80997555c5e7e719b59eeb852ad9fe82c354fea7e541ba772f2833,ca704ee0e68dc11652e2c8a3bce10ed9f5de695831e48844da193dd7d10e2af1,False,True,True,stored_onchain,
60,551,0xd3D2e4458E11964E412f4BA8f6c611922670b24a,585,0x75F911ea4ceEA63FcB87cB906cc0e93800A06326,2,5,5,D:\PHD\بابل\2024\Research Reco\الجزء الثاني\lastfmReco\4 ايصال التوصيات بضمنها العقد\03_outputs\RECOMMENDATION_DELIVERY_TOP5_V2\payloads\community_60\user_551_top5_v2.json,0x4ed0c8aead64cc404f9541a2443b038d3ca4480528c4da3f157c7e006323ba9d,1031de8068e9294f5cc23516b647e53b9a3392341fc8ece9066105c9982f9853,False,True,True,stored_onchain,
60,555,0x7fCFb5A482e7ca84C6a22E82EDe91E78Dee5bA92,585,0x75F911ea4ceEA63FcB87cB906cc0e93800A06326,2,5,5,D:\PHD\بابل\2024\Research Reco\الجزء الثاني\lastfmReco\4 ايصال التوصيات بضمنها العقد\03_outputs\RECOMMENDATION_DELIVERY_TOP5_V2\payloads\community_60\user_555_top5_v2.json,0x6f7de1aee25dbf5510c3311350b315eec0084b43e85a61d07caf2795124d8947,44ec6c472d0a6c7b97fe2ca699352d0df3066cdc3291a2ce8009e25d9882c5af,False,True,True,stored_onchain,
60,598,0xA2A2a758dBb2a076B10c436f6DD1bF79DB87E826,585,0x75F911ea4ceEA63FcB87cB906cc0e93800A06326,2,5,5,D:\PHD\بابل\2024\Research Reco\الجزء الثاني\lastfmReco\4 ايصال التوصيات بضمنها العقد\03_outputs\RECOMMENDATION_DELIVERY_TOP5_V2\payloads\community_60\user_598_top5_v2.json,0xbd0309d3da7131774b27d18203b34408a96423f0e4f905700e93818f76b805d6,7ca3d61cab599cce0060c508a01b589ea0664f95531c6fbc671aa9b15037f9a8,False,True,True,stored_onchain,
60,609,0x692De926bB58C5a3390B842Da451B288BEbf59c2,585,0x75F911ea4ceEA63FcB87cB906cc0e93800A06326,2,5,5,D:\PHD\بابل\2024\Research Reco\الجزء الثاني\lastfmReco\4 ايصال التوصيات بضمنها العقد\03_outputs\RECOMMENDATION_DELIVERY_TOP5_V2\payloads\community_60\user_609_top5_v2.json,0x1d4a599109a88ce94a4dc4dd71920735380d12a25316be235f6195f94ccc7d4a,207276fe082b9002ec3ed22e9d932a2035a5d7c09cabf2bd2437d5f286360645,False,True,True,stored_onchain,
60,621,0x64F82eAAd823A17E94441FAA9c172F04B9B05827,585,0x75F911ea4ceEA63FcB87cB906cc0e93800A06326,2,5,5,D:\PHD\بابل\2024\Research Reco\الجزء الثاني\lastfmReco\4 ايصال التوصيات بضمنها العقد\03_outputs\RECOMMENDATION_DELIVERY_TOP5_V2\payloads\community_60\user_621_top5_v2.json,0x3d66b6f1a9db1345d07a5878c0c48eb84a5dcf32d6299d89638d35395d512ee7,933b1ccb6acd5ef5ee54b0e7d5a758e101850b6ff1ffa53671bc66f00bf91312,False,True,True,stored_onchain,
60,667,0x570C179604dC26E463Fde931685ebe11B8ca78DD,585,0x75F911ea4ceEA63FcB87cB906cc0e93800A06326,2,5,5,D:\PHD\بابل\2024\Research Reco\الجزء الثاني\lastfmReco\4 ايصال التوصيات بضمنها العقد\03_outputs\RECOMMENDATION_DELIVERY_TOP5_V2\payloads\community_60\user_667_top5_v2.json,0x9a8713a94869553ff7f2f2b202c4f8a64d0dcb9191c35c06d2e1c1a55c9002b8,e6c19104ff8d13663f32d1bc135acdf112ab14b9d5455dc9939571bfba4e36a2,False,True,True,stored_onchain,
60,669,0xC86488E02343467Bc7018Debb83Fec2204d1756C,585,0x75F911ea4ceEA63FcB87cB906cc0e93800A06326,2,5,5,D:\PHD\بابل\2024\Research Reco\الجزء الثاني\lastfmReco\4 ايصال التوصيات بضمنها العقد\03_outputs\RECOMMENDATION_DELIVERY_TOP5_V2\payloads\community_60\user_669_top5_v2.json,0x09dadcc3836644818b057bef6d92964bee944767161d4d5134f4dc86ce5ebe97,e877868d956814f0f86e6569153d42337351901a702e7fa5965f32ac3855704c,False,True,True,stored_onchain,
60,677,0x47f0DA5630acAE47a473a3e6E4B15a903251547F,585,0x75F911ea4ceEA63FcB87cB906cc0e93800A06326,2,5,5,D:\PHD\بابل\2024\Research Reco\الجزء الثاني\lastfmReco\4 ايصال التوصيات بضمنها العقد\03_outputs\RECOMMENDATION_DELIVERY_TOP5_V2\payloads\community_60\user_677_top5_v2.json,0xa98c472b371d93d6f77ec2fc5ae689d6071ca18855afb7fb35d77b55fd7c6b2b,afeb175a1eba51265b472453ac2b9048130abd708bdce0044a68e923a0cf989a,False,True,True,stored_onchain,
60,700,0x680F53cB8ce2E149233DD2430871Fd93E0Ea1Eaa,585,0x75F911ea4ceEA63FcB87cB906cc0e93800A06326,2,5,5,D:\PHD\بابل\2024\Research Reco\الجزء الثاني\lastfmReco\4 ايصال التوصيات بضمنها العقد\03_outputs\RECOMMENDATION_DELIVERY_TOP5_V2\payloads\community_60\user_700_top5_v2.json,0xbd1b4b6c446fe8eff382eb7d98c85fadba1b376e82103b8feb2ed82793b10fe5,73c6fedb8a5592587d195aa7c3fbe02d8e5ebaeac2cb6e508fbc4a3c4a835dce,False,True,True,stored_onchain,
60,701,0xa057d8402247448fC18D2579a490A8fA34ff7F36,585,0x75F911ea4ceEA63FcB87cB906cc0e93800A06326,2,5,5,D:\PHD\بابل\2024\Research Reco\الجزء الثاني\lastfmReco\4 ايصال التوصيات بضمنها العقد\03_outputs\RECOMMENDATION_DELIVERY_TOP5_V2\payloads\community_60\user_701_top5_v2.json,0x4baa767637d8afe18f34fef375fd047f8d73e70a49c7fd6fbfdfa7f57a0c61d3,91cffaa8fbbad4e26a354c20a9f9155d54553fbf8871c73c5f4db681815feb90,False,True,True,stored_onchain,
60,742,0x5D4868e7848e6F60789B2336859128aabB3FBc2F,585,0x75F911ea4ceEA63FcB87cB906cc0e93800A06326,2,5,5,D:\PHD\بابل\2024\Research Reco\الجزء الثاني\lastfmReco\4 ايصال التوصيات بضمنها العقد\03_outputs\RECOMMENDATION_DELIVERY_TOP5_V2\payloads\community_60\user_742_top5_v2.json,0xb72225f5d80c7e0b9d3e626204bf9612b2bb1e51ce0c36b33dcb8efe4789c972,c6c17a88f09bd88c7b645145d3669111c5576c56301349b7aac5451e702d7dd8,False,True,True,stored_onchain,
60,743,0x2e64f9481A4e142adba8B499A134154a03091E92,585,0x75F911ea4ceEA63FcB87cB906cc0e93800A06326,2,5,5,D:\PHD\بابل\2024\Research Reco\الجزء الثاني\lastfmReco\4 ايصال التوصيات بضمنها العقد\03_outputs\RECOMMENDATION_DELIVERY_TOP5_V2\payloads\community_60\user_743_top5_v2.json,0x92df6111847dc22e7675239e16aad5e86d4216b8e7dc4dcc2753a59870869071,f37bcf9818b8ff7abaf898ebddb3aa774441597ef317030ad70e1fb14395da19,False,True,True,stored_onchain,
60,759,0xd2DC93E1F1DfafE8BeA9B9EeF1991a64d76A5B2A,585,0x75F911ea4ceEA63FcB87cB906cc0e93800A06326,2,5,5,D:\PHD\بابل\2024\Research Reco\الجزء الثاني\lastfmReco\4 ايصال التوصيات بضمنها العقد\03_outputs\RECOMMENDATION_DELIVERY_TOP5_V2\payloads\community_60\user_759_top5_v2.json,0xbb159604c58ca739aa8d9b7970648f9521e4a67d7c946567411cc2ccc8c0a4d4,f444d9d27c7be086914d0d5e7f56366f19f4fdb14d2fef5d59a002d234fb7192,False,True,True,stored_onchain,
60,770,0xCE53b9080354505494065F95E252CE8006bEFD6f,585,0x75F911ea4ceEA63FcB87cB906cc0e93800A06326,2,5,5,D:\PHD\بابل\2024\Research Reco\الجزء الثاني\lastfmReco\4 ايصال التوصيات بضمنها العقد\03_outputs\RECOMMENDATION_DELIVERY_TOP5_V2\payloads\community_60\user_770_top5_v2.json,0xab7ccde0b85286bc0df5b7a29a58cc8a092ebf1ae004910c8271289c7584b91e,c7912f7fda81541601ecb686bce5940fe9301e0d4818e3fba5d8c96c3ebb09b3,False,True,True,stored_onchain,
60,780,0x5668a52f2815E70F379D7bFb5B7e96C4e8B346fc,585,0x75F911ea4ceEA63FcB87cB906cc0e93800A06326,2,5,5,D:\PHD\بابل\2024\Research Reco\الجزء الثاني\lastfmReco\4 ايصال التوصيات بضمنها العقد\03_outputs\RECOMMENDATION_DELIVERY_TOP5_V2\payloads\community_60\user_780_top5_v2.json,0x456dcd616a7968d115fbdee51bccd07ff570ca9aff11c9e40f16e317e9310394,f12f0cb13faafeb042924fd3689878da2948bb1f1432f38e3e2f978c08c04427,False,True,True,stored_onchain,
60,781,0x12e993585eB463bA9fd507Bae0C0Bc0c61dafa73,585,0x75F911ea4ceEA63FcB87cB906cc0e93800A06326,2,5,5,D:\PHD\بابل\2024\Research Reco\الجزء الثاني\lastfmReco\4 ايصال التوصيات بضمنها العقد\03_outputs\RECOMMENDATION_DELIVERY_TOP5_V2\payloads\community_60\user_781_top5_v2.json,0xf86f4247b0232d04fe79a8d12f0f1c5669015b22315deb3b533ea120320e5b9b,859c609689edde9f6e8ab44c836882253ddf52994fdad9ec7251ff833b0e557c,False,True,True,stored_onchain,
60,790,0x7dDc095116ffDc4ed7DF05A182018AfDa7C302E9,585,0x75F911ea4ceEA63FcB87cB906cc0e93800A06326,2,5,5,D:\PHD\بابل\2024\Research Reco\الجزء الثاني\lastfmReco\4 ايصال التوصيات بضمنها العقد\03_outputs\RECOMMENDATION_DELIVERY_TOP5_V2\payloads\community_60\user_790_top5_v2.json,0x4ab6a315ce480c02a82dd89f3c6a725e3c6f0a7d06cba90e1d27c487521a39d6,db7e158fd0dcefafac42a0601b1879256bfc22163a906b214ed439dc4458ecca,False,True,True,stored_onchain,
60,797,0xcF69d644A73c2d4039ac8DA099099b429134afAe,585,0x75F911ea4ceEA63FcB87cB906cc0e93800A06326,2,5,5,D:\PHD\بابل\2024\Research Reco\الجزء الثاني\lastfmReco\4 ايصال التوصيات بضمنها العقد\03_outputs\RECOMMENDATION_DELIVERY_TOP5_V2\payloads\community_60\user_797_top5_v2.json,0x3e120f8685e82ab8c4d36cc6989b63a7af20b752d0e978c2b0bc29cfa6998e1e,bdf51d89872027c6fdbf35804cf4b3215f27526cfbe147392ae3d116309ad39d,False,True,True,stored_onchain,
60,816,0x5cd81dc09094eC8cD766deA0aFaC47A90f6937b7,585,0x75F911ea4ceEA63FcB87cB906cc0e93800A06326,2,5,5,D:\PHD\بابل\2024\Research Reco\الجزء الثاني\lastfmReco\4 ايصال التوصيات بضمنها العقد\03_outputs\RECOMMENDATION_DELIVERY_TOP5_V2\payloads\community_60\user_816_top5_v2.json,0xeddb32c39b461edc0f6a6932fcb9b577fd7ad7386b97bdef9136ce227fb63042,0158ed4c89d71b0ea99950e220266a073831dd8da18dded859d1b382c1fa5828,False,True,True,stored_onchain,
60,882,0x25B7Bb12BC989C34dB4c9D43838cAAD48Cd87B78,585,0x75F911ea4ceEA63FcB87cB906cc0e93800A06326,2,5,5,D:\PHD\بابل\2024\Research Reco\الجزء الثاني\lastfmReco\4 ايصال التوصيات بضمنها العقد\03_outputs\RECOMMENDATION_DELIVERY_TOP5_V2\payloads\community_60\user_882_top5_v2.json,0x2b9f12ff72ac3699474de92950c2f10f362378c1a2b1d294a398b7cf798e6dc6,6419eea728796b829403ba3124bd1999b90800d04dd751376ccfed27c9ebeb94,False,True,True,stored_onchain,
60,911,0x4146B1571561C413a0F7093EE4697E3b68Bb2806,585,0x75F911ea4ceEA63FcB87cB906cc0e93800A06326,2,5,5,D:\PHD\بابل\2024\Research Reco\الجزء الثاني\lastfmReco\4 ايصال التوصيات بضمنها العقد\03_outputs\RECOMMENDATION_DELIVERY_TOP5_V2\payloads\community_60\user_911_top5_v2.json,0xcc312e7faa209b542958617396996be819ae22462481ba282ec12f4edc10c7fa,eeb67be38e241a86a30f188e70a0faef9e1c33a3dd31921db406a6fe42e4edc0,False,True,True,stored_onchain,
60,942,0xf713a7303475adE19BBAA84deE516407B6e6e3F7,585,0x75F911ea4ceEA63FcB87cB906cc0e93800A06326,2,5,5,D:\PHD\بابل\2024\Research Reco\الجزء الثاني\lastfmReco\4 ايصال التوصيات بضمنها العقد\03_outputs\RECOMMENDATION_DELIVERY_TOP5_V2\payloads\community_60\user_942_top5_v2.json,0x16799d20d5cccfe3f22d8b093bd9bb49a4c565a86430309263aa113dda50050e,8a1bd51f237ad64a910b2274700d99513d9da189853634df097a1a1564a13a1e,False,True,True,stored_onchain,
60,953,0x4dEe3350ccc00cc33F837220eccd4579374d5F7E,585,0x75F911ea4ceEA63FcB87cB906cc0e93800A06326,2,5,5,D:\PHD\بابل\2024\Research Reco\الجزء الثاني\lastfmReco\4 ايصال التوصيات بضمنها العقد\03_outputs\RECOMMENDATION_DELIVERY_TOP5_V2\payloads\community_60\user_953_top5_v2.json,0x6e40037634ac54537593dc582d9e1abb4907309a5eaed396fd1922faa450991b,803eb3f73791d84b42a58ae5a1b9fff688bb7d4b339261bd3843802efb94992e,False,True,True,stored_onchain,
60,982,0x95402D0a41ec882b99C4E5d0926c1A5FC0DEb31e,585,0x75F911ea4ceEA63FcB87cB906cc0e93800A06326,2,5,5,D:\PHD\بابل\2024\Research Reco\الجزء الثاني\lastfmReco\4 ايصال التوصيات بضمنها العقد\03_outputs\RECOMMENDATION_DELIVERY_TOP5_V2\payloads\community_60\user_982_top5_v2.json,0xa93fff7c59b7490cefb7777d896f7f35e155e26b3e3d46fadf49f278eda4ccfe,b04cb02d3e70267d731a8e623c0761370e4a2b2a734aa1310ae47f89859dc6f6,False,True,True,stored_onchain,
60,987,0xD496420CA317B419746F42f8ACAA1052475A7c0A,585,0x75F911ea4ceEA63FcB87cB906cc0e93800A06326,2,5,5,D:\PHD\بابل\2024\Research Reco\الجزء الثاني\lastfmReco\4 ايصال التوصيات بضمنها العقد\03_outputs\RECOMMENDATION_DELIVERY_TOP5_V2\payloads\community_60\user_987_top5_v2.json,0x476125c90c2e225f9696aa4170bbe705d5ddd982cd9435ae63e2b19692182e95,a8dc6791e6dc2a72936a1b2208732cae764e14d2c02d381fd3c1187f9df40d7a,False,True,True,stored_onchain,
60,1026,0x6d9fa99B770b1A0692102840DAcA5D587bbCAF71,585,0x75F911ea4ceEA63FcB87cB906cc0e93800A06326,2,5,5,D:\PHD\بابل\2024\Research Reco\الجزء الثاني\lastfmReco\4 ايصال التوصيات بضمنها العقد\03_outputs\RECOMMENDATION_DELIVERY_TOP5_V2\payloads\community_60\user_1026_top5_v2.json,0x614e0af6d0352a1bc604eda771dfd0deced0a37586e856caa1c26a6ca5035bd2,3b1587da5f38cdac71ba1648aafd7ad92fc5473a338ec9dbf3ae3886a9e315c2,False,True,True,stored_onchain,
60,1039,0x3f29B4b2Fc20a13b6237775858b2c775B1aFB5cd,585,0x75F911ea4ceEA63FcB87cB906cc0e93800A06326,2,5,5,D:\PHD\بابل\2024\Research Reco\الجزء الثاني\lastfmReco\4 ايصال التوصيات بضمنها العقد\03_outputs\RECOMMENDATION_DELIVERY_TOP5_V2\payloads\community_60\user_1039_top5_v2.json,0x08377a58b43493e16bee50b573cabb3f3d54b5fa1a8a63592c04cca5e641d513,1def27d564869b75fe35f27ba267de553b16b62925d5d1dd888306b072f528b6,False,True,True,stored_onchain,
60,1053,0x792c8a81756a95fC425a15eb32546bdB6568096e,585,0x75F911ea4ceEA63FcB87cB906cc0e93800A06326,2,5,5,D:\PHD\بابل\2024\Research Reco\الجزء الثاني\lastfmReco\4 ايصال التوصيات بضمنها العقد\03_outputs\RECOMMENDATION_DELIVERY_TOP5_V2\payloads\community_60\user_1053_top5_v2.json,0x7eac2e7b39aa52ba10337cc043081a1c87880189e518003917e8acef751e5bf1,8c23188546591ba7f98bb49f45507dbc2c7d019ae70f620dc7ed67acfd647592,False,True,True,stored_onchain,
60,1058,0x41296812d27184491B1959e0DDFFbEe7a40B9918,585,0x75F911ea4ceEA63FcB87cB906cc0e93800A06326,2,5,5,D:\PHD\بابل\2024\Research Reco\الجزء الثاني\lastfmReco\4 ايصال التوصيات بضمنها العقد\03_outputs\RECOMMENDATION_DELIVERY_TOP5_V2\payloads\community_60\user_1058_top5_v2.json,0x1149ce2dafb7f56a9dd55aae4c1b012ee74310c9c2887f395600ac0b7460ea34,b2c8171407db33cacc744d889f5cb3496268ef5e917e495a1660e56ba5bc4c14,False,True,True,stored_onchain,
60,1065,0x774C79b1ae3254dAE93fB7d33C98B387C5EFBe5c,585,0x75F911ea4ceEA63FcB87cB906cc0e93800A06326,2,5,5,D:\PHD\بابل\2024\Research Reco\الجزء الثاني\lastfmReco\4 ايصال التوصيات بضمنها العقد\03_outputs\RECOMMENDATION_DELIVERY_TOP5_V2\payloads\community_60\user_1065_top5_v2.json,0xe2b4f0be729a320e42fab66c74271967b638dfa8559ed84d359d6e3e4554c760,a5ab3ad6cfe4a30256c5311f72874b6ac9824c1d27b35b346fe0d7bbc90f1ee2,False,True,True,stored_onchain,
60,1071,0x4C34fd6768BF392f5A6675be137680DE5B991562,585,0x75F911ea4ceEA63FcB87cB906cc0e93800A06326,2,5,5,D:\PHD\بابل\2024\Research Reco\الجزء الثاني\lastfmReco\4 ايصال التوصيات بضمنها العقد\03_outputs\RECOMMENDATION_DELIVERY_TOP5_V2\payloads\community_60\user_1071_top5_v2.json,0x429695e2a48f6a2e4eaf0b714cbb5fca06503bbaed199493130692f3dec58fef,2f6db18c6bedc8a4c8c628b4f2f42729d1c048577eabdc533803e8ef1428b3ed,False,True,True,stored_onchain,
60,1124,0xc416E5848288210f2Fcb571F4B7D401ff57F47Bb,585,0x75F911ea4ceEA63FcB87cB906cc0e93800A06326,2,5,5,D:\PHD\بابل\2024\Research Reco\الجزء الثاني\lastfmReco\4 ايصال التوصيات بضمنها العقد\03_outputs\RECOMMENDATION_DELIVERY_TOP5_V2\payloads\community_60\user_1124_top5_v2.json,0x3d9c144f90d0d8bef716f06292aee3d647840ee0cccd409fecc1505119d36f91,7574b28e53b408c10d6feed29e426bc0d1310540356918a152dfa28b6c86bc13,False,True,True,stored_onchain,
60,1128,0x151169Cd90EF3AA4a2b628E6588f0C678368dbE3,585,0x75F911ea4ceEA63FcB87cB906cc0e93800A06326,2,5,5,D:\PHD\بابل\2024\Research Reco\الجزء الثاني\lastfmReco\4 ايصال التوصيات بضمنها العقد\03_outputs\RECOMMENDATION_DELIVERY_TOP5_V2\payloads\community_60\user_1128_top5_v2.json,0x965e61a2620f3da4cc7f92b7a8790e593f79587ae84cf20bfd9cdddc86510c52,50c6376586517b74b1abdc3afce9c0db0961f934f829d3d9d0c9388977900f0d,False,True,True,stored_onchain,
60,1135,0x8503D1f7931D5704aDEF752E0d1Fef35FBEf886e,585,0x75F911ea4ceEA63FcB87cB906cc0e93800A06326,2,5,5,D:\PHD\بابل\2024\Research Reco\الجزء الثاني\lastfmReco\4 ايصال التوصيات بضمنها العقد\03_outputs\RECOMMENDATION_DELIVERY_TOP5_V2\payloads\community_60\user_1135_top5_v2.json,0x253e1fd5c5ca05895422a004ecdaf18a8815444c6eadf4e3b1597c9739528a79,2fc2b5d131b454293920780014d180c5a17bda3c08f8320cead663e28506d69c,False,True,True,stored_onchain,
60,1136,0x890164f3bdf37BB9dFf96C202262e9531bd471fa,585,0x75F911ea4ceEA63FcB87cB906cc0e93800A06326,2,5,5,D:\PHD\بابل\2024\Research Reco\الجزء الثاني\lastfmReco\4 ايصال التوصيات بضمنها العقد\03_outputs\RECOMMENDATION_DELIVERY_TOP5_V2\payloads\community_60\user_1136_top5_v2.json,0x74cd8ac79857568dc30b4116d0a0b501e27f80b0fa4701c9ca46e928543dc997,a0bd94cefe21b3a4ee4e0d24ddc3a0086e8e1c2f07bd376654ab9bbdf958adf5,False,True,True,stored_onchain,
60,1161,0x69830556686200745A56857444cDCE7A3dEeE4Bf,585,0x75F911ea4ceEA63FcB87cB906cc0e93800A06326,2,5,5,D:\PHD\بابل\2024\Research Reco\الجزء الثاني\lastfmReco\4 ايصال التوصيات بضمنها العقد\03_outputs\RECOMMENDATION_DELIVERY_TOP5_V2\payloads\community_60\user_1161_top5_v2.json,0xe5323c60963a2c5cfdea018e774e9293821fd8bff2e613df6921ac78555eb2e7,d6c5a43f9c2163a2dd83b32b177d4c128c893b3f158e44681a2ea12b459ed41d,False,True,True,stored_onchain,
60,1186,0x5fB43157BB9628B3FDcc001c20b89cc647221E47,585,0x75F911ea4ceEA63FcB87cB906cc0e93800A06326,2,5,5,D:\PHD\بابل\2024\Research Reco\الجزء الثاني\lastfmReco\4 ايصال التوصيات بضمنها العقد\03_outputs\RECOMMENDATION_DELIVERY_TOP5_V2\payloads\community_60\user_1186_top5_v2.json,0x658da12f285288aeadc970635ea415f34ef8d902857448d9755442f418f4187b,df7b0ebdd47510052f92177fa78ba96e88149581017bbf975f4df398869b255d,False,True,True,stored_onchain,
60,1237,0x19c96Baaf60314Dc7a858f809b51B8d568A83DDc,585,0x75F911ea4ceEA63FcB87cB906cc0e93800A06326,2,5,5,D:\PHD\بابل\2024\Research Reco\الجزء الثاني\lastfmReco\4 ايصال التوصيات بضمنها العقد\03_outputs\RECOMMENDATION_DELIVERY_TOP5_V2\payloads\community_60\user_1237_top5_v2.json,0xf8e8c8a9a23cc33a91ee6f02317087e49877b32b727603d8e296b2dbeff23ba4,b8990cc031d3e7ac364ada4d27d31d3e5eb5ceb9d4fca052d3cedcd6eb9f4ff8,False,True,True,stored_onchain,
60,1253,0x5877d86233e65483C12C291E231ce876166263d0,585,0x75F911ea4ceEA63FcB87cB906cc0e93800A06326,2,5,5,D:\PHD\بابل\2024\Research Reco\الجزء الثاني\lastfmReco\4 ايصال التوصيات بضمنها العقد\03_outputs\RECOMMENDATION_DELIVERY_TOP5_V2\payloads\community_60\user_1253_top5_v2.json,0xb2056a01348649ce2d2ab18cfc638fda04089bb97c4435e477f0bf909032d141,933eb458031465242fff114d0c8b7601f7cd2f5795bfada4d4a02e210740843c,False,True,True,stored_onchain,
60,1272,0xF4A260d9C350627CDb7ECb6b2Ee10898Ea4d2296,585,0x75F911ea4ceEA63FcB87cB906cc0e93800A06326,2,5,5,D:\PHD\بابل\2024\Research Reco\الجزء الثاني\lastfmReco\4 ايصال التوصيات بضمنها العقد\03_outputs\RECOMMENDATION_DELIVERY_TOP5_V2\payloads\community_60\user_1272_top5_v2.json,0x6e5905fa917baeb744c2c3d0344a1bf2d3bc262d984bd89d3413fa474c1ce7d6,0b020656cbc09523dbf2bb04ea73a63daf8589ae441d28c6764886c625280d6f,False,True,True,stored_onchain,
60,1283,0xCBD265F6Cb703ac5E40D7Ceb4F4fe6b1eF17c771,585,0x75F911ea4ceEA63FcB87cB906cc0e93800A06326,2,5,5,D:\PHD\بابل\2024\Research Reco\الجزء الثاني\lastfmReco\4 ايصال التوصيات بضمنها العقد\03_outputs\RECOMMENDATION_DELIVERY_TOP5_V2\payloads\community_60\user_1283_top5_v2.json,0x29c1999a660b1683687aed883039b1824953bf0bd92c82837b2c0e26151f46be,41ee8a8de3f96030a8a97c1acaa1204716906c93f51e55f545573f1e8983c93b,False,True,True,stored_onchain,
60,1299,0xAD1bB53C5E36962C322674bE4AaB98D7d8b13580,585,0x75F911ea4ceEA63FcB87cB906cc0e93800A06326,2,5,5,D:\PHD\بابل\2024\Research Reco\الجزء الثاني\lastfmReco\4 ايصال التوصيات بضمنها العقد\03_outputs\RECOMMENDATION_DELIVERY_TOP5_V2\payloads\community_60\user_1299_top5_v2.json,0x4299cd2c2ae22459b59b5c448519e02c100ecfa1d5adb88edf4c016f5f9356d3,890629f2b9c7d640e6c255ae16fbe7c04623df8088fdd2147a833f9bd3d3882b,False,True,True,stored_onchain,
60,1307,0x5Da096Df06a467F478A7B3c10Cee6f443fE3dFAe,585,0x75F911ea4ceEA63FcB87cB906cc0e93800A06326,2,5,0,,,,,,,skipped_no_recommendations,
60,1332,0xeAb5eb280d79E0724e4f0e71B264357923542145,585,0x75F911ea4ceEA63FcB87cB906cc0e93800A06326,2,5,5,D:\PHD\بابل\2024\Research Reco\الجزء الثاني\lastfmReco\4 ايصال التوصيات بضمنها العقد\03_outputs\RECOMMENDATION_DELIVERY_TOP5_V2\payloads\community_60\user_1332_top5_v2.json,0x11fe7b2c5f6d338e771760e0b1fdd2d69a1f728ebba4653ab3776978d727ce87,0467030a78fb5cddb0a14b9cccc5d411700bacc6890d7ed5262f1c9d6394cd59,False,True,True,stored_onchain,
60,1351,0xA58AC3F49260f2213de390917bC5A41Ac280062d,585,0x75F911ea4ceEA63FcB87cB906cc0e93800A06326,2,5,5,D:\PHD\بابل\2024\Research Reco\الجزء الثاني\lastfmReco\4 ايصال التوصيات بضمنها العقد\03_outputs\RECOMMENDATION_DELIVERY_TOP5_V2\payloads\community_60\user_1351_top5_v2.json,0x94a4140faa130104977d9b0c8b044daec8baad52636d6f03a79c27713faa7b1e,3bbfa429b7cfa76f0dbb574e0ac87ad4cd7c417abf46a9291135659855085cbf,False,True,True,stored_onchain,
60,1356,0x2B60b87E0Bd93a0EaB405B7D67C4FC682D62dfE0,585,0x75F911ea4ceEA63FcB87cB906cc0e93800A06326,2,5,5,D:\PHD\بابل\2024\Research Reco\الجزء الثاني\lastfmReco\4 ايصال التوصيات بضمنها العقد\03_outputs\RECOMMENDATION_DELIVERY_TOP5_V2\payloads\community_60\user_1356_top5_v2.json,0x78664d2677aa52b6bc8180b3246548beac4c5a194da7a357195f96b9f6a56dbc,3fd0d538d4e30bb61e58934e5e6f7774c3e2ffb0f4312ad1faca0769b3678f23,False,True,True,stored_onchain,
60,1367,0x4f459c6540863eA8EAE4dD425d234485FE7C32Ad,585,0x75F911ea4ceEA63FcB87cB906cc0e93800A06326,2,5,5,D:\PHD\بابل\2024\Research Reco\الجزء الثاني\lastfmReco\4 ايصال التوصيات بضمنها العقد\03_outputs\RECOMMENDATION_DELIVERY_TOP5_V2\payloads\community_60\user_1367_top5_v2.json,0xfd006bc0e91f8d6340330a4a5b983ad0bd24958e2d3bcaa92a30b1336db15c5f,050593cae4d7d7085b65b8859e1f2437b5800ef2f4039fdc03698272cdb5a377,False,True,True,stored_onchain,
60,1388,0xc6F73d20aD7D1765902b3b0bDD094d0f0518C9a3,585,0x75F911ea4ceEA63FcB87cB906cc0e93800A06326,2,5,5,D:\PHD\بابل\2024\Research Reco\الجزء الثاني\lastfmReco\4 ايصال التوصيات بضمنها العقد\03_outputs\RECOMMENDATION_DELIVERY_TOP5_V2\payloads\community_60\user_1388_top5_v2.json,0x6f9aad28bd42f470d7e98ac4ed8f17c032dff5f2887da5c2326d7832e2be69cf,cefa8a32bf4efc33fc256a32f0097b02db29d137fc30302b375ced71498146ac,False,True,True,stored_onchain,
60,1399,0x7b41f8c23499432b99386fcb145Bd2f2907093De,585,0x75F911ea4ceEA63FcB87cB906cc0e93800A06326,2,5,5,D:\PHD\بابل\2024\Research Reco\الجزء الثاني\lastfmReco\4 ايصال التوصيات بضمنها العقد\03_outputs\RECOMMENDATION_DELIVERY_TOP5_V2\payloads\community_60\user_1399_top5_v2.json,0xfa93aa067f5aade46d8994b8fda52180b226e67375b8bd580cddf16dcd77bb4c,41521135b347d79e811792bfcf2060072c839b41f7083def8e2a6fdc0cb11509,False,True,True,stored_onchain,
60,1418,0x5a86b1baFC3ab45752D8d2795Bc9cfDB5C8AE935,585,0x75F911ea4ceEA63FcB87cB906cc0e93800A06326,2,5,5,D:\PHD\بابل\2024\Research Reco\الجزء الثاني\lastfmReco\4 ايصال التوصيات بضمنها العقد\03_outputs\RECOMMENDATION_DELIVERY_TOP5_V2\payloads\community_60\user_1418_top5_v2.json,0x1bbb88608ba31a2b1c612376f108f872704c235f46efc45448c9e4c6ece37df4,579fe0529d2f1f39c4415b0ed39066f46a8917b53df0a4d02fc6416e6eccac39,False,True,True,stored_onchain,
60,1437,0x73206a79E94049e691e057C5E519d6f28d55aA27,585,0x75F911ea4ceEA63FcB87cB906cc0e93800A06326,2,5,5,D:\PHD\بابل\2024\Research Reco\الجزء الثاني\lastfmReco\4 ايصال التوصيات بضمنها العقد\03_outputs\RECOMMENDATION_DELIVERY_TOP5_V2\payloads\community_60\user_1437_top5_v2.json,0x01966e33a7e85d3d25b5bb2851ed5998cf070e8f1d9fb50f6b8d600f50fa4962,8f01d8336363c223d5200dc698fe4a0ac14d0e9c30a1085706e5329b907e68b5,False,True,True,stored_onchain,
60,1476,0x5304b57b1Ca56273faA13826380470ED5a16578d,585,0x75F911ea4ceEA63FcB87cB906cc0e93800A06326,2,5,5,D:\PHD\بابل\2024\Research Reco\الجزء الثاني\lastfmReco\4 ايصال التوصيات بضمنها العقد\03_outputs\RECOMMENDATION_DELIVERY_TOP5_V2\payloads\community_60\user_1476_top5_v2.json,0xf1f59eb517a32825f1a142c52b6fe227939db32aacf44fbff8781e30426af726,ee066ad5b54114c3cc88acbe9330460b3503c0af3a8597ad88575c901462a310,False,True,True,stored_onchain,
60,1483,0xD9752cb42DF7F6917CFA1B21e953C2433a1059e1,585,0x75F911ea4ceEA63FcB87cB906cc0e93800A06326,2,5,5,D:\PHD\بابل\2024\Research Reco\الجزء الثاني\lastfmReco\4 ايصال التوصيات بضمنها العقد\03_outputs\RECOMMENDATION_DELIVERY_TOP5_V2\payloads\community_60\user_1483_top5_v2.json,0x947d839103eb77de96781af40dd2eadc1fce5b6788f8b66e1aab0e6f1ff2aaa7,d8dd4fa35c6ee0e5a7faeb84c49227b3eaa52a0ab70077cf16e89568084fb4c4,False,True,True,stored_onchain,
60,1516,0xC7baaD18044a9E24D38d2EaB65a333Eb92DCcAB4,585,0x75F911ea4ceEA63FcB87cB906cc0e93800A06326,2,5,5,D:\PHD\بابل\2024\Research Reco\الجزء الثاني\lastfmReco\4 ايصال التوصيات بضمنها العقد\03_outputs\RECOMMENDATION_DELIVERY_TOP5_V2\payloads\community_60\user_1516_top5_v2.json,0x4c8bf4ddbda1b714187c27137084948854daf471ae1ab740c524427f88efd359,2b215fc14b54dde185b35a71ff2867767282c7c9bc10a17fb1b72eda71a9371e,False,True,True,stored_onchain,
60,1520,0x96002E72c17206521678658C215b10f94Bd50a4B,585,0x75F911ea4ceEA63FcB87cB906cc0e93800A06326,2,5,5,D:\PHD\بابل\2024\Research Reco\الجزء الثاني\lastfmReco\4 ايصال التوصيات بضمنها العقد\03_outputs\RECOMMENDATION_DELIVERY_TOP5_V2\payloads\community_60\user_1520_top5_v2.json,0xfe019d11643c60e02bb5054879ae4558b5de162ea02858eee48d8d7725edb770,c3ef7c5eb3fd16f97ca61d7b0ae20ff28d471fd39925c3c159d49479fa6ed732,False,True,True,stored_onchain,
60,1535,0xFc5D3a790d69351d74C9b3E2d03e9fBc93A50A2A,585,0x75F911ea4ceEA63FcB87cB906cc0e93800A06326,2,5,5,D:\PHD\بابل\2024\Research Reco\الجزء الثاني\lastfmReco\4 ايصال التوصيات بضمنها العقد\03_outputs\RECOMMENDATION_DELIVERY_TOP5_V2\payloads\community_60\user_1535_top5_v2.json,0x128a7b9137d54944f3b9320fdb2d87f1117263c9af0cc30a476915c59a0e5f93,00067d400e6f9490d8c37fc992e5e16427c196de9b2f46edf786f0f60d525bdc,False,True,True,stored_onchain,
60,1540,0x3BFE053b40C10c2325A8292Fb594a0bB8Bdf8c1F,585,0x75F911ea4ceEA63FcB87cB906cc0e93800A06326,2,5,5,D:\PHD\بابل\2024\Research Reco\الجزء الثاني\lastfmReco\4 ايصال التوصيات بضمنها العقد\03_outputs\RECOMMENDATION_DELIVERY_TOP5_V2\payloads\community_60\user_1540_top5_v2.json,0x1d44834354ae8bd30b1f5b7e0583c413d4231db69e2898bd42c314fa1d5aa5b4,287f3b3061c8837982a44f70c920010a84faae6d5584edcba532b488f1598f63,False,True,True,stored_onchain,
60,1562,0xFd347Af4d1719Bc2DFBFDeA2925b25d248B3fd8f,585,0x75F911ea4ceEA63FcB87cB906cc0e93800A06326,2,5,5,D:\PHD\بابل\2024\Research Reco\الجزء الثاني\lastfmReco\4 ايصال التوصيات بضمنها العقد\03_outputs\RECOMMENDATION_DELIVERY_TOP5_V2\payloads\community_60\user_1562_top5_v2.json,0xf8acbc910f88e0f3182289f685efeaa2aeffbc1a4d6811c4de3c1be3020d977c,3ba3c526ebc19f98a655b13bc196f1ca36155210c6cbe757dbfc806937670b3c,False,True,True,stored_onchain,
60,1566,0x2b222B33dc178F20E35eC02Ba15890B04176f4Bf,585,0x75F911ea4ceEA63FcB87cB906cc0e93800A06326,2,5,5,D:\PHD\بابل\2024\Research Reco\الجزء الثاني\lastfmReco\4 ايصال التوصيات بضمنها العقد\03_outputs\RECOMMENDATION_DELIVERY_TOP5_V2\payloads\community_60\user_1566_top5_v2.json,0xcf1abe69b28de933a2e983933deb33bdbdd13f0e4e5a0dc72c81d95e001f3981,6389c118f6e101f8dc588f7a46e9c12f38968f8f7a6f3511f55db2d5075965f8,False,True,True,stored_onchain,
60,1580,0x65Be25A50E4eb57E6185fe18Fef0Da1966C02A9F,585,0x75F911ea4ceEA63FcB87cB906cc0e93800A06326,2,5,5,D:\PHD\بابل\2024\Research Reco\الجزء الثاني\lastfmReco\4 ايصال التوصيات بضمنها العقد\03_outputs\RECOMMENDATION_DELIVERY_TOP5_V2\payloads\community_60\user_1580_top5_v2.json,0x9318d08b487d262d0be2a0b92fa5b966ec9e650870297494bfc0958002194691,5612d79cf55b4d6bc26abe533d073e92ed7fa2980ce5503eb0cba2ee2ddf7a5a,False,True,True,stored_onchain,
60,1591,0x3d6329F5e83E94288C06f5661dD2355BC83be9Fe,585,0x75F911ea4ceEA63FcB87cB906cc0e93800A06326,2,5,5,D:\PHD\بابل\2024\Research Reco\الجزء الثاني\lastfmReco\4 ايصال التوصيات بضمنها العقد\03_outputs\RECOMMENDATION_DELIVERY_TOP5_V2\payloads\community_60\user_1591_top5_v2.json,0x16d49ac9d4999555aa73ad8a671f24a836d91f1814c90d9b512cd009c93579c7,830d61488897d24bb3e55d0dd62176bd99474d0c55f3f73edf3da431056bc298,False,True,True,stored_onchain,
60,1606,0xd0c8b14d72b65a395Dd16Ab96402486D74db9FbC,585,0x75F911ea4ceEA63FcB87cB906cc0e93800A06326,2,5,5,D:\PHD\بابل\2024\Research Reco\الجزء الثاني\lastfmReco\4 ايصال التوصيات بضمنها العقد\03_outputs\RECOMMENDATION_DELIVERY_TOP5_V2\payloads\community_60\user_1606_top5_v2.json,0x4cf26a42d9b25ceaa90d96e4e952ac6f96158fb44eec8d3ba456d2058d07c1c9,5879146ac622bbfb4ae93a804a53e26f1218bf8112cdc960cf89efeff5f37ead,False,True,True,stored_onchain,
60,1647,0xfF9efB6D53aC2b4ED9E8277e6837F7547b14eb5B,585,0x75F911ea4ceEA63FcB87cB906cc0e93800A06326,2,5,5,D:\PHD\بابل\2024\Research Reco\الجزء الثاني\lastfmReco\4 ايصال التوصيات بضمنها العقد\03_outputs\RECOMMENDATION_DELIVERY_TOP5_V2\payloads\community_60\user_1647_top5_v2.json,0xd228d5b834dfc6775dfbd7c6adf6a4b12e1692d421eb47dced5461149394a77f,20c0a4e21fc45cef91cc42236244b4a7e2c3948e8141c3d9d1be20b1bf182a45,False,True,True,stored_onchain,
60,1649,0xaF2e0E6b01bc355584B0eba0a1A0BB3bF02A97F1,585,0x75F911ea4ceEA63FcB87cB906cc0e93800A06326,2,5,5,D:\PHD\بابل\2024\Research Reco\الجزء الثاني\lastfmReco\4 ايصال التوصيات بضمنها العقد\03_outputs\RECOMMENDATION_DELIVERY_TOP5_V2\payloads\community_60\user_1649_top5_v2.json,0x3629bfa295c0728978d5b5a43a908bfe0e8f18ae9a95fc2b246c0a8c06726b38,d6e36edc04ef8f94cc706ec20c958a1ac271ae096085e2cef17c38e077ef0970,False,True,True,stored_onchain,
60,1678,0xceEc595738BbB38F0caaA8A89F04FA108Afe9159,585,0x75F911ea4ceEA63FcB87cB906cc0e93800A06326,2,5,5,D:\PHD\بابل\2024\Research Reco\الجزء الثاني\lastfmReco\4 ايصال التوصيات بضمنها العقد\03_outputs\RECOMMENDATION_DELIVERY_TOP5_V2\payloads\community_60\user_1678_top5_v2.json,0x06ac22b21a6bc0566431cc7e211e22166d92c99d7eff57d0b52b8ed8f1aa6e52,ce3b8af045ecf697fdf0f049adf3414d8ad89ed9ad45f2d2761dcbe3b6ebd85c,False,True,True,stored_onchain,
60,1692,0x48292c6A2B70109255fe7d983b9e6892FFf17314,585,0x75F911ea4ceEA63FcB87cB906cc0e93800A06326,2,5,5,D:\PHD\بابل\2024\Research Reco\الجزء الثاني\lastfmReco\4 ايصال التوصيات بضمنها العقد\03_outputs\RECOMMENDATION_DELIVERY_TOP5_V2\payloads\community_60\user_1692_top5_v2.json,0xe84f17187750a60c13ed2b81c3ce4fc673eb2676f62c4248c5cb45decc4e73b9,3c0c2f42527fe404f9e4f5ceca46a155b82ded141c130059e0cf2a7c73309dfd,False,True,True,stored_onchain,
60,1715,0x731eC980DeC5900E1948407F11ea5983eeC9f724,585,0x75F911ea4ceEA63FcB87cB906cc0e93800A06326,2,5,5,D:\PHD\بابل\2024\Research Reco\الجزء الثاني\lastfmReco\4 ايصال التوصيات بضمنها العقد\03_outputs\RECOMMENDATION_DELIVERY_TOP5_V2\payloads\community_60\user_1715_top5_v2.json,0x4371fc9e4968e63fb529236b01fbf844b770647c2805dd4afd84a52feceb8de4,5dfe011512acf06295859345d408469337bfaee7f1d21333d967ce9c80b23522,False,True,True,stored_onchain,
60,1725,0xc310411729Bf09A04745780594308CD13d4EEEF8,585,0x75F911ea4ceEA63FcB87cB906cc0e93800A06326,2,5,5,D:\PHD\بابل\2024\Research Reco\الجزء الثاني\lastfmReco\4 ايصال التوصيات بضمنها العقد\03_outputs\RECOMMENDATION_DELIVERY_TOP5_V2\payloads\community_60\user_1725_top5_v2.json,0xdc7cfdb90f0d0d9026dd2b4a12b2e0d8c69bda72eb9d267cfb4cd8ef573689e8,eb1dca5e3c0c6fbfa589aac236636844d9e6b3a881622d8b995a84ab172d6291,False,True,True,stored_onchain,
60,1734,0x27fAc1Ec21A1A71f8E086b9d6771D6E11bb2f42C,585,0x75F911ea4ceEA63FcB87cB906cc0e93800A06326,2,5,5,D:\PHD\بابل\2024\Research Reco\الجزء الثاني\lastfmReco\4 ايصال التوصيات بضمنها العقد\03_outputs\RECOMMENDATION_DELIVERY_TOP5_V2\payloads\community_60\user_1734_top5_v2.json,0x8f670c5f48ecf4a2753c8c84011b1237fac5e4c78221b45d5782cf6730231cd9,94bdf76135b554b5e73615e1b6ea2e8007649df34394f3bd64bed0d5a9baf938,False,True,True,stored_onchain,
60,1757,0x03CDC69367ba35D0bd6190d4cDb1DDC1C448A8e7,585,0x75F911ea4ceEA63FcB87cB906cc0e93800A06326,2,5,5,D:\PHD\بابل\2024\Research Reco\الجزء الثاني\lastfmReco\4 ايصال التوصيات بضمنها العقد\03_outputs\RECOMMENDATION_DELIVERY_TOP5_V2\payloads\community_60\user_1757_top5_v2.json,0x4703477be3f808d7877f379cd9671c3807055281f34f4cdc64f7e7cfce734abb,7332d7656c65c44c016f89fe2d1760472aa7aed1022527bd605b5e017a600c23,False,True,True,stored_onchain,
60,1766,0x588BEe113AceB64fe80dD69159e7F69e1867f388,585,0x75F911ea4ceEA63FcB87cB906cc0e93800A06326,2,5,5,D:\PHD\بابل\2024\Research Reco\الجزء الثاني\lastfmReco\4 ايصال التوصيات بضمنها العقد\03_outputs\RECOMMENDATION_DELIVERY_TOP5_V2\payloads\community_60\user_1766_top5_v2.json,0x39119c3e6b77a0505ce7548bc996df0e6f9afc71699c633caaf652d400ae3da4,407b658921f283c750b6400573dfad9abfcb11925a8dc7733f33939b1289bc05,False,True,True,stored_onchain,
60,1780,0x648F22ce2009E6EDDEf72177Cde5DF695A335174,585,0x75F911ea4ceEA63FcB87cB906cc0e93800A06326,2,5,5,D:\PHD\بابل\2024\Research Reco\الجزء الثاني\lastfmReco\4 ايصال التوصيات بضمنها العقد\03_outputs\RECOMMENDATION_DELIVERY_TOP5_V2\payloads\community_60\user_1780_top5_v2.json,0x5fc32b1c7d0a649cbdc2edcfcdc4c7e284bb72114cdc63e6fa2b9b0080ae3bd2,81b710a0fb5d1750f9870c34234659320a7c38c108600deaf5361e0eb02e612b,False,True,True,stored_onchain,
60,1786,0xb0a6eC2b00abFfc230d15b16057B153829474cA2,585,0x75F911ea4ceEA63FcB87cB906cc0e93800A06326,2,5,5,D:\PHD\بابل\2024\Research Reco\الجزء الثاني\lastfmReco\4 ايصال التوصيات بضمنها العقد\03_outputs\RECOMMENDATION_DELIVERY_TOP5_V2\payloads\community_60\user_1786_top5_v2.json,0x079e3ad0fbaa33c86894e87be04de7c84978284896f2905b7a839bcd0674492d,431d9f6932fd641534c36d10210d60dc064c2176e16360d5619b603b48cad404,False,True,True,stored_onchain,
60,1799,0x2A4f96a778f84bd3F5C952c607D12C220b4E91C1,585,0x75F911ea4ceEA63FcB87cB906cc0e93800A06326,2,5,5,D:\PHD\بابل\2024\Research Reco\الجزء الثاني\lastfmReco\4 ايصال التوصيات بضمنها العقد\03_outputs\RECOMMENDATION_DELIVERY_TOP5_V2\payloads\community_60\user_1799_top5_v2.json,0xe9dc90c0b528bcb6632ff10f4abaa823304e7d1c1377b921a76bf8f794a2d0ba,87a4bacdf869a5c4f91d4fabd97ff430f071781a3e87b4ca8e002fddf3f94514,False,True,True,stored_onchain,
60,1808,0x98331BF1384914fc0a46f11fB6b9663f3ECdEFe3,585,0x75F911ea4ceEA63FcB87cB906cc0e93800A06326,2,5,5,D:\PHD\بابل\2024\Research Reco\الجزء الثاني\lastfmReco\4 ايصال التوصيات بضمنها العقد\03_outputs\RECOMMENDATION_DELIVERY_TOP5_V2\payloads\community_60\user_1808_top5_v2.json,0x150475aa523408b21c9c96ac57fed0600aeacf3fab8ea6ad36d9f00b1f9d617f,fcd14c7904c40939226f736ee1b27a4666cf33a5c6d4df53dec33e4190c6bf6b,False,True,True,stored_onchain,
60,1813,0x041529163149d1dAE8Dc332b8c487BC641f7D95B,585,0x75F911ea4ceEA63FcB87cB906cc0e93800A06326,2,5,5,D:\PHD\بابل\2024\Research Reco\الجزء الثاني\lastfmReco\4 ايصال التوصيات بضمنها العقد\03_outputs\RECOMMENDATION_DELIVERY_TOP5_V2\payloads\community_60\user_1813_top5_v2.json,0xce4dc5d1f8ab2b4cca5ab9134920b3bfe9eb1d9d23880755a134e320f67b6c71,1cd55df3760996bcf1a84c68900116186493d37f6a2396480b9de40bb3be6b07,False,True,True,stored_onchain,
60,1821,0xae26251114C646caa966dEb29BA0f449B65bc355,585,0x75F911ea4ceEA63FcB87cB906cc0e93800A06326,2,5,5,D:\PHD\بابل\2024\Research Reco\الجزء الثاني\lastfmReco\4 ايصال التوصيات بضمنها العقد\03_outputs\RECOMMENDATION_DELIVERY_TOP5_V2\payloads\community_60\user_1821_top5_v2.json,0x03ac4837cd3dedac1c3057721e308bddce710dc3428f2826a5b2f0876e6925cd,e52dec45ae4b87b7df1ef6689c38e5763e532598a655537edcf12f4832aa0b4f,False,True,True,stored_onchain,
60,1826,0x6417016024E4739aCBE1e37ceAe7d60ED7445656,585,0x75F911ea4ceEA63FcB87cB906cc0e93800A06326,2,5,5,D:\PHD\بابل\2024\Research Reco\الجزء الثاني\lastfmReco\4 ايصال التوصيات بضمنها العقد\03_outputs\RECOMMENDATION_DELIVERY_TOP5_V2\payloads\community_60\user_1826_top5_v2.json,0x171e8b706e13f8901aa091ca1caeaefc6238484e0b8dade65f671cfe866f0bd3,cf84bdbe041c65fe80ff9611a9eae59e5f6632bc6608f892352ba264f051becf,False,True,True,stored_onchain,
60,1833,0x95Cf4ffb7dd88c008a53D228456c3CA955980268,585,0x75F911ea4ceEA63FcB87cB906cc0e93800A06326,2,5,5,D:\PHD\بابل\2024\Research Reco\الجزء الثاني\lastfmReco\4 ايصال التوصيات بضمنها العقد\03_outputs\RECOMMENDATION_DELIVERY_TOP5_V2\payloads\community_60\user_1833_top5_v2.json,0xfca9fc649496df0a15f96abbcf8c080d99828d0950c343d38fc9c43bbf81d0d8,a9bb75615b11cc93d17eec8dee4980d1ae1c40a10fc583618cc93e4d12982de7,False,True,True,stored_onchain,
60,1850,0xb37302220a528148ef5a8763E3FC5272c6e9830a,585,0x75F911ea4ceEA63FcB87cB906cc0e93800A06326,2,5,5,D:\PHD\بابل\2024\Research Reco\الجزء الثاني\lastfmReco\4 ايصال التوصيات بضمنها العقد\03_outputs\RECOMMENDATION_DELIVERY_TOP5_V2\payloads\community_60\user_1850_top5_v2.json,0x5bf3613de4cd05e81736ce1a4a6b5ea6cda2a364a1a485bb246c010aa9b0b63b,e16ee6b1c00f6dacf0ca8b7301b583043b060c4c4d963bc832ad70faae145220,False,True,True,stored_onchain,
60,1894,0x374477828230E47c3B42816c1dfd1b169E85f482,585,0x75F911ea4ceEA63FcB87cB906cc0e93800A06326,2,5,5,D:\PHD\بابل\2024\Research Reco\الجزء الثاني\lastfmReco\4 ايصال التوصيات بضمنها العقد\03_outputs\RECOMMENDATION_DELIVERY_TOP5_V2\payloads\community_60\user_1894_top5_v2.json,0xbfba2a21f292a6407f1e40ffb5c6ea1b4086d2f2bddb56b3787d948519e45a3c,bf1170c2d07a1c0950c053d07c4d14502773fd20c01b678d022813a496c5f6c2,False,True,True,stored_onchain,
60,1895,0x49431A80040F33FA32531cF734f1035e8a65310F,585,0x75F911ea4ceEA63FcB87cB906cc0e93800A06326,2,5,5,D:\PHD\بابل\2024\Research Reco\الجزء الثاني\lastfmReco\4 ايصال التوصيات بضمنها العقد\03_outputs\RECOMMENDATION_DELIVERY_TOP5_V2\payloads\community_60\user_1895_top5_v2.json,0xa8e4e36f2c506f3a4f4f4d17b5e03eff6a5428e254729e4af3884c95d0b769e0,d42dbeebee800ebbf34c517ecce60e9a955b4bc993ae21040dea65739df0b4c4,False,True,True,stored_onchain,
60,1917,0x945389aa25bDB860Ed3273a889a2067b7b62d5a0,585,0x75F911ea4ceEA63FcB87cB906cc0e93800A06326,2,5,5,D:\PHD\بابل\2024\Research Reco\الجزء الثاني\lastfmReco\4 ايصال التوصيات بضمنها العقد\03_outputs\RECOMMENDATION_DELIVERY_TOP5_V2\payloads\community_60\user_1917_top5_v2.json,0xdbed05941929d5189acec329e05e36fed8516fd117cf17b9f37dae215435ac32,b924f2b032c5046da4febbd7b078a3cdf4ca7a02ab6934eeee35854958caad96,False,True,True,stored_onchain,
60,1956,0x66ba15e7586bb12F5e2d3F0Fe73a8e5E02De6405,585,0x75F911ea4ceEA63FcB87cB906cc0e93800A06326,2,5,5,D:\PHD\بابل\2024\Research Reco\الجزء الثاني\lastfmReco\4 ايصال التوصيات بضمنها العقد\03_outputs\RECOMMENDATION_DELIVERY_TOP5_V2\payloads\community_60\user_1956_top5_v2.json,0xbac980e8b361a62afb8cbcf0e6932bcd4485d683489fe5ce63f0839bbf8c3a8f,dce89f7e91113474a2c30e3a9d0a721bc6ae62543898bc4b13126f768e0d7460,False,True,True,stored_onchain,
60,1988,0x06aBA2e89fa8a20A3989383cEd3fbA98F2823bbb,585,0x75F911ea4ceEA63FcB87cB906cc0e93800A06326,2,5,5,D:\PHD\بابل\2024\Research Reco\الجزء الثاني\lastfmReco\4 ايصال التوصيات بضمنها العقد\03_outputs\RECOMMENDATION_DELIVERY_TOP5_V2\payloads\community_60\user_1988_top5_v2.json,0xe4b7e0fd20a0fd78b41e9f695cad475193aabc6e9cd1d44bed6350edd9b0d6d1,cf92d2b711b976f602387caad7dabc25a02db45fa0e62dc99f0aaeabcb1f6da6,False,True,True,stored_onchain,
60,2020,0x6305a0Ca981C1e21d69963405E2f8E30e6b998c7,585,0x75F911ea4ceEA63FcB87cB906cc0e93800A06326,2,5,5,D:\PHD\بابل\2024\Research Reco\الجزء الثاني\lastfmReco\4 ايصال التوصيات بضمنها العقد\03_outputs\RECOMMENDATION_DELIVERY_TOP5_V2\payloads\community_60\user_2020_top5_v2.json,0xb2f4a8b4c3023c417dc042ba16f4140f8dd6cda50da53e7a6de2e1ca236daf88,0d1394b7cb570617e9c979e65f4703db8aaa938afb9009e7a216230d1bb07dae,False,True,True,stored_onchain,
60,2033,0xa5698B5aFC33Aa164fa2cb625f1eF1791D88a34E,585,0x75F911ea4ceEA63FcB87cB906cc0e93800A06326,2,5,5,D:\PHD\بابل\2024\Research Reco\الجزء الثاني\lastfmReco\4 ايصال التوصيات بضمنها العقد\03_outputs\RECOMMENDATION_DELIVERY_TOP5_V2\payloads\community_60\user_2033_top5_v2.json,0xabb4a431b8cf6e7042fcbe008d5586cf6119396928cd7534e3847501e654df9e,8de5b14ed87c8d14ec7c665f4173fc6524e54bbcfcb3a3480ff1c0af88f82377,False,True,True,stored_onchain,
60,2038,0x5AAf70AD83697A14011F957e12E5Eb4EBC9782Da,585,0x75F911ea4ceEA63FcB87cB906cc0e93800A06326,2,5,5,D:\PHD\بابل\2024\Research Reco\الجزء الثاني\lastfmReco\4 ايصال التوصيات بضمنها العقد\03_outputs\RECOMMENDATION_DELIVERY_TOP5_V2\payloads\community_60\user_2038_top5_v2.json,0x6df6962f12337106a0015b98cc5ba463382b2bfcf38e1242d0f5221b6af82573,5494c4f529c3201abc8485e1d6414a85d6a7435d86dd373c24f31845b3436f4f,False,True,True,stored_onchain,
60,2053,0xc6C5Db33F30c2F096aA1c2DDC0438850f750729D,585,0x75F911ea4ceEA63FcB87cB906cc0e93800A06326,2,5,5,D:\PHD\بابل\2024\Research Reco\الجزء الثاني\lastfmReco\4 ايصال التوصيات بضمنها العقد\03_outputs\RECOMMENDATION_DELIVERY_TOP5_V2\payloads\community_60\user_2053_top5_v2.json,0x9e02b50346ba306218bfad5628fa1ceafeb3dca86521cc53f044331da2c105ce,ce694a28182d6e498f44545dfde90e57962d5697a175f3dd28707f5004363036,False,True,True,stored_onchain,
60,2059,0x965Fb06aC8aC7760e8e68442c33C19992C86f27F,585,0x75F911ea4ceEA63FcB87cB906cc0e93800A06326,2,5,5,D:\PHD\بابل\2024\Research Reco\الجزء الثاني\lastfmReco\4 ايصال التوصيات بضمنها العقد\03_outputs\RECOMMENDATION_DELIVERY_TOP5_V2\payloads\community_60\user_2059_top5_v2.json,0xa04509c60771c9139608f05625eb130720943645d4d5cca0daf8c86e53b47279,5bd1f80412a36072a2fe34a70bbfa0a2e3469b6d61522c51236a104406e310c1,False,True,True,stored_onchain,
60,2065,0x2b51640f727D50339da28dA6dD34fC169D6501D6,585,0x75F911ea4ceEA63FcB87cB906cc0e93800A06326,2,5,5,D:\PHD\بابل\2024\Research Reco\الجزء الثاني\lastfmReco\4 ايصال التوصيات بضمنها العقد\03_outputs\RECOMMENDATION_DELIVERY_TOP5_V2\payloads\community_60\user_2065_top5_v2.json,0x5769121a7d7629bd46b2832f989128084588434ddf1144e250409b2800d7867b,dbebc48d2db8fca873f92dacdfd0a06f8c50cd158fbc9fdd96301047c9252157,False,True,True,stored_onchain,
60,2076,0x2c1A85C05f2F31adDAF884a487D0f916E1Bc29f5,585,0x75F911ea4ceEA63FcB87cB906cc0e93800A06326,2,5,5,D:\PHD\بابل\2024\Research Reco\الجزء الثاني\lastfmReco\4 ايصال التوصيات بضمنها العقد\03_outputs\RECOMMENDATION_DELIVERY_TOP5_V2\payloads\community_60\user_2076_top5_v2.json,0x470f7d77ba8e62b45869598862ca93ce6b9b49b2bebd01f611ccf0357afbd974,167b19664ac1b41d9c20842dd6d34c34bc23a2ab9eb006f44cc73293f0564079,False,True,True,stored_onchain,
60,2087,0xe792D60320AC736d662590C632f548f110D34607,585,0x75F911ea4ceEA63FcB87cB906cc0e93800A06326,2,5,5,D:\PHD\بابل\2024\Research Reco\الجزء الثاني\lastfmReco\4 ايصال التوصيات بضمنها العقد\03_outputs\RECOMMENDATION_DELIVERY_TOP5_V2\payloads\community_60\user_2087_top5_v2.json,0x224c60b8be1a6eb70391cd9592a045c06d46a85f652c176481b6b846a752aa5c,101bee2f8ccdb98582fd052da620de241846703becec78b34246daff78f52829,False,True,True,stored_onchain,
60,2088,0xFF22fb6DB46F2d555437B9ACBAe838EBd338ace1,585,0x75F911ea4ceEA63FcB87cB906cc0e93800A06326,2,5,5,D:\PHD\بابل\2024\Research Reco\الجزء الثاني\lastfmReco\4 ايصال التوصيات بضمنها العقد\03_outputs\RECOMMENDATION_DELIVERY_TOP5_V2\payloads\community_60\user_2088_top5_v2.json,0x67ad876a69b1a9e6df7f94646ba0d6d92edc55ba9be7557d92288d51fdaa9ce3,4290f9b628d0b668c9a71ce81d13323adc1f8c34b86170e974cd7ceace00fe28,False,True,True,stored_onchain,
99,5,0x0cc3Cf53430059e546Eb461ddA175b0DCdc97fAb,382,0x94365656C677CAE502448790A4E3BCe1C149D358,2,5,5,D:\PHD\بابل\2024\Research Reco\الجزء الثاني\lastfmReco\4 ايصال التوصيات بضمنها العقد\03_outputs\RECOMMENDATION_DELIVERY_TOP5_V2\payloads\community_99\user_5_top5_v2.json,0xf156bbb3edeeeecd1636ddd4c4ac761d6999b4ae66676643b8f16864d90022ee,7a398c6473d2378edbe9f1b978101262969d5a24f5c3eb7100c54fbe8cca655f,False,True,True,stored_onchain,
99,15,0x5b1f0690c78e933ef302CBaCb346e7bd08384bD1,382,0x94365656C677CAE502448790A4E3BCe1C149D358,2,5,5,D:\PHD\بابل\2024\Research Reco\الجزء الثاني\lastfmReco\4 ايصال التوصيات بضمنها العقد\03_outputs\RECOMMENDATION_DELIVERY_TOP5_V2\payloads\community_99\user_15_top5_v2.json,0x0f81b14b5ce62134b612733401b09d6a47833b97ef455212accb29aac446d2ab,467400b62b2f497b9952f1db8d19da5ee3d037617eac4c271ef546837b2f33b0,False,True,True,stored_onchain,
99,55,0x49A4F801Ad59e1eB8aDfD18CF07ed773Df88E9Eb,382,0x94365656C677CAE502448790A4E3BCe1C149D358,2,5,5,D:\PHD\بابل\2024\Research Reco\الجزء الثاني\lastfmReco\4 ايصال التوصيات بضمنها العقد\03_outputs\RECOMMENDATION_DELIVERY_TOP5_V2\payloads\community_99\user_55_top5_v2.json,0x7d3914369f9e3f0a0558de9bd25978c00f4d3ccf6ac389a53a4336bd544bb731,d6765693033b9af61e535cac96ed82a7e329cf1d24ccd569e1fa0636215157b5,False,True,True,stored_onchain,
99,94,0xf0422ceeEd49303150AE3a4137065eDdcd7a47F0,382,0x94365656C677CAE502448790A4E3BCe1C149D358,2,5,5,D:\PHD\بابل\2024\Research Reco\الجزء الثاني\lastfmReco\4 ايصال التوصيات بضمنها العقد\03_outputs\RECOMMENDATION_DELIVERY_TOP5_V2\payloads\community_99\user_94_top5_v2.json,0xd36876aee609dce37d728fd13b3f0cdf56cf522d8c65cfd28e10167c1bb5cbc1,d90bfdc702bf53d5bf2685af47b3eaf78e8bbd25d6d6d2b75f73b72e81e8ace9,False,True,True,stored_onchain,
99,137,0x3A5550abF6D5552E2c4aa449798628D499AD9476,382,0x94365656C677CAE502448790A4E3BCe1C149D358,2,5,5,D:\PHD\بابل\2024\Research Reco\الجزء الثاني\lastfmReco\4 ايصال التوصيات بضمنها العقد\03_outputs\RECOMMENDATION_DELIVERY_TOP5_V2\payloads\community_99\user_137_top5_v2.json,0x7117161681eb236505f81e81d14c0ff6c5fe580893e80d03911c70a3188c5da3,f10dce374659f937fea64136e3958c0d1aa42632baccdef57dba96d2673592ea,False,True,True,stored_onchain,
99,156,0x74d1F7Eec73ACcCfD678f1d3907E41d93309De9c,382,0x94365656C677CAE502448790A4E3BCe1C149D358,2,5,5,D:\PHD\بابل\2024\Research Reco\الجزء الثاني\lastfmReco\4 ايصال التوصيات بضمنها العقد\03_outputs\RECOMMENDATION_DELIVERY_TOP5_V2\payloads\community_99\user_156_top5_v2.json,0xb5946ac110a766544f5644dc0fa64078fbebc12c681d2addea3c46e3ee751dd5,5708b6a0424bca2d7d8d7e1124f6d13164855367700987ec46965d1c35b5af83,False,True,True,stored_onchain,
99,171,0x32EeBC1243Cb2797ACAe68728eBFA2CC96a8C363,382,0x94365656C677CAE502448790A4E3BCe1C149D358,2,5,5,D:\PHD\بابل\2024\Research Reco\الجزء الثاني\lastfmReco\4 ايصال التوصيات بضمنها العقد\03_outputs\RECOMMENDATION_DELIVERY_TOP5_V2\payloads\community_99\user_171_top5_v2.json,0x533d7123d7e38e083449b0c3636730764103f6fdf115fed7522b94baf9f289a5,f121dd936ce7b06bc45722e56e94dee643be71749d23e5dab9eaebc7df052bfd,False,True,True,stored_onchain,
99,195,0xc077473C5629895D0D74266d33c2b1C5E349fcC0,382,0x94365656C677CAE502448790A4E3BCe1C149D358,2,5,5,D:\PHD\بابل\2024\Research Reco\الجزء الثاني\lastfmReco\4 ايصال التوصيات بضمنها العقد\03_outputs\RECOMMENDATION_DELIVERY_TOP5_V2\payloads\community_99\user_195_top5_v2.json,0x191c57a6b22e0bcee9ee43d134d8ba8aa6edaba07e5d30953639a656b2cfafe0,91daf56544e17ba82adcd37bc7b13b95d327f23c4e195c3f38544196e3f2b443,False,True,True,stored_onchain,
99,237,0x6c536171960534B474BA0e247E6C19cf1B84c058,382,0x94365656C677CAE502448790A4E3BCe1C149D358,2,5,5,D:\PHD\بابل\2024\Research Reco\الجزء الثاني\lastfmReco\4 ايصال التوصيات بضمنها العقد\03_outputs\RECOMMENDATION_DELIVERY_TOP5_V2\payloads\community_99\user_237_top5_v2.json,0x5733b7253123ecba9e475885967cffa354e9f92cffafc7210258b2f45e282ab7,3456f77dab90ccfc7df16d93021839e5e1cbb1eeacf142e041cf8e7fa27904d8,False,True,True,stored_onchain,
99,277,0xeF21c5926C291C6929D55a5DA715e0E45898b0c6,382,0x94365656C677CAE502448790A4E3BCe1C149D358,2,5,5,D:\PHD\بابل\2024\Research Reco\الجزء الثاني\lastfmReco\4 ايصال التوصيات بضمنها العقد\03_outputs\RECOMMENDATION_DELIVERY_TOP5_V2\payloads\community_99\user_277_top5_v2.json,0x02b7a2cbb95d16f83013dc6bc2a73df777ed42953144f5112ef744e47c88c474,1c0974f7550ad040126576aa068ba4cfb9e7cb8db26b314550460c7cd5a85c2f,False,True,True,stored_onchain,
99,364,0xB085d494612488bc56727643DbaAafe55c3b2b9E,382,0x94365656C677CAE502448790A4E3BCe1C149D358,2,5,5,D:\PHD\بابل\2024\Research Reco\الجزء الثاني\lastfmReco\4 ايصال التوصيات بضمنها العقد\03_outputs\RECOMMENDATION_DELIVERY_TOP5_V2\payloads\community_99\user_364_top5_v2.json,0x23f0695ad860045b722746fae4541db1d077d33fc73dff11d55e5543de4d538d,b0a1f685807984435fe4821059d9cd9664a5e7069b44aac839408029e1b39718,False,True,True,stored_onchain,
99,366,0x98BaD7e29B08cDbD94E043f1E854eA45d4F864F4,382,0x94365656C677CAE502448790A4E3BCe1C149D358,2,5,5,D:\PHD\بابل\2024\Research Reco\الجزء الثاني\lastfmReco\4 ايصال التوصيات بضمنها العقد\03_outputs\RECOMMENDATION_DELIVERY_TOP5_V2\payloads\community_99\user_366_top5_v2.json,0xb94ff364b0059ecb1c678f8eb85d3bf7d7f1e7f7ef552ce40a849e2a714e3577,7d82480f5fd866a85b4e7e067bc238c5c225f9ad1c7b26a1b509bdc6fe1ca0bd,False,True,True,stored_onchain,
99,398,0x56377D9d6eD3e416a6920ab8adc6C82e893cBb96,382,0x94365656C677CAE502448790A4E3BCe1C149D358,2,5,5,D:\PHD\بابل\2024\Research Reco\الجزء الثاني\lastfmReco\4 ايصال التوصيات بضمنها العقد\03_outputs\RECOMMENDATION_DELIVERY_TOP5_V2\payloads\community_99\user_398_top5_v2.json,0x8fcca03e1be2006171313f84744d4899099c9196555f25ecaea549b7c4c5cda2,d274eff09861827a741eeb224239d41dbfce298d57a77f65da547551e00436a2,False,True,True,stored_onchain,
99,462,0xd71164794e4f59e6afB19Fdf6997Be04637D37fb,382,0x94365656C677CAE502448790A4E3BCe1C149D358,2,5,5,D:\PHD\بابل\2024\Research Reco\الجزء الثاني\lastfmReco\4 ايصال التوصيات بضمنها العقد\03_outputs\RECOMMENDATION_DELIVERY_TOP5_V2\payloads\community_99\user_462_top5_v2.json,0x4b2bf612bf193b1728540499383694bbead2e15a3953d74f3bac36bd884be3c4,4e7ba4131b93e9e3b77286326e11fdb442862cba13bf9ced6a6d02d108deb10c,False,True,True,stored_onchain,
99,517,0xAD04385CaCF9852F563FfC8238EA8666779E0B6f,382,0x94365656C677CAE502448790A4E3BCe1C149D358,2,5,5,D:\PHD\بابل\2024\Research Reco\الجزء الثاني\lastfmReco\4 ايصال التوصيات بضمنها العقد\03_outputs\RECOMMENDATION_DELIVERY_TOP5_V2\payloads\community_99\user_517_top5_v2.json,0xdc2821f14e566d545dca7ff9755c3c05b1684dd7cca75b7cb4397a146dd19666,fead6757541359ef27623015cee17d5658225c267b3b4edf39bc2f6b99460f62,False,True,True,stored_onchain,
99,567,0x27150A7ADc51196BE3085115cFec06E1b8a31C1B,382,0x94365656C677CAE502448790A4E3BCe1C149D358,2,5,5,D:\PHD\بابل\2024\Research Reco\الجزء الثاني\lastfmReco\4 ايصال التوصيات بضمنها العقد\03_outputs\RECOMMENDATION_DELIVERY_TOP5_V2\payloads\community_99\user_567_top5_v2.json,0xd4d7d92bd879ef4a0fe4ff73bb7cfc0cf47bfa942db19a70de0da2fd3fd3992f,d6413856575947eb4cb947b4d38955f91d54febe453ee9456e623cec580176a7,False,True,True,stored_onchain,
99,606,0x47D7Ebf1fB303256502ED1569f496D051B1755ae,382,0x94365656C677CAE502448790A4E3BCe1C149D358,2,5,5,D:\PHD\بابل\2024\Research Reco\الجزء الثاني\lastfmReco\4 ايصال التوصيات بضمنها العقد\03_outputs\RECOMMENDATION_DELIVERY_TOP5_V2\payloads\community_99\user_606_top5_v2.json,0xc0228daa1de87d8d900f4c63449c191d543c3829c2774f619428e5fc3fb41dee,5a582102c3a0f206e4613e26f6ef3f64878eb925b1438223a624018c75f47cd0,False,True,True,stored_onchain,
99,622,0x59178DEf4a792d2aEef3C22cA85811C6463FB2Ec,382,0x94365656C677CAE502448790A4E3BCe1C149D358,2,5,5,D:\PHD\بابل\2024\Research Reco\الجزء الثاني\lastfmReco\4 ايصال التوصيات بضمنها العقد\03_outputs\RECOMMENDATION_DELIVERY_TOP5_V2\payloads\community_99\user_622_top5_v2.json,0x759ea6f17219ca81aeb3ddf375f249e08ee9e3109d271a06dc5f2f1ae5e158ad,2bc976d4e8994c91d75a3e736d83f0d6587f5f549d2ab9ab2fdfceb93a8819ee,False,True,True,stored_onchain,
99,623,0x4d7B8a45dD7024e43c9747591BBfD04Ad06ae035,382,0x94365656C677CAE502448790A4E3BCe1C149D358,2,5,5,D:\PHD\بابل\2024\Research Reco\الجزء الثاني\lastfmReco\4 ايصال التوصيات بضمنها العقد\03_outputs\RECOMMENDATION_DELIVERY_TOP5_V2\payloads\community_99\user_623_top5_v2.json,0xb2bdf0cde9bf16db3a95526eed8b62cf3654043bb8897819c6465f93348d1271,3989224ea1b4e66a1144f70c7cf4c7f3f6be143700eb5ea33792791c63ba5e15,False,True,True,stored_onchain,
99,695,0xF649d71524233e43DB5E240E946a07bb86fA0322,382,0x94365656C677CAE502448790A4E3BCe1C149D358,2,5,5,D:\PHD\بابل\2024\Research Reco\الجزء الثاني\lastfmReco\4 ايصال التوصيات بضمنها العقد\03_outputs\RECOMMENDATION_DELIVERY_TOP5_V2\payloads\community_99\user_695_top5_v2.json,0x85164c543a51eeec57d3d0b5dcd071ba0917363ad5b9bebc2006723457a6c383,3beccec3ac63b23c4079ef84dd7f3532a922105bc6c32916b12ed6fc1dc11fdd,False,True,True,stored_onchain,
99,718,0x252FE741e7938D64c756a6e5239A1fc42A5409C4,382,0x94365656C677CAE502448790A4E3BCe1C149D358,2,5,5,D:\PHD\بابل\2024\Research Reco\الجزء الثاني\lastfmReco\4 ايصال التوصيات بضمنها العقد\03_outputs\RECOMMENDATION_DELIVERY_TOP5_V2\payloads\community_99\user_718_top5_v2.json,0x06830185d5f119f1b32b589ecaabb2cc0d3bff1e8cf3d9e34a146b706490f369,9b960b0a19e454348c3b72e488b1a8a9a87bc57ae3605b873a8000ecb776b50e,False,True,True,stored_onchain,
99,750,0xfa559409be07d8D811f9215A794cFaB68eAfD4f3,382,0x94365656C677CAE502448790A4E3BCe1C149D358,2,5,5,D:\PHD\بابل\2024\Research Reco\الجزء الثاني\lastfmReco\4 ايصال التوصيات بضمنها العقد\03_outputs\RECOMMENDATION_DELIVERY_TOP5_V2\payloads\community_99\user_750_top5_v2.json,0xe563752592d234cd388abccf2e2f5d21fcfe516c97872119697a5c790e44de88,3aa505091fdd5e7a2c9f923d6209f80d2a5a675c1ef45eddd96726ccc723f791,False,True,True,stored_onchain,
99,756,0xacDB95faCa518498F3b91452fa5c975Bf115D76D,382,0x94365656C677CAE502448790A4E3BCe1C149D358,2,5,5,D:\PHD\بابل\2024\Research Reco\الجزء الثاني\lastfmReco\4 ايصال التوصيات بضمنها العقد\03_outputs\RECOMMENDATION_DELIVERY_TOP5_V2\payloads\community_99\user_756_top5_v2.json,0xeb659a9dd8e15ea9deefadceca9c6557d4101718d4b6c25e201ea9be8eccc8da,95437bd6e4239fb2acc105af6b974947e367bf0e11e6b27054c6068b61d34b46,False,True,True,stored_onchain,
99,784,0x08227D9a95Ac3eEb28e9e0e53aBF7Ebbc7929D95,382,0x94365656C677CAE502448790A4E3BCe1C149D358,2,5,5,D:\PHD\بابل\2024\Research Reco\الجزء الثاني\lastfmReco\4 ايصال التوصيات بضمنها العقد\03_outputs\RECOMMENDATION_DELIVERY_TOP5_V2\payloads\community_99\user_784_top5_v2.json,0xc01548fcf574b4a567baa712dd1d563f84b689e85a5a17db4978cec72cf553cf,2b1035f8f1a9235c3f3b93e48a14b7e6ff5a2e23783a3e6b83389392ee4f9a99,False,True,True,stored_onchain,
99,813,0x49500a47f11be6BF6aDA105504b5D8129923481A,382,0x94365656C677CAE502448790A4E3BCe1C149D358,2,5,5,D:\PHD\بابل\2024\Research Reco\الجزء الثاني\lastfmReco\4 ايصال التوصيات بضمنها العقد\03_outputs\RECOMMENDATION_DELIVERY_TOP5_V2\payloads\community_99\user_813_top5_v2.json,0x77119876592e80232adb8409ad0a99761105618ced5dce1400e7d6f7331889e7,6b91e1a9812bdf6d50665816f45a1babb9943fc51a2fb5d3506ef3ea78df4509,False,True,True,stored_onchain,
99,824,0x7465cEaB9C5869Cb799c4eD8dbF5E677AA60C35f,382,0x94365656C677CAE502448790A4E3BCe1C149D358,2,5,5,D:\PHD\بابل\2024\Research Reco\الجزء الثاني\lastfmReco\4 ايصال التوصيات بضمنها العقد\03_outputs\RECOMMENDATION_DELIVERY_TOP5_V2\payloads\community_99\user_824_top5_v2.json,0xcabd372049334c4ff0461ecddf35aaae4d1eab87037276e719a2e5ac4454b126,9cc343282a93856e85986ba50f14fb1cfc13d607a4fbf40bd9b8a488ab787878,False,True,True,stored_onchain,
99,838,0xC10e6676B2C9C34276f5665780F331729Fcb6D83,382,0x94365656C677CAE502448790A4E3BCe1C149D358,2,5,5,D:\PHD\بابل\2024\Research Reco\الجزء الثاني\lastfmReco\4 ايصال التوصيات بضمنها العقد\03_outputs\RECOMMENDATION_DELIVERY_TOP5_V2\payloads\community_99\user_838_top5_v2.json,0xd8d62c3caa72f70040aa6775e971220d68b5d37bb1d5964e5290214d614f04f8,20f56b9de9d0222d84157b3ede781ff6fe75ef84dd6a397fb68fb07faf76e514,False,True,True,stored_onchain,
99,856,0xB79098CaC30809A188C59d78103F93fC9cBA34eb,382,0x94365656C677CAE502448790A4E3BCe1C149D358,2,5,5,D:\PHD\بابل\2024\Research Reco\الجزء الثاني\lastfmReco\4 ايصال التوصيات بضمنها العقد\03_outputs\RECOMMENDATION_DELIVERY_TOP5_V2\payloads\community_99\user_856_top5_v2.json,0xbd875c83edf16cf3d2107b107c6daeebe8e4d170ee2004e9ddad5b39dc8a5c80,2182b657bcc3bbe3c32c9d58ee2835b4a50306817b2de85c9adf62d31f5a0456,False,True,True,stored_onchain,
99,863,0xad9CadEF399EC0991D961eB9504A8ed2e6C72642,382,0x94365656C677CAE502448790A4E3BCe1C149D358,2,5,5,D:\PHD\بابل\2024\Research Reco\الجزء الثاني\lastfmReco\4 ايصال التوصيات بضمنها العقد\03_outputs\RECOMMENDATION_DELIVERY_TOP5_V2\payloads\community_99\user_863_top5_v2.json,0x678b467020d99e0b6eb14be50bbf526be0d765b2c9691478ca41e763f709b33f,827470950b42595ff1dd5b9d0a7899a2f69177e23b5c73b66538a32b7c24eebf,False,True,True,stored_onchain,
99,874,0x633c4aC3BCdEdcDB201Bd31D01973Bbe0eff89ef,382,0x94365656C677CAE502448790A4E3BCe1C149D358,2,5,5,D:\PHD\بابل\2024\Research Reco\الجزء الثاني\lastfmReco\4 ايصال التوصيات بضمنها العقد\03_outputs\RECOMMENDATION_DELIVERY_TOP5_V2\payloads\community_99\user_874_top5_v2.json,0xdb39a3fd5da51e427988e311c75decd2d2e973f1b75c715b6513908ecf325c1c,6a6913f5865051acd4010346c214f859a134cf9a9c567851457ecabde8f7703f,False,True,True,stored_onchain,
99,889,0x0d486F6f06c9629Aa69AaD6E1535670402C24F13,382,0x94365656C677CAE502448790A4E3BCe1C149D358,2,5,5,D:\PHD\بابل\2024\Research Reco\الجزء الثاني\lastfmReco\4 ايصال التوصيات بضمنها العقد\03_outputs\RECOMMENDATION_DELIVERY_TOP5_V2\payloads\community_99\user_889_top5_v2.json,0xc7b8f466e5b2196e4676201f350b8a91f505ec96e96879816f3ddf5f99319b3c,fc85989370078a5f1c5c0cb0bf61d25ee79758b21fa200bde7f6edd1de443ad7,False,True,True,stored_onchain,
99,919,0x21706A420B175968B8d5a5e986BA366CA7E0d0f4,382,0x94365656C677CAE502448790A4E3BCe1C149D358,2,5,5,D:\PHD\بابل\2024\Research Reco\الجزء الثاني\lastfmReco\4 ايصال التوصيات بضمنها العقد\03_outputs\RECOMMENDATION_DELIVERY_TOP5_V2\payloads\community_99\user_919_top5_v2.json,0xd0983de7f38ecda4ee5945a0c868fee274add18ce9ed562a0a01f177cab4692c,6575d1827299bf0ac0b0e8404c8441582a4c2c21cac873e1d7f942d370258e00,False,True,True,stored_onchain,
99,933,0xA8E2A2a0Ecf66D68C1Bc8d880A74d39B215Fa136,382,0x94365656C677CAE502448790A4E3BCe1C149D358,2,5,5,D:\PHD\بابل\2024\Research Reco\الجزء الثاني\lastfmReco\4 ايصال التوصيات بضمنها العقد\03_outputs\RECOMMENDATION_DELIVERY_TOP5_V2\payloads\community_99\user_933_top5_v2.json,0x250bcb5af27ea44348f3e546ab308480c5dd14b68c0e23ea14b2cc320349da18,03d0d2508c8f0db03af5944475550655ed49c2949e5ab6233358ff052c054c5c,False,True,True,stored_onchain,
99,934,0x1431Ec3c3bc4DDE66662096AE09DC3aA9A8FD283,382,0x94365656C677CAE502448790A4E3BCe1C149D358,2,5,5,D:\PHD\بابل\2024\Research Reco\الجزء الثاني\lastfmReco\4 ايصال التوصيات بضمنها العقد\03_outputs\RECOMMENDATION_DELIVERY_TOP5_V2\payloads\community_99\user_934_top5_v2.json,0xde385448ca320eae38db6c3212666f97631de7bc5222b88fe6df4d267d1df7e7,fa29d0f520a81e6442216a8df050a735f9544a740f90e5dde98dd6d042ab0c52,False,True,True,stored_onchain,
99,990,0x80E69Cd16887d2c98983Df0bA2606aF1446689BF,382,0x94365656C677CAE502448790A4E3BCe1C149D358,2,5,5,D:\PHD\بابل\2024\Research Reco\الجزء الثاني\lastfmReco\4 ايصال التوصيات بضمنها العقد\03_outputs\RECOMMENDATION_DELIVERY_TOP5_V2\payloads\community_99\user_990_top5_v2.json,0xd4d32cb552f25e82f8962bbe4c2e31f9bccceff079661edd8471ecb899ca3455,17e88eef7e3bd62ed2cd6ac9a452461b83e4981f784925f43c141f09ec9e7ac2,False,True,True,stored_onchain,
99,991,0xf5Ce08833a8597342aDEb7057f69013AEd335550,382,0x94365656C677CAE502448790A4E3BCe1C149D358,2,5,5,D:\PHD\بابل\2024\Research Reco\الجزء الثاني\lastfmReco\4 ايصال التوصيات بضمنها العقد\03_outputs\RECOMMENDATION_DELIVERY_TOP5_V2\payloads\community_99\user_991_top5_v2.json,0xfc4338b52b104fa05320efbacdbe4442d83abbb719df62a569901402269b7043,98ce61da8ef15c27a05111ac6a58076853d6adc7f222cf6b3a6d3dbd830437f7,False,True,True,stored_onchain,
99,997,0x7C0C50Cac4420138B9e4AfF1Ec1643c242788aA3,382,0x94365656C677CAE502448790A4E3BCe1C149D358,2,5,5,D:\PHD\بابل\2024\Research Reco\الجزء الثاني\lastfmReco\4 ايصال التوصيات بضمنها العقد\03_outputs\RECOMMENDATION_DELIVERY_TOP5_V2\payloads\community_99\user_997_top5_v2.json,0x1bce318041cb7ff1cc8dbef0768e8564df0edbda4c9ce14b7fb574b0a5b0f043,dfd730f21744874284ab985dc956fc1fcd3a4397d75af129b101578d7559fc95,False,True,True,stored_onchain,
99,1133,0x1Bfc43d216B3e3Dc1d3Ea5D44A84c1DfbA449Dc5,382,0x94365656C677CAE502448790A4E3BCe1C149D358,2,5,5,D:\PHD\بابل\2024\Research Reco\الجزء الثاني\lastfmReco\4 ايصال التوصيات بضمنها العقد\03_outputs\RECOMMENDATION_DELIVERY_TOP5_V2\payloads\community_99\user_1133_top5_v2.json,0x02c4c4298b4576e628134aa3f303c1af0771e80efb4436b8155b95d6050af53a,ab803196343676d8d1c7b0a281f636f0c3880a0d9affde1b5406c181ce3e424f,False,True,True,stored_onchain,
99,1138,0x76D18d89cA72cD69f1c1FE61b85A8E1De894d63B,382,0x94365656C677CAE502448790A4E3BCe1C149D358,2,5,5,D:\PHD\بابل\2024\Research Reco\الجزء الثاني\lastfmReco\4 ايصال التوصيات بضمنها العقد\03_outputs\RECOMMENDATION_DELIVERY_TOP5_V2\payloads\community_99\user_1138_top5_v2.json,0x1fd2a23cbe8dfe89bbac077e26309adb8b16447749edbd1bbbe807e794c16c73,80e9d4c8923396bbccffc117f549c2ac081571dc71c92a200e6ba5963c2f13a5,False,True,True,stored_onchain,
99,1148,0x9a92030C276CEB74844e0697553c03255674d4A7,382,0x94365656C677CAE502448790A4E3BCe1C149D358,2,5,5,D:\PHD\بابل\2024\Research Reco\الجزء الثاني\lastfmReco\4 ايصال التوصيات بضمنها العقد\03_outputs\RECOMMENDATION_DELIVERY_TOP5_V2\payloads\community_99\user_1148_top5_v2.json,0xf9ac2d41193cdcf66dd6ccc662c299e7eab09abc174d3596a4444f7f236e2baf,9be5c0d4b6187704678b52830ef3473c591a1a773ef23fb030b29798b58c5941,False,True,True,stored_onchain,
99,1182,0x61c3555282FE5003235Ce1cd518938c7E433932A,382,0x94365656C677CAE502448790A4E3BCe1C149D358,2,5,5,D:\PHD\بابل\2024\Research Reco\الجزء الثاني\lastfmReco\4 ايصال التوصيات بضمنها العقد\03_outputs\RECOMMENDATION_DELIVERY_TOP5_V2\payloads\community_99\user_1182_top5_v2.json,0xcbb3bd20ae26c25808d28fae60b760f46d2b0a4dfeaccfb81a85d0df31a8ea15,f1fa69b4f294775556c2d35d958e8079d0ddc5cdb92d194a73c69c7d84d144ec,False,True,True,stored_onchain,
99,1194,0xf0bd84F32Bf6642209b2DdbD8FAb88294f9d59d9,382,0x94365656C677CAE502448790A4E3BCe1C149D358,2,5,5,D:\PHD\بابل\2024\Research Reco\الجزء الثاني\lastfmReco\4 ايصال التوصيات بضمنها العقد\03_outputs\RECOMMENDATION_DELIVERY_TOP5_V2\payloads\community_99\user_1194_top5_v2.json,0x57b29bafb8bf4b576885d76a0cbbe679e44b2e4a7fa39aa92b6f78b87e48006f,de081f87b970473dfbffaa5c54b66705689693bec3d67bfec9607ffaa8a6288b,False,True,True,stored_onchain,
99,1239,0xb30513C077C11105454D6d1619CAd6aBFc17cAeD,382,0x94365656C677CAE502448790A4E3BCe1C149D358,2,5,5,D:\PHD\بابل\2024\Research Reco\الجزء الثاني\lastfmReco\4 ايصال التوصيات بضمنها العقد\03_outputs\RECOMMENDATION_DELIVERY_TOP5_V2\payloads\community_99\user_1239_top5_v2.json,0xecb8e152f50f6ef6839659faea9e6a9d597eaea46b35a0c7ed5014d3cbbb5e1d,5643ad3eca5d151399ff18d8c9b603ba1b948804b7221662d58cb89b9621813b,False,True,True,stored_onchain,
99,1261,0x7073aC113DCe6590c7E89F658b6b246A68d295dC,382,0x94365656C677CAE502448790A4E3BCe1C149D358,2,5,5,D:\PHD\بابل\2024\Research Reco\الجزء الثاني\lastfmReco\4 ايصال التوصيات بضمنها العقد\03_outputs\RECOMMENDATION_DELIVERY_TOP5_V2\payloads\community_99\user_1261_top5_v2.json,0xe06f1adfefc0213b185be2e7abc3b6f0b673f7c79801d85b336ab2d6d62f21cf,b3db94bc85659b9fda9e5c7013dda8399f3737a46a537329727c25605c6a169a,False,True,True,stored_onchain,
99,1277,0xC0B7cBA769207Cb43E282AdeB78390a42A889b9d,382,0x94365656C677CAE502448790A4E3BCe1C149D358,2,5,5,D:\PHD\بابل\2024\Research Reco\الجزء الثاني\lastfmReco\4 ايصال التوصيات بضمنها العقد\03_outputs\RECOMMENDATION_DELIVERY_TOP5_V2\payloads\community_99\user_1277_top5_v2.json,0x5c29594c899d120b3cea33e0a434c8e318fb909e2c19cffd6ca682ca2e4a3374,7feb3ede0d7111f5af0e2efce14cf987f6509dcade186163caf2c754e50b40de,False,True,True,stored_onchain,
99,1295,0x48Ff5c80bE9d3Eae76F5F72D2a0e39F622aEf04D,382,0x94365656C677CAE502448790A4E3BCe1C149D358,2,5,5,D:\PHD\بابل\2024\Research Reco\الجزء الثاني\lastfmReco\4 ايصال التوصيات بضمنها العقد\03_outputs\RECOMMENDATION_DELIVERY_TOP5_V2\payloads\community_99\user_1295_top5_v2.json,0xef29320a537c164512e562086241d051e9b4d80f2552cfe7f39521c4c4a109b6,f32b63a167d222e20ab7e234893776ecf2cff452f0aaff456406cd35c5c60953,False,True,True,stored_onchain,
99,1303,0xF0f4723f6D2D8CCD25656d09b8fEE1C312d8D499,382,0x94365656C677CAE502448790A4E3BCe1C149D358,2,5,5,D:\PHD\بابل\2024\Research Reco\الجزء الثاني\lastfmReco\4 ايصال التوصيات بضمنها العقد\03_outputs\RECOMMENDATION_DELIVERY_TOP5_V2\payloads\community_99\user_1303_top5_v2.json,0x8c43b9937d02861e0cf3ad5ba03340c34a6407f89a7bab6a7ef74fad491f2752,356984c70f8f184d831e96741a0903e4ca4319c0ea4a9c6147f0aa71a8570c22,False,True,True,stored_onchain,
99,1349,0xD141e3472b629bD70C2dAe31ba14e4c7Fc859373,382,0x94365656C677CAE502448790A4E3BCe1C149D358,2,5,5,D:\PHD\بابل\2024\Research Reco\الجزء الثاني\lastfmReco\4 ايصال التوصيات بضمنها العقد\03_outputs\RECOMMENDATION_DELIVERY_TOP5_V2\payloads\community_99\user_1349_top5_v2.json,0x24c61d12bf5282b160d4f6156e75beb977cff1b45ef5af371a427ff417dbcfcb,030588eaf3b4555c50fd4344ad76e215c84ed6c90fe5246129b12ada3ed00383,False,True,True,stored_onchain,
99,1389,0x242e8FaefD36C1452BB0C0cBa801172B0346D57B,382,0x94365656C677CAE502448790A4E3BCe1C149D358,2,5,5,D:\PHD\بابل\2024\Research Reco\الجزء الثاني\lastfmReco\4 ايصال التوصيات بضمنها العقد\03_outputs\RECOMMENDATION_DELIVERY_TOP5_V2\payloads\community_99\user_1389_top5_v2.json,0x03fb1459c810d376b4b7a33e0add8f88b121818a58cc4d6b9ebebd9260c8b8be,129d7c4c2cb83d47defddfda074a1ee8d213104039b3d4a3657d7a5748e32239,False,True,True,stored_onchain,
99,1404,0xBe6F16C2C7ea556A2946e3cC42cC9f4C7ca52792,382,0x94365656C677CAE502448790A4E3BCe1C149D358,2,5,5,D:\PHD\بابل\2024\Research Reco\الجزء الثاني\lastfmReco\4 ايصال التوصيات بضمنها العقد\03_outputs\RECOMMENDATION_DELIVERY_TOP5_V2\payloads\community_99\user_1404_top5_v2.json,0x3a7e7f8f77d0bd981172f315f11892b0b501d3f971efcb4acb3aa56ac352e0f6,3467aa8afdf1da624dbc43d59fc20f4b14b100162eeadc9109f55789a6b0dfe3,False,True,True,stored_onchain,
99,1420,0x688222272271ea6DA14D6c05E0F0e09112d5a9B6,382,0x94365656C677CAE502448790A4E3BCe1C149D358,2,5,5,D:\PHD\بابل\2024\Research Reco\الجزء الثاني\lastfmReco\4 ايصال التوصيات بضمنها العقد\03_outputs\RECOMMENDATION_DELIVERY_TOP5_V2\payloads\community_99\user_1420_top5_v2.json,0x553f011e94ef52a3a58eadfd821cf5795daed36dea215c2581f55b80be132ab5,c6e25eae2a33e916d02607395f28902c723e48139d1b79a597f434e1a1f1bd65,False,True,True,stored_onchain,
99,1438,0xA60FCdCc237Ec128d555576957BAC3c66a717391,382,0x94365656C677CAE502448790A4E3BCe1C149D358,2,5,5,D:\PHD\بابل\2024\Research Reco\الجزء الثاني\lastfmReco\4 ايصال التوصيات بضمنها العقد\03_outputs\RECOMMENDATION_DELIVERY_TOP5_V2\payloads\community_99\user_1438_top5_v2.json,0xe71e0b294be1da4b77e1d03ffb4920979b966c23d9edf3de04b8125a0bdc606c,ae6b54d6f12a09ecca42e7da1710a1b6067dc27135119e45881f7d18cf78da3e,False,True,True,stored_onchain,
99,1470,0x1e9d019bEe17Ef6f1d66D98BA93f157999df01b5,382,0x94365656C677CAE502448790A4E3BCe1C149D358,2,5,5,D:\PHD\بابل\2024\Research Reco\الجزء الثاني\lastfmReco\4 ايصال التوصيات بضمنها العقد\03_outputs\RECOMMENDATION_DELIVERY_TOP5_V2\payloads\community_99\user_1470_top5_v2.json,0x85145783e710190a8fda62b8c38c6101ccf12ed1dca4a0daf7af6353a3716aee,d169316cb4014aeb02e81cbb6ee67e016c18ac864cf1a39119fbbcb8692d831f,False,True,True,stored_onchain,
99,1485,0x0dA8d1E4d983EEf33206d6CAC191e4B16f4d12BC,382,0x94365656C677CAE502448790A4E3BCe1C149D358,2,5,5,D:\PHD\بابل\2024\Research Reco\الجزء الثاني\lastfmReco\4 ايصال التوصيات بضمنها العقد\03_outputs\RECOMMENDATION_DELIVERY_TOP5_V2\payloads\community_99\user_1485_top5_v2.json,0xa02cbdf222368535a8560482f849daec04574f710da5ecac64799fcc9c61eed0,dc56149a6c56d019511d3f6b9b2da8e8b237ef3e6730e1c4d250e002eae77a5c,False,True,True,stored_onchain,
99,1506,0x33f221d788CBAFB0dDcB88652ca80FAF289247d1,382,0x94365656C677CAE502448790A4E3BCe1C149D358,2,5,5,D:\PHD\بابل\2024\Research Reco\الجزء الثاني\lastfmReco\4 ايصال التوصيات بضمنها العقد\03_outputs\RECOMMENDATION_DELIVERY_TOP5_V2\payloads\community_99\user_1506_top5_v2.json,0x301a89a9aeffad0ff3ac857a461b46aba86fe8604ea8c19822611f624d8b5714,bb9732b1ea736405953c11478a533674841e20342be231f80d3ec1d1dde9ce78,False,True,True,stored_onchain,
99,1508,0x657c4b16B08520A09C27D96bdac9FeaBC333355f,382,0x94365656C677CAE502448790A4E3BCe1C149D358,2,5,5,D:\PHD\بابل\2024\Research Reco\الجزء الثاني\lastfmReco\4 ايصال التوصيات بضمنها العقد\03_outputs\RECOMMENDATION_DELIVERY_TOP5_V2\payloads\community_99\user_1508_top5_v2.json,0x40d02338a97c66fcd34e3dc7fa5884e4d92a91fd4500f953fd51b2487ae3d05e,fa61ac5f5faaab816e1850a1f92aefa6d3b5c0e8ac659c5ed5d9e5095eef1f12,False,True,True,stored_onchain,
99,1565,0xf0E3a7490C4FFf3d140f6A9B70719841Ce3e6d13,382,0x94365656C677CAE502448790A4E3BCe1C149D358,2,5,5,D:\PHD\بابل\2024\Research Reco\الجزء الثاني\lastfmReco\4 ايصال التوصيات بضمنها العقد\03_outputs\RECOMMENDATION_DELIVERY_TOP5_V2\payloads\community_99\user_1565_top5_v2.json,0xcf16027e09eae7448f7319ea7a4303e396f9149ba1213387daacd1318ebe5649,b6f7e555901143ef0b9fa1d4d9211721cdd96158f1d258aacfdbf0d231f81a3e,False,True,True,stored_onchain,
99,1579,0xead2eb25fCf22bd6c4b4c30C79541fC750dCaBC5,382,0x94365656C677CAE502448790A4E3BCe1C149D358,2,5,5,D:\PHD\بابل\2024\Research Reco\الجزء الثاني\lastfmReco\4 ايصال التوصيات بضمنها العقد\03_outputs\RECOMMENDATION_DELIVERY_TOP5_V2\payloads\community_99\user_1579_top5_v2.json,0xd3609ca44aceacbc96d0610178a0071b7f382c1dd268fa4ee8f738ec05034146,5bac44a7a939a7c82999af0e22b07a6594dec457f33fec0a6b9063f40b29cfa8,False,True,True,stored_onchain,
99,1624,0xBD4B860E86bB893F4Dd49ADFD4E71D98F3e105C5,382,0x94365656C677CAE502448790A4E3BCe1C149D358,2,5,5,D:\PHD\بابل\2024\Research Reco\الجزء الثاني\lastfmReco\4 ايصال التوصيات بضمنها العقد\03_outputs\RECOMMENDATION_DELIVERY_TOP5_V2\payloads\community_99\user_1624_top5_v2.json,0x6e72b4ca8434d1879ad87dc13b91bfa5fcd83ccf4c817fa1a16f18352956f482,440763403f359d3f9e652f9b77b2be55918e91df342e35158f408e064c9eb35c,False,True,True,stored_onchain,
99,1656,0x8303AEEd2531034F330b0953fD3cAE66820DE6b6,382,0x94365656C677CAE502448790A4E3BCe1C149D358,2,5,5,D:\PHD\بابل\2024\Research Reco\الجزء الثاني\lastfmReco\4 ايصال التوصيات بضمنها العقد\03_outputs\RECOMMENDATION_DELIVERY_TOP5_V2\payloads\community_99\user_1656_top5_v2.json,0xdb04f5fdbe0bf09195567269eb79a2c325dc7bca7462cf2f649a34b55614e7a4,61ffc993f5a52e1070bf6d7221a91dcd07070a1b4decf1c398103a4cca9ff648,False,True,True,stored_onchain,
99,1689,0x7137e25Ea9a76516fA4b38721354de88fE9A279B,382,0x94365656C677CAE502448790A4E3BCe1C149D358,2,5,5,D:\PHD\بابل\2024\Research Reco\الجزء الثاني\lastfmReco\4 ايصال التوصيات بضمنها العقد\03_outputs\RECOMMENDATION_DELIVERY_TOP5_V2\payloads\community_99\user_1689_top5_v2.json,0xe60ade8eae7052e88e12db866f501bb4111bbb42803514decfd5656b0ebb5e53,25f1998d1e1fe81f7b4365d1ac2316bd76d905894c8a4cf6dfaa6143ddf7e81b,False,True,True,stored_onchain,
99,1695,0x9cb6bA3bBdcDC0fF1A0F6fB83ab82F7d0631023F,382,0x94365656C677CAE502448790A4E3BCe1C149D358,2,5,5,D:\PHD\بابل\2024\Research Reco\الجزء الثاني\lastfmReco\4 ايصال التوصيات بضمنها العقد\03_outputs\RECOMMENDATION_DELIVERY_TOP5_V2\payloads\community_99\user_1695_top5_v2.json,0x974b39e83f7056092c251ac9849a696c94a68f3fa8534837666c339328af9a8f,0768e04c58b302d00c33e89cdc83d7aa2c1eb6f6522efc2c49c4a48ecb244e0a,False,True,True,stored_onchain,
99,1729,0x7a4695832866267aBae1470B12d3E2d3F5526168,382,0x94365656C677CAE502448790A4E3BCe1C149D358,2,5,5,D:\PHD\بابل\2024\Research Reco\الجزء الثاني\lastfmReco\4 ايصال التوصيات بضمنها العقد\03_outputs\RECOMMENDATION_DELIVERY_TOP5_V2\payloads\community_99\user_1729_top5_v2.json,0xee39b36397482879b1ece7ae0afa77ce72d2e297762038646953c25ae540cd42,8be62605f41d01b9c0cd945e4f80b9ef8398d9fe82be754ec00b7bb25d924b92,False,True,True,stored_onchain,
99,1746,0xaC4db24521E29F5d0158b990416f84A852921f1c,382,0x94365656C677CAE502448790A4E3BCe1C149D358,2,5,5,D:\PHD\بابل\2024\Research Reco\الجزء الثاني\lastfmReco\4 ايصال التوصيات بضمنها العقد\03_outputs\RECOMMENDATION_DELIVERY_TOP5_V2\payloads\community_99\user_1746_top5_v2.json,0x1e053c60ba6f448a80037a9924c5a01bb3f9ada664968705df9e091ce6fcfaf7,a2c66132e7774f10bf677c71d1341bd7130b3c2c3e02d7cd88e66175c2f36c2e,False,True,True,stored_onchain,
99,1747,0xAbf1A9df9A2797441EBefB10fA9760D8Db89132b,382,0x94365656C677CAE502448790A4E3BCe1C149D358,2,5,5,D:\PHD\بابل\2024\Research Reco\الجزء الثاني\lastfmReco\4 ايصال التوصيات بضمنها العقد\03_outputs\RECOMMENDATION_DELIVERY_TOP5_V2\payloads\community_99\user_1747_top5_v2.json,0x571d37477faa51b737db1000d17a8240cf4f67adaee94cdd3cbc7683e12d156f,402697c0cb5d0ecaab63f460698a708b9f39414d1f03bc9190459dfb4a8e6b91,False,True,True,stored_onchain,
99,1785,0x330a456E5EDfc7C4E36Ab4447DB3e6F5969475c0,382,0x94365656C677CAE502448790A4E3BCe1C149D358,2,5,5,D:\PHD\بابل\2024\Research Reco\الجزء الثاني\lastfmReco\4 ايصال التوصيات بضمنها العقد\03_outputs\RECOMMENDATION_DELIVERY_TOP5_V2\payloads\community_99\user_1785_top5_v2.json,0x05c995e4171ae67c381b560eb265305baffb48759722ec645cfd28677a3db3f3,0f90d47d1c332bc2b47813c8f9c5503ee3d45f8ebb511cd2454d87b49cc1a6d7,False,True,True,stored_onchain,
99,1805,0x2eCE9775f76A47f83c0ef4B087732F34c350B030,382,0x94365656C677CAE502448790A4E3BCe1C149D358,2,5,5,D:\PHD\بابل\2024\Research Reco\الجزء الثاني\lastfmReco\4 ايصال التوصيات بضمنها العقد\03_outputs\RECOMMENDATION_DELIVERY_TOP5_V2\payloads\community_99\user_1805_top5_v2.json,0x0211e1161b9522e76281a5eec0654a7362b931127ae7a285add2bcbd4e35ef9a,94c035bddabf4c66514357f68e574829457a3fdbe68f7417df946f08def24c7d,False,True,True,stored_onchain,
99,1806,0x0741339e170DE9cbef22335649Fb34aBE2d5ff5D,382,0x94365656C677CAE502448790A4E3BCe1C149D358,2,5,5,D:\PHD\بابل\2024\Research Reco\الجزء الثاني\lastfmReco\4 ايصال التوصيات بضمنها العقد\03_outputs\RECOMMENDATION_DELIVERY_TOP5_V2\payloads\community_99\user_1806_top5_v2.json,0xe1184d2d83c0c92720339acd9ce95d5d69bd0fdc83b3b8657520b63d3a235d7b,14eb071cf3c40702c2b87805a7fa53ac728e43ddbc1551dc222086b60d4b2af9,False,True,True,stored_onchain,
99,1815,0x058b4e440543860D0125B9f1A26B31C102bb384C,382,0x94365656C677CAE502448790A4E3BCe1C149D358,2,5,5,D:\PHD\بابل\2024\Research Reco\الجزء الثاني\lastfmReco\4 ايصال التوصيات بضمنها العقد\03_outputs\RECOMMENDATION_DELIVERY_TOP5_V2\payloads\community_99\user_1815_top5_v2.json,0x0101a9d78fbc228474e6d877805657f88788168a648a64fa2da90cc4edcfdcae,ccbfb383ef9cf3dd2692e600662f0475368f16a913641f156b63f3a60c27b8cf,False,True,True,stored_onchain,
99,1824,0x37D5a34C7FC807f0eceA0EA82df5eeD79bD3e7cF,382,0x94365656C677CAE502448790A4E3BCe1C149D358,2,5,5,D:\PHD\بابل\2024\Research Reco\الجزء الثاني\lastfmReco\4 ايصال التوصيات بضمنها العقد\03_outputs\RECOMMENDATION_DELIVERY_TOP5_V2\payloads\community_99\user_1824_top5_v2.json,0x8d7346be3cd59bd8ebba840cf44a1b1112817af66952805f256a4738f53690f0,929ade5df416bb19c5da95ac80b2721bca40a14aec15dd9b5028ca71cd44f3a4,False,True,True,stored_onchain,
99,1830,0xf07Da50463396E5BbA9e429cd8Fd2bB14F96dd7f,382,0x94365656C677CAE502448790A4E3BCe1C149D358,2,5,5,D:\PHD\بابل\2024\Research Reco\الجزء الثاني\lastfmReco\4 ايصال التوصيات بضمنها العقد\03_outputs\RECOMMENDATION_DELIVERY_TOP5_V2\payloads\community_99\user_1830_top5_v2.json,0xe3a35eea801d16949926126998edd87711afcb971f141491f6ee0ab4f10c48bf,bd8ac18ee2fd38ebdf3814de6d5d9c316d36808c7aadc46eeb09b738f2b81298,False,True,True,stored_onchain,
99,1831,0x18f2bB5E7AEF7154925F08E94E7105Cb09B124B4,382,0x94365656C677CAE502448790A4E3BCe1C149D358,2,5,5,D:\PHD\بابل\2024\Research Reco\الجزء الثاني\lastfmReco\4 ايصال التوصيات بضمنها العقد\03_outputs\RECOMMENDATION_DELIVERY_TOP5_V2\payloads\community_99\user_1831_top5_v2.json,0x5e285e9b4cef70ec48043d0fe003299962f6a8060cd9eefa1d03af808083eba7,e2082c880dbab28df8463287227f15fb7c826e64f36e55a907a32ea1d55f7103,False,True,True,stored_onchain,
99,1911,0x394F7fC127c021f7DD28C044930efDCdd2e044Db,382,0x94365656C677CAE502448790A4E3BCe1C149D358,2,5,5,D:\PHD\بابل\2024\Research Reco\الجزء الثاني\lastfmReco\4 ايصال التوصيات بضمنها العقد\03_outputs\RECOMMENDATION_DELIVERY_TOP5_V2\payloads\community_99\user_1911_top5_v2.json,0x05dc8d42ebc82e36aa383abefadf2ac7ccb0bb1170f59ae0e63b53d34a4d5b92,72d893dac3119d38c490b8befa7d8703e853f86cd462db01a1f2f541bbed6c32,False,True,True,stored_onchain,
99,1977,0xC1fd33870F9b9F26cd07421a340dEfe70D581311,382,0x94365656C677CAE502448790A4E3BCe1C149D358,2,5,5,D:\PHD\بابل\2024\Research Reco\الجزء الثاني\lastfmReco\4 ايصال التوصيات بضمنها العقد\03_outputs\RECOMMENDATION_DELIVERY_TOP5_V2\payloads\community_99\user_1977_top5_v2.json,0x3bc76632e42d645bbdb56fb71188b24fe0b517c01f5852aa2797ea893315c94a,31a73a9166ebed86da645856ea17410c58ffadf53accda9a3529132aaf595f70,False,True,True,stored_onchain,
99,2010,0x0567DA270D8bB6F1EDD181cCAf80c60b2d9243e2,382,0x94365656C677CAE502448790A4E3BCe1C149D358,2,5,5,D:\PHD\بابل\2024\Research Reco\الجزء الثاني\lastfmReco\4 ايصال التوصيات بضمنها العقد\03_outputs\RECOMMENDATION_DELIVERY_TOP5_V2\payloads\community_99\user_2010_top5_v2.json,0x0eeb6750f5c816ccff75f902abdde5cdfd9abdc529a3f44bb7cfa644e9d97a84,686523b0027ce9911db71f8ff3d7dc8e8c6ae6627d9dfe3b7cd819019c34ee6e,False,True,True,stored_onchain,
99,2024,0x5676b26D158952e6DDEe2b7661f9ccA4508F48b5,382,0x94365656C677CAE502448790A4E3BCe1C149D358,2,5,5,D:\PHD\بابل\2024\Research Reco\الجزء الثاني\lastfmReco\4 ايصال التوصيات بضمنها العقد\03_outputs\RECOMMENDATION_DELIVERY_TOP5_V2\payloads\community_99\user_2024_top5_v2.json,0x915500171fa4a44e29d6e0dae00202f3c7084240cb720cfd52673a1fc3765c91,d82d69e1eaf7ea943aa5377b62d386b90ba58439ccedb0d3b2c200c9df9765fd,False,True,True,stored_onchain,
99,2030,0x2FB32F0bc5721095A51CD7E3C57989520F682C46,382,0x94365656C677CAE502448790A4E3BCe1C149D358,2,5,5,D:\PHD\بابل\2024\Research Reco\الجزء الثاني\lastfmReco\4 ايصال التوصيات بضمنها العقد\03_outputs\RECOMMENDATION_DELIVERY_TOP5_V2\payloads\community_99\user_2030_top5_v2.json,0xc1ab8362b17ec13ab730cde51d68fc352e55bce4c9fe99507d2f82a9f0bf9cfb,5bb1496e0ff06a13181caa3d5ff34b713778b492112a71bff14fb7744938cfda,False,True,True,stored_onchain,
99,2032,0x985C91a8eC55b5A3dd8419B0c28049DB6ca66ACF,382,0x94365656C677CAE502448790A4E3BCe1C149D358,2,5,5,D:\PHD\بابل\2024\Research Reco\الجزء الثاني\lastfmReco\4 ايصال التوصيات بضمنها العقد\03_outputs\RECOMMENDATION_DELIVERY_TOP5_V2\payloads\community_99\user_2032_top5_v2.json,0x6e3d99057305370fb8c2563a82749f2ee616c30d5eb4d6593e5eac0d7cd62fbd,8836fb8d845e93cc3c6e2d06dd2b90b0301941cf31940875ee85632238d5dc63,False,True,True,stored_onchain,
99,2034,0x21760Cfa8CBcA09Cc7b25019685F6B51e71d82c7,382,0x94365656C677CAE502448790A4E3BCe1C149D358,2,5,5,D:\PHD\بابل\2024\Research Reco\الجزء الثاني\lastfmReco\4 ايصال التوصيات بضمنها العقد\03_outputs\RECOMMENDATION_DELIVERY_TOP5_V2\payloads\community_99\user_2034_top5_v2.json,0x36e913596c92ed57f19d489320cb67b2259ef3d478d70b5048bc7598593fe0f0,fd341e20cc7a670ac99522a1042c13d64e315cbbf7e973342107908a4c2f4d91,False,True,True,stored_onchain,
99,2044,0xc2e67E9Ed0fBC7767dC7520Bfc890BeA31736CDB,382,0x94365656C677CAE502448790A4E3BCe1C149D358,2,5,5,D:\PHD\بابل\2024\Research Reco\الجزء الثاني\lastfmReco\4 ايصال التوصيات بضمنها العقد\03_outputs\RECOMMENDATION_DELIVERY_TOP5_V2\payloads\community_99\user_2044_top5_v2.json,0x9e853a7dd7c3d564d56d509921e57ce3e3c48e4ae02287364ea8c9f7e6ad4580,b1bb073ef7034dd54bcfc4e3e192fa30e42cba54e567deb548a7b8d17e6ee59f,False,True,True,stored_onchain,
99,2051,0xBe2C0E995d0a235E7A3c3a84Bb9b4E358C47ac98,382,0x94365656C677CAE502448790A4E3BCe1C149D358,2,5,5,D:\PHD\بابل\2024\Research Reco\الجزء الثاني\lastfmReco\4 ايصال التوصيات بضمنها العقد\03_outputs\RECOMMENDATION_DELIVERY_TOP5_V2\payloads\community_99\user_2051_top5_v2.json,0x357bb3866baf99383be863b355fba5a6711f34e07e15c9dc1f5ed0e5bdcc0feb,d9470ca53bee8c2447ddf7bd253c3769eb2202b48659746bfdb14fd0ed12baf5,False,True,True,stored_onchain,
104,153,0xda49d14f45FbDfCa07C8dcdbC4434b71b201b3fa,1694,0x4e9bC387E5c5B9a939d105D722FA80b4F02eA794,2,5,5,D:\PHD\بابل\2024\Research Reco\الجزء الثاني\lastfmReco\4 ايصال التوصيات بضمنها العقد\03_outputs\RECOMMENDATION_DELIVERY_TOP5_V2\payloads\community_104\user_153_top5_v2.json,0x13cf2952309fc40df0235a4e37218ceaf7af93c535f31649a052aaef903f79ca,f5fccbe475937401e96d4704a8473a6746d57be4ee53a556105bb743df28f08d,False,True,True,stored_onchain,
104,166,0x9fE07B8D9d7C9504853316E8829249Dd0db5b34B,1694,0x4e9bC387E5c5B9a939d105D722FA80b4F02eA794,2,5,5,D:\PHD\بابل\2024\Research Reco\الجزء الثاني\lastfmReco\4 ايصال التوصيات بضمنها العقد\03_outputs\RECOMMENDATION_DELIVERY_TOP5_V2\payloads\community_104\user_166_top5_v2.json,0x14a94e3b0fab64e5a0008bb39e2591ca054d0bebccd7c668b031c58e04da8b08,a66760aa4cbfd9c0624e3296d6056993f8d0ea1f06d7aaee0351f9ed4a7c67ed,False,True,True,stored_onchain,
104,183,0xB9df8f7d8E708653b6843F806B380F6201593Cfd,1694,0x4e9bC387E5c5B9a939d105D722FA80b4F02eA794,2,5,5,D:\PHD\بابل\2024\Research Reco\الجزء الثاني\lastfmReco\4 ايصال التوصيات بضمنها العقد\03_outputs\RECOMMENDATION_DELIVERY_TOP5_V2\payloads\community_104\user_183_top5_v2.json,0x2cc4d69f790b8a2804e1421428ddb9e168782e5a8af287066f12bee9e39bbb6a,ac6f955077cad002b1b62357d0fafba9b72b560f77bd744c14d4bbcf22eed315,False,True,True,stored_onchain,
104,303,0xD36Cd40CcBE71802C4FeeF60Bc42B034ed023527,1694,0x4e9bC387E5c5B9a939d105D722FA80b4F02eA794,2,5,5,D:\PHD\بابل\2024\Research Reco\الجزء الثاني\lastfmReco\4 ايصال التوصيات بضمنها العقد\03_outputs\RECOMMENDATION_DELIVERY_TOP5_V2\payloads\community_104\user_303_top5_v2.json,0x32057aeab6bb836729a66f50c56fb2bf3e57c0b1f88d9dede0a5d7b337b4c204,4a887008bd56af037219163994ee897b87fe7b68af7a377cb5c21c9a56d1b948,False,True,True,stored_onchain,
104,304,0xA884249e27047392812f40a05418B9c1AaA25355,1694,0x4e9bC387E5c5B9a939d105D722FA80b4F02eA794,2,5,5,D:\PHD\بابل\2024\Research Reco\الجزء الثاني\lastfmReco\4 ايصال التوصيات بضمنها العقد\03_outputs\RECOMMENDATION_DELIVERY_TOP5_V2\payloads\community_104\user_304_top5_v2.json,0xcdb53aa550eecbb88a84f759078724ef9a14ea2397aa6e56147e9aa13ee5e8ee,1bf389af738c2e89675ac08209c388b591a304c09f63b97d9bfac0d9712890f5,False,True,True,stored_onchain,
104,369,0x62b52849F0373E4d6FACAE1b653D9fC29b42A226,1694,0x4e9bC387E5c5B9a939d105D722FA80b4F02eA794,2,5,5,D:\PHD\بابل\2024\Research Reco\الجزء الثاني\lastfmReco\4 ايصال التوصيات بضمنها العقد\03_outputs\RECOMMENDATION_DELIVERY_TOP5_V2\payloads\community_104\user_369_top5_v2.json,0x8ad717b3db93c7d7bbf8c72173971fcae85314fcd2ba8aa34e1011330249dc0a,47e109f5aaa19df6d04d1816aae426fc4fd1bcf48c20e9d3ee85082862835d53,False,True,True,stored_onchain,
104,464,0x8d656c89043c022981b8ae1a6f566F79cBD6D971,1694,0x4e9bC387E5c5B9a939d105D722FA80b4F02eA794,2,5,5,D:\PHD\بابل\2024\Research Reco\الجزء الثاني\lastfmReco\4 ايصال التوصيات بضمنها العقد\03_outputs\RECOMMENDATION_DELIVERY_TOP5_V2\payloads\community_104\user_464_top5_v2.json,0x2546d0b289d0f895146bf86969b5c9b149abf41177c692e782fcb4bafdaa22dc,6b095cbb053379cc3f5b4a51ee897169fa7ebcfe50604a8299b06eac45a8ef65,False,True,True,stored_onchain,
104,496,0xbc4eF04eDdC7154655F9C1B79d77DF9AEE93F246,1694,0x4e9bC387E5c5B9a939d105D722FA80b4F02eA794,2,5,5,D:\PHD\بابل\2024\Research Reco\الجزء الثاني\lastfmReco\4 ايصال التوصيات بضمنها العقد\03_outputs\RECOMMENDATION_DELIVERY_TOP5_V2\payloads\community_104\user_496_top5_v2.json,0xc603fc4b23d33fb8add7e5067fc6b7d06d67faaa7b4b9194616172f5cc46840c,b0d5b9289f82bab59e9f28241afe29808fc35f8798cf62651cff60db668d0809,False,True,True,stored_onchain,
104,560,0x2438c4F54Dc15007d809175C56D60FccF29f2B24,1694,0x4e9bC387E5c5B9a939d105D722FA80b4F02eA794,2,5,5,D:\PHD\بابل\2024\Research Reco\الجزء الثاني\lastfmReco\4 ايصال التوصيات بضمنها العقد\03_outputs\RECOMMENDATION_DELIVERY_TOP5_V2\payloads\community_104\user_560_top5_v2.json,0x8a187433b68133c08f85df633cb74b9c15456f4709c80ea6b077e7c79ca6a385,4d4cafe77ba5513a14ff66247b1278c16799b62381bb202fb060a58bc8c57b1c,False,True,True,stored_onchain,
104,728,0xBaeD437b83Be335f7A7492f66F9E5A6645AfA938,1694,0x4e9bC387E5c5B9a939d105D722FA80b4F02eA794,2,5,5,D:\PHD\بابل\2024\Research Reco\الجزء الثاني\lastfmReco\4 ايصال التوصيات بضمنها العقد\03_outputs\RECOMMENDATION_DELIVERY_TOP5_V2\payloads\community_104\user_728_top5_v2.json,0x65bf17dc82ceeb9cb1879f2b7ee024f2e40257b5b9a7f0e53a40cd880496d736,2d171efd5f5c8c26db651169da391d34c8ba86fd95e71edb5c8e8c45762a84d4,False,True,True,stored_onchain,
104,762,0x50628ff99Bad3798E0DC38FB573675205C29F19a,1694,0x4e9bC387E5c5B9a939d105D722FA80b4F02eA794,2,5,5,D:\PHD\بابل\2024\Research Reco\الجزء الثاني\lastfmReco\4 ايصال التوصيات بضمنها العقد\03_outputs\RECOMMENDATION_DELIVERY_TOP5_V2\payloads\community_104\user_762_top5_v2.json,0xf259b1bf10af888f43901256a983a6d1a729b014e14b47e296bf9e4273eb9106,c4be3fe59d724194ec487c39f245caeb0fd6416ab2b5199bee45a5710410d841,False,True,True,stored_onchain,
104,959,0x246Fa5521a01e4211A16a0d5ED0abf7c475E8Bb4,1694,0x4e9bC387E5c5B9a939d105D722FA80b4F02eA794,2,5,5,D:\PHD\بابل\2024\Research Reco\الجزء الثاني\lastfmReco\4 ايصال التوصيات بضمنها العقد\03_outputs\RECOMMENDATION_DELIVERY_TOP5_V2\payloads\community_104\user_959_top5_v2.json,0xb2db256e25b1fd368f0f5b1538d67e4bd4b91940e7fe064cad8637ddeb118802,d5a7f21c6597ab036fe949e3ee990cf39eaa2e3edd4abe78f476ed6aaa078eaf,False,True,True,stored_onchain,
104,1004,0x07760a50e781f290Ef6Fa45344978e51B9e085b2,1694,0x4e9bC387E5c5B9a939d105D722FA80b4F02eA794,2,5,5,D:\PHD\بابل\2024\Research Reco\الجزء الثاني\lastfmReco\4 ايصال التوصيات بضمنها العقد\03_outputs\RECOMMENDATION_DELIVERY_TOP5_V2\payloads\community_104\user_1004_top5_v2.json,0x14386d48764dbb86c5e55f67d3da8fa14843cc160e662920ee47b40615e97fb2,400dc8d4c4989db98162214b3b5587ddd008bb7d08a465906a18086e00f4af75,False,True,True,stored_onchain,
104,1067,0xA68c74d51A3AF036D179E84D38F0519713731C64,1694,0x4e9bC387E5c5B9a939d105D722FA80b4F02eA794,2,5,5,D:\PHD\بابل\2024\Research Reco\الجزء الثاني\lastfmReco\4 ايصال التوصيات بضمنها العقد\03_outputs\RECOMMENDATION_DELIVERY_TOP5_V2\payloads\community_104\user_1067_top5_v2.json,0x522cf4473e8a4d3b61c94f50e4d92d203ee850b4f162d764026e59666dc963dc,1f51a8c4bfac65d6ef2d84b6c150f7dd91514ee0ad5098282f8cde3aff7e3d5d,False,True,True,stored_onchain,
104,1087,0x10e7678aF0c31f1F56c9A865D9f2C3E4eEA0b416,1694,0x4e9bC387E5c5B9a939d105D722FA80b4F02eA794,2,5,5,D:\PHD\بابل\2024\Research Reco\الجزء الثاني\lastfmReco\4 ايصال التوصيات بضمنها العقد\03_outputs\RECOMMENDATION_DELIVERY_TOP5_V2\payloads\community_104\user_1087_top5_v2.json,0x617bd630c114e997655c23c2cb7f887a3b0a56d3bedb258f0819464ad6546df3,453d9905e8f23e5d4c2508e4c0c4b28d16e417ad2c6f455d6da769439196b733,False,True,True,stored_onchain,
104,1149,0xEd5Ff2d9d9CB866E2B58781c4EC05Cd3ceC4372E,1694,0x4e9bC387E5c5B9a939d105D722FA80b4F02eA794,2,5,5,D:\PHD\بابل\2024\Research Reco\الجزء الثاني\lastfmReco\4 ايصال التوصيات بضمنها العقد\03_outputs\RECOMMENDATION_DELIVERY_TOP5_V2\payloads\community_104\user_1149_top5_v2.json,0xa01c09826fc0b98f545d138642c17f19d142b7bb03a17529a94f49d96f8a59ba,dc8ca93fefa7fd6d73d3babaf4eee7646e6ed1e0f47c5a9246bd0e35566c4c55,False,True,True,stored_onchain,
104,1165,0x8685A4b00758944B7cB1a48904472b934a896CdA,1694,0x4e9bC387E5c5B9a939d105D722FA80b4F02eA794,2,5,5,D:\PHD\بابل\2024\Research Reco\الجزء الثاني\lastfmReco\4 ايصال التوصيات بضمنها العقد\03_outputs\RECOMMENDATION_DELIVERY_TOP5_V2\payloads\community_104\user_1165_top5_v2.json,0xf5972248c7283a8ed27dbc017999291f74c53362746d995e0e3cbf7064c22699,a9ba2b8aa2fb9466912166d41b43af35f3e8046f89ba781799d492c5bae3255d,False,True,True,stored_onchain,
104,1232,0xFD0d52392Ed967b0FCabb4d3BD42FFdCdfCe9af8,1694,0x4e9bC387E5c5B9a939d105D722FA80b4F02eA794,2,5,5,D:\PHD\بابل\2024\Research Reco\الجزء الثاني\lastfmReco\4 ايصال التوصيات بضمنها العقد\03_outputs\RECOMMENDATION_DELIVERY_TOP5_V2\payloads\community_104\user_1232_top5_v2.json,0xcce71acbcd2d199fc01674402efa28adb43d278e8a84479931e5381d392e4c6e,c0fbab2aa55ad2bac562cbdba14d6954cab48ca35e9dad7136e2d66693fe8262,False,True,True,stored_onchain,
104,1336,0xa112f7dB9F0327EF1415b66c0bF407c94E503E24,1694,0x4e9bC387E5c5B9a939d105D722FA80b4F02eA794,2,5,5,D:\PHD\بابل\2024\Research Reco\الجزء الثاني\lastfmReco\4 ايصال التوصيات بضمنها العقد\03_outputs\RECOMMENDATION_DELIVERY_TOP5_V2\payloads\community_104\user_1336_top5_v2.json,0x5828ffa9312f530d0160159cb467aa99d51089a08de20c549e99f88487d5b49f,6113c54f798616383593a78fafad2f5f6396a4ce93d0d34fdcd579e99b8985c5,False,True,True,stored_onchain,
104,1428,0x02A99E140c6cAf92013Cc458668Fefb92204E617,1694,0x4e9bC387E5c5B9a939d105D722FA80b4F02eA794,2,5,5,D:\PHD\بابل\2024\Research Reco\الجزء الثاني\lastfmReco\4 ايصال التوصيات بضمنها العقد\03_outputs\RECOMMENDATION_DELIVERY_TOP5_V2\payloads\community_104\user_1428_top5_v2.json,0x838cc50cdae0240f5804c15121f2ddcc2b34e048645c8edf41edcb3dd9eeed86,c96a493c39d2ddc8ffded124cab36c1c21c4ccd0455184a39ae37b489f93e824,False,True,True,stored_onchain,
104,1439,0xF42574628AD493Dc1686c09F8Ac3A14aCCF00751,1694,0x4e9bC387E5c5B9a939d105D722FA80b4F02eA794,2,5,5,D:\PHD\بابل\2024\Research Reco\الجزء الثاني\lastfmReco\4 ايصال التوصيات بضمنها العقد\03_outputs\RECOMMENDATION_DELIVERY_TOP5_V2\payloads\community_104\user_1439_top5_v2.json,0x6842d671471dc3c4f58e6558c31c077b3b1ffa807087b19c74fdbfd4492f7782,40dde74295f415ab0d688711b722bf7f6474c2232a8a6b5514970d2590f15d47,False,True,True,stored_onchain,
104,1498,0x6eD6C89BB0f29519893D2D5f5E8b02eBf5EB1aF4,1694,0x4e9bC387E5c5B9a939d105D722FA80b4F02eA794,2,5,5,D:\PHD\بابل\2024\Research Reco\الجزء الثاني\lastfmReco\4 ايصال التوصيات بضمنها العقد\03_outputs\RECOMMENDATION_DELIVERY_TOP5_V2\payloads\community_104\user_1498_top5_v2.json,0xcf56e7315b05e4395fac69b9d28c531e73bf421c69371e1f64dd899374f7790c,08fc02d0ead2ca4298d1652ee0462b219df9ae3f472c4c87641a2afad0685710,False,True,True,stored_onchain,
104,1531,0xd928334b4F700009A4dC27d121e907b25d781567,1694,0x4e9bC387E5c5B9a939d105D722FA80b4F02eA794,2,5,5,D:\PHD\بابل\2024\Research Reco\الجزء الثاني\lastfmReco\4 ايصال التوصيات بضمنها العقد\03_outputs\RECOMMENDATION_DELIVERY_TOP5_V2\payloads\community_104\user_1531_top5_v2.json,0x91f439fc7fb900cbe4730ef33210484dc56a180acc33ad3b2788c3bfd75a01aa,4917d306c667275db2b80a96d20d5e12cabc51e68093f0e1181c362fc033ef64,False,True,True,stored_onchain,
104,1987,0x3a3be2b296dFa2E279F7f746a116000024760538,1694,0x4e9bC387E5c5B9a939d105D722FA80b4F02eA794,2,5,5,D:\PHD\بابل\2024\Research Reco\الجزء الثاني\lastfmReco\4 ايصال التوصيات بضمنها العقد\03_outputs\RECOMMENDATION_DELIVERY_TOP5_V2\payloads\community_104\user_1987_top5_v2.json,0xd0873dc57c36f96dcd4d2f331b7bef87b2e966050c365d7f3236f9425d0bc074,1689950d2758af10bb5dc69d5d10e2fc55f4d88b253fcd02ccceae5d57c98b03,False,True,True,stored_onchain,
104,2014,0x9519D3cf426722e2D6A60fA3853069ef5817220D,1694,0x4e9bC387E5c5B9a939d105D722FA80b4F02eA794,2,5,5,D:\PHD\بابل\2024\Research Reco\الجزء الثاني\lastfmReco\4 ايصال التوصيات بضمنها العقد\03_outputs\RECOMMENDATION_DELIVERY_TOP5_V2\payloads\community_104\user_2014_top5_v2.json,0x4893ec407525cf86d8400abe6686c3fb8ae10e3ddb0110defe584b3b425a2f16,ee5c4538f599b836091f1f2bbb6a4f29269c9b3b4d7a6f05b6996120b0da2197,False,True,True,stored_onchain,
107,44,0x012599312AdeAEF5b413A0be20134D55c550966b,70,0x90e8b27c82b81620f1D8564D1c163BfBdd0A03Ff,2,5,5,D:\PHD\بابل\2024\Research Reco\الجزء الثاني\lastfmReco\4 ايصال التوصيات بضمنها العقد\03_outputs\RECOMMENDATION_DELIVERY_TOP5_V2\payloads\community_107\user_44_top5_v2.json,0xa0d950446626bbeb6ebf7cc0ea5cdaf1308a2e4c206badb298a50756e443e5c3,224d1950c21169d5393c2704c078bdc25671ad5949b4dcf6620eb3acf21d9f8b,False,True,True,stored_onchain,
107,83,0x8ECAbbeA8DC6f55c59C3d7Da4e4FfAA26e3FAAF7,70,0x90e8b27c82b81620f1D8564D1c163BfBdd0A03Ff,2,5,5,D:\PHD\بابل\2024\Research Reco\الجزء الثاني\lastfmReco\4 ايصال التوصيات بضمنها العقد\03_outputs\RECOMMENDATION_DELIVERY_TOP5_V2\payloads\community_107\user_83_top5_v2.json,0xf0df823e0683cb045594bc2595395d427b435293dd30c9c9329296e6bd6e1030,ebf54e3a082fe5fbbd711732f1e4091fb299f182548fc8bdf4bf89b7b5321411,False,True,True,stored_onchain,
107,177,0x1Ed909d9F8fc076219A520865Fc76f6913023060,70,0x90e8b27c82b81620f1D8564D1c163BfBdd0A03Ff,2,5,5,D:\PHD\بابل\2024\Research Reco\الجزء الثاني\lastfmReco\4 ايصال التوصيات بضمنها العقد\03_outputs\RECOMMENDATION_DELIVERY_TOP5_V2\payloads\community_107\user_177_top5_v2.json,0xd043addebfbd2193f3000e5c34c31a313ba53917ccc4064d24e7d686b37bd904,68a0f27fb68b54fd89d232b59f41e6d3ed7ed9dcfbbe3e940d0aac1690fc817d,False,True,True,stored_onchain,
107,250,0x70656c2323715a859206Ba0EF947b75C4b4Adf9e,70,0x90e8b27c82b81620f1D8564D1c163BfBdd0A03Ff,2,5,5,D:\PHD\بابل\2024\Research Reco\الجزء الثاني\lastfmReco\4 ايصال التوصيات بضمنها العقد\03_outputs\RECOMMENDATION_DELIVERY_TOP5_V2\payloads\community_107\user_250_top5_v2.json,0x25d451252235ecc34e83815105f8fa912f7f8435af5182590cc9ba45da7be6e0,c6e2d2a9c62b2e0a2c8aadeacde6b4986e6fd504c78e45a6191947dc712d1893,False,True,True,stored_onchain,
107,282,0xfFBd46D7273012953393061C5c62B8EF750dFC11,70,0x90e8b27c82b81620f1D8564D1c163BfBdd0A03Ff,2,5,5,D:\PHD\بابل\2024\Research Reco\الجزء الثاني\lastfmReco\4 ايصال التوصيات بضمنها العقد\03_outputs\RECOMMENDATION_DELIVERY_TOP5_V2\payloads\community_107\user_282_top5_v2.json,0x04f3ef46403f5df269135e45ee5e0cd49a906d3b2a236075c963a7a05a47bc57,4df1e5025930579addcf703cc3f3b1d02edcd309452cfabefc8c4f357fc12bb4,False,True,True,stored_onchain,
107,292,0x8dDc2B187Ca5929B5bb689eC58096c7ddC9B9025,70,0x90e8b27c82b81620f1D8564D1c163BfBdd0A03Ff,2,5,5,D:\PHD\بابل\2024\Research Reco\الجزء الثاني\lastfmReco\4 ايصال التوصيات بضمنها العقد\03_outputs\RECOMMENDATION_DELIVERY_TOP5_V2\payloads\community_107\user_292_top5_v2.json,0x2864a1d333df20e604ecb37b50bb206caed47a8d09ad2a93ea794986e12f98fa,370659c28b2ab3afa128fbb0a15fdedf7c800b6f990661d3b18e7c485c6b0df8,False,True,True,stored_onchain,
107,443,0x3C7EC6072c288c92477d7aCd90501B033f0d58fF,70,0x90e8b27c82b81620f1D8564D1c163BfBdd0A03Ff,2,5,5,D:\PHD\بابل\2024\Research Reco\الجزء الثاني\lastfmReco\4 ايصال التوصيات بضمنها العقد\03_outputs\RECOMMENDATION_DELIVERY_TOP5_V2\payloads\community_107\user_443_top5_v2.json,0xd41812f348bf5908521e4b15a0c62ae581ed29f20d2facb899c7297567aecff9,7383491d6a6e471f95f9d8806e8136625d900d4665ee405a03c18ed25430e998,False,True,True,stored_onchain,
107,449,0xe454Bc338A4d0cF019C0d50452E69d5D37604301,70,0x90e8b27c82b81620f1D8564D1c163BfBdd0A03Ff,2,5,5,D:\PHD\بابل\2024\Research Reco\الجزء الثاني\lastfmReco\4 ايصال التوصيات بضمنها العقد\03_outputs\RECOMMENDATION_DELIVERY_TOP5_V2\payloads\community_107\user_449_top5_v2.json,0x78ef86ffcf375caf2fd721cda29578071d90ffcd46e17be435cf3cc4d27cc0af,1b60151c77d9dcbedfdd40129fce51d90e37f38130bb4348103f1aff7ebe9258,False,True,True,stored_onchain,
107,458,0x0FC883Ed41bf0dAb789eb6462580fD2D93868e6D,70,0x90e8b27c82b81620f1D8564D1c163BfBdd0A03Ff,2,5,5,D:\PHD\بابل\2024\Research Reco\الجزء الثاني\lastfmReco\4 ايصال التوصيات بضمنها العقد\03_outputs\RECOMMENDATION_DELIVERY_TOP5_V2\payloads\community_107\user_458_top5_v2.json,0x5b40be63172fff4cbb6086d0de712ee4c34085684900511528ce8009d84ac82a,1b76f3a2ad61b3d4cbc6ebabd342b597bb8d8c50d171a5aa3faa424dab6e0dc7,False,True,True,stored_onchain,
107,541,0x8Db70DE14ac80282f0C465a466E27c77BD441828,70,0x90e8b27c82b81620f1D8564D1c163BfBdd0A03Ff,2,5,5,D:\PHD\بابل\2024\Research Reco\الجزء الثاني\lastfmReco\4 ايصال التوصيات بضمنها العقد\03_outputs\RECOMMENDATION_DELIVERY_TOP5_V2\payloads\community_107\user_541_top5_v2.json,0xbde33ecd628420d641bc5be212397c84e3a704ec253e3178bad6e85892987ec7,3db087d9e90603a8c1e778f29f11e8630b3745119178640c3eaf342ae8b0bf50,False,True,True,stored_onchain,
107,549,0xB1A4C943C4568e9bbf1FC52e7Befe28422eA3DDb,70,0x90e8b27c82b81620f1D8564D1c163BfBdd0A03Ff,2,5,5,D:\PHD\بابل\2024\Research Reco\الجزء الثاني\lastfmReco\4 ايصال التوصيات بضمنها العقد\03_outputs\RECOMMENDATION_DELIVERY_TOP5_V2\payloads\community_107\user_549_top5_v2.json,0xdfc971c4bb7cbabbd7762bcfc0501ff0a1dfdfc94d2cd5a3c26331a8dbc37c82,c30bbe133bbc7669fa28264f8e5653128a884857d23b14d38e836c7b04da278c,False,True,True,stored_onchain,
107,629,0x6F9517483979e6473c703f6f6d61efC0dA25155D,70,0x90e8b27c82b81620f1D8564D1c163BfBdd0A03Ff,2,5,5,D:\PHD\بابل\2024\Research Reco\الجزء الثاني\lastfmReco\4 ايصال التوصيات بضمنها العقد\03_outputs\RECOMMENDATION_DELIVERY_TOP5_V2\payloads\community_107\user_629_top5_v2.json,0x87214fd38acf555c6caf31af7304f0bdf86168efb4c87385d8d222512084d53d,e91554dfba9e4f1d45405cc83d0a511bcb29468d84a2dbbb3fe1841659493041,False,True,True,stored_onchain,
107,720,0xc2d69A02119C81FEde5fF2F58495dBf60Bf3e58c,70,0x90e8b27c82b81620f1D8564D1c163BfBdd0A03Ff,2,5,5,D:\PHD\بابل\2024\Research Reco\الجزء الثاني\lastfmReco\4 ايصال التوصيات بضمنها العقد\03_outputs\RECOMMENDATION_DELIVERY_TOP5_V2\payloads\community_107\user_720_top5_v2.json,0xd3c01df5c3b8833087a2f6aa48ab26ec9ae9ee3d2aa4f8dfef0b9fe9d5f7ebea,b40222281c19acfac5542ac54fa207e4b2bb79eb48198474959af3524a8006f1,False,True,True,stored_onchain,
107,725,0xeABcECc0294ac8Ae290a68B9c2932eDE27c0B2b6,70,0x90e8b27c82b81620f1D8564D1c163BfBdd0A03Ff,2,5,5,D:\PHD\بابل\2024\Research Reco\الجزء الثاني\lastfmReco\4 ايصال التوصيات بضمنها العقد\03_outputs\RECOMMENDATION_DELIVERY_TOP5_V2\payloads\community_107\user_725_top5_v2.json,0x74b61850a602662f884bde99f33b4463e09c73032118b378ec9e0d272f202ad2,25b53d7ac9c86db88a53b31aa8a36616ef01c6c6ed9fe47b974416b0aae2cfa5,False,True,True,stored_onchain,
107,805,0xC5782d34A561b63674A53da14cb0676fFcEB2C46,70,0x90e8b27c82b81620f1D8564D1c163BfBdd0A03Ff,2,5,5,D:\PHD\بابل\2024\Research Reco\الجزء الثاني\lastfmReco\4 ايصال التوصيات بضمنها العقد\03_outputs\RECOMMENDATION_DELIVERY_TOP5_V2\payloads\community_107\user_805_top5_v2.json,0xe025cf5d8eb57be6bd9c15ece0be3f9d273e13c3af57bda8867bf42ea6128467,3e412176d7139184e6d4f266f4815d887aca367d2f48de95f4ba4019cabbb06e,False,True,True,stored_onchain,
107,895,0xA01cafB6D8A255042e7737680392e8ac87f5E9cD,70,0x90e8b27c82b81620f1D8564D1c163BfBdd0A03Ff,2,5,5,D:\PHD\بابل\2024\Research Reco\الجزء الثاني\lastfmReco\4 ايصال التوصيات بضمنها العقد\03_outputs\RECOMMENDATION_DELIVERY_TOP5_V2\payloads\community_107\user_895_top5_v2.json,0x7fc69eb0f5e4fe5959453dd0708ffb19ff91abfa1dab24617a648df2e40d6575,c6e9d4609c69ea5ad42baacd3e1582d5706e5e3610a77d3c0c0474449b4328cd,False,True,True,stored_onchain,
107,912,0x31651B1cd0fF37abba0a66A2a4445d7B83dF685A,70,0x90e8b27c82b81620f1D8564D1c163BfBdd0A03Ff,2,5,5,D:\PHD\بابل\2024\Research Reco\الجزء الثاني\lastfmReco\4 ايصال التوصيات بضمنها العقد\03_outputs\RECOMMENDATION_DELIVERY_TOP5_V2\payloads\community_107\user_912_top5_v2.json,0x18765a718426a8006e84b75f3add7e5d0e33383e783dbaef128a654296cdcfac,8fbd7b6a10d862c0a7c5cecdf0ea735d7fe5be086805287222ce373944bb9e74,False,True,True,stored_onchain,
107,972,0xdC658C9Ee0818D1788355BFefd1e50f0Bc2D8E3C,70,0x90e8b27c82b81620f1D8564D1c163BfBdd0A03Ff,2,5,5,D:\PHD\بابل\2024\Research Reco\الجزء الثاني\lastfmReco\4 ايصال التوصيات بضمنها العقد\03_outputs\RECOMMENDATION_DELIVERY_TOP5_V2\payloads\community_107\user_972_top5_v2.json,0xdaa8353422b0a4cef02078a845cc95de0c6d5724e7784b99f9df2b0e31e555b6,bb1dded9c3240a5e08e1d00e2b76dbd918831ba004e78d668d0909cc00149ba1,False,True,True,stored_onchain,
107,1060,0xdbe560fBFBb4F5806fAaE1782d62Aa3c400a6ef6,70,0x90e8b27c82b81620f1D8564D1c163BfBdd0A03Ff,2,5,5,D:\PHD\بابل\2024\Research Reco\الجزء الثاني\lastfmReco\4 ايصال التوصيات بضمنها العقد\03_outputs\RECOMMENDATION_DELIVERY_TOP5_V2\payloads\community_107\user_1060_top5_v2.json,0x01d171c496b523a3aa5f935b7d66fbf507f90eb1c2120fc7a5b7062ea9b07e04,6ffdb0e827577ed19bfc6f3403bb25f12c70ed08ed36d758f0f98051c3694d8e,False,True,True,stored_onchain,
107,1228,0xfEeFfC2346056534A70Bfa19985254fc1668fD4C,70,0x90e8b27c82b81620f1D8564D1c163BfBdd0A03Ff,2,5,5,D:\PHD\بابل\2024\Research Reco\الجزء الثاني\lastfmReco\4 ايصال التوصيات بضمنها العقد\03_outputs\RECOMMENDATION_DELIVERY_TOP5_V2\payloads\community_107\user_1228_top5_v2.json,0x363e48186b65a1bda5edcf24f73cd3b2393df9b81d875998eed7c84f6ed1a6eb,4b5880e7261d42dc8b8526697b37f391d871a271bc1d8e251ff2d042ea6338d4,False,True,True,stored_onchain,
107,1240,0x4a4dEFb6bfe8812E003cccBe2CfddC81A078fb65,70,0x90e8b27c82b81620f1D8564D1c163BfBdd0A03Ff,2,5,5,D:\PHD\بابل\2024\Research Reco\الجزء الثاني\lastfmReco\4 ايصال التوصيات بضمنها العقد\03_outputs\RECOMMENDATION_DELIVERY_TOP5_V2\payloads\community_107\user_1240_top5_v2.json,0xabe7e628f71617ffee011385c93978ae5043c35a1714ee21c85c68ed49442b6e,a00730626b4bfb8a8e6961bf592a31c4c59aa6dff7783695d479cb75b9107210,False,True,True,stored_onchain,
107,1264,0x51bb760eCc57696E71319C67869605b774a57423,70,0x90e8b27c82b81620f1D8564D1c163BfBdd0A03Ff,2,5,5,D:\PHD\بابل\2024\Research Reco\الجزء الثاني\lastfmReco\4 ايصال التوصيات بضمنها العقد\03_outputs\RECOMMENDATION_DELIVERY_TOP5_V2\payloads\community_107\user_1264_top5_v2.json,0x3fae5c49bb997ec8ba5385dbad8b81b5ab0f02bdd25933e0d819ad0d4b5a36c6,47405e864c4711bdc118321e42b49126c2e21e269775fd1117fab8efcc6488eb,False,True,True,stored_onchain,
107,1342,0x8351B40b45630696d7cFe7e700C8c98e5ba87dd7,70,0x90e8b27c82b81620f1D8564D1c163BfBdd0A03Ff,2,5,5,D:\PHD\بابل\2024\Research Reco\الجزء الثاني\lastfmReco\4 ايصال التوصيات بضمنها العقد\03_outputs\RECOMMENDATION_DELIVERY_TOP5_V2\payloads\community_107\user_1342_top5_v2.json,0x2b6754fe483154fa7da805819a68b7629ce442eb9e61881b6ad0537d3f5cdbb9,44913c4f2a70cd1f43265f05fef70f512c9b4a4508ba348873d7ee4b98fc7016,False,True,True,stored_onchain,
107,1375,0xE484502a728a536936186d2B0996A01C0556f694,70,0x90e8b27c82b81620f1D8564D1c163BfBdd0A03Ff,2,5,5,D:\PHD\بابل\2024\Research Reco\الجزء الثاني\lastfmReco\4 ايصال التوصيات بضمنها العقد\03_outputs\RECOMMENDATION_DELIVERY_TOP5_V2\payloads\community_107\user_1375_top5_v2.json,0x875e2b435ac9c43768e99937759f022032231cd5902bccb962afb46d8c721777,5a0fe30181300370d0cf03dbebb365ac42891ce2fdb4300482cb6f00769f807f,False,True,True,stored_onchain,
107,1396,0x332a7e97601874866ff3fC247BD34A9Cf4710c5f,70,0x90e8b27c82b81620f1D8564D1c163BfBdd0A03Ff,2,5,5,D:\PHD\بابل\2024\Research Reco\الجزء الثاني\lastfmReco\4 ايصال التوصيات بضمنها العقد\03_outputs\RECOMMENDATION_DELIVERY_TOP5_V2\payloads\community_107\user_1396_top5_v2.json,0x0a941ba326a3ca7ae020e5775d603796cd5dc23f97e6a26698d757c40d1da1d4,8bd6b07110e658ec0b47b2be78be42a292d55c45dc2be53357498fbc03db0a72,False,True,True,stored_onchain,
107,1443,0xEFbF04934541C4F13dbf928731848350f6D82Ed6,70,0x90e8b27c82b81620f1D8564D1c163BfBdd0A03Ff,2,5,5,D:\PHD\بابل\2024\Research Reco\الجزء الثاني\lastfmReco\4 ايصال التوصيات بضمنها العقد\03_outputs\RECOMMENDATION_DELIVERY_TOP5_V2\payloads\community_107\user_1443_top5_v2.json,0xaa515d59940c4e22b80cc38b9f2c45175d9d1da5a06cdd62c5a3eb644023c970,eb28d26d8255b0f7da83bb56edde496766084e796e9f2deaa2327b16bc7f8fd5,False,True,True,stored_onchain,
107,1522,0xe88a6C54158bd4db67a28677EEd59D7A3Ea7f129,70,0x90e8b27c82b81620f1D8564D1c163BfBdd0A03Ff,2,5,5,D:\PHD\بابل\2024\Research Reco\الجزء الثاني\lastfmReco\4 ايصال التوصيات بضمنها العقد\03_outputs\RECOMMENDATION_DELIVERY_TOP5_V2\payloads\community_107\user_1522_top5_v2.json,0xe7d5278daf4478fea8fe42e3bc5ea2f8858a4a076e94d537a6afd6e92b1d67c6,2534b52d4685a80a0ecd118e5e7cbe4bf8c8883db4baa8251bc53233d069a733,False,True,True,stored_onchain,
107,1530,0xD39d4f91d0D26D47de881Bb6DaE15fD97DBbE164,70,0x90e8b27c82b81620f1D8564D1c163BfBdd0A03Ff,2,5,5,D:\PHD\بابل\2024\Research Reco\الجزء الثاني\lastfmReco\4 ايصال التوصيات بضمنها العقد\03_outputs\RECOMMENDATION_DELIVERY_TOP5_V2\payloads\community_107\user_1530_top5_v2.json,0x21ec913256515fcf3f64a6960ba37d4119282b3adbfcdb82d8b7762d92a0c36e,028aebc7a66bc46b12cfa04cc5b72c9388d074311f09749342b3388fef05453c,False,True,True,stored_onchain,
107,1549,0x145CF47faCD1e7fB799cab3e7797F99e230fd2e1,70,0x90e8b27c82b81620f1D8564D1c163BfBdd0A03Ff,2,5,5,D:\PHD\بابل\2024\Research Reco\الجزء الثاني\lastfmReco\4 ايصال التوصيات بضمنها العقد\03_outputs\RECOMMENDATION_DELIVERY_TOP5_V2\payloads\community_107\user_1549_top5_v2.json,0x824a405320fff48eabac3762c6115de4de85344645feadf0902d6a85ad73de96,5778f473bfa3d877071b826ed8238e7e5ed1c6cc59ea618bd883137587ab73e4,False,True,True,stored_onchain,
107,1595,0xB077292bc9B3A6EC0Ac372b0c680b6FA8ba35C67,70,0x90e8b27c82b81620f1D8564D1c163BfBdd0A03Ff,2,5,5,D:\PHD\بابل\2024\Research Reco\الجزء الثاني\lastfmReco\4 ايصال التوصيات بضمنها العقد\03_outputs\RECOMMENDATION_DELIVERY_TOP5_V2\payloads\community_107\user_1595_top5_v2.json,0x92360fca3feb6f0ffd8a5249fc565b51b294025a991cdce6124061dfb907e098,88ba60b5067e5fb6fae4d05c1c06b53d291c699bba361f793052a2f36afb4da1,False,True,True,stored_onchain,
107,1626,0xB23056adA230549e02865eFAFAE583090CABc574,70,0x90e8b27c82b81620f1D8564D1c163BfBdd0A03Ff,2,5,5,D:\PHD\بابل\2024\Research Reco\الجزء الثاني\lastfmReco\4 ايصال التوصيات بضمنها العقد\03_outputs\RECOMMENDATION_DELIVERY_TOP5_V2\payloads\community_107\user_1626_top5_v2.json,0x7af589a4424860aa23d3204088a521bab162d2ef97e8a92f0fb2a3e28138f205,f79658647168fc63ffb146538c767c7e95f214de3e3c64fe0667479d274acd30,False,True,True,stored_onchain,
107,1627,0xE1969D8f2E458ABaa83f38E88aBbf422E39e1710,70,0x90e8b27c82b81620f1D8564D1c163BfBdd0A03Ff,2,5,5,D:\PHD\بابل\2024\Research Reco\الجزء الثاني\lastfmReco\4 ايصال التوصيات بضمنها العقد\03_outputs\RECOMMENDATION_DELIVERY_TOP5_V2\payloads\community_107\user_1627_top5_v2.json,0x9799cd418fa94770c5f245f0e394aa489010cdbff0c2fd51d77219b7fcf3b170,6277648e51eb3216a8e31291934d87b086760e430aede777bc9a99cd5f99c79e,False,True,True,stored_onchain,
107,1629,0xEb62C83dc1686Aa0B2E70635069eadA97aB2a02d,70,0x90e8b27c82b81620f1D8564D1c163BfBdd0A03Ff,2,5,5,D:\PHD\بابل\2024\Research Reco\الجزء الثاني\lastfmReco\4 ايصال التوصيات بضمنها العقد\03_outputs\RECOMMENDATION_DELIVERY_TOP5_V2\payloads\community_107\user_1629_top5_v2.json,0xccff4d042b0ccfcc68a8f132d71a2a531c95b0322b60fd082bf0ea1f40d43a15,98fd11640211748b4e2269e50b81fe95f35df43155d39e21f054f8d555ab2077,False,True,True,stored_onchain,
107,1657,0x7F9b91CCAdfA2fA748bd02c84Bd136687A328c84,70,0x90e8b27c82b81620f1D8564D1c163BfBdd0A03Ff,2,5,5,D:\PHD\بابل\2024\Research Reco\الجزء الثاني\lastfmReco\4 ايصال التوصيات بضمنها العقد\03_outputs\RECOMMENDATION_DELIVERY_TOP5_V2\payloads\community_107\user_1657_top5_v2.json,0xeaf8fd186be822fc9cf8f836bc2eeb1e6681695ffe004bf7dd9422dde25f2dc3,0be4a0ae540d6a85bed425f4e9715d397c6b353d983334ca767a3b62f1b5b7ae,False,True,True,stored_onchain,
107,1696,0x6d542Af74e404E58ac8494f7187929d904914FEF,70,0x90e8b27c82b81620f1D8564D1c163BfBdd0A03Ff,2,5,5,D:\PHD\بابل\2024\Research Reco\الجزء الثاني\lastfmReco\4 ايصال التوصيات بضمنها العقد\03_outputs\RECOMMENDATION_DELIVERY_TOP5_V2\payloads\community_107\user_1696_top5_v2.json,0x52e0d9381651dd9663e1112f3901a539c1eb76c82eb0156cac368a952a4bca6e,27801fa1ee62ab36e900c28f3b2bec39b90aa02256c96954895e516bdbf6ace3,False,True,True,stored_onchain,
107,1783,0xA1E3374FC045060DC9fb736227a4de6364585e13,70,0x90e8b27c82b81620f1D8564D1c163BfBdd0A03Ff,2,5,5,D:\PHD\بابل\2024\Research Reco\الجزء الثاني\lastfmReco\4 ايصال التوصيات بضمنها العقد\03_outputs\RECOMMENDATION_DELIVERY_TOP5_V2\payloads\community_107\user_1783_top5_v2.json,0x54c2629964e520e6361db665f44bf7274e10810b9ff0ce52a30ddd31db4c6a0a,a733dd19606d76dda53ab8c3812693940cb9ff4c6c5f5ca26afd7d1f1f3fc625,False,True,True,stored_onchain,
107,1887,0x6cf7c1d1C10204CEf5e3897E153A01994C45a558,70,0x90e8b27c82b81620f1D8564D1c163BfBdd0A03Ff,2,5,5,D:\PHD\بابل\2024\Research Reco\الجزء الثاني\lastfmReco\4 ايصال التوصيات بضمنها العقد\03_outputs\RECOMMENDATION_DELIVERY_TOP5_V2\payloads\community_107\user_1887_top5_v2.json,0x85f47d0a82bafa2030e827577f44956626c0ab0cdaa7c743b8d4361262c4d640,65e30f895aa4616cc4de9ca34d3f4ac83acf21f6ea27e0278ede69212721d3c6,False,True,True,stored_onchain,
107,1914,0x2D20f48bedcd28C2bA0F0379d27C82DF729ae098,70,0x90e8b27c82b81620f1D8564D1c163BfBdd0A03Ff,2,5,5,D:\PHD\بابل\2024\Research Reco\الجزء الثاني\lastfmReco\4 ايصال التوصيات بضمنها العقد\03_outputs\RECOMMENDATION_DELIVERY_TOP5_V2\payloads\community_107\user_1914_top5_v2.json,0x427648b90da8a5b5761967cdb590dca0b553553804224209d3dc056ae7182506,4283b701f12f094a4fd915819e5433c08bc6f443b3b2a306dcab17c9dd708d33,False,True,True,stored_onchain,
107,1929,0x2ae950009a738A3322ac1aeeD263CFB6a248D895,70,0x90e8b27c82b81620f1D8564D1c163BfBdd0A03Ff,2,5,5,D:\PHD\بابل\2024\Research Reco\الجزء الثاني\lastfmReco\4 ايصال التوصيات بضمنها العقد\03_outputs\RECOMMENDATION_DELIVERY_TOP5_V2\payloads\community_107\user_1929_top5_v2.json,0x590ea264114c66a71285e60d8a81eaf9c8bc16919774cfc86446bafde44b5734,5a319872089c46fcbda0cea09f71fc4405d6f93e966a0f2f28ad17a968b3c7dd,False,True,True,stored_onchain,
107,1944,0x181F03e1DD23C76B2B4bdeDD3487213f57434436,70,0x90e8b27c82b81620f1D8564D1c163BfBdd0A03Ff,2,5,5,D:\PHD\بابل\2024\Research Reco\الجزء الثاني\lastfmReco\4 ايصال التوصيات بضمنها العقد\03_outputs\RECOMMENDATION_DELIVERY_TOP5_V2\payloads\community_107\user_1944_top5_v2.json,0x2e2033b34ffa622823e0c96601aca32e152c0136358814ad079a99d50dfe4092,0ce6c48fc6088cfa824336dad376a4345390c408726b094f8b040a7378364cf7,False,True,True,stored_onchain,
107,1976,0x8eB4376EC32EEf953870a033f23bF701d7a87f19,70,0x90e8b27c82b81620f1D8564D1c163BfBdd0A03Ff,2,5,5,D:\PHD\بابل\2024\Research Reco\الجزء الثاني\lastfmReco\4 ايصال التوصيات بضمنها العقد\03_outputs\RECOMMENDATION_DELIVERY_TOP5_V2\payloads\community_107\user_1976_top5_v2.json,0x6f163f19ab990c57141de93d1734e6dd50d7634a03c7960b96e46067a1a82883,cf69074e30ab69712dc35b6be19fed63144beacce2643610515ae5f5956c3279,False,True,True,stored_onchain,
107,2045,0x31c7b060E359E5F7D86278cB95Ef45Bae7e53a61,70,0x90e8b27c82b81620f1D8564D1c163BfBdd0A03Ff,2,5,5,D:\PHD\بابل\2024\Research Reco\الجزء الثاني\lastfmReco\4 ايصال التوصيات بضمنها العقد\03_outputs\RECOMMENDATION_DELIVERY_TOP5_V2\payloads\community_107\user_2045_top5_v2.json,0x77833831ef0fef6d4abcaadf51c1f2f55b031da23eafc3b4a3fd7b9e18586be5,927d7500806d6718e2cf278f4278d52283f28ad0827a9ef8e0d5ba5caa06f5b5,False,True,True,stored_onchain,
107,2052,0x898ED696B249E71f1c19964c9a2880F171352b26,70,0x90e8b27c82b81620f1D8564D1c163BfBdd0A03Ff,2,5,5,D:\PHD\بابل\2024\Research Reco\الجزء الثاني\lastfmReco\4 ايصال التوصيات بضمنها العقد\03_outputs\RECOMMENDATION_DELIVERY_TOP5_V2\payloads\community_107\user_2052_top5_v2.json,0xc13c78bcec14064a0a99c7e5da691bf8f9362df0525b8cb4052207d696d83165,be6ef37106c11618623b6a80132e612f8a9de4d806c78c1b94b116084088a746,False,True,True,stored_onchain,
107,2077,0x11Ab1658B8c126F3Dd938B9dfF7A919beEfD86fC,70,0x90e8b27c82b81620f1D8564D1c163BfBdd0A03Ff,2,5,5,D:\PHD\بابل\2024\Research Reco\الجزء الثاني\lastfmReco\4 ايصال التوصيات بضمنها العقد\03_outputs\RECOMMENDATION_DELIVERY_TOP5_V2\payloads\community_107\user_2077_top5_v2.json,0x6b65260192f442e387111ba65a978cebc25361121cd0d874fd8db27eae681853,1c237b56c1376739c5ff9f2a47a0933c376edb67b285510fa8699d3454702bb3,False,True,True,stored_onchain,
114,124,0x6b1e42164EeBbc6c7958C4640620891916C6ab2b,277,0xeF21c5926C291C6929D55a5DA715e0E45898b0c6,2,5,5,D:\PHD\بابل\2024\Research Reco\الجزء الثاني\lastfmReco\4 ايصال التوصيات بضمنها العقد\03_outputs\RECOMMENDATION_DELIVERY_TOP5_V2\payloads\community_114\user_124_top5_v2.json,0xa37ca96a78752bab9ffda798e489a0fa296e8bf04238cf4b31aaedcc4f6af83a,06f1c1a995da8015a1e787f469dd26935b4d71a00a687a9ad1c88b31162b26ae,False,True,True,stored_onchain,
114,184,0x7fF4Aaa7A805d20C9b1DDdCA97d37761D67e0eA9,277,0xeF21c5926C291C6929D55a5DA715e0E45898b0c6,2,5,5,D:\PHD\بابل\2024\Research Reco\الجزء الثاني\lastfmReco\4 ايصال التوصيات بضمنها العقد\03_outputs\RECOMMENDATION_DELIVERY_TOP5_V2\payloads\community_114\user_184_top5_v2.json,0xeaf2e5bd7ae7786f3605af336ce98c6f1e76cb4259731e6f69ff979c8ebb9dc6,90b1d0d0ae896c0a7d5a52da415e193ed7984c9aaa1cc77773b9e892bc9811f3,False,True,True,stored_onchain,
114,259,0xeBE3819CfF2121A40dB49ADA47f5e6CB31Df62ea,277,0xeF21c5926C291C6929D55a5DA715e0E45898b0c6,2,5,5,D:\PHD\بابل\2024\Research Reco\الجزء الثاني\lastfmReco\4 ايصال التوصيات بضمنها العقد\03_outputs\RECOMMENDATION_DELIVERY_TOP5_V2\payloads\community_114\user_259_top5_v2.json,0xf40f8bb62e28d72783302e98d26f1678830985f2158accf640555f5be2037593,8e4b858bd4fb46713fca5af383fde7ee169413e1ddb5387fddacd63013741d49,False,True,True,stored_onchain,
114,336,0x2193B0e826F74c728d3F5922818a02536AE36615,277,0xeF21c5926C291C6929D55a5DA715e0E45898b0c6,2,5,5,D:\PHD\بابل\2024\Research Reco\الجزء الثاني\lastfmReco\4 ايصال التوصيات بضمنها العقد\03_outputs\RECOMMENDATION_DELIVERY_TOP5_V2\payloads\community_114\user_336_top5_v2.json,0xce752ce9d00837ca867052729ee56a0fb6825c2f278cf212802973f86a8e6771,cae006d939bdc53a450db25ade7f1819114cf9747656afc4c6c008d9da77de24,False,True,True,stored_onchain,
114,351,0x3f46990d45E4f48E77C7afd0714D4063e5c18b08,277,0xeF21c5926C291C6929D55a5DA715e0E45898b0c6,2,5,5,D:\PHD\بابل\2024\Research Reco\الجزء الثاني\lastfmReco\4 ايصال التوصيات بضمنها العقد\03_outputs\RECOMMENDATION_DELIVERY_TOP5_V2\payloads\community_114\user_351_top5_v2.json,0xd40bb63d390401d87b08717d6e12ee54d9ef0e594336f9c9408193f09906f3ed,8bb7c03d36d6faec9801a77986262222c3ba160ad6a8752b07e87797027e2c2a,False,True,True,stored_onchain,
114,367,0x6321aa94152aA91c416cF7d27E25080d5a533d64,277,0xeF21c5926C291C6929D55a5DA715e0E45898b0c6,2,5,5,D:\PHD\بابل\2024\Research Reco\الجزء الثاني\lastfmReco\4 ايصال التوصيات بضمنها العقد\03_outputs\RECOMMENDATION_DELIVERY_TOP5_V2\payloads\community_114\user_367_top5_v2.json,0xe8435d5505a5373e5cef16eef2f250bf49581c9f44e403566581b8f4e90ffd8b,13893e64a7fcb84b5ab873b4b54cdb69c8397a3e0246bb1501e2b672db893a38,False,True,True,stored_onchain,
114,543,0xa8d728058A733c74b187007C374CF34b08A02007,277,0xeF21c5926C291C6929D55a5DA715e0E45898b0c6,2,5,5,D:\PHD\بابل\2024\Research Reco\الجزء الثاني\lastfmReco\4 ايصال التوصيات بضمنها العقد\03_outputs\RECOMMENDATION_DELIVERY_TOP5_V2\payloads\community_114\user_543_top5_v2.json,0x84ee97e24366fe68330fa966d01bc56df0a495a491b62548636c9a6c9313dd9f,6f32083221cdb42f64015ec917bf8557377b07d18d04a4eb2ad53f342f677aa3,False,True,True,stored_onchain,
114,583,0x6D45BE1Ec26980B7918675B766798f3f406684fd,277,0xeF21c5926C291C6929D55a5DA715e0E45898b0c6,2,5,5,D:\PHD\بابل\2024\Research Reco\الجزء الثاني\lastfmReco\4 ايصال التوصيات بضمنها العقد\03_outputs\RECOMMENDATION_DELIVERY_TOP5_V2\payloads\community_114\user_583_top5_v2.json,0xa020653913e80e5e4393ba5f3544f8a0eeaa568eae9b35d24bf71bcedcc6d8ba,d36deb1d4473ccca5b5da7607fd4a2c119730efd879a3f82a7db632c55c8b436,False,True,True,stored_onchain,
114,691,0x911CeC3B27dd03F72A3fc3874e945355B50ED912,277,0xeF21c5926C291C6929D55a5DA715e0E45898b0c6,2,5,5,D:\PHD\بابل\2024\Research Reco\الجزء الثاني\lastfmReco\4 ايصال التوصيات بضمنها العقد\03_outputs\RECOMMENDATION_DELIVERY_TOP5_V2\payloads\community_114\user_691_top5_v2.json,0xd7710ef689129d2468395a6dc918ae3ee9ee5e353b9b20305d0eb227143eb039,88ab1d093c3bd9559f78a60cd42cdb13938185a96cfe67aab3d5ee0afda36df1,False,True,True,stored_onchain,
114,1041,0x623333443242E711ca7c687EF0D0783Ba9EE4179,277,0xeF21c5926C291C6929D55a5DA715e0E45898b0c6,2,5,5,D:\PHD\بابل\2024\Research Reco\الجزء الثاني\lastfmReco\4 ايصال التوصيات بضمنها العقد\03_outputs\RECOMMENDATION_DELIVERY_TOP5_V2\payloads\community_114\user_1041_top5_v2.json,0xca36c7158dd164f76644a69abe0b9bbaa3bb51c08f31cf84c69c452e9df63526,2e5eece4aea263e6d74b7a397fab9a4881743c13f6befae468b2a53a39ac381f,False,True,True,stored_onchain,
114,1049,0xceA3e7a9d38cCA462A3073949B0dE3c92B9dcf66,277,0xeF21c5926C291C6929D55a5DA715e0E45898b0c6,2,5,5,D:\PHD\بابل\2024\Research Reco\الجزء الثاني\lastfmReco\4 ايصال التوصيات بضمنها العقد\03_outputs\RECOMMENDATION_DELIVERY_TOP5_V2\payloads\community_114\user_1049_top5_v2.json,0x83ab7138df8360df1013e9c2914d8d243a4def54ee958c7e6f6969f805f5fa0e,f3bffa8f52661c018ca426857252aa5b5ff281155054aacb75b473e0fd433998,False,True,True,stored_onchain,
114,1063,0x1c4827BFEd062C2F0538f49D8778D4b25f1f99CC,277,0xeF21c5926C291C6929D55a5DA715e0E45898b0c6,2,5,5,D:\PHD\بابل\2024\Research Reco\الجزء الثاني\lastfmReco\4 ايصال التوصيات بضمنها العقد\03_outputs\RECOMMENDATION_DELIVERY_TOP5_V2\payloads\community_114\user_1063_top5_v2.json,0xd0d73a0616feba0a0e50d4bc17b5b15c9deea47854da0c871598c118bfca6c26,ce2127cc19110ae8abc1610538fc925392635c48981af1a0abe808df3d19f267,False,True,True,stored_onchain,
114,1130,0x05bc059C4E9674f18A2782e07Bb3802cc127bF38,277,0xeF21c5926C291C6929D55a5DA715e0E45898b0c6,2,5,5,D:\PHD\بابل\2024\Research Reco\الجزء الثاني\lastfmReco\4 ايصال التوصيات بضمنها العقد\03_outputs\RECOMMENDATION_DELIVERY_TOP5_V2\payloads\community_114\user_1130_top5_v2.json,0xc90bd9f71d17237d923e37b11ed3c8236021cc1144b04b68fb0b7e1f5af7fff4,af6ce91f6f997c41d698687b112e6e154c5706b6a2a32d26e00730adbdbd8121,False,True,True,stored_onchain,
114,1139,0xdd2fA98F0287516a74251a62707a95500d5624D8,277,0xeF21c5926C291C6929D55a5DA715e0E45898b0c6,2,5,5,D:\PHD\بابل\2024\Research Reco\الجزء الثاني\lastfmReco\4 ايصال التوصيات بضمنها العقد\03_outputs\RECOMMENDATION_DELIVERY_TOP5_V2\payloads\community_114\user_1139_top5_v2.json,0x93e9f6f3fc3e37ff0f920bbb752c60285f33db0f886902e6562595096201a2df,31e036d63ef8cbe3d3b4d2d72146aef4edaa77f2be71434cefd3c88f78a85052,False,True,True,stored_onchain,
114,1153,0x4536B71DBcc5E4d17294E27FbF35D7cDF8442be5,277,0xeF21c5926C291C6929D55a5DA715e0E45898b0c6,2,5,5,D:\PHD\بابل\2024\Research Reco\الجزء الثاني\lastfmReco\4 ايصال التوصيات بضمنها العقد\03_outputs\RECOMMENDATION_DELIVERY_TOP5_V2\payloads\community_114\user_1153_top5_v2.json,0x30e20704aae7aee6a6a727a9f53d8f4178b1a0d56647c910194484cebcd4874f,3b2b2fa00fa5bcdd155288927bc83ba9c52a88ddc812fa646f86d8a6d33dcd37,False,True,True,stored_onchain,
114,1225,0x94caBDA592C80971df09848c426bd2bdEA42F104,277,0xeF21c5926C291C6929D55a5DA715e0E45898b0c6,2,5,5,D:\PHD\بابل\2024\Research Reco\الجزء الثاني\lastfmReco\4 ايصال التوصيات بضمنها العقد\03_outputs\RECOMMENDATION_DELIVERY_TOP5_V2\payloads\community_114\user_1225_top5_v2.json,0x8781dcbf56f0c4565a6da3646d3e6a3351613350a996390501d18196a1e7ed7a,d29d7fc9ef4b28b9cce31bf728ee9d48eef1aa99187b6110fdab51c2ef22ff6f,False,True,True,stored_onchain,
114,1337,0x8C3085345E7d82F4b1AE18096126b4685654a098,277,0xeF21c5926C291C6929D55a5DA715e0E45898b0c6,2,5,5,D:\PHD\بابل\2024\Research Reco\الجزء الثاني\lastfmReco\4 ايصال التوصيات بضمنها العقد\03_outputs\RECOMMENDATION_DELIVERY_TOP5_V2\payloads\community_114\user_1337_top5_v2.json,0x64b3a7ac65faf7b14ec661e71417aabfda6415e02a373f1d7e7bcc115296e7bc,189e7dc52a7260b368274d303e3c19315a09f91218cef17e54017295d9d49863,False,True,True,stored_onchain,
114,1390,0x0026Fd4aFe0980359343474eeA73E1dB6fBe1eDa,277,0xeF21c5926C291C6929D55a5DA715e0E45898b0c6,2,5,5,D:\PHD\بابل\2024\Research Reco\الجزء الثاني\lastfmReco\4 ايصال التوصيات بضمنها العقد\03_outputs\RECOMMENDATION_DELIVERY_TOP5_V2\payloads\community_114\user_1390_top5_v2.json,0xbf617d32a09b3b1e9a3501318fb86d12d9b8805dd43e4d13b39bb0d1b51959f4,107db858cd377d19073ee1d805b4a142f3cbf7cc86a15e233e317df1c56f745c,False,True,True,stored_onchain,
114,1464,0x9BfBad63E0f0C3C8D8efeBb415de328d8BB3CE72,277,0xeF21c5926C291C6929D55a5DA715e0E45898b0c6,2,5,5,D:\PHD\بابل\2024\Research Reco\الجزء الثاني\lastfmReco\4 ايصال التوصيات بضمنها العقد\03_outputs\RECOMMENDATION_DELIVERY_TOP5_V2\payloads\community_114\user_1464_top5_v2.json,0x38d045e2fccc42dc24c02076b1c6b0ca777224d070766294bfb7f4775ada7724,38dfa42dee5fddc0cbc83ac7271d5d78ec95bc06336e2d4bac0d80043b55bfda,False,True,True,stored_onchain,
114,1491,0xBc959DF126Fe45dfE4501c7535A71de8816B2371,277,0xeF21c5926C291C6929D55a5DA715e0E45898b0c6,2,5,5,D:\PHD\بابل\2024\Research Reco\الجزء الثاني\lastfmReco\4 ايصال التوصيات بضمنها العقد\03_outputs\RECOMMENDATION_DELIVERY_TOP5_V2\payloads\community_114\user_1491_top5_v2.json,0x671d109e731c5a7ca0aa15fc794e66e2dec5a36a7b31a8f9de8fe671df9e1a25,03d706caec8d608cb44ae8b6fc7949100e7ab28f744ef53953b5566efc8b3368,False,True,True,stored_onchain,
114,1685,0x31797Bb0C1f6B8abFDbC518301854eB1E4F4E6e4,277,0xeF21c5926C291C6929D55a5DA715e0E45898b0c6,2,5,5,D:\PHD\بابل\2024\Research Reco\الجزء الثاني\lastfmReco\4 ايصال التوصيات بضمنها العقد\03_outputs\RECOMMENDATION_DELIVERY_TOP5_V2\payloads\community_114\user_1685_top5_v2.json,0xa3efb6146ad627904bc438d8bf9eb0a1da4e52b54de43ad1834bade614d4dab5,deaa8f364b36227713858e7ee939c319ff2f45fb907987d212e75f239895ab8f,False,True,True,stored_onchain,
114,1760,0x804DA34174A4c684B7a7db525F401e8d19335C19,277,0xeF21c5926C291C6929D55a5DA715e0E45898b0c6,2,5,5,D:\PHD\بابل\2024\Research Reco\الجزء الثاني\lastfmReco\4 ايصال التوصيات بضمنها العقد\03_outputs\RECOMMENDATION_DELIVERY_TOP5_V2\payloads\community_114\user_1760_top5_v2.json,0xbbe1eb44dc2f38511dafcbfe3965055dcf97ffaaf80c0c16e6782b1776e77a6a,ff450d7b9185a56f29a440c1a19665f4c13445a33afd0c5cf5b8bdc8e08eac16,False,True,True,stored_onchain,
114,1798,0x97C3060341642e11Aa1887BD595427484720aB42,277,0xeF21c5926C291C6929D55a5DA715e0E45898b0c6,2,5,5,D:\PHD\بابل\2024\Research Reco\الجزء الثاني\lastfmReco\4 ايصال التوصيات بضمنها العقد\03_outputs\RECOMMENDATION_DELIVERY_TOP5_V2\payloads\community_114\user_1798_top5_v2.json,0xab872e8d00fb95c0e4b86a0fe984aefdbb40c877bc3064b2f93613515aafe273,894596d6d1bd6642f14278b67571088b475c9ff5cf4636acf057e5cc010f27fc,False,True,True,stored_onchain,
114,1804,0xcE7376fa1907843c5Bb8C50E8f8A2dC3eb5d30ad,277,0xeF21c5926C291C6929D55a5DA715e0E45898b0c6,2,5,5,D:\PHD\بابل\2024\Research Reco\الجزء الثاني\lastfmReco\4 ايصال التوصيات بضمنها العقد\03_outputs\RECOMMENDATION_DELIVERY_TOP5_V2\payloads\community_114\user_1804_top5_v2.json,0x84a8e4a5a73bc5d9dc0ecb64640f3c57787f7a4c332358ef7b8f974f8bba5493,87625cba99bf34b33312a9a7e431464a1c818c5125c299070323930124953cff,False,True,True,stored_onchain,
114,1922,0xE244926Cb78F9Dacd49dBe4BfaB40E7200765DBF,277,0xeF21c5926C291C6929D55a5DA715e0E45898b0c6,2,5,5,D:\PHD\بابل\2024\Research Reco\الجزء الثاني\lastfmReco\4 ايصال التوصيات بضمنها العقد\03_outputs\RECOMMENDATION_DELIVERY_TOP5_V2\payloads\community_114\user_1922_top5_v2.json,0xb981d55b8277dc618f5a98ece0191711c1929a8efbe79f249bee6fe161294d7e,96c70e78ba83643dffa6d4cdd12268fcea64a70af7c8d248237f885e5be06d74,False,True,True,stored_onchain,
114,1982,0xd2603b78957399D5C59D3718350bd8fB35193E22,277,0xeF21c5926C291C6929D55a5DA715e0E45898b0c6,2,5,5,D:\PHD\بابل\2024\Research Reco\الجزء الثاني\lastfmReco\4 ايصال التوصيات بضمنها العقد\03_outputs\RECOMMENDATION_DELIVERY_TOP5_V2\payloads\community_114\user_1982_top5_v2.json,0xc5e950fd1a60c48eb448c408d4cf42b349a9bad7c6b2c38ae84adcb6ade4499a,4cedd6ffd042e0ea6cc3e7432fe00fe0ff766d766389e2d5189a7177f6594d7f,False,True,True,stored_onchain,
114,1994,0x1f63C7ef0Fd22F7dc3687Aa045D5F0f6a436AD24,277,0xeF21c5926C291C6929D55a5DA715e0E45898b0c6,2,5,5,D:\PHD\بابل\2024\Research Reco\الجزء الثاني\lastfmReco\4 ايصال التوصيات بضمنها العقد\03_outputs\RECOMMENDATION_DELIVERY_TOP5_V2\payloads\community_114\user_1994_top5_v2.json,0xf24e7e34c2e462b5b304af9dfbbfe0dba3be100323314013fca1601f89097122,389e066c558d6542e2559008ea22b58be1a2855df4d986430f87c05477c42560,False,True,True,stored_onchain,
114,2096,0x52e5697f1BadA0Dd2b048A9FE2084f7cee985134,277,0xeF21c5926C291C6929D55a5DA715e0E45898b0c6,2,5,5,D:\PHD\بابل\2024\Research Reco\الجزء الثاني\lastfmReco\4 ايصال التوصيات بضمنها العقد\03_outputs\RECOMMENDATION_DELIVERY_TOP5_V2\payloads\community_114\user_2096_top5_v2.json,0xbf44da0bc52dd8a3731596d1e15b0b1d574a2f30b87d59dc4a6d2639dc4d07c9,70e6bc07bbb351c03eb8cba8dd01dd86f89565b3db6cdc0d8b4683dde81b2d30,False,True,True,stored_onchain,
204,79,0xab97FA77433D4545Df59bc33AaA78E4E26c2CB23,412,0xfC5C3073c0E0A238b79f0b5190705F64f6793116,2,5,5,D:\PHD\بابل\2024\Research Reco\الجزء الثاني\lastfmReco\4 ايصال التوصيات بضمنها العقد\03_outputs\RECOMMENDATION_DELIVERY_TOP5_V2\payloads\community_204\user_79_top5_v2.json,0xb2aab0474e7d450c36bc50164d38fdd0532237c1fffbe5850a66aab4edf9f46d,f3475c07cd71a7573cb9735918bf746f492485df68f2eacbd6aefd44bce3100a,False,True,True,stored_onchain,
204,98,0xe8fB9D6eaB1126CAE0D2dFECfA8b5FEf26CF65B8,412,0xfC5C3073c0E0A238b79f0b5190705F64f6793116,2,5,5,D:\PHD\بابل\2024\Research Reco\الجزء الثاني\lastfmReco\4 ايصال التوصيات بضمنها العقد\03_outputs\RECOMMENDATION_DELIVERY_TOP5_V2\payloads\community_204\user_98_top5_v2.json,0xc544c89a73b2f55ced2b4926ccb1eba24497afdc426663dd6f0920894b1de6af,d7f7a2d3a5747e93d09dcb09ce67e6922d95d65076bee670d4f4596202cc26c4,False,True,True,stored_onchain,
204,310,0x493bce3bB963b052d1B3C7BCE3cbd692fbf64e52,412,0xfC5C3073c0E0A238b79f0b5190705F64f6793116,2,5,5,D:\PHD\بابل\2024\Research Reco\الجزء الثاني\lastfmReco\4 ايصال التوصيات بضمنها العقد\03_outputs\RECOMMENDATION_DELIVERY_TOP5_V2\payloads\community_204\user_310_top5_v2.json,0x74c4a1574c709c601238c123689d13108cb21aaf5f5e4d0524e7bc03e1b3ccab,d847bab45b4f823e56e1f8dab89c1c9c71e213df0335c33fa3d60d29ea084337,False,True,True,stored_onchain,
204,326,0xB98fDeE5F7154c4Dc9F58e821c74128379F82aCC,412,0xfC5C3073c0E0A238b79f0b5190705F64f6793116,2,5,5,D:\PHD\بابل\2024\Research Reco\الجزء الثاني\lastfmReco\4 ايصال التوصيات بضمنها العقد\03_outputs\RECOMMENDATION_DELIVERY_TOP5_V2\payloads\community_204\user_326_top5_v2.json,0x9c7bbf6e6f5e131abf21928978aa4e0d6cbaf721bc69f7a1ebb492ce4a320cc6,417266ad2d95ca2312b0a1f205adc70aea6e622a29af7b2bfb9cc176fcd5c2cc,False,True,True,stored_onchain,
204,332,0x1737a88f35BFAcD9cCb4cDD381E5a8D2Cc506d7b,412,0xfC5C3073c0E0A238b79f0b5190705F64f6793116,2,5,5,D:\PHD\بابل\2024\Research Reco\الجزء الثاني\lastfmReco\4 ايصال التوصيات بضمنها العقد\03_outputs\RECOMMENDATION_DELIVERY_TOP5_V2\payloads\community_204\user_332_top5_v2.json,0x466357cde7f2e10305572497ada0676616b8e3073eb228322615ba0877be5362,2c4b5b1ec12797c6a13d0841996e20b1c81029de4349ddb67fc0404c4da446b9,False,True,True,stored_onchain,
204,495,0xd96038D237388deAafB5292Ae12a891ca580B07f,412,0xfC5C3073c0E0A238b79f0b5190705F64f6793116,2,5,5,D:\PHD\بابل\2024\Research Reco\الجزء الثاني\lastfmReco\4 ايصال التوصيات بضمنها العقد\03_outputs\RECOMMENDATION_DELIVERY_TOP5_V2\payloads\community_204\user_495_top5_v2.json,0x2bf297f0830529a310d5f2ab3742747536457975734d645a2502349805118ae3,4edaaadc0ef597a569e8544964f739bd6c88a0b97e6dce7e2f8b976a516c4ba3,False,True,True,stored_onchain,
204,514,0xff83b0797C4d0507a7bFb58625A3A9046C8e1334,412,0xfC5C3073c0E0A238b79f0b5190705F64f6793116,2,5,5,D:\PHD\بابل\2024\Research Reco\الجزء الثاني\lastfmReco\4 ايصال التوصيات بضمنها العقد\03_outputs\RECOMMENDATION_DELIVERY_TOP5_V2\payloads\community_204\user_514_top5_v2.json,0x193877e4858684e5fc0f09a1bb27cf2ba13176ef2fd0f43dcd6a47a3c69dbf83,66b6367d4cd5a810674efe9ae30e4ba800323a952ed183c8305a75c4863ebb13,False,True,True,stored_onchain,
204,536,0x85eAbE78303417c6E45C28b503B3a7679E08B5D0,412,0xfC5C3073c0E0A238b79f0b5190705F64f6793116,2,5,5,D:\PHD\بابل\2024\Research Reco\الجزء الثاني\lastfmReco\4 ايصال التوصيات بضمنها العقد\03_outputs\RECOMMENDATION_DELIVERY_TOP5_V2\payloads\community_204\user_536_top5_v2.json,0x7ad1a964ee57ff09638f597914b026a6ef1b64013926c2bee9dfc27b1ccffcd4,4c1a88fc3a398554af7128bd94a89a27e4fbc1520f96fe68286297554bdaa4cb,False,True,True,stored_onchain,
204,553,0x3CC7472196810195Db9e6FAaFB11Cb2ebf104B9B,412,0xfC5C3073c0E0A238b79f0b5190705F64f6793116,2,5,5,D:\PHD\بابل\2024\Research Reco\الجزء الثاني\lastfmReco\4 ايصال التوصيات بضمنها العقد\03_outputs\RECOMMENDATION_DELIVERY_TOP5_V2\payloads\community_204\user_553_top5_v2.json,0x0eb191693afe9716612d1d29db097dac4d1318ac8f9b86c5d19698155aca1f52,5af2136396d22129f35ccb22219280dc61eb8d0d0e3911318a0f7cd1d01be1db,False,True,True,stored_onchain,
204,573,0xa21c79564b8570c0B3c4743fB0716481e8Fa0c0C,412,0xfC5C3073c0E0A238b79f0b5190705F64f6793116,2,5,5,D:\PHD\بابل\2024\Research Reco\الجزء الثاني\lastfmReco\4 ايصال التوصيات بضمنها العقد\03_outputs\RECOMMENDATION_DELIVERY_TOP5_V2\payloads\community_204\user_573_top5_v2.json,0xc836bc6c3736ee830f732cfcf7e62f9eebd3df164fdfcf10429e14dce7791d4e,d7bc9ffb466580f0c613f80c80acc5915b6f8fdab497ba70be466717b4073398,False,True,True,stored_onchain,
204,717,0x1aB670aA2E83B53D4F5138e56D4eff4314CFAB66,412,0xfC5C3073c0E0A238b79f0b5190705F64f6793116,2,5,5,D:\PHD\بابل\2024\Research Reco\الجزء الثاني\lastfmReco\4 ايصال التوصيات بضمنها العقد\03_outputs\RECOMMENDATION_DELIVERY_TOP5_V2\payloads\community_204\user_717_top5_v2.json,0xe2f12de7ea9c61a8bc614d3a40012fa0a1d6abd16da3ffa24259e82380647d81,adab0faf60dcbcf16d03a3ddd4f60f1b210917be7750bc2b87263795964432d5,False,True,True,stored_onchain,
204,722,0xd9e9B4B6b303D78D3B77A3D1070f13553679e5a5,412,0xfC5C3073c0E0A238b79f0b5190705F64f6793116,2,5,5,D:\PHD\بابل\2024\Research Reco\الجزء الثاني\lastfmReco\4 ايصال التوصيات بضمنها العقد\03_outputs\RECOMMENDATION_DELIVERY_TOP5_V2\payloads\community_204\user_722_top5_v2.json,0x8896d33775e4d29b5e46ab1ca7cb509d5f2879be58f7a2c3112eabdbfcd4f5e5,6e4cc74951e69d2186e602226a49e2e36a4d4bd17ef641b48d74aec940291476,False,True,True,stored_onchain,
204,836,0x73736B9609348792dF3c7FCDfCCaF1cF05082762,412,0xfC5C3073c0E0A238b79f0b5190705F64f6793116,2,5,5,D:\PHD\بابل\2024\Research Reco\الجزء الثاني\lastfmReco\4 ايصال التوصيات بضمنها العقد\03_outputs\RECOMMENDATION_DELIVERY_TOP5_V2\payloads\community_204\user_836_top5_v2.json,0x424a3a06a64c89068f19f42313e898e6136e251fb749fe84b952e0a2e0b3a889,124c78b36ab8963141e656c04d9877ac6fb44efbe4a3b42fabbad52fad20dd38,False,True,True,stored_onchain,
204,852,0x25C77B5B079bfC426e15e482ad23A394211a7A88,412,0xfC5C3073c0E0A238b79f0b5190705F64f6793116,2,5,5,D:\PHD\بابل\2024\Research Reco\الجزء الثاني\lastfmReco\4 ايصال التوصيات بضمنها العقد\03_outputs\RECOMMENDATION_DELIVERY_TOP5_V2\payloads\community_204\user_852_top5_v2.json,0x1322f55070da86c0a67ae2ef0e03f0073cab0b6ac55c32c9c1ec192bdf1fcaeb,8ecedacaaf5a4463ac0331d09c0aa0c32e318aa71cd6c5b0b736b214a31bf325,False,True,True,stored_onchain,
204,861,0x4a55625A77A13B6DFeC065a31Fd11d2c480F38eE,412,0xfC5C3073c0E0A238b79f0b5190705F64f6793116,2,5,5,D:\PHD\بابل\2024\Research Reco\الجزء الثاني\lastfmReco\4 ايصال التوصيات بضمنها العقد\03_outputs\RECOMMENDATION_DELIVERY_TOP5_V2\payloads\community_204\user_861_top5_v2.json,0xbb10a9e33ced846035e0e274a3651307bb71417e5eaae4aa8df882600a4e1156,a9f3bc4f3c756cda45d412fb991df3f97d31e4b2fa066c5d0f61c99c8b2ed5f2,False,True,True,stored_onchain,
204,1017,0xfA5CdBE54E60fB2519eB01bfA3C85C38f24902CE,412,0xfC5C3073c0E0A238b79f0b5190705F64f6793116,2,5,5,D:\PHD\بابل\2024\Research Reco\الجزء الثاني\lastfmReco\4 ايصال التوصيات بضمنها العقد\03_outputs\RECOMMENDATION_DELIVERY_TOP5_V2\payloads\community_204\user_1017_top5_v2.json,0xcdfa5ee0742ef0bdd9a08ecd828f17e711d94937308fe4d616a79f96b3d4acac,04a3a99f389b6144c2c23ee2df5550ab9eb48c4fb608fbbaefc021e553f70420,False,True,True,stored_onchain,
204,1034,0xEF5cBCfd4Dd61A85c3B7a6438e97909A6129c9A4,412,0xfC5C3073c0E0A238b79f0b5190705F64f6793116,2,5,5,D:\PHD\بابل\2024\Research Reco\الجزء الثاني\lastfmReco\4 ايصال التوصيات بضمنها العقد\03_outputs\RECOMMENDATION_DELIVERY_TOP5_V2\payloads\community_204\user_1034_top5_v2.json,0xca7ef4a3fa3d4af39de5cbc811e503d58135272cc5c58d42def4dad527dc0250,32b889870d25d74ed096953b6c6dca481fe0b1e18bfb1b3d4164ce9296b1ee19,False,True,True,stored_onchain,
204,1072,0xD1702F65Fa5Be6d9259D897A6349175cEFd480aC,412,0xfC5C3073c0E0A238b79f0b5190705F64f6793116,2,5,5,D:\PHD\بابل\2024\Research Reco\الجزء الثاني\lastfmReco\4 ايصال التوصيات بضمنها العقد\03_outputs\RECOMMENDATION_DELIVERY_TOP5_V2\payloads\community_204\user_1072_top5_v2.json,0x429b9a6c66c3e7178da3610bef40c2e06701f76e85ed758636f6ac3adae49cd2,924198a0f41a854eceb4f9049ba52e681713fc6205f9a04c2064bb77cd15f94a,False,True,True,stored_onchain,
204,1145,0x6e3122B0b3F899a3f0F3A7842Af6dB9398749Cb7,412,0xfC5C3073c0E0A238b79f0b5190705F64f6793116,2,5,5,D:\PHD\بابل\2024\Research Reco\الجزء الثاني\lastfmReco\4 ايصال التوصيات بضمنها العقد\03_outputs\RECOMMENDATION_DELIVERY_TOP5_V2\payloads\community_204\user_1145_top5_v2.json,0x8fa36722aa4631b84f90be02ce7cb5b0b849e7f204887b5ac0c6e218025b07d1,772c04475550fe53800a2fb1371c6c8698755e5ec01ac17b1763cc6d80f02f89,False,True,True,stored_onchain,
204,1171,0x6a632a2f0eA98687E8fad60038Fb37275834e45f,412,0xfC5C3073c0E0A238b79f0b5190705F64f6793116,2,5,5,D:\PHD\بابل\2024\Research Reco\الجزء الثاني\lastfmReco\4 ايصال التوصيات بضمنها العقد\03_outputs\RECOMMENDATION_DELIVERY_TOP5_V2\payloads\community_204\user_1171_top5_v2.json,0x5ab67c3d08ca4f0a0f681fe645da959ae13fb3dbd6ae292f9e1ec34e53e6e4a7,457b74985bafa3f4a2456b3bef5c7bd47e27d09b739b2d24d03e4365344ec076,False,True,True,stored_onchain,
204,1429,0x58369d05557d71C16d0bf65dc8fe5D337F1Ee5FC,412,0xfC5C3073c0E0A238b79f0b5190705F64f6793116,2,5,5,D:\PHD\بابل\2024\Research Reco\الجزء الثاني\lastfmReco\4 ايصال التوصيات بضمنها العقد\03_outputs\RECOMMENDATION_DELIVERY_TOP5_V2\payloads\community_204\user_1429_top5_v2.json,0xa5e4586e2b0b3da4572b79f692cbe80651d4b823591095491b32332a0802752a,47cb1f84aeb81695853c35ff6e9c1258eefe19000b091345f73d1a9befeca912,False,True,True,stored_onchain,
204,1434,0x5927B4B74CCca2706B44e8F1f56cc1198f24B0Cf,412,0xfC5C3073c0E0A238b79f0b5190705F64f6793116,2,5,5,D:\PHD\بابل\2024\Research Reco\الجزء الثاني\lastfmReco\4 ايصال التوصيات بضمنها العقد\03_outputs\RECOMMENDATION_DELIVERY_TOP5_V2\payloads\community_204\user_1434_top5_v2.json,0xbc7de1b4f4fa81face74cc3c243e8aa9e17786b58f074324cc3c96979b570fd4,0110368fea7465f12613b4d89b4001d44b3042e8629b890f61cbda04b9dc9e61,False,True,True,stored_onchain,
204,1489,0x85c1a843bed3150bD16F5abC7302E1d0085B9471,412,0xfC5C3073c0E0A238b79f0b5190705F64f6793116,2,5,5,D:\PHD\بابل\2024\Research Reco\الجزء الثاني\lastfmReco\4 ايصال التوصيات بضمنها العقد\03_outputs\RECOMMENDATION_DELIVERY_TOP5_V2\payloads\community_204\user_1489_top5_v2.json,0x621d3bb54ee45265e593571420ad86761b7a396160969893225421ca9148c9bf,7697571c1ea28c397d5b3b359fbe24535e0639f0a0a27df0bbfd3acbf36c8a5e,False,True,True,stored_onchain,
204,1593,0xAE442041DbF5b8aDBeA00c920C86EBF51C7b7018,412,0xfC5C3073c0E0A238b79f0b5190705F64f6793116,2,5,5,D:\PHD\بابل\2024\Research Reco\الجزء الثاني\lastfmReco\4 ايصال التوصيات بضمنها العقد\03_outputs\RECOMMENDATION_DELIVERY_TOP5_V2\payloads\community_204\user_1593_top5_v2.json,0x99a9b637ef7e87d52c3d89aaad0a8c4947f211849ff23bf8050671a590b34b74,08628d1476870644226d336841a00e334487836d557e26cbd14b3e6c6d4a80fa,False,True,True,stored_onchain,
204,1607,0x2d221833Fa40a56566661c869f8B5CfeD40aB6ed,412,0xfC5C3073c0E0A238b79f0b5190705F64f6793116,2,5,5,D:\PHD\بابل\2024\Research Reco\الجزء الثاني\lastfmReco\4 ايصال التوصيات بضمنها العقد\03_outputs\RECOMMENDATION_DELIVERY_TOP5_V2\payloads\community_204\user_1607_top5_v2.json,0xbb2d2261750d9cd9d75c6f11c8d5504fe20fddd6329c032257cd6a5fc661b75e,1111659f618ada515e7dd86fc149dab429403c1d69602e98db2bfcd87b28eada,False,True,True,stored_onchain,
204,1726,0x85d9d6D89320c3E5FF4Bb764Fd1b848131167b2C,412,0xfC5C3073c0E0A238b79f0b5190705F64f6793116,2,5,5,D:\PHD\بابل\2024\Research Reco\الجزء الثاني\lastfmReco\4 ايصال التوصيات بضمنها العقد\03_outputs\RECOMMENDATION_DELIVERY_TOP5_V2\payloads\community_204\user_1726_top5_v2.json,0x461079351365522e627227a5eecd36b6b29694e89341c2c954bc6fbd32971eee,0bcbbb90d0ae2a68b4a51fdd3719728aee5236cc280ddedf0f225033c89df45f,False,True,True,stored_onchain,
204,1769,0x669F42B4e91AbBD0C62C796588077E0FD7944f86,412,0xfC5C3073c0E0A238b79f0b5190705F64f6793116,2,5,5,D:\PHD\بابل\2024\Research Reco\الجزء الثاني\lastfmReco\4 ايصال التوصيات بضمنها العقد\03_outputs\RECOMMENDATION_DELIVERY_TOP5_V2\payloads\community_204\user_1769_top5_v2.json,0x833f1e89ebcedb45c0b62db87e636f26e42c50eddd9f18639373f43051bd9c00,8c4c231044798e505ffe101cc8426e85ff5c60abc52a5c2a75be0ad5a25e2649,False,True,True,stored_onchain,
204,1829,0x45e38DfE297E2285D5aCBA527541fbeeD9A020A8,412,0xfC5C3073c0E0A238b79f0b5190705F64f6793116,2,5,5,D:\PHD\بابل\2024\Research Reco\الجزء الثاني\lastfmReco\4 ايصال التوصيات بضمنها العقد\03_outputs\RECOMMENDATION_DELIVERY_TOP5_V2\payloads\community_204\user_1829_top5_v2.json,0x035b314a4214a86c310405f329ce0568ce8e13d11f6a5fe34505eff070e94e57,75461f3c92720a683cb97c618f4d6f75236f185149da9ef88422e90f1a90e47a,False,True,True,stored_onchain,
204,1898,0x3bA1Bc299272dbA83AB4BC6C49F2C0d9C56b0ca2,412,0xfC5C3073c0E0A238b79f0b5190705F64f6793116,2,5,5,D:\PHD\بابل\2024\Research Reco\الجزء الثاني\lastfmReco\4 ايصال التوصيات بضمنها العقد\03_outputs\RECOMMENDATION_DELIVERY_TOP5_V2\payloads\community_204\user_1898_top5_v2.json,0x9f865e6e7bcbc930dc8313326d0eb3cae16b456fd55fb59f93d2be05b8299c0a,8d432c77bb34218e53a2d1ca3b2183bfdccb81d1268e294d90d95c868eb06fc7,False,True,True,stored_onchain,
204,1954,0x488FEAad17A06fc46FAB1BF4Db24C8712a64BC97,412,0xfC5C3073c0E0A238b79f0b5190705F64f6793116,2,5,5,D:\PHD\بابل\2024\Research Reco\الجزء الثاني\lastfmReco\4 ايصال التوصيات بضمنها العقد\03_outputs\RECOMMENDATION_DELIVERY_TOP5_V2\payloads\community_204\user_1954_top5_v2.json,0x57539d942bb265ddf702e51433be7946329a75370367051579898c89a812f6f9,6c5e8b2d47e04b63c632a69e7d9354298acc8a32453a7a5f77b870db38e4599b,False,True,True,stored_onchain,
211,46,0xeF2EC993DEdcD0Eb5018e12d7B19709275c10a31,1492,0xbeca34dffD14561cA5821E51F8B56378bc3594f1,2,5,5,D:\PHD\بابل\2024\Research Reco\الجزء الثاني\lastfmReco\4 ايصال التوصيات بضمنها العقد\03_outputs\RECOMMENDATION_DELIVERY_TOP5_V2\payloads\community_211\user_46_top5_v2.json,0x621c0a8cd1795e0e0a9d08f77b46f45ed67dad8565843798ec409c00d048d417,a7681169cadea0d78373cd7b9431f528512fbd7795e7b3a902ce8f25d2182121,False,True,True,stored_onchain,
211,53,0xd1dE8362598dEf7aeEe8650C6448240DAea070b5,1492,0xbeca34dffD14561cA5821E51F8B56378bc3594f1,2,5,5,D:\PHD\بابل\2024\Research Reco\الجزء الثاني\lastfmReco\4 ايصال التوصيات بضمنها العقد\03_outputs\RECOMMENDATION_DELIVERY_TOP5_V2\payloads\community_211\user_53_top5_v2.json,0x5ce3875532fa43283ed2fc7df768c6dd814a5b7f6d426edd4b6d8237a6590eb6,5b3643a0c75c212cd412de60eb730b02c032cc6b3e3246e70075c94a41fb75e9,False,True,True,stored_onchain,
211,72,0x3ea854de33e90516C2fCc7295DC65EEdBb522a33,1492,0xbeca34dffD14561cA5821E51F8B56378bc3594f1,2,5,5,D:\PHD\بابل\2024\Research Reco\الجزء الثاني\lastfmReco\4 ايصال التوصيات بضمنها العقد\03_outputs\RECOMMENDATION_DELIVERY_TOP5_V2\payloads\community_211\user_72_top5_v2.json,0x38e0c8a7a4f3b5805b2169c937682ae6885436f68fcbf281d06f7a2a21daf8fb,8b7a8c7608c74361431c5eda7f7593917712b69dcfc520364ff3c6c3bca14cb5,False,True,True,stored_onchain,
211,75,0xC794eb5c2F7f729e50296f1fcF602c62e4475028,1492,0xbeca34dffD14561cA5821E51F8B56378bc3594f1,2,5,5,D:\PHD\بابل\2024\Research Reco\الجزء الثاني\lastfmReco\4 ايصال التوصيات بضمنها العقد\03_outputs\RECOMMENDATION_DELIVERY_TOP5_V2\payloads\community_211\user_75_top5_v2.json,0xd0c48ab6819f36aca98729eb0900ee870ea84b76e989bf441dd4568549904d3b,afafb6f90df1be8f7f60921168f6aaf0a417973dc5fef43bdd8fa604051deaa1,False,True,True,stored_onchain,
211,133,0x09635D040E7c4394eA44fd715b93F286e7d2503a,1492,0xbeca34dffD14561cA5821E51F8B56378bc3594f1,2,5,5,D:\PHD\بابل\2024\Research Reco\الجزء الثاني\lastfmReco\4 ايصال التوصيات بضمنها العقد\03_outputs\RECOMMENDATION_DELIVERY_TOP5_V2\payloads\community_211\user_133_top5_v2.json,0x300508ad215e8305c16ffb522ab63c97643717306262dfc91e67c144c74571a8,2ca5889f68b79ac6c8af6235af014cdc6a2cea866bcd2f0e8b6dc50b4b80fb93,False,True,True,stored_onchain,
211,144,0x0883B01ab23306Dd5EC7e198D609ab9D6691EC52,1492,0xbeca34dffD14561cA5821E51F8B56378bc3594f1,2,5,5,D:\PHD\بابل\2024\Research Reco\الجزء الثاني\lastfmReco\4 ايصال التوصيات بضمنها العقد\03_outputs\RECOMMENDATION_DELIVERY_TOP5_V2\payloads\community_211\user_144_top5_v2.json,0x0a37ede878058323ed965c868afc85d6a940ee705e49c0bc7942406be2ff0668,64217237254bbbbe8e4174a8f2b7c666f3b3f610586aafdfb035353586fa6e92,False,True,True,stored_onchain,
211,233,0xD289a260163aeDdE800185Dec0afDCc5Fe6804E6,1492,0xbeca34dffD14561cA5821E51F8B56378bc3594f1,2,5,5,D:\PHD\بابل\2024\Research Reco\الجزء الثاني\lastfmReco\4 ايصال التوصيات بضمنها العقد\03_outputs\RECOMMENDATION_DELIVERY_TOP5_V2\payloads\community_211\user_233_top5_v2.json,0x5df58c11721ef5de82523d01e47422d3279e1a97e909229a3f40f2baea564a6c,e5c5bb46bd178e16a5a0c2b5180547d2213f9da5d761189dd9c9e7a51cf6b9dc,False,True,True,stored_onchain,
211,305,0x8727cE13e336d675FF19ceaE724a18c5a8f22ad2,1492,0xbeca34dffD14561cA5821E51F8B56378bc3594f1,2,5,5,D:\PHD\بابل\2024\Research Reco\الجزء الثاني\lastfmReco\4 ايصال التوصيات بضمنها العقد\03_outputs\RECOMMENDATION_DELIVERY_TOP5_V2\payloads\community_211\user_305_top5_v2.json,0xc537a8e4a4e37eb383ff1f408e5677e73580460773344db906667aeef6a5df9b,122697014ca502768a700e531b4fad93e192c555c165027ae4bfb82b7c3d5696,False,True,True,stored_onchain,
211,318,0xd2af368AF496e0506a10931c4593610A7C7AcBCd,1492,0xbeca34dffD14561cA5821E51F8B56378bc3594f1,2,5,5,D:\PHD\بابل\2024\Research Reco\الجزء الثاني\lastfmReco\4 ايصال التوصيات بضمنها العقد\03_outputs\RECOMMENDATION_DELIVERY_TOP5_V2\payloads\community_211\user_318_top5_v2.json,0xab209f2ef09fe4488040da19d08bcb788a964b753894257bb22683667ba1d747,1b1a1801ce4282aa04805870f9d4faa4c0ebd56690c047ee59c8fb6bdba199e8,False,True,True,stored_onchain,
211,322,0x74151E28D84FB873fBD758A8A29755D78D280817,1492,0xbeca34dffD14561cA5821E51F8B56378bc3594f1,2,5,5,D:\PHD\بابل\2024\Research Reco\الجزء الثاني\lastfmReco\4 ايصال التوصيات بضمنها العقد\03_outputs\RECOMMENDATION_DELIVERY_TOP5_V2\payloads\community_211\user_322_top5_v2.json,0x7ec989dd8cb7bff6ca71de7ecc7aeef3609e2ec28b87506808a02ebbc4cd6f88,a51169c1393aed08ebe58c0ec57a1e73323cf3edb535667a1be40f313000b29a,False,True,True,stored_onchain,
211,327,0xCADBD16Bc0b02b5c656E616621Ed8728D08878A3,1492,0xbeca34dffD14561cA5821E51F8B56378bc3594f1,2,5,5,D:\PHD\بابل\2024\Research Reco\الجزء الثاني\lastfmReco\4 ايصال التوصيات بضمنها العقد\03_outputs\RECOMMENDATION_DELIVERY_TOP5_V2\payloads\community_211\user_327_top5_v2.json,0x4b62c20a1a7d076a694d298640f758944ec0400b27b4b9e840f05f2373143158,2479f20a2f4acef9ec45b52705ebac724cf988a09d073be82fff0358ffb34088,False,True,True,stored_onchain,
211,390,0x20Ca0dCAc91Ef0740Fd5DBfB3Db530e5Fa428123,1492,0xbeca34dffD14561cA5821E51F8B56378bc3594f1,2,5,5,D:\PHD\بابل\2024\Research Reco\الجزء الثاني\lastfmReco\4 ايصال التوصيات بضمنها العقد\03_outputs\RECOMMENDATION_DELIVERY_TOP5_V2\payloads\community_211\user_390_top5_v2.json,0x45fdc594306811c0e8c12467073d91eb006ae3f0116da2e94dfb0db59eb997fb,524d33597bdb86ff1704731454558fe810bf96ef34a724c3620bdff421c63a69,False,True,True,stored_onchain,
211,403,0xA653244adFe825bc3CAF3fbDB9e0EA7b42e31960,1492,0xbeca34dffD14561cA5821E51F8B56378bc3594f1,2,5,5,D:\PHD\بابل\2024\Research Reco\الجزء الثاني\lastfmReco\4 ايصال التوصيات بضمنها العقد\03_outputs\RECOMMENDATION_DELIVERY_TOP5_V2\payloads\community_211\user_403_top5_v2.json,0xe495c8eee3e4c98cc7b54914321e62e597c1ecabdedfd7d439f24dbb81fc6058,39a6590efa384176f9476f78782442fbb8c0135359c2264fa2892c88c115b066,False,True,True,stored_onchain,
211,414,0x494C85A38EA154F99bc63EE1B9282338F70C7a69,1492,0xbeca34dffD14561cA5821E51F8B56378bc3594f1,2,5,5,D:\PHD\بابل\2024\Research Reco\الجزء الثاني\lastfmReco\4 ايصال التوصيات بضمنها العقد\03_outputs\RECOMMENDATION_DELIVERY_TOP5_V2\payloads\community_211\user_414_top5_v2.json,0x54c4b72cfa5066be9c81e1cdbc1f5a5e4c2e821f6e0ea46ee9b3a513b36aa578,a622362fe4f0da3e43b67b35822007e6f3acb0443fb4f9b266883dcee3974b36,False,True,True,stored_onchain,
211,425,0x436F14af54c4017F1c79762533E9Afa7cFB1deA4,1492,0xbeca34dffD14561cA5821E51F8B56378bc3594f1,2,5,5,D:\PHD\بابل\2024\Research Reco\الجزء الثاني\lastfmReco\4 ايصال التوصيات بضمنها العقد\03_outputs\RECOMMENDATION_DELIVERY_TOP5_V2\payloads\community_211\user_425_top5_v2.json,0x34e1d58921c76f0868dddaeabf799a1ab4e572ab1a8f4a477570dd895aba7989,a0ad5a9f8e8b59aed6d792437765de9cd1a0a46828d4c7e83e68cb1d03303ce3,False,True,True,stored_onchain,
211,451,0xF298C50c7766026FAa0923E6b1950ba629E375F7,1492,0xbeca34dffD14561cA5821E51F8B56378bc3594f1,2,5,5,D:\PHD\بابل\2024\Research Reco\الجزء الثاني\lastfmReco\4 ايصال التوصيات بضمنها العقد\03_outputs\RECOMMENDATION_DELIVERY_TOP5_V2\payloads\community_211\user_451_top5_v2.json,0xdedaa3ad0c5a3d6f4f58770a19f873f52b88fc7271112fe7e6bd626995c7a944,3f125708b73c325e2bf1106dabab0596bd577628469eff96ff38e534b22044b6,False,True,True,stored_onchain,
211,466,0xBf471F4615EffD8688E973B945a76ca10cafd453,1492,0xbeca34dffD14561cA5821E51F8B56378bc3594f1,2,5,5,D:\PHD\بابل\2024\Research Reco\الجزء الثاني\lastfmReco\4 ايصال التوصيات بضمنها العقد\03_outputs\RECOMMENDATION_DELIVERY_TOP5_V2\payloads\community_211\user_466_top5_v2.json,0xf9977899808a67e9802cc6051b2ac5eb351695b7422bc2dfdc343a024faf22b5,14dac1e22390c91117838ebd33783768189f7256c086ededc67285635940dbbe,False,True,True,stored_onchain,
211,472,0x3566742A3cbcfB0BbE3374536AA42B96BA4510a4,1492,0xbeca34dffD14561cA5821E51F8B56378bc3594f1,2,5,5,D:\PHD\بابل\2024\Research Reco\الجزء الثاني\lastfmReco\4 ايصال التوصيات بضمنها العقد\03_outputs\RECOMMENDATION_DELIVERY_TOP5_V2\payloads\community_211\user_472_top5_v2.json,0xd0cadb320fc45a724927d5315a10ecc851ab770408d7712ef949bf3d3d845d8f,e226ba95be1c5be08d75cbc990a6d6bb37bdb169cc5e19ccc3193a4cc64a2202,False,True,True,stored_onchain,
211,538,0x77ea20d95EcFf754CE0406e241b3c7465F519e13,1492,0xbeca34dffD14561cA5821E51F8B56378bc3594f1,2,5,5,D:\PHD\بابل\2024\Research Reco\الجزء الثاني\lastfmReco\4 ايصال التوصيات بضمنها العقد\03_outputs\RECOMMENDATION_DELIVERY_TOP5_V2\payloads\community_211\user_538_top5_v2.json,0x5972bc301a0d835df614ea87e6eea0bac33fd2163de3ea723455a67e66e11e92,f0557cd4ee6b0482f102ea22174c55d6775bb137a1d0c283442456c80c7cf52a,False,True,True,stored_onchain,
211,590,0x704ac1dB3DB9bab2D1F78334c334634023De1673,1492,0xbeca34dffD14561cA5821E51F8B56378bc3594f1,2,5,5,D:\PHD\بابل\2024\Research Reco\الجزء الثاني\lastfmReco\4 ايصال التوصيات بضمنها العقد\03_outputs\RECOMMENDATION_DELIVERY_TOP5_V2\payloads\community_211\user_590_top5_v2.json,0xfdd56f34922b282d4fd24a7927a2107343e63920e20a14262dd842958bc3e2ed,2082453c197e1df8280e6222e8dda4e9322727363404e9e575c7855220609184,False,True,True,stored_onchain,
211,646,0x9550124bDaE097f2e7a458463758165A5F56F361,1492,0xbeca34dffD14561cA5821E51F8B56378bc3594f1,2,5,5,D:\PHD\بابل\2024\Research Reco\الجزء الثاني\lastfmReco\4 ايصال التوصيات بضمنها العقد\03_outputs\RECOMMENDATION_DELIVERY_TOP5_V2\payloads\community_211\user_646_top5_v2.json,0x59d9da1c3fa47d7bdf56de103fd2206933a8a0f22c8b86cf99f784e279c3ba4c,8ae466c96729c1fc79ab1037ae2f3902809e19c82b6209e68bf1481935074e6a,False,True,True,stored_onchain,
211,682,0x4bE65c5E4472452AD1Bee58e01b8b811F43Ec3e9,1492,0xbeca34dffD14561cA5821E51F8B56378bc3594f1,2,5,5,D:\PHD\بابل\2024\Research Reco\الجزء الثاني\lastfmReco\4 ايصال التوصيات بضمنها العقد\03_outputs\RECOMMENDATION_DELIVERY_TOP5_V2\payloads\community_211\user_682_top5_v2.json,0xb86515cc2c8c586024414753f910dff8c5f779808801df5e86518ee4eb899a86,fbcc281e7850ab7ac32619bd51d9934e592a4c3a108e87e58ab0fc93c2657af2,False,True,True,stored_onchain,
211,703,0x6affcA15c944280951237eC76bCA507C8527A777,1492,0xbeca34dffD14561cA5821E51F8B56378bc3594f1,2,5,5,D:\PHD\بابل\2024\Research Reco\الجزء الثاني\lastfmReco\4 ايصال التوصيات بضمنها العقد\03_outputs\RECOMMENDATION_DELIVERY_TOP5_V2\payloads\community_211\user_703_top5_v2.json,0xda533f72a38c34eb5acd80e0801a9fc0162c4f6b31492cc907bef212b083c6c2,86f94210f9022d335f01c467011bdce675b115a9e6127de9348a4029c39add1f,False,True,True,stored_onchain,
211,757,0xDCc09aEe9f48be35d52B5C8A65018a7e836f0139,1492,0xbeca34dffD14561cA5821E51F8B56378bc3594f1,2,5,5,D:\PHD\بابل\2024\Research Reco\الجزء الثاني\lastfmReco\4 ايصال التوصيات بضمنها العقد\03_outputs\RECOMMENDATION_DELIVERY_TOP5_V2\payloads\community_211\user_757_top5_v2.json,0xec2a5d6e9e67d4a12f164f2772aee55c83ece4dc24b8192625e64122b6047a03,9a8e982cc5efbce345f72dc901d41339b18ab10459cedf221c68dc52c68ec1e5,False,True,True,stored_onchain,
211,778,0x5E739E9F5BA3414C5Deb8cb64198e8C9F9b31EbC,1492,0xbeca34dffD14561cA5821E51F8B56378bc3594f1,2,5,5,D:\PHD\بابل\2024\Research Reco\الجزء الثاني\lastfmReco\4 ايصال التوصيات بضمنها العقد\03_outputs\RECOMMENDATION_DELIVERY_TOP5_V2\payloads\community_211\user_778_top5_v2.json,0x02651f27b4a8100f0cbda0bd6bf8b825a16ad72d8f4272846a8ca24b928ac3e7,d09d19d98f6fd14b963ce6f638044d92a24636ed450753dc6beb4ed38d46cefb,False,True,True,stored_onchain,
211,826,0xA44c337F8D8D721E78d7Dc1BFD9f9390815AD8b0,1492,0xbeca34dffD14561cA5821E51F8B56378bc3594f1,2,5,5,D:\PHD\بابل\2024\Research Reco\الجزء الثاني\lastfmReco\4 ايصال التوصيات بضمنها العقد\03_outputs\RECOMMENDATION_DELIVERY_TOP5_V2\payloads\community_211\user_826_top5_v2.json,0xa9bfab6d5ebd3ca922625497db5f30789e946df27763db1e4c55f6fa51a5c08f,106bf2c7f1347bfe2dffae7b129bad8d490cdb9d86818acee0f413cab5716d39,False,True,True,stored_onchain,
211,878,0xF3fE81893b8871d1c2ab1744FF0fe71357f3a6ee,1492,0xbeca34dffD14561cA5821E51F8B56378bc3594f1,2,5,5,D:\PHD\بابل\2024\Research Reco\الجزء الثاني\lastfmReco\4 ايصال التوصيات بضمنها العقد\03_outputs\RECOMMENDATION_DELIVERY_TOP5_V2\payloads\community_211\user_878_top5_v2.json,0x30e66f36e46e082f0cf8aa96b9c3da4b490fb99293a671009e60f480fa7d92f6,e17348621db6f6b12b250e6773d216f313ab892514fdd7e4ef272eb3874a7d76,False,True,True,stored_onchain,
211,905,0x90730A95Ca26B72f8D8C6cb5b4f9e9755e939934,1492,0xbeca34dffD14561cA5821E51F8B56378bc3594f1,2,5,5,D:\PHD\بابل\2024\Research Reco\الجزء الثاني\lastfmReco\4 ايصال التوصيات بضمنها العقد\03_outputs\RECOMMENDATION_DELIVERY_TOP5_V2\payloads\community_211\user_905_top5_v2.json,0x82384a74f737ecff8c11d26554181bbd11c644d8af36fb64fc23dd7f2fb31b4c,29bdb40b9862729212a22af70168653142220a4694e5a774d78c57ce30473959,False,True,True,stored_onchain,
211,965,0x733a1229610f8bA05636880C9B2bE8646eAd25B1,1492,0xbeca34dffD14561cA5821E51F8B56378bc3594f1,2,5,5,D:\PHD\بابل\2024\Research Reco\الجزء الثاني\lastfmReco\4 ايصال التوصيات بضمنها العقد\03_outputs\RECOMMENDATION_DELIVERY_TOP5_V2\payloads\community_211\user_965_top5_v2.json,0xb6654ae85cdd989f51858180eaa78296500a4c1875725bcabc50fa2f313a26a1,28aafd2042d8f53fb156bfa5ad346f30cfa284eb5a9445cc258f336c10879c82,False,True,True,stored_onchain,
211,995,0xd8a8e94cB0E97C75421536ab4E74496d5683ac0f,1492,0xbeca34dffD14561cA5821E51F8B56378bc3594f1,2,5,5,D:\PHD\بابل\2024\Research Reco\الجزء الثاني\lastfmReco\4 ايصال التوصيات بضمنها العقد\03_outputs\RECOMMENDATION_DELIVERY_TOP5_V2\payloads\community_211\user_995_top5_v2.json,0x61642823408b3858fa0401f623a8ef79f40d65c911c67b48a2710aba47838d52,d2a2a22827a7ea9a451aeb4c45b9896e902d46e0e8b84b5bc01258ad0d670bb8,False,True,True,stored_onchain,
211,1023,0x8153B8c9A3b18dD4C41B688EFCD2995aeE093FB4,1492,0xbeca34dffD14561cA5821E51F8B56378bc3594f1,2,5,5,D:\PHD\بابل\2024\Research Reco\الجزء الثاني\lastfmReco\4 ايصال التوصيات بضمنها العقد\03_outputs\RECOMMENDATION_DELIVERY_TOP5_V2\payloads\community_211\user_1023_top5_v2.json,0x8ab33953a777e702f03604747f2a80af11226d56e723df8a488e79edf84f7c24,b8c5be9938de9da0f01643c00342721b17bf4979baef98c79572853920648479,False,True,True,stored_onchain,
211,1033,0xb38412FBF8DeE1EB5A0B9a2CA4165ED919d7163D,1492,0xbeca34dffD14561cA5821E51F8B56378bc3594f1,2,5,5,D:\PHD\بابل\2024\Research Reco\الجزء الثاني\lastfmReco\4 ايصال التوصيات بضمنها العقد\03_outputs\RECOMMENDATION_DELIVERY_TOP5_V2\payloads\community_211\user_1033_top5_v2.json,0xf7580c704d0e208e9a63171792b414170db975f973ed5eb610489584578a15a9,d417c67a28ad44aeb057366a69624e3e2c5c903f157fe6b5fcf371b1e670784c,False,True,True,stored_onchain,
211,1046,0x617da63B831CE6641590E27a7417E2A94c07CA08,1492,0xbeca34dffD14561cA5821E51F8B56378bc3594f1,2,5,5,D:\PHD\بابل\2024\Research Reco\الجزء الثاني\lastfmReco\4 ايصال التوصيات بضمنها العقد\03_outputs\RECOMMENDATION_DELIVERY_TOP5_V2\payloads\community_211\user_1046_top5_v2.json,0xfa72592b3b46f703cccdfadef8a9e82c2b2a89dcc21dfd01601318ad5b66e768,ff7623e2e95df36192ccbfc88c3afdcae320d9100206d88a61e21a9d811c85e5,False,True,True,stored_onchain,
211,1122,0xeBC19A8A80A5E590C2e8Eb14fEDc018de4947705,1492,0xbeca34dffD14561cA5821E51F8B56378bc3594f1,2,5,5,D:\PHD\بابل\2024\Research Reco\الجزء الثاني\lastfmReco\4 ايصال التوصيات بضمنها العقد\03_outputs\RECOMMENDATION_DELIVERY_TOP5_V2\payloads\community_211\user_1122_top5_v2.json,0x4a265e953b2e6437263ed3750b5056c1f4178983436400176b6e036ccd1f120e,8a4d4a0116c4a4866569312b13b190922462aa5d5a4c370629a2c768e60eb323,False,True,True,stored_onchain,
211,1179,0xB1EbAF09EBb73f5e207aD021D969a5c49317cBA7,1492,0xbeca34dffD14561cA5821E51F8B56378bc3594f1,2,5,5,D:\PHD\بابل\2024\Research Reco\الجزء الثاني\lastfmReco\4 ايصال التوصيات بضمنها العقد\03_outputs\RECOMMENDATION_DELIVERY_TOP5_V2\payloads\community_211\user_1179_top5_v2.json,0x9332bc64abc0605df72123a79271d3abd0bc7dcacc6a48429570f47808365faa,d504e58db89f9c8fd41649c286dfb41c69baabee380fd6fa40d8de8458f94fbc,False,True,True,stored_onchain,
211,1198,0x74e37036d6e7ae2d02b074CA99e110C276A504E2,1492,0xbeca34dffD14561cA5821E51F8B56378bc3594f1,2,5,5,D:\PHD\بابل\2024\Research Reco\الجزء الثاني\lastfmReco\4 ايصال التوصيات بضمنها العقد\03_outputs\RECOMMENDATION_DELIVERY_TOP5_V2\payloads\community_211\user_1198_top5_v2.json,0xdef709fbeb04985e7404b94ff65a52f6663faeb08e4fe959db3214c5f4a35743,7d45cee1adbde8e4593cf0561e737d027dbd450ca2cf2f909736710f1e5a95fc,False,True,True,stored_onchain,
211,1278,0xDA7D2db7f9488DD8dc4c4f6e63603D102a67d27b,1492,0xbeca34dffD14561cA5821E51F8B56378bc3594f1,2,5,5,D:\PHD\بابل\2024\Research Reco\الجزء الثاني\lastfmReco\4 ايصال التوصيات بضمنها العقد\03_outputs\RECOMMENDATION_DELIVERY_TOP5_V2\payloads\community_211\user_1278_top5_v2.json,0x41e928b980ef79714b82165601e79bab04f24734233b08854c306384fb885403,bcea7d4e816bc8f5b3643cf50a202a5316410a3dfcde9b4f24d5ad3b930ed71d,False,True,True,stored_onchain,
211,1304,0xFfBb2550761A62668AF0C05bF637fad0Fa401646,1492,0xbeca34dffD14561cA5821E51F8B56378bc3594f1,2,5,5,D:\PHD\بابل\2024\Research Reco\الجزء الثاني\lastfmReco\4 ايصال التوصيات بضمنها العقد\03_outputs\RECOMMENDATION_DELIVERY_TOP5_V2\payloads\community_211\user_1304_top5_v2.json,0xca6f6fc36ae15c57542a1ea1869f22072121935d076366428dd39147f49e55ab,ed9dae0eac2dffd577ede57b869b45f28fd571a86508749732ef43e05e02e3bb,False,True,True,stored_onchain,
211,1305,0xEF66b0b2248d5399FA132735223503bb1f6f5f12,1492,0xbeca34dffD14561cA5821E51F8B56378bc3594f1,2,5,5,D:\PHD\بابل\2024\Research Reco\الجزء الثاني\lastfmReco\4 ايصال التوصيات بضمنها العقد\03_outputs\RECOMMENDATION_DELIVERY_TOP5_V2\payloads\community_211\user_1305_top5_v2.json,0x7dd958ce411b63605bb136abb0d68bb5bd304d7f0de58b31c714c3b3f6b8cead,436a307d09e2cbfb19576f90a5b3eebd1489f3f9fbb5fb219c3ecbe93bde5d68,False,True,True,stored_onchain,
211,1318,0x92F5D6Ff031A3c4908A36083C0877bdAA493eFaC,1492,0xbeca34dffD14561cA5821E51F8B56378bc3594f1,2,5,5,D:\PHD\بابل\2024\Research Reco\الجزء الثاني\lastfmReco\4 ايصال التوصيات بضمنها العقد\03_outputs\RECOMMENDATION_DELIVERY_TOP5_V2\payloads\community_211\user_1318_top5_v2.json,0x9ebeccfddd88aa9512d6fd8e2c6c87b29ac95a38ca5dffc60d1062efb110876d,981a8e821d05cab7286d3b99197dbc43c99a385e35a5e6ea4154b4d5f943f7ea,False,True,True,stored_onchain,
211,1410,0xdcF041eA97259d99038964E9B7B590E18CCf4141,1492,0xbeca34dffD14561cA5821E51F8B56378bc3594f1,2,5,5,D:\PHD\بابل\2024\Research Reco\الجزء الثاني\lastfmReco\4 ايصال التوصيات بضمنها العقد\03_outputs\RECOMMENDATION_DELIVERY_TOP5_V2\payloads\community_211\user_1410_top5_v2.json,0x7bd65336f59d76ce2004c56f331a427fdf67396b9f23967e18ccf67b920b7b4c,806df18e4495798543ef3ddbc6a5e3583d0a183bcd3d009ec400143ff91c9d25,False,True,True,stored_onchain,
211,1413,0x3899E2eaaC78aF434592dcD0045E110CC5c8d9bb,1492,0xbeca34dffD14561cA5821E51F8B56378bc3594f1,2,5,5,D:\PHD\بابل\2024\Research Reco\الجزء الثاني\lastfmReco\4 ايصال التوصيات بضمنها العقد\03_outputs\RECOMMENDATION_DELIVERY_TOP5_V2\payloads\community_211\user_1413_top5_v2.json,0x5e02c7a64e84572c31282f1151c1d25ae00226361a98f6b2103a5b98ac04e735,97c364303935212a64ee23b9c1f32e79a9991965f01a506cd85062c2906b25bf,False,True,True,stored_onchain,
211,1461,0x67b2cf160A3EfE2321c793349afDD251c8812d65,1492,0xbeca34dffD14561cA5821E51F8B56378bc3594f1,2,5,5,D:\PHD\بابل\2024\Research Reco\الجزء الثاني\lastfmReco\4 ايصال التوصيات بضمنها العقد\03_outputs\RECOMMENDATION_DELIVERY_TOP5_V2\payloads\community_211\user_1461_top5_v2.json,0xb85fdb37e0ad0704e34745086cb6dbce3e94125bc1fe43325fd87dd7eda5743a,7084038352e5cf472fecfd096c0254cb32fa377a4af90a040d64b663caae1caf,False,True,True,stored_onchain,
211,1492,0xbeca34dffD14561cA5821E51F8B56378bc3594f1,1492,0xbeca34dffD14561cA5821E51F8B56378bc3594f1,2,5,5,D:\PHD\بابل\2024\Research Reco\الجزء الثاني\lastfmReco\4 ايصال التوصيات بضمنها العقد\03_outputs\RECOMMENDATION_DELIVERY_TOP5_V2\payloads\community_211\user_1492_top5_v2.json,0x196799630f749c8b1e84d55c8269ad96273bcb63f662e4d8795c56bf243bdd53,4c57ebc0a03ad7027bf1105ca5172d167d9442a6429ceea20363f75e1c190517,False,True,True,stored_onchain,
211,1511,0xC83568c30e437e1A11741117Cf7bb6cDE8f27865,1492,0xbeca34dffD14561cA5821E51F8B56378bc3594f1,2,5,5,D:\PHD\بابل\2024\Research Reco\الجزء الثاني\lastfmReco\4 ايصال التوصيات بضمنها العقد\03_outputs\RECOMMENDATION_DELIVERY_TOP5_V2\payloads\community_211\user_1511_top5_v2.json,0x4485367a3bf1e29a4c0590aaafc026bca94650e0d99d51e4cb38114baf5b1fcb,c1053d546f9612d9dfa48bb5a43f6381a7962a89a6f1ad5e1f16e6dce9f69193,False,True,True,stored_onchain,
211,1528,0xD175DEE83AD73A013Ac89d531F55D37AbEC39eE8,1492,0xbeca34dffD14561cA5821E51F8B56378bc3594f1,2,5,5,D:\PHD\بابل\2024\Research Reco\الجزء الثاني\lastfmReco\4 ايصال التوصيات بضمنها العقد\03_outputs\RECOMMENDATION_DELIVERY_TOP5_V2\payloads\community_211\user_1528_top5_v2.json,0xdbe4ba8daed10719382b823d68e212b430c790f43b512504fc437014f54d1ca3,456061b9d56edd4c8fbb94e92bbc9fc7eac402b50f2caf2992c381b5ae2203bc,False,True,True,stored_onchain,
211,1568,0x017e17bdF800c4E6C2881C8810299C9f82b8Bb52,1492,0xbeca34dffD14561cA5821E51F8B56378bc3594f1,2,5,5,D:\PHD\بابل\2024\Research Reco\الجزء الثاني\lastfmReco\4 ايصال التوصيات بضمنها العقد\03_outputs\RECOMMENDATION_DELIVERY_TOP5_V2\payloads\community_211\user_1568_top5_v2.json,0xd088c2c7a757a5e983be5a17c44adf0454e17a02d21e547da2dd2dd38bc2bb6d,48123c1adf503e4a93302db54fc61cedb7c1b1e987968c9ef76e728e84734579,False,True,True,stored_onchain,
211,1632,0x2e2bbe5FA50739f6a8a595F3f68ccC7a885624e5,1492,0xbeca34dffD14561cA5821E51F8B56378bc3594f1,2,5,5,D:\PHD\بابل\2024\Research Reco\الجزء الثاني\lastfmReco\4 ايصال التوصيات بضمنها العقد\03_outputs\RECOMMENDATION_DELIVERY_TOP5_V2\payloads\community_211\user_1632_top5_v2.json,0xc00d2cb8d9f5a2bc5b21ecceeb3f21c57106be012e2bfac857ee967d1486f1d3,f292cc7d41b0f145061296144451da3cef4e7787bd043875745f1639d0a1841b,False,True,True,stored_onchain,
211,1687,0x22282742728f185AD24Af551bBF0F198234C1B6d,1492,0xbeca34dffD14561cA5821E51F8B56378bc3594f1,2,5,5,D:\PHD\بابل\2024\Research Reco\الجزء الثاني\lastfmReco\4 ايصال التوصيات بضمنها العقد\03_outputs\RECOMMENDATION_DELIVERY_TOP5_V2\payloads\community_211\user_1687_top5_v2.json,0xac2c705cff683a3fd8330e1f74af51cd58980bea3f2c9f596900d8f05b941755,3e5988b66d42b41e90300ed45239fd3cd1e2c29a712955fc74994543a0f84b0f,False,True,True,stored_onchain,
211,1690,0xCfBBeBE8A0Dd490CD238C81e85C11Ae1c48094aA,1492,0xbeca34dffD14561cA5821E51F8B56378bc3594f1,2,5,5,D:\PHD\بابل\2024\Research Reco\الجزء الثاني\lastfmReco\4 ايصال التوصيات بضمنها العقد\03_outputs\RECOMMENDATION_DELIVERY_TOP5_V2\payloads\community_211\user_1690_top5_v2.json,0xe4996f431aa8aa108abdecd4a662c9441abbbc83540284d3a811710cc8de870d,aa2d9e7c0515a6176c72a7bc6b44d05cf0a3eeb3e0c847f7a6e63b4e6db86a98,False,True,True,stored_onchain,
211,1788,0xc0268B7Ee5f9709Ec21C6F08ED9EEc46932Fb3da,1492,0xbeca34dffD14561cA5821E51F8B56378bc3594f1,2,5,5,D:\PHD\بابل\2024\Research Reco\الجزء الثاني\lastfmReco\4 ايصال التوصيات بضمنها العقد\03_outputs\RECOMMENDATION_DELIVERY_TOP5_V2\payloads\community_211\user_1788_top5_v2.json,0xa72f9dd736eb606dc5839996c798811bedef22693db7927c34b3ecfa29b13e0d,7d51572ab508e6e6aa17b5fbca12dc795d72c23e7ce3971564cd140ebd7b6434,False,True,True,stored_onchain,
211,1820,0xeA3BdF939F56A5C77EFDb42Ea8eb11BD04A447C9,1492,0xbeca34dffD14561cA5821E51F8B56378bc3594f1,2,5,5,D:\PHD\بابل\2024\Research Reco\الجزء الثاني\lastfmReco\4 ايصال التوصيات بضمنها العقد\03_outputs\RECOMMENDATION_DELIVERY_TOP5_V2\payloads\community_211\user_1820_top5_v2.json,0x403283c29cd25702b0a6cdd3e1f5cf12101e24bd5701594adb11b9327ad6a295,8b40d048c60f6a9e6f49a248d68cc1f8619f32dbab2e0d0ec25878a70f178e90,False,True,True,stored_onchain,
211,1959,0x65999F64A37D14b5A9e2C60EE784aC603dea3261,1492,0xbeca34dffD14561cA5821E51F8B56378bc3594f1,2,5,5,D:\PHD\بابل\2024\Research Reco\الجزء الثاني\lastfmReco\4 ايصال التوصيات بضمنها العقد\03_outputs\RECOMMENDATION_DELIVERY_TOP5_V2\payloads\community_211\user_1959_top5_v2.json,0xd1462061c903e2bd66c8ae735dd87154ed1f6840ce6d2af45967799162a54615,e7237682c55b89ea3f22f2ff8feb3b10efead68982e8ac49c9d5dc3b9fe8df6a,False,True,True,stored_onchain,
211,1963,0x5F61372eca02dE4A8234ecD17B9F24cA30165942,1492,0xbeca34dffD14561cA5821E51F8B56378bc3594f1,2,5,5,D:\PHD\بابل\2024\Research Reco\الجزء الثاني\lastfmReco\4 ايصال التوصيات بضمنها العقد\03_outputs\RECOMMENDATION_DELIVERY_TOP5_V2\payloads\community_211\user_1963_top5_v2.json,0x40b64b12724f8f52f5575af37f31f8f8661c713a0c8119746eb5aaf9590c4685,16f18df0e98bf4826267561f53f92d35d581090bc897ef44b77e1914632d0320,False,True,True,stored_onchain,
211,2021,0x4CF71f4972e49d5CF19196c5D5089627742B6833,1492,0xbeca34dffD14561cA5821E51F8B56378bc3594f1,2,5,5,D:\PHD\بابل\2024\Research Reco\الجزء الثاني\lastfmReco\4 ايصال التوصيات بضمنها العقد\03_outputs\RECOMMENDATION_DELIVERY_TOP5_V2\payloads\community_211\user_2021_top5_v2.json,0x93266bfec6eed5cfba7ca5d119ecb364db49b50d699ae0139b8512e03f90a09b,55600dadf60f49ba9e9e3270cda321003b1340ef34f356c6dc0108f71ebab8f4,False,True,True,stored_onchain,
506,41,0xBc1Ad2150CE785609545C654128b50757A9F286f,1064,0x21D129e1232ed000fC663D93535ec8d4457Cd61B,2,5,5,D:\PHD\بابل\2024\Research Reco\الجزء الثاني\lastfmReco\4 ايصال التوصيات بضمنها العقد\03_outputs\RECOMMENDATION_DELIVERY_TOP5_V2\payloads\community_506\user_41_top5_v2.json,0xf1251ef9f981c3ea39708dbd8a69cebffa3e1a70764095a623532734e446cf3e,10ffcff1af8f8e44ea384cd83ccb61d7244844b4d8e3146b709deaabab4e741b,False,True,True,stored_onchain,
506,51,0x2045019C43b2B1FDA109005F36cEf1e7CaD299bf,1064,0x21D129e1232ed000fC663D93535ec8d4457Cd61B,2,5,5,D:\PHD\بابل\2024\Research Reco\الجزء الثاني\lastfmReco\4 ايصال التوصيات بضمنها العقد\03_outputs\RECOMMENDATION_DELIVERY_TOP5_V2\payloads\community_506\user_51_top5_v2.json,0xf22de3b189f5ababa0a841beda11e8b910ec92ce953dbd926db65abd1c00ab3d,d3ddb759692615b832f15979763720a92f03d7231f7f5e1388218977964b8e29,False,True,True,stored_onchain,
506,235,0x2A2347e753E78063c949b8376986f839B3Cb3e23,1064,0x21D129e1232ed000fC663D93535ec8d4457Cd61B,2,5,5,D:\PHD\بابل\2024\Research Reco\الجزء الثاني\lastfmReco\4 ايصال التوصيات بضمنها العقد\03_outputs\RECOMMENDATION_DELIVERY_TOP5_V2\payloads\community_506\user_235_top5_v2.json,0xc468c911bf84e14c0e1c98dd89ed86146d82ff5a581f634b78c96bd8c071241e,9e30de2e7244ed222ea87acbdedf229b5cdc02dd2007f6a481effde0ba768cf2,False,True,True,stored_onchain,
506,281,0xA2B33d13974292C09BACcF032028E78Aa98edBED,1064,0x21D129e1232ed000fC663D93535ec8d4457Cd61B,2,5,5,D:\PHD\بابل\2024\Research Reco\الجزء الثاني\lastfmReco\4 ايصال التوصيات بضمنها العقد\03_outputs\RECOMMENDATION_DELIVERY_TOP5_V2\payloads\community_506\user_281_top5_v2.json,0x734c55845bbb2576d42255eaa85737d9f121fdac6847ea158a702f83ff9fa546,3f34a46643e41ca17de1e03555e75e8a53a1b70c67d32cc37153c1f074bb978a,False,True,True,stored_onchain,
506,285,0xAA6aA7841663c85977D6E272F46528baDf7caE64,1064,0x21D129e1232ed000fC663D93535ec8d4457Cd61B,2,5,5,D:\PHD\بابل\2024\Research Reco\الجزء الثاني\lastfmReco\4 ايصال التوصيات بضمنها العقد\03_outputs\RECOMMENDATION_DELIVERY_TOP5_V2\payloads\community_506\user_285_top5_v2.json,0xb73c9730088925b2ddea738c4e9301bf3e2d86e2cf56e5ff1e555ef68dfc2b28,ef6d54a2e55cabfee849be258a487a47a586c03295706dda8ba5dd001b1e1080,False,True,True,stored_onchain,
506,295,0x0F5e899850cb1dD360C4Ece7BBb6Cc73d2beB14f,1064,0x21D129e1232ed000fC663D93535ec8d4457Cd61B,2,5,5,D:\PHD\بابل\2024\Research Reco\الجزء الثاني\lastfmReco\4 ايصال التوصيات بضمنها العقد\03_outputs\RECOMMENDATION_DELIVERY_TOP5_V2\payloads\community_506\user_295_top5_v2.json,0x8b5318db96d7737992bc512e507a76423a22f5cc16e0251579935458ea9a74dc,574703c861b820a87a4e5fbfcc9568265947b63e3535c826207b61f8a6ae6dd6,False,True,True,stored_onchain,
506,313,0xc3F61027B574525DCae09D57E0fB4fE433886206,1064,0x21D129e1232ed000fC663D93535ec8d4457Cd61B,2,5,5,D:\PHD\بابل\2024\Research Reco\الجزء الثاني\lastfmReco\4 ايصال التوصيات بضمنها العقد\03_outputs\RECOMMENDATION_DELIVERY_TOP5_V2\payloads\community_506\user_313_top5_v2.json,0x1d45828ee02758c548519aac9d72ec03fec55fb183800e5f3c250f7c7eed9283,cae4fabfa84ea48d35bc544d130556da461f78ce2d4c318e3297ba77fa8188a1,False,True,True,stored_onchain,
506,321,0x932b8f134140BC6BCc6a7e21038a56D8e72Df83B,1064,0x21D129e1232ed000fC663D93535ec8d4457Cd61B,2,5,5,D:\PHD\بابل\2024\Research Reco\الجزء الثاني\lastfmReco\4 ايصال التوصيات بضمنها العقد\03_outputs\RECOMMENDATION_DELIVERY_TOP5_V2\payloads\community_506\user_321_top5_v2.json,0x0adcd235b1408ad54a45ae18383f70445bd97dc1e42bdf61405eb840ca153944,1d4cca5e49d0bc1231f14f79a0c9a684b8d8f786f85de54661418b09472bc9bf,False,True,True,stored_onchain,
506,343,0x14e44bC444f2fef4FB6c519AE32962004f02e5f7,1064,0x21D129e1232ed000fC663D93535ec8d4457Cd61B,2,5,5,D:\PHD\بابل\2024\Research Reco\الجزء الثاني\lastfmReco\4 ايصال التوصيات بضمنها العقد\03_outputs\RECOMMENDATION_DELIVERY_TOP5_V2\payloads\community_506\user_343_top5_v2.json,0xe810c54160a5b875c765e31a61b73d7edbb9a9e30b13ff94c9cdc3ebefbd37e5,69d052e8a7726b92e0856f579167ec69d3360cb8cd662a820b4ef3d60f9a0749,False,True,True,stored_onchain,
506,376,0x09dFdd9dEF6c645D478DE6EB0B2875795097c969,1064,0x21D129e1232ed000fC663D93535ec8d4457Cd61B,2,5,5,D:\PHD\بابل\2024\Research Reco\الجزء الثاني\lastfmReco\4 ايصال التوصيات بضمنها العقد\03_outputs\RECOMMENDATION_DELIVERY_TOP5_V2\payloads\community_506\user_376_top5_v2.json,0xc27c8d3b1af0a88f5fbf4b473cf3419c9d91ab6fedb35c08b0359389d78d6677,d1f16f01d2bc6f2b6520f7d76e82fa9d7f53d446ec6026ef979dacaea7547780,False,True,True,stored_onchain,
506,491,0xc2A5dcb14d16bd9A50F61bf3B9B57F2CC0d30144,1064,0x21D129e1232ed000fC663D93535ec8d4457Cd61B,2,5,5,D:\PHD\بابل\2024\Research Reco\الجزء الثاني\lastfmReco\4 ايصال التوصيات بضمنها العقد\03_outputs\RECOMMENDATION_DELIVERY_TOP5_V2\payloads\community_506\user_491_top5_v2.json,0xa6fb6f78e9907804a6632ae7d3f1228436677861e8683cd2754cb522d320508a,b7066284523aef6bb803604543812b6aac0dc2be2916d1519fe1f3425ceac95e,False,True,True,stored_onchain,
506,519,0x518C42Af2cDA6bcDC5ce57Bb73F14691220d3a16,1064,0x21D129e1232ed000fC663D93535ec8d4457Cd61B,2,5,5,D:\PHD\بابل\2024\Research Reco\الجزء الثاني\lastfmReco\4 ايصال التوصيات بضمنها العقد\03_outputs\RECOMMENDATION_DELIVERY_TOP5_V2\payloads\community_506\user_519_top5_v2.json,0x6d70617db4e52d581923a1d3f24e6b653e685dfd01e95cc3b96ab3815fd273a4,928d4c8db80dd818ab653d6a2d5cfcc9638d1d7838440523a0a1322fcbf589e9,False,True,True,stored_onchain,
506,595,0x19DC702b083A27707882b77907EAA8D96cfa0fB7,1064,0x21D129e1232ed000fC663D93535ec8d4457Cd61B,2,5,5,D:\PHD\بابل\2024\Research Reco\الجزء الثاني\lastfmReco\4 ايصال التوصيات بضمنها العقد\03_outputs\RECOMMENDATION_DELIVERY_TOP5_V2\payloads\community_506\user_595_top5_v2.json,0xc06fadb9c59b2e8ecf58f9a27fda40cd809ffc0d0bbc4568940f26770c1941e2,652c2dac00835284d21c7e040a03b9a19fb9e8b1103526abaa0daa482b847fe4,False,True,True,stored_onchain,
506,676,0xb9FC2ecE6DbC3468CEDe9703291bb830F51379C6,1064,0x21D129e1232ed000fC663D93535ec8d4457Cd61B,2,5,5,D:\PHD\بابل\2024\Research Reco\الجزء الثاني\lastfmReco\4 ايصال التوصيات بضمنها العقد\03_outputs\RECOMMENDATION_DELIVERY_TOP5_V2\payloads\community_506\user_676_top5_v2.json,0x8a4b4bab224de002eb862faf0b14fb95f5a82983a32a64bc18d876e0e3f077a4,d4d6108c43007d4bfd7733414c775ef1471b28f3a1e8d9d6c3113cebe993c31e,False,True,True,stored_onchain,
506,699,0x25Fdc90076e627f30D3a8BBc65Fe09C8BE48Be28,1064,0x21D129e1232ed000fC663D93535ec8d4457Cd61B,2,5,5,D:\PHD\بابل\2024\Research Reco\الجزء الثاني\lastfmReco\4 ايصال التوصيات بضمنها العقد\03_outputs\RECOMMENDATION_DELIVERY_TOP5_V2\payloads\community_506\user_699_top5_v2.json,0xfcdb5b990dabecbbb643ee2c1a73dcd6fcc0382aec8d7f9d7f93b127e2ebe4e0,d7de5c2157470c12e1e2df7f9e56074aceb8803e105509a35058feb39e19679e,False,True,True,stored_onchain,
506,735,0x6648C34ea2133910386A94363c519c04aE338656,1064,0x21D129e1232ed000fC663D93535ec8d4457Cd61B,2,5,5,D:\PHD\بابل\2024\Research Reco\الجزء الثاني\lastfmReco\4 ايصال التوصيات بضمنها العقد\03_outputs\RECOMMENDATION_DELIVERY_TOP5_V2\payloads\community_506\user_735_top5_v2.json,0x47aea6f26052fb63a7675c07eb22377929828ff1ddcbcb87d8466dba018d29fe,6bf21ea67705eb2b74886279427bece0fc19abcf19c1d8ff487eb027f2cfcd9b,False,True,True,stored_onchain,
506,845,0xb981A86b5909bc3cC2Ad0145DF6a816a021dBe0b,1064,0x21D129e1232ed000fC663D93535ec8d4457Cd61B,2,5,5,D:\PHD\بابل\2024\Research Reco\الجزء الثاني\lastfmReco\4 ايصال التوصيات بضمنها العقد\03_outputs\RECOMMENDATION_DELIVERY_TOP5_V2\payloads\community_506\user_845_top5_v2.json,0xeabe1c8a9a4954769a320ab81cf4fb1a11ad02d29659ed3e0d336b67adc1c749,6a4573e6a1c4a38017dfa44d2690eeda79b1a7ec7bc08fd3a0c8e85af2580ce5,False,True,True,stored_onchain,
506,1064,0x21D129e1232ed000fC663D93535ec8d4457Cd61B,1064,0x21D129e1232ed000fC663D93535ec8d4457Cd61B,2,5,5,D:\PHD\بابل\2024\Research Reco\الجزء الثاني\lastfmReco\4 ايصال التوصيات بضمنها العقد\03_outputs\RECOMMENDATION_DELIVERY_TOP5_V2\payloads\community_506\user_1064_top5_v2.json,0x1b1ba221d164a47278df41709ec31ec9a3cd80dd1282f252cc815611cecdedfc,ff58a909399a67d5c6146b712b88b73f6b45101a6fc3471d35799d531eabdd16,False,True,True,stored_onchain,
506,1231,0xD082B8F5da1a241945DaBB0856B7EE75b1fB335B,1064,0x21D129e1232ed000fC663D93535ec8d4457Cd61B,2,5,5,D:\PHD\بابل\2024\Research Reco\الجزء الثاني\lastfmReco\4 ايصال التوصيات بضمنها العقد\03_outputs\RECOMMENDATION_DELIVERY_TOP5_V2\payloads\community_506\user_1231_top5_v2.json,0xa88db23375c5e37cc039fd790e8e454273f68195e3361381d9aa36394e4a01e3,a0c3c443ec89ae4dacf86c8ee4d08262e85a6ba57630245e49d81d6204fc7b8a,False,True,True,stored_onchain,
506,1350,0xA3d54B8Fb2b885A7dB85d2A8144b974ac50254e6,1064,0x21D129e1232ed000fC663D93535ec8d4457Cd61B,2,5,5,D:\PHD\بابل\2024\Research Reco\الجزء الثاني\lastfmReco\4 ايصال التوصيات بضمنها العقد\03_outputs\RECOMMENDATION_DELIVERY_TOP5_V2\payloads\community_506\user_1350_top5_v2.json,0x69f6609ccb94b609d6799e68530c4e3fe974fce7625a886817c6345f931637fc,5db7b1550a616661ff36a2dc0390f89c3b97d4bedb1fc2a4a645b05330b68c37,False,True,True,stored_onchain,
506,1536,0xcaf0d24c7FB082eefD019Ce2283F55e5B620BD5e,1064,0x21D129e1232ed000fC663D93535ec8d4457Cd61B,2,5,5,D:\PHD\بابل\2024\Research Reco\الجزء الثاني\lastfmReco\4 ايصال التوصيات بضمنها العقد\03_outputs\RECOMMENDATION_DELIVERY_TOP5_V2\payloads\community_506\user_1536_top5_v2.json,0xb6630a13dc5aa7bdeadc7db4db7196ff5864521959c5d714a6dccc5add4baabe,c95f89436b368c805bacfed2edf3bbd97c3975c9e0624d13fd17c02af017e290,False,True,True,stored_onchain,
506,1640,0x29bA3915eae98FC848f155E29FDd46105fd1b622,1064,0x21D129e1232ed000fC663D93535ec8d4457Cd61B,2,5,5,D:\PHD\بابل\2024\Research Reco\الجزء الثاني\lastfmReco\4 ايصال التوصيات بضمنها العقد\03_outputs\RECOMMENDATION_DELIVERY_TOP5_V2\payloads\community_506\user_1640_top5_v2.json,0xce2cbd569abf3a9461277eb10cd955564d701eac0afa17fd6426f7a7384c78b3,ebbef52a52f6472591888964a219ab2430a3c7eb31707e27087d4b550723e463,False,True,True,stored_onchain,
506,1858,0x59239a02DDF3eF95057C9504993B29704e785bfe,1064,0x21D129e1232ed000fC663D93535ec8d4457Cd61B,2,5,5,D:\PHD\بابل\2024\Research Reco\الجزء الثاني\lastfmReco\4 ايصال التوصيات بضمنها العقد\03_outputs\RECOMMENDATION_DELIVERY_TOP5_V2\payloads\community_506\user_1858_top5_v2.json,0x1ea4732879c2060774cb2169f6a6413a41d7b42930a583bc4cd525561b8862ca,65556bac440baead2a4017dbf8321dc039c8d93e19833f47d18b62d1baf9842f,False,True,True,stored_onchain,
506,1860,0x73999BFfbD94A49F39cB388a193001caA0cA5358,1064,0x21D129e1232ed000fC663D93535ec8d4457Cd61B,2,5,5,D:\PHD\بابل\2024\Research Reco\الجزء الثاني\lastfmReco\4 ايصال التوصيات بضمنها العقد\03_outputs\RECOMMENDATION_DELIVERY_TOP5_V2\payloads\community_506\user_1860_top5_v2.json,0x12afe8e6d1f059be203ff93543f82bfa3be5a227c0028bcf4a113bf00b632dd8,9a7048ca21d4ceb9c332c63304148c3526bdc13d9166b853a65966706dbe5e66,False,True,True,stored_onchain,
506,1868,0xE23b165F83321D6cB9eAA9f29945b4C2CEA80e10,1064,0x21D129e1232ed000fC663D93535ec8d4457Cd61B,2,5,5,D:\PHD\بابل\2024\Research Reco\الجزء الثاني\lastfmReco\4 ايصال التوصيات بضمنها العقد\03_outputs\RECOMMENDATION_DELIVERY_TOP5_V2\payloads\community_506\user_1868_top5_v2.json,0x6a658480b1122e1468ed36e9587126dc16465f6993ba8fe03b50bf27347133e5,e283e85f9d19ee1c777cf4d9a673d017aebe03fe3e1d6d21c6bd7e063f028a7e,False,True,True,stored_onchain,
506,1968,0x9B7f838C3F1ee8dcA1b62C47786424c99f8af2f3,1064,0x21D129e1232ed000fC663D93535ec8d4457Cd61B,2,5,5,D:\PHD\بابل\2024\Research Reco\الجزء الثاني\lastfmReco\4 ايصال التوصيات بضمنها العقد\03_outputs\RECOMMENDATION_DELIVERY_TOP5_V2\payloads\community_506\user_1968_top5_v2.json,0x468a4469ef47acab30f5598f68bca63f68b888aeafc3d671e8f8ec082cd4d798,b387616c4106132b7485e794af10553bdddace02d45f23548622339f3ec865eb,False,True,True,stored_onchain,
506,1978,0x01FD1FFdA4cef0E139395609FEeA5097f2041602,1064,0x21D129e1232ed000fC663D93535ec8d4457Cd61B,2,5,5,D:\PHD\بابل\2024\Research Reco\الجزء الثاني\lastfmReco\4 ايصال التوصيات بضمنها العقد\03_outputs\RECOMMENDATION_DELIVERY_TOP5_V2\payloads\community_506\user_1978_top5_v2.json,0x50c2f5c783e1f1bbb74378618d34a501ede09263936259686cf4e1fbf31c37b4,d3a20ff904917459c400ca2a794c8ada83c6df4d010be9dd5c4e764d8fe98157,False,True,True,stored_onchain,
506,1986,0xDBE6d7d193945ECA17DDB461F05B5c53Ff04216c,1064,0x21D129e1232ed000fC663D93535ec8d4457Cd61B,2,5,5,D:\PHD\بابل\2024\Research Reco\الجزء الثاني\lastfmReco\4 ايصال التوصيات بضمنها العقد\03_outputs\RECOMMENDATION_DELIVERY_TOP5_V2\payloads\community_506\user_1986_top5_v2.json,0xf4240969c7c23e4661e345016c9cd7365e0a4a414791dbadaed4791f46a9cbdb,54c258d3d60c466d991b6a6bcb652afd92f0212136174c8778080c7b1517ec01,False,True,True,stored_onchain,
506,2093,0x16563606Fa619d3712588f087FB189cB4429DFBE,1064,0x21D129e1232ed000fC663D93535ec8d4457Cd61B,2,5,5,D:\PHD\بابل\2024\Research Reco\الجزء الثاني\lastfmReco\4 ايصال التوصيات بضمنها العقد\03_outputs\RECOMMENDATION_DELIVERY_TOP5_V2\payloads\community_506\user_2093_top5_v2.json,0x4e959206fcde0c8e1f0b13af3cb6436759d7ffd13a18c6d812e5a9260621b0ee,3e66fdf4cc4a147aef923edb5eb2a612417b9e407ed585fd6c666b61959c7de6,False,True,True,stored_onchain,
