community_id,user_id,user_address,version,top_n,recommendation_hash,trusted_node_user_id,issuer_authorized_node,tx_hash,payload_path,source_recommendation_file
8,13,0xdA6a4AB9edB3fF50fE8D1C3A53BE622617b590F0,1,5,743f4404ad19d9f005ad2c647f62c5441fde0d00e3d3dc70e0ec8573fa538109,378,0xf1667a0c3907c5Ce4b53E38490E1Db2A4357D9d4,c5104c95f0e7540ca419bf4da6bb5cef9af819f8877559b72eb6ce4b6feece0a,D:\PHD\بابل\2024\Research Reco\الجزء الثاني\Douban Reco\4 ايصال التوصيات بضمنها العقد\03_outputs\RECOMMENDATION_DELIVERY_TOP5_V1\payloads\community_8\user_13_community_8_v1_top5_payload.json,D:\PHD\results\13 Uplift\DMF_GLOBAL_ONLY_COMMUNITIES_DETERMINISTIC\RUN_VR14b_COMM_DET_LN0d2_NEG2_EMB64_POS3train4test_BPR_EVAL20_003_comm_8_U104_I3510\003_comm_8_U104_I3510_top20_per_user_recs_VR14b_COMM_DET_LN0d2_NEG2_EMB64_POS3train4test_BPR_EVAL20.csv
8,22,0xd08f680834063095f90EebAcF3a63FB53C5c6163,1,5,e81d61fc7d672356240dacce286c4f16d9d4039e9820bb35e6f09523ab98bc55,378,0xf1667a0c3907c5Ce4b53E38490E1Db2A4357D9d4,7865ba8768d5c16ed96c9245c89a4605e1193e5c9dfb19eabbe2792b9ed798fa,D:\PHD\بابل\2024\Research Reco\الجزء الثاني\Douban Reco\4 ايصال التوصيات بضمنها العقد\03_outputs\RECOMMENDATION_DELIVERY_TOP5_V1\payloads\community_8\user_22_community_8_v1_top5_payload.json,D:\PHD\results\13 Uplift\DMF_GLOBAL_ONLY_COMMUNITIES_DETERMINISTIC\RUN_VR14b_COMM_DET_LN0d2_NEG2_EMB64_POS3train4test_BPR_EVAL20_003_comm_8_U104_I3510\003_comm_8_U104_I3510_top20_per_user_recs_VR14b_COMM_DET_LN0d2_NEG2_EMB64_POS3train4test_BPR_EVAL20.csv
8,53,0xf01bab8b9b26C0F62Baaa845E7c0EC76BE32265d,1,5,2cbf7c17be289ffc240b321698fccb8604c32cfa53f8182f403bda26591ec70f,378,0xf1667a0c3907c5Ce4b53E38490E1Db2A4357D9d4,9ec3fe2c811b4a2f332071b9f8d0eb519e54c898e9d967f5229536e094c69804,D:\PHD\بابل\2024\Research Reco\الجزء الثاني\Douban Reco\4 ايصال التوصيات بضمنها العقد\03_outputs\RECOMMENDATION_DELIVERY_TOP5_V1\payloads\community_8\user_53_community_8_v1_top5_payload.json,D:\PHD\results\13 Uplift\DMF_GLOBAL_ONLY_COMMUNITIES_DETERMINISTIC\RUN_VR14b_COMM_DET_LN0d2_NEG2_EMB64_POS3train4test_BPR_EVAL20_003_comm_8_U104_I3510\003_comm_8_U104_I3510_top20_per_user_recs_VR14b_COMM_DET_LN0d2_NEG2_EMB64_POS3train4test_BPR_EVAL20.csv
8,105,0x5AEd1102D75a352B120c37D8d695A348788ed44B,1,5,c1fc9ad77687dd712c33f8418dd22e1aa0abb3c088afe2f2abbc6b94389faae8,378,0xf1667a0c3907c5Ce4b53E38490E1Db2A4357D9d4,c07ee054bf7e07420a44587dadd6530dcce2110d2e95e4aafb8d6edf6b1ba259,D:\PHD\بابل\2024\Research Reco\الجزء الثاني\Douban Reco\4 ايصال التوصيات بضمنها العقد\03_outputs\RECOMMENDATION_DELIVERY_TOP5_V1\payloads\community_8\user_105_community_8_v1_top5_payload.json,D:\PHD\results\13 Uplift\DMF_GLOBAL_ONLY_COMMUNITIES_DETERMINISTIC\RUN_VR14b_COMM_DET_LN0d2_NEG2_EMB64_POS3train4test_BPR_EVAL20_003_comm_8_U104_I3510\003_comm_8_U104_I3510_top20_per_user_recs_VR14b_COMM_DET_LN0d2_NEG2_EMB64_POS3train4test_BPR_EVAL20.csv
8,124,0x8462c1EE0B031cDe7A78782F533A6d014E051C79,1,5,382aad802d16fbeda5946be5dd1ad5675661fa01e5dd877896b7d13d9084190f,378,0xf1667a0c3907c5Ce4b53E38490E1Db2A4357D9d4,24532aa46e6dcab76c6813f218ac1e728b965aaab9d80775c2eea0cf67a780f1,D:\PHD\بابل\2024\Research Reco\الجزء الثاني\Douban Reco\4 ايصال التوصيات بضمنها العقد\03_outputs\RECOMMENDATION_DELIVERY_TOP5_V1\payloads\community_8\user_124_community_8_v1_top5_payload.json,D:\PHD\results\13 Uplift\DMF_GLOBAL_ONLY_COMMUNITIES_DETERMINISTIC\RUN_VR14b_COMM_DET_LN0d2_NEG2_EMB64_POS3train4test_BPR_EVAL20_003_comm_8_U104_I3510\003_comm_8_U104_I3510_top20_per_user_recs_VR14b_COMM_DET_LN0d2_NEG2_EMB64_POS3train4test_BPR_EVAL20.csv
8,172,0x5932ac1E302667aCE42D412030220AfA25F8ED8B,1,5,fd31a8951e06f4809893683c7baa5f1bce9716bb4b6a53b376ff713b27c5a12a,378,0xf1667a0c3907c5Ce4b53E38490E1Db2A4357D9d4,b7aac1ead13b4f11ce9d5b6970372851659e8f3238c3b9fb3f424eadad9b2939,D:\PHD\بابل\2024\Research Reco\الجزء الثاني\Douban Reco\4 ايصال التوصيات بضمنها العقد\03_outputs\RECOMMENDATION_DELIVERY_TOP5_V1\payloads\community_8\user_172_community_8_v1_top5_payload.json,D:\PHD\results\13 Uplift\DMF_GLOBAL_ONLY_COMMUNITIES_DETERMINISTIC\RUN_VR14b_COMM_DET_LN0d2_NEG2_EMB64_POS3train4test_BPR_EVAL20_003_comm_8_U104_I3510\003_comm_8_U104_I3510_top20_per_user_recs_VR14b_COMM_DET_LN0d2_NEG2_EMB64_POS3train4test_BPR_EVAL20.csv
8,237,0xAd037845d652937390B269d4b3b05a2bf6Ce6Cd7,1,5,8f5cc99b48cb58ec42613b48c9b18030ac4d7ed8f5583cc2303524e6610ccc03,378,0xf1667a0c3907c5Ce4b53E38490E1Db2A4357D9d4,57c8bc07c9ead20c956ad6a308fb50de6f437997730181ed76f4274fe6f88184,D:\PHD\بابل\2024\Research Reco\الجزء الثاني\Douban Reco\4 ايصال التوصيات بضمنها العقد\03_outputs\RECOMMENDATION_DELIVERY_TOP5_V1\payloads\community_8\user_237_community_8_v1_top5_payload.json,D:\PHD\results\13 Uplift\DMF_GLOBAL_ONLY_COMMUNITIES_DETERMINISTIC\RUN_VR14b_COMM_DET_LN0d2_NEG2_EMB64_POS3train4test_BPR_EVAL20_003_comm_8_U104_I3510\003_comm_8_U104_I3510_top20_per_user_recs_VR14b_COMM_DET_LN0d2_NEG2_EMB64_POS3train4test_BPR_EVAL20.csv
8,292,0xA26c2fDA009B9b8E01A6AcFe85347435Dc3a5EdA,1,5,c6fcf294104be6dcc277ffcf4be40d2beb07c8cd20cd69a781d9cb540c7adbb5,378,0xf1667a0c3907c5Ce4b53E38490E1Db2A4357D9d4,570054cb61fe13f6612829683b73384d65e1a59ed43bae2c45023ab4862408e7,D:\PHD\بابل\2024\Research Reco\الجزء الثاني\Douban Reco\4 ايصال التوصيات بضمنها العقد\03_outputs\RECOMMENDATION_DELIVERY_TOP5_V1\payloads\community_8\user_292_community_8_v1_top5_payload.json,D:\PHD\results\13 Uplift\DMF_GLOBAL_ONLY_COMMUNITIES_DETERMINISTIC\RUN_VR14b_COMM_DET_LN0d2_NEG2_EMB64_POS3train4test_BPR_EVAL20_003_comm_8_U104_I3510\003_comm_8_U104_I3510_top20_per_user_recs_VR14b_COMM_DET_LN0d2_NEG2_EMB64_POS3train4test_BPR_EVAL20.csv
8,338,0x9Ba1088895bCb13Cd60CA266B5Ad27B0504a3553,1,5,e2f029648b481feebf9a1d8e492593b212e6d25745817773dbe50993c3b96b71,378,0xf1667a0c3907c5Ce4b53E38490E1Db2A4357D9d4,404f8548cab30578cc307cea4c2e68cda5b2fcdb7164b30a53d2f0c3c0587791,D:\PHD\بابل\2024\Research Reco\الجزء الثاني\Douban Reco\4 ايصال التوصيات بضمنها العقد\03_outputs\RECOMMENDATION_DELIVERY_TOP5_V1\payloads\community_8\user_338_community_8_v1_top5_payload.json,D:\PHD\results\13 Uplift\DMF_GLOBAL_ONLY_COMMUNITIES_DETERMINISTIC\RUN_VR14b_COMM_DET_LN0d2_NEG2_EMB64_POS3train4test_BPR_EVAL20_003_comm_8_U104_I3510\003_comm_8_U104_I3510_top20_per_user_recs_VR14b_COMM_DET_LN0d2_NEG2_EMB64_POS3train4test_BPR_EVAL20.csv
8,346,0xDB2bab205229E959C31b5708268217540331Fa06,1,5,f3ffe288c08dfa4d52f1c58d21d08bd997db26c91e30b2c72380f675acc17671,378,0xf1667a0c3907c5Ce4b53E38490E1Db2A4357D9d4,9e16da2eb7ae74874ac9924e4504a7e3db32ab2c7e67f0ddb3726172fbc2fe85,D:\PHD\بابل\2024\Research Reco\الجزء الثاني\Douban Reco\4 ايصال التوصيات بضمنها العقد\03_outputs\RECOMMENDATION_DELIVERY_TOP5_V1\payloads\community_8\user_346_community_8_v1_top5_payload.json,D:\PHD\results\13 Uplift\DMF_GLOBAL_ONLY_COMMUNITIES_DETERMINISTIC\RUN_VR14b_COMM_DET_LN0d2_NEG2_EMB64_POS3train4test_BPR_EVAL20_003_comm_8_U104_I3510\003_comm_8_U104_I3510_top20_per_user_recs_VR14b_COMM_DET_LN0d2_NEG2_EMB64_POS3train4test_BPR_EVAL20.csv
8,360,0x3876D1Ec435180f7dA4598FDa59Ada582dB3b2Ca,1,5,731dfeb1506906b526086a1dc392108459b1c70d4376c0e6f6db806eaa9da114,378,0xf1667a0c3907c5Ce4b53E38490E1Db2A4357D9d4,dff235f996e631868aeaf5da6084039daaa0cc55c85378caaabef23c30169844,D:\PHD\بابل\2024\Research Reco\الجزء الثاني\Douban Reco\4 ايصال التوصيات بضمنها العقد\03_outputs\RECOMMENDATION_DELIVERY_TOP5_V1\payloads\community_8\user_360_community_8_v1_top5_payload.json,D:\PHD\results\13 Uplift\DMF_GLOBAL_ONLY_COMMUNITIES_DETERMINISTIC\RUN_VR14b_COMM_DET_LN0d2_NEG2_EMB64_POS3train4test_BPR_EVAL20_003_comm_8_U104_I3510\003_comm_8_U104_I3510_top20_per_user_recs_VR14b_COMM_DET_LN0d2_NEG2_EMB64_POS3train4test_BPR_EVAL20.csv
8,361,0xaBa76F2C1fd66DD0BcF793F28f0c144EF1262E0D,1,5,855f8ad9fde1fa3f4d8b9f7ffd76b6d54ef404d6ea396c6334b9175c1cc488cb,378,0xf1667a0c3907c5Ce4b53E38490E1Db2A4357D9d4,c95e9ee5553767dd060e94add499da12bac921b93f130553434a4670d9bec903,D:\PHD\بابل\2024\Research Reco\الجزء الثاني\Douban Reco\4 ايصال التوصيات بضمنها العقد\03_outputs\RECOMMENDATION_DELIVERY_TOP5_V1\payloads\community_8\user_361_community_8_v1_top5_payload.json,D:\PHD\results\13 Uplift\DMF_GLOBAL_ONLY_COMMUNITIES_DETERMINISTIC\RUN_VR14b_COMM_DET_LN0d2_NEG2_EMB64_POS3train4test_BPR_EVAL20_003_comm_8_U104_I3510\003_comm_8_U104_I3510_top20_per_user_recs_VR14b_COMM_DET_LN0d2_NEG2_EMB64_POS3train4test_BPR_EVAL20.csv
8,390,0xB544f044274CD744233e71bB53cAE4f8A14898DD,1,5,f8f38de7d2eb6430645de68b521a648b90cb38260cf999b5527c299193790906,378,0xf1667a0c3907c5Ce4b53E38490E1Db2A4357D9d4,b3852649abf881d1b51aef3850ed50e3f429807ef8cbca35e6e21cdc0a934587,D:\PHD\بابل\2024\Research Reco\الجزء الثاني\Douban Reco\4 ايصال التوصيات بضمنها العقد\03_outputs\RECOMMENDATION_DELIVERY_TOP5_V1\payloads\community_8\user_390_community_8_v1_top5_payload.json,D:\PHD\results\13 Uplift\DMF_GLOBAL_ONLY_COMMUNITIES_DETERMINISTIC\RUN_VR14b_COMM_DET_LN0d2_NEG2_EMB64_POS3train4test_BPR_EVAL20_003_comm_8_U104_I3510\003_comm_8_U104_I3510_top20_per_user_recs_VR14b_COMM_DET_LN0d2_NEG2_EMB64_POS3train4test_BPR_EVAL20.csv
8,411,0xf742e7c1e20C0126181f011fac7aF2a17Ed6df21,1,5,90f9e67ca4a8e4fc6fe8813fbba9d90549df40ac5f5c585646bfe30739560902,378,0xf1667a0c3907c5Ce4b53E38490E1Db2A4357D9d4,05736fc18d3ae25f985e6b2d43368e04c51d304b7fcaf1ab2aca1113288513ed,D:\PHD\بابل\2024\Research Reco\الجزء الثاني\Douban Reco\4 ايصال التوصيات بضمنها العقد\03_outputs\RECOMMENDATION_DELIVERY_TOP5_V1\payloads\community_8\user_411_community_8_v1_top5_payload.json,D:\PHD\results\13 Uplift\DMF_GLOBAL_ONLY_COMMUNITIES_DETERMINISTIC\RUN_VR14b_COMM_DET_LN0d2_NEG2_EMB64_POS3train4test_BPR_EVAL20_003_comm_8_U104_I3510\003_comm_8_U104_I3510_top20_per_user_recs_VR14b_COMM_DET_LN0d2_NEG2_EMB64_POS3train4test_BPR_EVAL20.csv
8,420,0x4645aAdAa556c7E7C8cBAe075Dd8aacE4848eEa8,1,5,c5cc7f90be14e2b66ac087a3de6af92842d108c386a3a078640a1a6a52f22d7d,378,0xf1667a0c3907c5Ce4b53E38490E1Db2A4357D9d4,9f45369703dfea70a9a86a70b711e6867845a8fc6534168bf4eaabd45ab44ef5,D:\PHD\بابل\2024\Research Reco\الجزء الثاني\Douban Reco\4 ايصال التوصيات بضمنها العقد\03_outputs\RECOMMENDATION_DELIVERY_TOP5_V1\payloads\community_8\user_420_community_8_v1_top5_payload.json,D:\PHD\results\13 Uplift\DMF_GLOBAL_ONLY_COMMUNITIES_DETERMINISTIC\RUN_VR14b_COMM_DET_LN0d2_NEG2_EMB64_POS3train4test_BPR_EVAL20_003_comm_8_U104_I3510\003_comm_8_U104_I3510_top20_per_user_recs_VR14b_COMM_DET_LN0d2_NEG2_EMB64_POS3train4test_BPR_EVAL20.csv
8,421,0x6E5cf138Ca5C9567a52B1e14aDe8441505B51AF8,1,5,f841e209f601b57a736eed0acbc06e5c2565d33a4999493959f5db48fe8979a3,378,0xf1667a0c3907c5Ce4b53E38490E1Db2A4357D9d4,59c013ba2da838760466bd458b73328c2e229c54bf1bd35fe998da9d607e7873,D:\PHD\بابل\2024\Research Reco\الجزء الثاني\Douban Reco\4 ايصال التوصيات بضمنها العقد\03_outputs\RECOMMENDATION_DELIVERY_TOP5_V1\payloads\community_8\user_421_community_8_v1_top5_payload.json,D:\PHD\results\13 Uplift\DMF_GLOBAL_ONLY_COMMUNITIES_DETERMINISTIC\RUN_VR14b_COMM_DET_LN0d2_NEG2_EMB64_POS3train4test_BPR_EVAL20_003_comm_8_U104_I3510\003_comm_8_U104_I3510_top20_per_user_recs_VR14b_COMM_DET_LN0d2_NEG2_EMB64_POS3train4test_BPR_EVAL20.csv
8,440,0xbdCA0acE2DBdCE73129FA2F19E08866B5C265Af9,1,5,f9e98bfd9d392ae27130aa9be6a0368b7ec0987d14a86f0a28aa053e02fc7ad4,378,0xf1667a0c3907c5Ce4b53E38490E1Db2A4357D9d4,33b1bbceccd89fc1f5e372d798e591dba8aa77463459ea097bef4ffebd0d965f,D:\PHD\بابل\2024\Research Reco\الجزء الثاني\Douban Reco\4 ايصال التوصيات بضمنها العقد\03_outputs\RECOMMENDATION_DELIVERY_TOP5_V1\payloads\community_8\user_440_community_8_v1_top5_payload.json,D:\PHD\results\13 Uplift\DMF_GLOBAL_ONLY_COMMUNITIES_DETERMINISTIC\RUN_VR14b_COMM_DET_LN0d2_NEG2_EMB64_POS3train4test_BPR_EVAL20_003_comm_8_U104_I3510\003_comm_8_U104_I3510_top20_per_user_recs_VR14b_COMM_DET_LN0d2_NEG2_EMB64_POS3train4test_BPR_EVAL20.csv
8,447,0x9AFE652297bfbdB2Dc5E563C0E230D5056fC243f,1,5,590aaa1367096fa541b08b83690d718955da5cf0df63536545e691efed7e2c09,378,0xf1667a0c3907c5Ce4b53E38490E1Db2A4357D9d4,a2aa7b51c71bfa13611600397c770dff44014332827a67ece62451a3b0f69c44,D:\PHD\بابل\2024\Research Reco\الجزء الثاني\Douban Reco\4 ايصال التوصيات بضمنها العقد\03_outputs\RECOMMENDATION_DELIVERY_TOP5_V1\payloads\community_8\user_447_community_8_v1_top5_payload.json,D:\PHD\results\13 Uplift\DMF_GLOBAL_ONLY_COMMUNITIES_DETERMINISTIC\RUN_VR14b_COMM_DET_LN0d2_NEG2_EMB64_POS3train4test_BPR_EVAL20_003_comm_8_U104_I3510\003_comm_8_U104_I3510_top20_per_user_recs_VR14b_COMM_DET_LN0d2_NEG2_EMB64_POS3train4test_BPR_EVAL20.csv
8,483,0xE4818a4A7B6038E21ADdb7C18a789a55C8e64848,1,5,897834015beb9ffbcbe7ef08e3a2d6801c2348684e03469f137ba615ecc9c4f7,378,0xf1667a0c3907c5Ce4b53E38490E1Db2A4357D9d4,46d1e2edc3ce033be50e4002f2b2911045a7b900ed7de25897a71b74126a690f,D:\PHD\بابل\2024\Research Reco\الجزء الثاني\Douban Reco\4 ايصال التوصيات بضمنها العقد\03_outputs\RECOMMENDATION_DELIVERY_TOP5_V1\payloads\community_8\user_483_community_8_v1_top5_payload.json,D:\PHD\results\13 Uplift\DMF_GLOBAL_ONLY_COMMUNITIES_DETERMINISTIC\RUN_VR14b_COMM_DET_LN0d2_NEG2_EMB64_POS3train4test_BPR_EVAL20_003_comm_8_U104_I3510\003_comm_8_U104_I3510_top20_per_user_recs_VR14b_COMM_DET_LN0d2_NEG2_EMB64_POS3train4test_BPR_EVAL20.csv
8,489,0x04131b9229377aF2afD9E6b96451c1C530684351,1,5,fcb17eb05153a26a18fee7e4de5ffa0888b3237d72914712b4ec0953b837fda1,378,0xf1667a0c3907c5Ce4b53E38490E1Db2A4357D9d4,590c7b787da6a96d3bd8a6998e99acc14ba635b9d49ffd4d42a6e76522e59467,D:\PHD\بابل\2024\Research Reco\الجزء الثاني\Douban Reco\4 ايصال التوصيات بضمنها العقد\03_outputs\RECOMMENDATION_DELIVERY_TOP5_V1\payloads\community_8\user_489_community_8_v1_top5_payload.json,D:\PHD\results\13 Uplift\DMF_GLOBAL_ONLY_COMMUNITIES_DETERMINISTIC\RUN_VR14b_COMM_DET_LN0d2_NEG2_EMB64_POS3train4test_BPR_EVAL20_003_comm_8_U104_I3510\003_comm_8_U104_I3510_top20_per_user_recs_VR14b_COMM_DET_LN0d2_NEG2_EMB64_POS3train4test_BPR_EVAL20.csv
8,492,0xD8E553Ea600D5801B543d018D32ADd939d7cCB4C,1,5,e7585d0a3ac974eb8fc7fe51bb18f3abbf88e6e6d88fd3d4acf9d8681bdf17bb,378,0xf1667a0c3907c5Ce4b53E38490E1Db2A4357D9d4,ccffb7bcae1bd89429d669a48dfe51517a82600d0ebc383414fcd11d21c086c6,D:\PHD\بابل\2024\Research Reco\الجزء الثاني\Douban Reco\4 ايصال التوصيات بضمنها العقد\03_outputs\RECOMMENDATION_DELIVERY_TOP5_V1\payloads\community_8\user_492_community_8_v1_top5_payload.json,D:\PHD\results\13 Uplift\DMF_GLOBAL_ONLY_COMMUNITIES_DETERMINISTIC\RUN_VR14b_COMM_DET_LN0d2_NEG2_EMB64_POS3train4test_BPR_EVAL20_003_comm_8_U104_I3510\003_comm_8_U104_I3510_top20_per_user_recs_VR14b_COMM_DET_LN0d2_NEG2_EMB64_POS3train4test_BPR_EVAL20.csv
8,540,0x5A3e9692E730ed4a9603d472b6FF6D2efBC3b03a,1,5,f906155f358dd4937a3d2e19d012b2e52c63d87ea3131a96ec9b09f44b1e1522,378,0xf1667a0c3907c5Ce4b53E38490E1Db2A4357D9d4,c1dc6ddf4acfaad0c0e0c801dad78eaf966de176f4362bd285c86dec0933165b,D:\PHD\بابل\2024\Research Reco\الجزء الثاني\Douban Reco\4 ايصال التوصيات بضمنها العقد\03_outputs\RECOMMENDATION_DELIVERY_TOP5_V1\payloads\community_8\user_540_community_8_v1_top5_payload.json,D:\PHD\results\13 Uplift\DMF_GLOBAL_ONLY_COMMUNITIES_DETERMINISTIC\RUN_VR14b_COMM_DET_LN0d2_NEG2_EMB64_POS3train4test_BPR_EVAL20_003_comm_8_U104_I3510\003_comm_8_U104_I3510_top20_per_user_recs_VR14b_COMM_DET_LN0d2_NEG2_EMB64_POS3train4test_BPR_EVAL20.csv
8,576,0xCACFCe95257D628eB1fEcaec7c6Ab625fBd277b8,1,5,89536f9c3656929f171be5d8f6ac03d3a872328ab86a801750fe6cbf53c464a9,378,0xf1667a0c3907c5Ce4b53E38490E1Db2A4357D9d4,894f398f1b76061fc161e2de8d1ad6f5f660429b0dc5cdf282d9544d093493bf,D:\PHD\بابل\2024\Research Reco\الجزء الثاني\Douban Reco\4 ايصال التوصيات بضمنها العقد\03_outputs\RECOMMENDATION_DELIVERY_TOP5_V1\payloads\community_8\user_576_community_8_v1_top5_payload.json,D:\PHD\results\13 Uplift\DMF_GLOBAL_ONLY_COMMUNITIES_DETERMINISTIC\RUN_VR14b_COMM_DET_LN0d2_NEG2_EMB64_POS3train4test_BPR_EVAL20_003_comm_8_U104_I3510\003_comm_8_U104_I3510_top20_per_user_recs_VR14b_COMM_DET_LN0d2_NEG2_EMB64_POS3train4test_BPR_EVAL20.csv
8,595,0x36298A2Eab7B1811CeAC9388C06ffc661c7C8610,1,5,9eb4a223e32ca5598075c70dfac0834f40cc856eb2aa6bd9f68669542fdfc020,378,0xf1667a0c3907c5Ce4b53E38490E1Db2A4357D9d4,23c24d09921630966dc9674e1c58bce68d04cd2076f00d782b4ab74d22a3633e,D:\PHD\بابل\2024\Research Reco\الجزء الثاني\Douban Reco\4 ايصال التوصيات بضمنها العقد\03_outputs\RECOMMENDATION_DELIVERY_TOP5_V1\payloads\community_8\user_595_community_8_v1_top5_payload.json,D:\PHD\results\13 Uplift\DMF_GLOBAL_ONLY_COMMUNITIES_DETERMINISTIC\RUN_VR14b_COMM_DET_LN0d2_NEG2_EMB64_POS3train4test_BPR_EVAL20_003_comm_8_U104_I3510\003_comm_8_U104_I3510_top20_per_user_recs_VR14b_COMM_DET_LN0d2_NEG2_EMB64_POS3train4test_BPR_EVAL20.csv
8,647,0x73B40077be030Ba0fe0fF58472dC70a34bAB587C,1,5,0c3e883cf5e68c3cbfe688eaf1159e9ed015ce1ca602c90cbcca56f6e5bdb74b,378,0xf1667a0c3907c5Ce4b53E38490E1Db2A4357D9d4,489e7a30db0e0b66298a896b1862b715b1768d459bec9c027396707c47b9debd,D:\PHD\بابل\2024\Research Reco\الجزء الثاني\Douban Reco\4 ايصال التوصيات بضمنها العقد\03_outputs\RECOMMENDATION_DELIVERY_TOP5_V1\payloads\community_8\user_647_community_8_v1_top5_payload.json,D:\PHD\results\13 Uplift\DMF_GLOBAL_ONLY_COMMUNITIES_DETERMINISTIC\RUN_VR14b_COMM_DET_LN0d2_NEG2_EMB64_POS3train4test_BPR_EVAL20_003_comm_8_U104_I3510\003_comm_8_U104_I3510_top20_per_user_recs_VR14b_COMM_DET_LN0d2_NEG2_EMB64_POS3train4test_BPR_EVAL20.csv
8,741,0xa06daA66AF4f21A70d2220d8711B5e6B9b6812D0,1,5,f265008af353da1e2705a5740f9f94dee0d08a1ac566068ae68cd7153bc2e54a,378,0xf1667a0c3907c5Ce4b53E38490E1Db2A4357D9d4,33b849f806ab846988fbd638acdecbe55976e20be7ffaec2ac35d20a9d361a5b,D:\PHD\بابل\2024\Research Reco\الجزء الثاني\Douban Reco\4 ايصال التوصيات بضمنها العقد\03_outputs\RECOMMENDATION_DELIVERY_TOP5_V1\payloads\community_8\user_741_community_8_v1_top5_payload.json,D:\PHD\results\13 Uplift\DMF_GLOBAL_ONLY_COMMUNITIES_DETERMINISTIC\RUN_VR14b_COMM_DET_LN0d2_NEG2_EMB64_POS3train4test_BPR_EVAL20_003_comm_8_U104_I3510\003_comm_8_U104_I3510_top20_per_user_recs_VR14b_COMM_DET_LN0d2_NEG2_EMB64_POS3train4test_BPR_EVAL20.csv
8,769,0x1Feb9BBb7f18A332B8Ae49E3B73B54a20BBAd40f,1,5,7cd73fdb1d376c8e059f82b2e1cd84945cfb7f961828ec63da3441b19f9bbcd1,378,0xf1667a0c3907c5Ce4b53E38490E1Db2A4357D9d4,5ba90e03413ef6f8abd586c2aeae9dab863e23aa6f6a4408f8e6381207ea2a5e,D:\PHD\بابل\2024\Research Reco\الجزء الثاني\Douban Reco\4 ايصال التوصيات بضمنها العقد\03_outputs\RECOMMENDATION_DELIVERY_TOP5_V1\payloads\community_8\user_769_community_8_v1_top5_payload.json,D:\PHD\results\13 Uplift\DMF_GLOBAL_ONLY_COMMUNITIES_DETERMINISTIC\RUN_VR14b_COMM_DET_LN0d2_NEG2_EMB64_POS3train4test_BPR_EVAL20_003_comm_8_U104_I3510\003_comm_8_U104_I3510_top20_per_user_recs_VR14b_COMM_DET_LN0d2_NEG2_EMB64_POS3train4test_BPR_EVAL20.csv
8,802,0x5998269562877F0eADE53d99c31aE02D2FFa9891,1,5,17fd17a5baa7bd732b32659e67e3196aa946a8f3d89ad50842830737d99cfa7f,378,0xf1667a0c3907c5Ce4b53E38490E1Db2A4357D9d4,cd9776aae518916a2181f2c1ef93b163aa81201a2d03e5d9c342cc009783740f,D:\PHD\بابل\2024\Research Reco\الجزء الثاني\Douban Reco\4 ايصال التوصيات بضمنها العقد\03_outputs\RECOMMENDATION_DELIVERY_TOP5_V1\payloads\community_8\user_802_community_8_v1_top5_payload.json,D:\PHD\results\13 Uplift\DMF_GLOBAL_ONLY_COMMUNITIES_DETERMINISTIC\RUN_VR14b_COMM_DET_LN0d2_NEG2_EMB64_POS3train4test_BPR_EVAL20_003_comm_8_U104_I3510\003_comm_8_U104_I3510_top20_per_user_recs_VR14b_COMM_DET_LN0d2_NEG2_EMB64_POS3train4test_BPR_EVAL20.csv
8,877,0x38b10b18043EEDd25afe66142De285582cd4DdD3,1,5,1de1b6c805748a849c53aa7839acc52732b13226e8295cba72c9006032a2af15,378,0xf1667a0c3907c5Ce4b53E38490E1Db2A4357D9d4,4e40c1c2341df195bbfccd28041178b1569ffc75c4fa8435ec3f2432fe1e6fd1,D:\PHD\بابل\2024\Research Reco\الجزء الثاني\Douban Reco\4 ايصال التوصيات بضمنها العقد\03_outputs\RECOMMENDATION_DELIVERY_TOP5_V1\payloads\community_8\user_877_community_8_v1_top5_payload.json,D:\PHD\results\13 Uplift\DMF_GLOBAL_ONLY_COMMUNITIES_DETERMINISTIC\RUN_VR14b_COMM_DET_LN0d2_NEG2_EMB64_POS3train4test_BPR_EVAL20_003_comm_8_U104_I3510\003_comm_8_U104_I3510_top20_per_user_recs_VR14b_COMM_DET_LN0d2_NEG2_EMB64_POS3train4test_BPR_EVAL20.csv
8,882,0xA0B6743E3204920298BBAc767fC112E1fA274F66,1,5,a75111d838c85077ae262afb8506c04d5e86d6692d48d4c86b013efed107ec61,378,0xf1667a0c3907c5Ce4b53E38490E1Db2A4357D9d4,25f1f1a1d7801e3e2499e1375e839a158e58e18dd8471bc9bbe3eb5d4d7defdb,D:\PHD\بابل\2024\Research Reco\الجزء الثاني\Douban Reco\4 ايصال التوصيات بضمنها العقد\03_outputs\RECOMMENDATION_DELIVERY_TOP5_V1\payloads\community_8\user_882_community_8_v1_top5_payload.json,D:\PHD\results\13 Uplift\DMF_GLOBAL_ONLY_COMMUNITIES_DETERMINISTIC\RUN_VR14b_COMM_DET_LN0d2_NEG2_EMB64_POS3train4test_BPR_EVAL20_003_comm_8_U104_I3510\003_comm_8_U104_I3510_top20_per_user_recs_VR14b_COMM_DET_LN0d2_NEG2_EMB64_POS3train4test_BPR_EVAL20.csv
8,906,0xA4e714655C8Cd8A7692A2C84D698627Ec4C30219,1,5,16434d8156a17b85bc9d8e99667d97103eea3d2ab79e19b0abb20b3bdc16ca74,378,0xf1667a0c3907c5Ce4b53E38490E1Db2A4357D9d4,20c8f5d0d9315d3b0229d37070e8f3dec141578cbebd07310be65577fe5a966f,D:\PHD\بابل\2024\Research Reco\الجزء الثاني\Douban Reco\4 ايصال التوصيات بضمنها العقد\03_outputs\RECOMMENDATION_DELIVERY_TOP5_V1\payloads\community_8\user_906_community_8_v1_top5_payload.json,D:\PHD\results\13 Uplift\DMF_GLOBAL_ONLY_COMMUNITIES_DETERMINISTIC\RUN_VR14b_COMM_DET_LN0d2_NEG2_EMB64_POS3train4test_BPR_EVAL20_003_comm_8_U104_I3510\003_comm_8_U104_I3510_top20_per_user_recs_VR14b_COMM_DET_LN0d2_NEG2_EMB64_POS3train4test_BPR_EVAL20.csv
8,965,0xc5b9479505622c75bCF84c2e8Aee71FC7Dd79d49,1,5,6543ef74ec1ba9a5f1f71da4abe699699b5279d6457a7f7aea4f12f1045c1d55,378,0xf1667a0c3907c5Ce4b53E38490E1Db2A4357D9d4,2c15f80c9c0a39f6588083ae6b32dcb88837f0d1db9f8ff611d20e8141bd00ea,D:\PHD\بابل\2024\Research Reco\الجزء الثاني\Douban Reco\4 ايصال التوصيات بضمنها العقد\03_outputs\RECOMMENDATION_DELIVERY_TOP5_V1\payloads\community_8\user_965_community_8_v1_top5_payload.json,D:\PHD\results\13 Uplift\DMF_GLOBAL_ONLY_COMMUNITIES_DETERMINISTIC\RUN_VR14b_COMM_DET_LN0d2_NEG2_EMB64_POS3train4test_BPR_EVAL20_003_comm_8_U104_I3510\003_comm_8_U104_I3510_top20_per_user_recs_VR14b_COMM_DET_LN0d2_NEG2_EMB64_POS3train4test_BPR_EVAL20.csv
8,996,0x92e1d98EAff2059fE2F16dc0B8618A96068c45f6,1,5,02ebf08e6984318473454226d928d58b921d94e1227cd69d5932982d8e13f4cd,378,0xf1667a0c3907c5Ce4b53E38490E1Db2A4357D9d4,a7706cae05b70e53f08b7a2fbe972f4fc7ef6742c55ae356a5c857bd222eba3a,D:\PHD\بابل\2024\Research Reco\الجزء الثاني\Douban Reco\4 ايصال التوصيات بضمنها العقد\03_outputs\RECOMMENDATION_DELIVERY_TOP5_V1\payloads\community_8\user_996_community_8_v1_top5_payload.json,D:\PHD\results\13 Uplift\DMF_GLOBAL_ONLY_COMMUNITIES_DETERMINISTIC\RUN_VR14b_COMM_DET_LN0d2_NEG2_EMB64_POS3train4test_BPR_EVAL20_003_comm_8_U104_I3510\003_comm_8_U104_I3510_top20_per_user_recs_VR14b_COMM_DET_LN0d2_NEG2_EMB64_POS3train4test_BPR_EVAL20.csv
8,1035,0x2d99081B8A8b8b6b431778d555cD3d4E4B6B0caB,1,5,5e3770702146a8833781d80eab079fa74ac940a4b947acf3dbec0df8fbc65af5,378,0xf1667a0c3907c5Ce4b53E38490E1Db2A4357D9d4,f246e42a661ee1edd59608748107424c5b4ec351ecc9ec7738a3bec356cea3fa,D:\PHD\بابل\2024\Research Reco\الجزء الثاني\Douban Reco\4 ايصال التوصيات بضمنها العقد\03_outputs\RECOMMENDATION_DELIVERY_TOP5_V1\payloads\community_8\user_1035_community_8_v1_top5_payload.json,D:\PHD\results\13 Uplift\DMF_GLOBAL_ONLY_COMMUNITIES_DETERMINISTIC\RUN_VR14b_COMM_DET_LN0d2_NEG2_EMB64_POS3train4test_BPR_EVAL20_003_comm_8_U104_I3510\003_comm_8_U104_I3510_top20_per_user_recs_VR14b_COMM_DET_LN0d2_NEG2_EMB64_POS3train4test_BPR_EVAL20.csv
8,1077,0x4fb6f82dd75FF9C10c5414e8a5025C191C9eefBd,1,5,ea429e688664bcc75942ea79ca0443ab713d09d907a2dfa5d3e9b8947d673e94,378,0xf1667a0c3907c5Ce4b53E38490E1Db2A4357D9d4,8325ccbeb4336b8fbdb81e2346514d6fc783a5a68eabdef82d007a33539b8142,D:\PHD\بابل\2024\Research Reco\الجزء الثاني\Douban Reco\4 ايصال التوصيات بضمنها العقد\03_outputs\RECOMMENDATION_DELIVERY_TOP5_V1\payloads\community_8\user_1077_community_8_v1_top5_payload.json,D:\PHD\results\13 Uplift\DMF_GLOBAL_ONLY_COMMUNITIES_DETERMINISTIC\RUN_VR14b_COMM_DET_LN0d2_NEG2_EMB64_POS3train4test_BPR_EVAL20_003_comm_8_U104_I3510\003_comm_8_U104_I3510_top20_per_user_recs_VR14b_COMM_DET_LN0d2_NEG2_EMB64_POS3train4test_BPR_EVAL20.csv
8,1142,0x8BD0EDce1eAC567e041DcE0879Ab333FCc9E9761,1,5,ae1d33000b4c10106a2a25b28cbe7aec69dff1a7894e85398194b800f7bef527,378,0xf1667a0c3907c5Ce4b53E38490E1Db2A4357D9d4,2fb206243699ec5a6f4fb11fa0c1cf0da5fb5a5f88beba3ef048e77fa726782b,D:\PHD\بابل\2024\Research Reco\الجزء الثاني\Douban Reco\4 ايصال التوصيات بضمنها العقد\03_outputs\RECOMMENDATION_DELIVERY_TOP5_V1\payloads\community_8\user_1142_community_8_v1_top5_payload.json,D:\PHD\results\13 Uplift\DMF_GLOBAL_ONLY_COMMUNITIES_DETERMINISTIC\RUN_VR14b_COMM_DET_LN0d2_NEG2_EMB64_POS3train4test_BPR_EVAL20_003_comm_8_U104_I3510\003_comm_8_U104_I3510_top20_per_user_recs_VR14b_COMM_DET_LN0d2_NEG2_EMB64_POS3train4test_BPR_EVAL20.csv
8,1148,0xDa7553edF8eBb4d6293c6e7a8E2E0C6088E64beC,1,5,03fa55b622d1b6dc7296d3ceee64c1424559e560246de2bcb433e687d962528b,378,0xf1667a0c3907c5Ce4b53E38490E1Db2A4357D9d4,b2337f3ba7ae15a72bcec560e26d4b529da4a6f4cd22729e42c813c624721886,D:\PHD\بابل\2024\Research Reco\الجزء الثاني\Douban Reco\4 ايصال التوصيات بضمنها العقد\03_outputs\RECOMMENDATION_DELIVERY_TOP5_V1\payloads\community_8\user_1148_community_8_v1_top5_payload.json,D:\PHD\results\13 Uplift\DMF_GLOBAL_ONLY_COMMUNITIES_DETERMINISTIC\RUN_VR14b_COMM_DET_LN0d2_NEG2_EMB64_POS3train4test_BPR_EVAL20_003_comm_8_U104_I3510\003_comm_8_U104_I3510_top20_per_user_recs_VR14b_COMM_DET_LN0d2_NEG2_EMB64_POS3train4test_BPR_EVAL20.csv
8,1159,0xBf6b9bb23163241c95c9126826e1D4164d7cF70A,1,5,3a9c4d05d8a0595926f730f1af46f82e40300193688f4cf6e5815943585e046c,378,0xf1667a0c3907c5Ce4b53E38490E1Db2A4357D9d4,caf5b034ec5f733788bf0e0c9b40ae1cf3060e401112be5d5ff60d6a843138c5,D:\PHD\بابل\2024\Research Reco\الجزء الثاني\Douban Reco\4 ايصال التوصيات بضمنها العقد\03_outputs\RECOMMENDATION_DELIVERY_TOP5_V1\payloads\community_8\user_1159_community_8_v1_top5_payload.json,D:\PHD\results\13 Uplift\DMF_GLOBAL_ONLY_COMMUNITIES_DETERMINISTIC\RUN_VR14b_COMM_DET_LN0d2_NEG2_EMB64_POS3train4test_BPR_EVAL20_003_comm_8_U104_I3510\003_comm_8_U104_I3510_top20_per_user_recs_VR14b_COMM_DET_LN0d2_NEG2_EMB64_POS3train4test_BPR_EVAL20.csv
8,1169,0xB135cB90e21F12A75C1BCA3664b8BBB9Dd09be74,1,5,9eee261d2403608f0f8cdb7728585943934207502788366623ef85aa1d8e3cf0,378,0xf1667a0c3907c5Ce4b53E38490E1Db2A4357D9d4,439c1ba0ecb9438d70276386491237296dab14357562d9b0d86e5eb214257394,D:\PHD\بابل\2024\Research Reco\الجزء الثاني\Douban Reco\4 ايصال التوصيات بضمنها العقد\03_outputs\RECOMMENDATION_DELIVERY_TOP5_V1\payloads\community_8\user_1169_community_8_v1_top5_payload.json,D:\PHD\results\13 Uplift\DMF_GLOBAL_ONLY_COMMUNITIES_DETERMINISTIC\RUN_VR14b_COMM_DET_LN0d2_NEG2_EMB64_POS3train4test_BPR_EVAL20_003_comm_8_U104_I3510\003_comm_8_U104_I3510_top20_per_user_recs_VR14b_COMM_DET_LN0d2_NEG2_EMB64_POS3train4test_BPR_EVAL20.csv
8,1174,0x5471905A8cAEbD4694E819efb071FF3e39fB61d8,1,5,3d0a571e72406582061557b639cb26326057bf8936b0c8a12d3ed4b92894e078,378,0xf1667a0c3907c5Ce4b53E38490E1Db2A4357D9d4,fa6c8006422b25b67ef676c12707d9118b91d66beed7a7de3bdd4c2a24640c2c,D:\PHD\بابل\2024\Research Reco\الجزء الثاني\Douban Reco\4 ايصال التوصيات بضمنها العقد\03_outputs\RECOMMENDATION_DELIVERY_TOP5_V1\payloads\community_8\user_1174_community_8_v1_top5_payload.json,D:\PHD\results\13 Uplift\DMF_GLOBAL_ONLY_COMMUNITIES_DETERMINISTIC\RUN_VR14b_COMM_DET_LN0d2_NEG2_EMB64_POS3train4test_BPR_EVAL20_003_comm_8_U104_I3510\003_comm_8_U104_I3510_top20_per_user_recs_VR14b_COMM_DET_LN0d2_NEG2_EMB64_POS3train4test_BPR_EVAL20.csv
8,1194,0x6FB8E4591bd1ef4D526284f5950b306222B3d3Eb,1,5,f2a615f6f179771b89619e677936eadb34ca2659f374678041a3861b404ee53d,378,0xf1667a0c3907c5Ce4b53E38490E1Db2A4357D9d4,3c3b6ad71bb8e016cf62fa68f1dda50017f4e77f0525057d6a6e3a4ed13b01b5,D:\PHD\بابل\2024\Research Reco\الجزء الثاني\Douban Reco\4 ايصال التوصيات بضمنها العقد\03_outputs\RECOMMENDATION_DELIVERY_TOP5_V1\payloads\community_8\user_1194_community_8_v1_top5_payload.json,D:\PHD\results\13 Uplift\DMF_GLOBAL_ONLY_COMMUNITIES_DETERMINISTIC\RUN_VR14b_COMM_DET_LN0d2_NEG2_EMB64_POS3train4test_BPR_EVAL20_003_comm_8_U104_I3510\003_comm_8_U104_I3510_top20_per_user_recs_VR14b_COMM_DET_LN0d2_NEG2_EMB64_POS3train4test_BPR_EVAL20.csv
8,1265,0xFE8E153E9aD0BcBb6117f075826fDEb2b52fe9eC,1,5,8edf8dc60530d490b884a8b2ba68212907494ea2237701f3e261eca94892a4dd,378,0xf1667a0c3907c5Ce4b53E38490E1Db2A4357D9d4,eee4c39b60519531a06a1fc828590de4d16650e8a8f6f7d5f20d6e22a940789b,D:\PHD\بابل\2024\Research Reco\الجزء الثاني\Douban Reco\4 ايصال التوصيات بضمنها العقد\03_outputs\RECOMMENDATION_DELIVERY_TOP5_V1\payloads\community_8\user_1265_community_8_v1_top5_payload.json,D:\PHD\results\13 Uplift\DMF_GLOBAL_ONLY_COMMUNITIES_DETERMINISTIC\RUN_VR14b_COMM_DET_LN0d2_NEG2_EMB64_POS3train4test_BPR_EVAL20_003_comm_8_U104_I3510\003_comm_8_U104_I3510_top20_per_user_recs_VR14b_COMM_DET_LN0d2_NEG2_EMB64_POS3train4test_BPR_EVAL20.csv
8,1296,0x8922D8459F4335536dCFdAa44180d731B6c04C5C,1,5,e620923c75c620bbb11241bdc79afac179e255350fb9f54d34cea1a912aeb171,378,0xf1667a0c3907c5Ce4b53E38490E1Db2A4357D9d4,eb65df03e9327983b263de7eb72f0dad76f14d1338c7a00841a5157251914a7f,D:\PHD\بابل\2024\Research Reco\الجزء الثاني\Douban Reco\4 ايصال التوصيات بضمنها العقد\03_outputs\RECOMMENDATION_DELIVERY_TOP5_V1\payloads\community_8\user_1296_community_8_v1_top5_payload.json,D:\PHD\results\13 Uplift\DMF_GLOBAL_ONLY_COMMUNITIES_DETERMINISTIC\RUN_VR14b_COMM_DET_LN0d2_NEG2_EMB64_POS3train4test_BPR_EVAL20_003_comm_8_U104_I3510\003_comm_8_U104_I3510_top20_per_user_recs_VR14b_COMM_DET_LN0d2_NEG2_EMB64_POS3train4test_BPR_EVAL20.csv
8,1324,0x5e36F05235E0eaC87bF0cee6CD5AE66fcA287A61,1,5,7182dacdfda6c5e294397c1562c640594e65a0d81a154db4da011e5b5dbb3bc7,378,0xf1667a0c3907c5Ce4b53E38490E1Db2A4357D9d4,bcf920844030260b155522d179eb9516414e70b090924b6f8abb3319b7c9e067,D:\PHD\بابل\2024\Research Reco\الجزء الثاني\Douban Reco\4 ايصال التوصيات بضمنها العقد\03_outputs\RECOMMENDATION_DELIVERY_TOP5_V1\payloads\community_8\user_1324_community_8_v1_top5_payload.json,D:\PHD\results\13 Uplift\DMF_GLOBAL_ONLY_COMMUNITIES_DETERMINISTIC\RUN_VR14b_COMM_DET_LN0d2_NEG2_EMB64_POS3train4test_BPR_EVAL20_003_comm_8_U104_I3510\003_comm_8_U104_I3510_top20_per_user_recs_VR14b_COMM_DET_LN0d2_NEG2_EMB64_POS3train4test_BPR_EVAL20.csv
8,1337,0xe6326F09757d68E6C5020b216972Cb130C48fd24,1,5,3d011d6014377643a42881616f2dec67c80a051f4872adef43ad344d12f98ef0,378,0xf1667a0c3907c5Ce4b53E38490E1Db2A4357D9d4,256b084b8405fe39e15a0321274f5bf8508d0d1c70a7b6d9eac28d6c20eca1f7,D:\PHD\بابل\2024\Research Reco\الجزء الثاني\Douban Reco\4 ايصال التوصيات بضمنها العقد\03_outputs\RECOMMENDATION_DELIVERY_TOP5_V1\payloads\community_8\user_1337_community_8_v1_top5_payload.json,D:\PHD\results\13 Uplift\DMF_GLOBAL_ONLY_COMMUNITIES_DETERMINISTIC\RUN_VR14b_COMM_DET_LN0d2_NEG2_EMB64_POS3train4test_BPR_EVAL20_003_comm_8_U104_I3510\003_comm_8_U104_I3510_top20_per_user_recs_VR14b_COMM_DET_LN0d2_NEG2_EMB64_POS3train4test_BPR_EVAL20.csv
8,1342,0x677F3723b3c6B8DCDf071aC48cDF0171F3fF2718,1,5,318d3e5b54a627868857ea56636a6a8cc8ab8b31ffff7a41302e94df8bde0ef8,378,0xf1667a0c3907c5Ce4b53E38490E1Db2A4357D9d4,595db83c428d5d5a3810e506de3f9c117cf3bf6979e0a5b97759d16082273f19,D:\PHD\بابل\2024\Research Reco\الجزء الثاني\Douban Reco\4 ايصال التوصيات بضمنها العقد\03_outputs\RECOMMENDATION_DELIVERY_TOP5_V1\payloads\community_8\user_1342_community_8_v1_top5_payload.json,D:\PHD\results\13 Uplift\DMF_GLOBAL_ONLY_COMMUNITIES_DETERMINISTIC\RUN_VR14b_COMM_DET_LN0d2_NEG2_EMB64_POS3train4test_BPR_EVAL20_003_comm_8_U104_I3510\003_comm_8_U104_I3510_top20_per_user_recs_VR14b_COMM_DET_LN0d2_NEG2_EMB64_POS3train4test_BPR_EVAL20.csv
8,1352,0x5F80D505c66A6D7E618F1BdDe5478ea017a7880B,1,5,8561318a9c756f512e2fcc50edea8db397a38ead8ca105e550f28b9fd54c0415,378,0xf1667a0c3907c5Ce4b53E38490E1Db2A4357D9d4,e01499d1f3374b02f55aef40fee0ce1767adfb790320e468ebcc4ad7e8c19597,D:\PHD\بابل\2024\Research Reco\الجزء الثاني\Douban Reco\4 ايصال التوصيات بضمنها العقد\03_outputs\RECOMMENDATION_DELIVERY_TOP5_V1\payloads\community_8\user_1352_community_8_v1_top5_payload.json,D:\PHD\results\13 Uplift\DMF_GLOBAL_ONLY_COMMUNITIES_DETERMINISTIC\RUN_VR14b_COMM_DET_LN0d2_NEG2_EMB64_POS3train4test_BPR_EVAL20_003_comm_8_U104_I3510\003_comm_8_U104_I3510_top20_per_user_recs_VR14b_COMM_DET_LN0d2_NEG2_EMB64_POS3train4test_BPR_EVAL20.csv
8,1391,0xE6E21c34f6C176f3E67221689f39a0d3a10E376a,1,5,be72453845afa6f9ba69816d8207e71a36c1b7b7b1a83761bf38da345e253f7b,378,0xf1667a0c3907c5Ce4b53E38490E1Db2A4357D9d4,b80755096a7977ec94e910eb46d4f7cb0f0abee090122307f8484702003c63d6,D:\PHD\بابل\2024\Research Reco\الجزء الثاني\Douban Reco\4 ايصال التوصيات بضمنها العقد\03_outputs\RECOMMENDATION_DELIVERY_TOP5_V1\payloads\community_8\user_1391_community_8_v1_top5_payload.json,D:\PHD\results\13 Uplift\DMF_GLOBAL_ONLY_COMMUNITIES_DETERMINISTIC\RUN_VR14b_COMM_DET_LN0d2_NEG2_EMB64_POS3train4test_BPR_EVAL20_003_comm_8_U104_I3510\003_comm_8_U104_I3510_top20_per_user_recs_VR14b_COMM_DET_LN0d2_NEG2_EMB64_POS3train4test_BPR_EVAL20.csv
8,1406,0x302052FF22d63A10caf6E06fd2315Cc4Cb58A580,1,5,d8cc9ea8ea3715ce18ee651d95474d5e2f1188939e0113025b2fc0f3c7c2c26e,378,0xf1667a0c3907c5Ce4b53E38490E1Db2A4357D9d4,cd018b94bea1c3316a69309630b3c373034452ef5684ecd276141ea253c7814d,D:\PHD\بابل\2024\Research Reco\الجزء الثاني\Douban Reco\4 ايصال التوصيات بضمنها العقد\03_outputs\RECOMMENDATION_DELIVERY_TOP5_V1\payloads\community_8\user_1406_community_8_v1_top5_payload.json,D:\PHD\results\13 Uplift\DMF_GLOBAL_ONLY_COMMUNITIES_DETERMINISTIC\RUN_VR14b_COMM_DET_LN0d2_NEG2_EMB64_POS3train4test_BPR_EVAL20_003_comm_8_U104_I3510\003_comm_8_U104_I3510_top20_per_user_recs_VR14b_COMM_DET_LN0d2_NEG2_EMB64_POS3train4test_BPR_EVAL20.csv
8,1435,0xC0cec0bbA85dcB0A7aBe3C30A95f9c6Dc114d34E,1,5,aad176a459028ff3d10f6a1319e2c257805e95e36eb6011581d0b0bc966df0e3,378,0xf1667a0c3907c5Ce4b53E38490E1Db2A4357D9d4,5fcf6e967ea1afb5472fe4b4534656bb7ada77b995e43a3d0a787360f71d6999,D:\PHD\بابل\2024\Research Reco\الجزء الثاني\Douban Reco\4 ايصال التوصيات بضمنها العقد\03_outputs\RECOMMENDATION_DELIVERY_TOP5_V1\payloads\community_8\user_1435_community_8_v1_top5_payload.json,D:\PHD\results\13 Uplift\DMF_GLOBAL_ONLY_COMMUNITIES_DETERMINISTIC\RUN_VR14b_COMM_DET_LN0d2_NEG2_EMB64_POS3train4test_BPR_EVAL20_003_comm_8_U104_I3510\003_comm_8_U104_I3510_top20_per_user_recs_VR14b_COMM_DET_LN0d2_NEG2_EMB64_POS3train4test_BPR_EVAL20.csv
8,1454,0x7a2999E8357c658F83Afb9bEFa44E5769B6F30C6,1,5,f83b2334bac608b1fba0cbd6e67d8fdcc1582c5c70f0fa042d02902c6f09cb19,378,0xf1667a0c3907c5Ce4b53E38490E1Db2A4357D9d4,fcb5fb0c15086b68b40dbf0e3a5670c6abf29524e223e9078ccbb357d288176f,D:\PHD\بابل\2024\Research Reco\الجزء الثاني\Douban Reco\4 ايصال التوصيات بضمنها العقد\03_outputs\RECOMMENDATION_DELIVERY_TOP5_V1\payloads\community_8\user_1454_community_8_v1_top5_payload.json,D:\PHD\results\13 Uplift\DMF_GLOBAL_ONLY_COMMUNITIES_DETERMINISTIC\RUN_VR14b_COMM_DET_LN0d2_NEG2_EMB64_POS3train4test_BPR_EVAL20_003_comm_8_U104_I3510\003_comm_8_U104_I3510_top20_per_user_recs_VR14b_COMM_DET_LN0d2_NEG2_EMB64_POS3train4test_BPR_EVAL20.csv
8,1478,0xd3de494313524Ae4af4030be6471833a11b9db7f,1,5,885c538dcb31b678752d27d5e15058f0f651d3a256f8ad0226c2e56d38b9e218,378,0xf1667a0c3907c5Ce4b53E38490E1Db2A4357D9d4,fc3d8a0d9f1208872fe1a70f5321b6eb9cf0e1504621bd03cfbd44654eceada8,D:\PHD\بابل\2024\Research Reco\الجزء الثاني\Douban Reco\4 ايصال التوصيات بضمنها العقد\03_outputs\RECOMMENDATION_DELIVERY_TOP5_V1\payloads\community_8\user_1478_community_8_v1_top5_payload.json,D:\PHD\results\13 Uplift\DMF_GLOBAL_ONLY_COMMUNITIES_DETERMINISTIC\RUN_VR14b_COMM_DET_LN0d2_NEG2_EMB64_POS3train4test_BPR_EVAL20_003_comm_8_U104_I3510\003_comm_8_U104_I3510_top20_per_user_recs_VR14b_COMM_DET_LN0d2_NEG2_EMB64_POS3train4test_BPR_EVAL20.csv
8,1538,0xf004C45339a175ED0394102D2091c37cF417DFdd,1,5,b5d5f3651175635ba4a20ff12cb5e5d7e72e7fb28504554464c84d1c759b3d8d,378,0xf1667a0c3907c5Ce4b53E38490E1Db2A4357D9d4,c02bc9ad5cf3bb19186aa63ac0102e1b14023a8555309aeb185ab86b1b77c830,D:\PHD\بابل\2024\Research Reco\الجزء الثاني\Douban Reco\4 ايصال التوصيات بضمنها العقد\03_outputs\RECOMMENDATION_DELIVERY_TOP5_V1\payloads\community_8\user_1538_community_8_v1_top5_payload.json,D:\PHD\results\13 Uplift\DMF_GLOBAL_ONLY_COMMUNITIES_DETERMINISTIC\RUN_VR14b_COMM_DET_LN0d2_NEG2_EMB64_POS3train4test_BPR_EVAL20_003_comm_8_U104_I3510\003_comm_8_U104_I3510_top20_per_user_recs_VR14b_COMM_DET_LN0d2_NEG2_EMB64_POS3train4test_BPR_EVAL20.csv
8,1553,0xbD744B7b51F00ef1eDA571Abff9155b595d2a4EC,1,5,235dc847b607165f6d3805da907335c33bdac0cc6844528fdd59fe625df4366a,378,0xf1667a0c3907c5Ce4b53E38490E1Db2A4357D9d4,5ed00d90c00a72d74c73424f079ad9277724b4926be8f8445723de120da9acfc,D:\PHD\بابل\2024\Research Reco\الجزء الثاني\Douban Reco\4 ايصال التوصيات بضمنها العقد\03_outputs\RECOMMENDATION_DELIVERY_TOP5_V1\payloads\community_8\user_1553_community_8_v1_top5_payload.json,D:\PHD\results\13 Uplift\DMF_GLOBAL_ONLY_COMMUNITIES_DETERMINISTIC\RUN_VR14b_COMM_DET_LN0d2_NEG2_EMB64_POS3train4test_BPR_EVAL20_003_comm_8_U104_I3510\003_comm_8_U104_I3510_top20_per_user_recs_VR14b_COMM_DET_LN0d2_NEG2_EMB64_POS3train4test_BPR_EVAL20.csv
8,1563,0x1272a2d8c20fc89524E885F0BaE163C43B8409e9,1,5,da2c1dcf4a329c9bf758bdb868f67ce5afdb2d0532396e7f4a297ed6f5820503,378,0xf1667a0c3907c5Ce4b53E38490E1Db2A4357D9d4,5bdee7b80ff88eab4ff3d5becbf0c0f850f9f0b10ed37a118b240f9f68ab7a52,D:\PHD\بابل\2024\Research Reco\الجزء الثاني\Douban Reco\4 ايصال التوصيات بضمنها العقد\03_outputs\RECOMMENDATION_DELIVERY_TOP5_V1\payloads\community_8\user_1563_community_8_v1_top5_payload.json,D:\PHD\results\13 Uplift\DMF_GLOBAL_ONLY_COMMUNITIES_DETERMINISTIC\RUN_VR14b_COMM_DET_LN0d2_NEG2_EMB64_POS3train4test_BPR_EVAL20_003_comm_8_U104_I3510\003_comm_8_U104_I3510_top20_per_user_recs_VR14b_COMM_DET_LN0d2_NEG2_EMB64_POS3train4test_BPR_EVAL20.csv
8,1602,0x538b76F1309E16E6B556488b38b13E88457f1764,1,5,6e1aac509ce70fe7efbbe979d161bee64e574fcd639f629113dc210a43c15d40,378,0xf1667a0c3907c5Ce4b53E38490E1Db2A4357D9d4,f1d254557b6dfd5c4eb241346593afd25f549e53fd0501877ebeac96ceccce53,D:\PHD\بابل\2024\Research Reco\الجزء الثاني\Douban Reco\4 ايصال التوصيات بضمنها العقد\03_outputs\RECOMMENDATION_DELIVERY_TOP5_V1\payloads\community_8\user_1602_community_8_v1_top5_payload.json,D:\PHD\results\13 Uplift\DMF_GLOBAL_ONLY_COMMUNITIES_DETERMINISTIC\RUN_VR14b_COMM_DET_LN0d2_NEG2_EMB64_POS3train4test_BPR_EVAL20_003_comm_8_U104_I3510\003_comm_8_U104_I3510_top20_per_user_recs_VR14b_COMM_DET_LN0d2_NEG2_EMB64_POS3train4test_BPR_EVAL20.csv
8,1620,0x922e1EF56170E44cD716952D5E33dE2b6C27967f,1,5,a3657ee0dd04b8fe5a1bf37ac044b6ec78df9e70464f02926933be0bdcaea7ea,378,0xf1667a0c3907c5Ce4b53E38490E1Db2A4357D9d4,42c732f45d86b82f6edc420cdad176b729d63fe63ae2613444a8687582e323d3,D:\PHD\بابل\2024\Research Reco\الجزء الثاني\Douban Reco\4 ايصال التوصيات بضمنها العقد\03_outputs\RECOMMENDATION_DELIVERY_TOP5_V1\payloads\community_8\user_1620_community_8_v1_top5_payload.json,D:\PHD\results\13 Uplift\DMF_GLOBAL_ONLY_COMMUNITIES_DETERMINISTIC\RUN_VR14b_COMM_DET_LN0d2_NEG2_EMB64_POS3train4test_BPR_EVAL20_003_comm_8_U104_I3510\003_comm_8_U104_I3510_top20_per_user_recs_VR14b_COMM_DET_LN0d2_NEG2_EMB64_POS3train4test_BPR_EVAL20.csv
8,1682,0x4eAE172154d9845eDbdE79c49Ddd9D81197F2Ec4,1,5,14054f85f083b63e0c3b7261c0121301996d945e6f2a056bae9f65dc77bc8b9a,378,0xf1667a0c3907c5Ce4b53E38490E1Db2A4357D9d4,725878cf8b14db533ad21b5581511e774779e020f952d42da92abccb655f90d9,D:\PHD\بابل\2024\Research Reco\الجزء الثاني\Douban Reco\4 ايصال التوصيات بضمنها العقد\03_outputs\RECOMMENDATION_DELIVERY_TOP5_V1\payloads\community_8\user_1682_community_8_v1_top5_payload.json,D:\PHD\results\13 Uplift\DMF_GLOBAL_ONLY_COMMUNITIES_DETERMINISTIC\RUN_VR14b_COMM_DET_LN0d2_NEG2_EMB64_POS3train4test_BPR_EVAL20_003_comm_8_U104_I3510\003_comm_8_U104_I3510_top20_per_user_recs_VR14b_COMM_DET_LN0d2_NEG2_EMB64_POS3train4test_BPR_EVAL20.csv
8,1706,0x6307Aef0fc5CB392E908655d2929Ae7E7B4E7798,1,5,4d440d260b0dffdecb7cd2f1431edae475813dc565d5b87d4a61690c23328963,378,0xf1667a0c3907c5Ce4b53E38490E1Db2A4357D9d4,825f6243cac9f36a563d60b2da1ea832d04ae439560bb226d576932d56c9d5b0,D:\PHD\بابل\2024\Research Reco\الجزء الثاني\Douban Reco\4 ايصال التوصيات بضمنها العقد\03_outputs\RECOMMENDATION_DELIVERY_TOP5_V1\payloads\community_8\user_1706_community_8_v1_top5_payload.json,D:\PHD\results\13 Uplift\DMF_GLOBAL_ONLY_COMMUNITIES_DETERMINISTIC\RUN_VR14b_COMM_DET_LN0d2_NEG2_EMB64_POS3train4test_BPR_EVAL20_003_comm_8_U104_I3510\003_comm_8_U104_I3510_top20_per_user_recs_VR14b_COMM_DET_LN0d2_NEG2_EMB64_POS3train4test_BPR_EVAL20.csv
8,1741,0x6ACF186d86615c86143834087A1d1D0e49574d94,1,5,7503d02efc2f440b24888def4a4569f3c5f96be046a6dc3f8f051c910626163d,378,0xf1667a0c3907c5Ce4b53E38490E1Db2A4357D9d4,15b747179c01add43715330a6f3a91b2f5297548543e9d95b578d83981f9d908,D:\PHD\بابل\2024\Research Reco\الجزء الثاني\Douban Reco\4 ايصال التوصيات بضمنها العقد\03_outputs\RECOMMENDATION_DELIVERY_TOP5_V1\payloads\community_8\user_1741_community_8_v1_top5_payload.json,D:\PHD\results\13 Uplift\DMF_GLOBAL_ONLY_COMMUNITIES_DETERMINISTIC\RUN_VR14b_COMM_DET_LN0d2_NEG2_EMB64_POS3train4test_BPR_EVAL20_003_comm_8_U104_I3510\003_comm_8_U104_I3510_top20_per_user_recs_VR14b_COMM_DET_LN0d2_NEG2_EMB64_POS3train4test_BPR_EVAL20.csv
8,1748,0x6BD9a6f08a84754BcFC9e56137cc84C7C41a5A9d,1,5,ff8a85e816a0d3f8da82560a35caf776ba94a5d798849363762bbc4f55846388,378,0xf1667a0c3907c5Ce4b53E38490E1Db2A4357D9d4,db1359e86018976b524227addd7a6dab793b2642a539af938b3ffa3425494533,D:\PHD\بابل\2024\Research Reco\الجزء الثاني\Douban Reco\4 ايصال التوصيات بضمنها العقد\03_outputs\RECOMMENDATION_DELIVERY_TOP5_V1\payloads\community_8\user_1748_community_8_v1_top5_payload.json,D:\PHD\results\13 Uplift\DMF_GLOBAL_ONLY_COMMUNITIES_DETERMINISTIC\RUN_VR14b_COMM_DET_LN0d2_NEG2_EMB64_POS3train4test_BPR_EVAL20_003_comm_8_U104_I3510\003_comm_8_U104_I3510_top20_per_user_recs_VR14b_COMM_DET_LN0d2_NEG2_EMB64_POS3train4test_BPR_EVAL20.csv
8,1758,0x8C0eb6F507Fe6e9e499a68254158A6E34827d0E9,1,5,ce3d046a0897fe394d194afef73a910f7e816b86ee7955a101a82599a9e089d5,378,0xf1667a0c3907c5Ce4b53E38490E1Db2A4357D9d4,d1d626440335647c256462a3764ddd71b4361b1557fd612c527f834948da1ec0,D:\PHD\بابل\2024\Research Reco\الجزء الثاني\Douban Reco\4 ايصال التوصيات بضمنها العقد\03_outputs\RECOMMENDATION_DELIVERY_TOP5_V1\payloads\community_8\user_1758_community_8_v1_top5_payload.json,D:\PHD\results\13 Uplift\DMF_GLOBAL_ONLY_COMMUNITIES_DETERMINISTIC\RUN_VR14b_COMM_DET_LN0d2_NEG2_EMB64_POS3train4test_BPR_EVAL20_003_comm_8_U104_I3510\003_comm_8_U104_I3510_top20_per_user_recs_VR14b_COMM_DET_LN0d2_NEG2_EMB64_POS3train4test_BPR_EVAL20.csv
8,1767,0x0868e54Abf12E8c4f62B6690F477a1c31233827a,1,5,5033a30c72762723320d4644a9e874c4193431d293d8952cd581ccc0069bb0b5,378,0xf1667a0c3907c5Ce4b53E38490E1Db2A4357D9d4,f370de60ace97121e6f95a957185f03d8d77fbf7733cbc680b4a096dd8afe922,D:\PHD\بابل\2024\Research Reco\الجزء الثاني\Douban Reco\4 ايصال التوصيات بضمنها العقد\03_outputs\RECOMMENDATION_DELIVERY_TOP5_V1\payloads\community_8\user_1767_community_8_v1_top5_payload.json,D:\PHD\results\13 Uplift\DMF_GLOBAL_ONLY_COMMUNITIES_DETERMINISTIC\RUN_VR14b_COMM_DET_LN0d2_NEG2_EMB64_POS3train4test_BPR_EVAL20_003_comm_8_U104_I3510\003_comm_8_U104_I3510_top20_per_user_recs_VR14b_COMM_DET_LN0d2_NEG2_EMB64_POS3train4test_BPR_EVAL20.csv
8,1789,0x608ec85c8dF43d75434B1D315cf269c7ab85a333,1,5,19f636c88eeb113046dc89ca604be314f3ff83d981dd78a86c7437891a4bf1c6,378,0xf1667a0c3907c5Ce4b53E38490E1Db2A4357D9d4,822a2cb4748bea790b8383d671a6823bf90c9af41cb7553a16208c12778fa40d,D:\PHD\بابل\2024\Research Reco\الجزء الثاني\Douban Reco\4 ايصال التوصيات بضمنها العقد\03_outputs\RECOMMENDATION_DELIVERY_TOP5_V1\payloads\community_8\user_1789_community_8_v1_top5_payload.json,D:\PHD\results\13 Uplift\DMF_GLOBAL_ONLY_COMMUNITIES_DETERMINISTIC\RUN_VR14b_COMM_DET_LN0d2_NEG2_EMB64_POS3train4test_BPR_EVAL20_003_comm_8_U104_I3510\003_comm_8_U104_I3510_top20_per_user_recs_VR14b_COMM_DET_LN0d2_NEG2_EMB64_POS3train4test_BPR_EVAL20.csv
8,1832,0x6eC531efbcD118dA37974A878E42f4f3Ed104D45,1,5,bdf8534ef5e7943b23cde3e0f4e84415e4e8e23e9795e45720187877259cea48,378,0xf1667a0c3907c5Ce4b53E38490E1Db2A4357D9d4,eddccbb04d7eb07936e21ee89887cc3f6971733997fd939916282b481bab6572,D:\PHD\بابل\2024\Research Reco\الجزء الثاني\Douban Reco\4 ايصال التوصيات بضمنها العقد\03_outputs\RECOMMENDATION_DELIVERY_TOP5_V1\payloads\community_8\user_1832_community_8_v1_top5_payload.json,D:\PHD\results\13 Uplift\DMF_GLOBAL_ONLY_COMMUNITIES_DETERMINISTIC\RUN_VR14b_COMM_DET_LN0d2_NEG2_EMB64_POS3train4test_BPR_EVAL20_003_comm_8_U104_I3510\003_comm_8_U104_I3510_top20_per_user_recs_VR14b_COMM_DET_LN0d2_NEG2_EMB64_POS3train4test_BPR_EVAL20.csv
8,1835,0xE92254aBEfC842771Ed8C6d2a272D7ea2040BFDB,1,5,2260f15053b221331dd6d0e08d14de5f952275b69e2c9782b8874008e7abe89d,378,0xf1667a0c3907c5Ce4b53E38490E1Db2A4357D9d4,afa4edba0336d955ab659f8efd58ac7de9dc1b725291b24753b3fc36b54f7e4c,D:\PHD\بابل\2024\Research Reco\الجزء الثاني\Douban Reco\4 ايصال التوصيات بضمنها العقد\03_outputs\RECOMMENDATION_DELIVERY_TOP5_V1\payloads\community_8\user_1835_community_8_v1_top5_payload.json,D:\PHD\results\13 Uplift\DMF_GLOBAL_ONLY_COMMUNITIES_DETERMINISTIC\RUN_VR14b_COMM_DET_LN0d2_NEG2_EMB64_POS3train4test_BPR_EVAL20_003_comm_8_U104_I3510\003_comm_8_U104_I3510_top20_per_user_recs_VR14b_COMM_DET_LN0d2_NEG2_EMB64_POS3train4test_BPR_EVAL20.csv
8,1928,0x5c8958337BDff56E8EFc8fC97372e3174cc8408D,1,5,7130c517423f112e807e283ce389c34688407d86a681c7667cc11b279db4c859,378,0xf1667a0c3907c5Ce4b53E38490E1Db2A4357D9d4,e642fa46dd84f66152d0648074c204c48815de915799d32c3cf35912bedec971,D:\PHD\بابل\2024\Research Reco\الجزء الثاني\Douban Reco\4 ايصال التوصيات بضمنها العقد\03_outputs\RECOMMENDATION_DELIVERY_TOP5_V1\payloads\community_8\user_1928_community_8_v1_top5_payload.json,D:\PHD\results\13 Uplift\DMF_GLOBAL_ONLY_COMMUNITIES_DETERMINISTIC\RUN_VR14b_COMM_DET_LN0d2_NEG2_EMB64_POS3train4test_BPR_EVAL20_003_comm_8_U104_I3510\003_comm_8_U104_I3510_top20_per_user_recs_VR14b_COMM_DET_LN0d2_NEG2_EMB64_POS3train4test_BPR_EVAL20.csv
8,1931,0xD113fbf2aFA3E99db70d928382cccD33eB25b89f,1,5,7e341a0b539e60c636c318ae690368eab57ea9e79f67198ded230b4804eda881,378,0xf1667a0c3907c5Ce4b53E38490E1Db2A4357D9d4,edc6f028ccd352dc4770032b4cc5738a9427101f75be768b5e8569a6c00482df,D:\PHD\بابل\2024\Research Reco\الجزء الثاني\Douban Reco\4 ايصال التوصيات بضمنها العقد\03_outputs\RECOMMENDATION_DELIVERY_TOP5_V1\payloads\community_8\user_1931_community_8_v1_top5_payload.json,D:\PHD\results\13 Uplift\DMF_GLOBAL_ONLY_COMMUNITIES_DETERMINISTIC\RUN_VR14b_COMM_DET_LN0d2_NEG2_EMB64_POS3train4test_BPR_EVAL20_003_comm_8_U104_I3510\003_comm_8_U104_I3510_top20_per_user_recs_VR14b_COMM_DET_LN0d2_NEG2_EMB64_POS3train4test_BPR_EVAL20.csv
8,1951,0x45d6519729fFAE63D8153F578702D63D2aDF7C10,1,5,2e0cfa4d233dc63c3e726440e31d0f8aa944df2ac4609df13d436bc2a3131c72,378,0xf1667a0c3907c5Ce4b53E38490E1Db2A4357D9d4,c41f76761766cdd3204bc0dcbefa8f9cddce9b9f57956ae545863cb17eabbdf6,D:\PHD\بابل\2024\Research Reco\الجزء الثاني\Douban Reco\4 ايصال التوصيات بضمنها العقد\03_outputs\RECOMMENDATION_DELIVERY_TOP5_V1\payloads\community_8\user_1951_community_8_v1_top5_payload.json,D:\PHD\results\13 Uplift\DMF_GLOBAL_ONLY_COMMUNITIES_DETERMINISTIC\RUN_VR14b_COMM_DET_LN0d2_NEG2_EMB64_POS3train4test_BPR_EVAL20_003_comm_8_U104_I3510\003_comm_8_U104_I3510_top20_per_user_recs_VR14b_COMM_DET_LN0d2_NEG2_EMB64_POS3train4test_BPR_EVAL20.csv
8,1983,0xd904Ca5F27f59D6C5CcBE723c07469e7D55d05Bb,1,5,ac42fd9df14c7a20f9b467cc8c5a1af6576a3bdbf1a71e017901238bdb7ed9ca,378,0xf1667a0c3907c5Ce4b53E38490E1Db2A4357D9d4,dab1272070147e7557869b2c99170d2d9473060fa009370ee3cc7cd6106130fc,D:\PHD\بابل\2024\Research Reco\الجزء الثاني\Douban Reco\4 ايصال التوصيات بضمنها العقد\03_outputs\RECOMMENDATION_DELIVERY_TOP5_V1\payloads\community_8\user_1983_community_8_v1_top5_payload.json,D:\PHD\results\13 Uplift\DMF_GLOBAL_ONLY_COMMUNITIES_DETERMINISTIC\RUN_VR14b_COMM_DET_LN0d2_NEG2_EMB64_POS3train4test_BPR_EVAL20_003_comm_8_U104_I3510\003_comm_8_U104_I3510_top20_per_user_recs_VR14b_COMM_DET_LN0d2_NEG2_EMB64_POS3train4test_BPR_EVAL20.csv
8,2048,0xa37BECfe926f51472F2860b97E48f69eDd6e6f0C,1,5,789575937450fb1554278199b361ff88d5a66940a21587fd53826aed5b80cd6d,378,0xf1667a0c3907c5Ce4b53E38490E1Db2A4357D9d4,6054ac51a4514334d3da7a645e4ce66c6014d54791e7e53d74a21b30c002153b,D:\PHD\بابل\2024\Research Reco\الجزء الثاني\Douban Reco\4 ايصال التوصيات بضمنها العقد\03_outputs\RECOMMENDATION_DELIVERY_TOP5_V1\payloads\community_8\user_2048_community_8_v1_top5_payload.json,D:\PHD\results\13 Uplift\DMF_GLOBAL_ONLY_COMMUNITIES_DETERMINISTIC\RUN_VR14b_COMM_DET_LN0d2_NEG2_EMB64_POS3train4test_BPR_EVAL20_003_comm_8_U104_I3510\003_comm_8_U104_I3510_top20_per_user_recs_VR14b_COMM_DET_LN0d2_NEG2_EMB64_POS3train4test_BPR_EVAL20.csv
8,2054,0x2da2cf1e2C7C25Feb8114a4e4357AC6c58536Bc2,1,5,f35740d4ebdb8cbc219d1bea6b7d8c68ffbcececb4cb9cba56fad1ea46091a37,378,0xf1667a0c3907c5Ce4b53E38490E1Db2A4357D9d4,25aa863b06febd29b446bc4c1d472d39b2622745fb8df57d5450397bce40adaf,D:\PHD\بابل\2024\Research Reco\الجزء الثاني\Douban Reco\4 ايصال التوصيات بضمنها العقد\03_outputs\RECOMMENDATION_DELIVERY_TOP5_V1\payloads\community_8\user_2054_community_8_v1_top5_payload.json,D:\PHD\results\13 Uplift\DMF_GLOBAL_ONLY_COMMUNITIES_DETERMINISTIC\RUN_VR14b_COMM_DET_LN0d2_NEG2_EMB64_POS3train4test_BPR_EVAL20_003_comm_8_U104_I3510\003_comm_8_U104_I3510_top20_per_user_recs_VR14b_COMM_DET_LN0d2_NEG2_EMB64_POS3train4test_BPR_EVAL20.csv
8,2066,0x19e87420eb9695a829c449708d01ddFDf6Ce47c5,1,5,f8176fafeaf585d54b1cb33eebf6e8e6b1d15e8d51479df963ac44517c2d3f4a,378,0xf1667a0c3907c5Ce4b53E38490E1Db2A4357D9d4,88fba67b0740fef876dd149774515624c47c258d99780422516a07f35137c870,D:\PHD\بابل\2024\Research Reco\الجزء الثاني\Douban Reco\4 ايصال التوصيات بضمنها العقد\03_outputs\RECOMMENDATION_DELIVERY_TOP5_V1\payloads\community_8\user_2066_community_8_v1_top5_payload.json,D:\PHD\results\13 Uplift\DMF_GLOBAL_ONLY_COMMUNITIES_DETERMINISTIC\RUN_VR14b_COMM_DET_LN0d2_NEG2_EMB64_POS3train4test_BPR_EVAL20_003_comm_8_U104_I3510\003_comm_8_U104_I3510_top20_per_user_recs_VR14b_COMM_DET_LN0d2_NEG2_EMB64_POS3train4test_BPR_EVAL20.csv
8,2118,0xA395c3101cBB61b0b1Cae33828F4cf29fB1B0ca9,1,5,9036741824dae281e3798447adbd76dbe4723c1182125ac0337c15b78d425474,378,0xf1667a0c3907c5Ce4b53E38490E1Db2A4357D9d4,f00be26c054fdc1d83e31e6d9b7676fa85797d9c9e70d651ddf36d7c086cc7a1,D:\PHD\بابل\2024\Research Reco\الجزء الثاني\Douban Reco\4 ايصال التوصيات بضمنها العقد\03_outputs\RECOMMENDATION_DELIVERY_TOP5_V1\payloads\community_8\user_2118_community_8_v1_top5_payload.json,D:\PHD\results\13 Uplift\DMF_GLOBAL_ONLY_COMMUNITIES_DETERMINISTIC\RUN_VR14b_COMM_DET_LN0d2_NEG2_EMB64_POS3train4test_BPR_EVAL20_003_comm_8_U104_I3510\003_comm_8_U104_I3510_top20_per_user_recs_VR14b_COMM_DET_LN0d2_NEG2_EMB64_POS3train4test_BPR_EVAL20.csv
8,2121,0x9993CfD9b3457eAb0b8100882c970a6e741B9F67,1,5,fd94cce826f9285d5d6575db0660e80b6147f5abb9870060ff81169f0dba875b,378,0xf1667a0c3907c5Ce4b53E38490E1Db2A4357D9d4,30bf70b4e4ffcb9979ca1abc646a073178b59f4520409521a973b729155e8ff1,D:\PHD\بابل\2024\Research Reco\الجزء الثاني\Douban Reco\4 ايصال التوصيات بضمنها العقد\03_outputs\RECOMMENDATION_DELIVERY_TOP5_V1\payloads\community_8\user_2121_community_8_v1_top5_payload.json,D:\PHD\results\13 Uplift\DMF_GLOBAL_ONLY_COMMUNITIES_DETERMINISTIC\RUN_VR14b_COMM_DET_LN0d2_NEG2_EMB64_POS3train4test_BPR_EVAL20_003_comm_8_U104_I3510\003_comm_8_U104_I3510_top20_per_user_recs_VR14b_COMM_DET_LN0d2_NEG2_EMB64_POS3train4test_BPR_EVAL20.csv
8,2131,0x70aE2910B1abe0872D2a732b4fDe574E8f590A0B,1,5,4721b608b0bd100b41d4c626f8a45c8d88002d099b4f8d88234b7f7133d29889,378,0xf1667a0c3907c5Ce4b53E38490E1Db2A4357D9d4,7af7c992043818b8977deb58ace675a1ff7bd0a7ac38b354040de3e141aa928f,D:\PHD\بابل\2024\Research Reco\الجزء الثاني\Douban Reco\4 ايصال التوصيات بضمنها العقد\03_outputs\RECOMMENDATION_DELIVERY_TOP5_V1\payloads\community_8\user_2131_community_8_v1_top5_payload.json,D:\PHD\results\13 Uplift\DMF_GLOBAL_ONLY_COMMUNITIES_DETERMINISTIC\RUN_VR14b_COMM_DET_LN0d2_NEG2_EMB64_POS3train4test_BPR_EVAL20_003_comm_8_U104_I3510\003_comm_8_U104_I3510_top20_per_user_recs_VR14b_COMM_DET_LN0d2_NEG2_EMB64_POS3train4test_BPR_EVAL20.csv
8,2173,0x772CfcCCeb7751e60008990059F5B774F958Ad08,1,5,54fbddbce1c731c43d63cd85bd2e1bea47709d67a5d18bd950e2f90f4d0219a7,378,0xf1667a0c3907c5Ce4b53E38490E1Db2A4357D9d4,f7b743eb9b5b91b40b3e632898d2816a84ad946d994a10d6f590a45d64889292,D:\PHD\بابل\2024\Research Reco\الجزء الثاني\Douban Reco\4 ايصال التوصيات بضمنها العقد\03_outputs\RECOMMENDATION_DELIVERY_TOP5_V1\payloads\community_8\user_2173_community_8_v1_top5_payload.json,D:\PHD\results\13 Uplift\DMF_GLOBAL_ONLY_COMMUNITIES_DETERMINISTIC\RUN_VR14b_COMM_DET_LN0d2_NEG2_EMB64_POS3train4test_BPR_EVAL20_003_comm_8_U104_I3510\003_comm_8_U104_I3510_top20_per_user_recs_VR14b_COMM_DET_LN0d2_NEG2_EMB64_POS3train4test_BPR_EVAL20.csv
8,2181,0x47CBcD1C2dc06d1Fe7354b62Ff19137E18d7159C,1,5,642de157120b1f4a39170f691d0115ff36ea029da72b41407e36aa59bc86c435,378,0xf1667a0c3907c5Ce4b53E38490E1Db2A4357D9d4,fd131108ee7d7fa27cfc9a695a316657dbda24577a818fcb893dff0494dbf061,D:\PHD\بابل\2024\Research Reco\الجزء الثاني\Douban Reco\4 ايصال التوصيات بضمنها العقد\03_outputs\RECOMMENDATION_DELIVERY_TOP5_V1\payloads\community_8\user_2181_community_8_v1_top5_payload.json,D:\PHD\results\13 Uplift\DMF_GLOBAL_ONLY_COMMUNITIES_DETERMINISTIC\RUN_VR14b_COMM_DET_LN0d2_NEG2_EMB64_POS3train4test_BPR_EVAL20_003_comm_8_U104_I3510\003_comm_8_U104_I3510_top20_per_user_recs_VR14b_COMM_DET_LN0d2_NEG2_EMB64_POS3train4test_BPR_EVAL20.csv
8,2196,0xF8E6081D951d7D1aFE7B0D0B69D7aa5afa0D5bb2,1,5,f20880c962e8968278d953c2b58d653d1ad3fa067f240e6d999f8e44f70b24bd,378,0xf1667a0c3907c5Ce4b53E38490E1Db2A4357D9d4,fc53c050c8a31acbdbdb52f04c009fe055ec2dc50ba6addc99651d631a3752cd,D:\PHD\بابل\2024\Research Reco\الجزء الثاني\Douban Reco\4 ايصال التوصيات بضمنها العقد\03_outputs\RECOMMENDATION_DELIVERY_TOP5_V1\payloads\community_8\user_2196_community_8_v1_top5_payload.json,D:\PHD\results\13 Uplift\DMF_GLOBAL_ONLY_COMMUNITIES_DETERMINISTIC\RUN_VR14b_COMM_DET_LN0d2_NEG2_EMB64_POS3train4test_BPR_EVAL20_003_comm_8_U104_I3510\003_comm_8_U104_I3510_top20_per_user_recs_VR14b_COMM_DET_LN0d2_NEG2_EMB64_POS3train4test_BPR_EVAL20.csv
8,2222,0x33F58FBd28684E536d562E30427F053B9883F265,1,5,000e1a6607a288facf5ab6124ad7c03c6e62c6c01b53f38b82b4b79da84f858e,378,0xf1667a0c3907c5Ce4b53E38490E1Db2A4357D9d4,69b8ff75867d1b4d951521ce81d4332ebaf60cb2a5a6efd9b460fb5c389f6db2,D:\PHD\بابل\2024\Research Reco\الجزء الثاني\Douban Reco\4 ايصال التوصيات بضمنها العقد\03_outputs\RECOMMENDATION_DELIVERY_TOP5_V1\payloads\community_8\user_2222_community_8_v1_top5_payload.json,D:\PHD\results\13 Uplift\DMF_GLOBAL_ONLY_COMMUNITIES_DETERMINISTIC\RUN_VR14b_COMM_DET_LN0d2_NEG2_EMB64_POS3train4test_BPR_EVAL20_003_comm_8_U104_I3510\003_comm_8_U104_I3510_top20_per_user_recs_VR14b_COMM_DET_LN0d2_NEG2_EMB64_POS3train4test_BPR_EVAL20.csv
8,2235,0xCEf090e3C03A3aF9666508D967Cd0d4C12eCC5fd,1,5,6315095ea5119061395c60ac5f57d4672f2273bfad6d2bda9a4cc1df6e83e42f,378,0xf1667a0c3907c5Ce4b53E38490E1Db2A4357D9d4,0feb0b7cae4d499c983b2f2924dba868a772c6e391b38050504f939904430656,D:\PHD\بابل\2024\Research Reco\الجزء الثاني\Douban Reco\4 ايصال التوصيات بضمنها العقد\03_outputs\RECOMMENDATION_DELIVERY_TOP5_V1\payloads\community_8\user_2235_community_8_v1_top5_payload.json,D:\PHD\results\13 Uplift\DMF_GLOBAL_ONLY_COMMUNITIES_DETERMINISTIC\RUN_VR14b_COMM_DET_LN0d2_NEG2_EMB64_POS3train4test_BPR_EVAL20_003_comm_8_U104_I3510\003_comm_8_U104_I3510_top20_per_user_recs_VR14b_COMM_DET_LN0d2_NEG2_EMB64_POS3train4test_BPR_EVAL20.csv
8,2307,0xB899eDaDaAE075cCec4a762c21A8fB0b3EA73824,1,5,208ed073700825b3ea3b5984c7f925f83efb7937b29f28e6adb61c3e39d64910,378,0xf1667a0c3907c5Ce4b53E38490E1Db2A4357D9d4,2b3082e2a90e2482d92328abd87ee544a8e318625744cf464662a6cb92944387,D:\PHD\بابل\2024\Research Reco\الجزء الثاني\Douban Reco\4 ايصال التوصيات بضمنها العقد\03_outputs\RECOMMENDATION_DELIVERY_TOP5_V1\payloads\community_8\user_2307_community_8_v1_top5_payload.json,D:\PHD\results\13 Uplift\DMF_GLOBAL_ONLY_COMMUNITIES_DETERMINISTIC\RUN_VR14b_COMM_DET_LN0d2_NEG2_EMB64_POS3train4test_BPR_EVAL20_003_comm_8_U104_I3510\003_comm_8_U104_I3510_top20_per_user_recs_VR14b_COMM_DET_LN0d2_NEG2_EMB64_POS3train4test_BPR_EVAL20.csv
8,2319,0x98167546ae5dd8223808Dca348f24e0062Cb97dE,1,5,7669e287b9988731f350245d6ac121344abeb24f0b8bef9170076b7f6fce4ae8,378,0xf1667a0c3907c5Ce4b53E38490E1Db2A4357D9d4,b2a673711ecc7bef9c26feafe9149b20af6f05376a29e9e2c44ae4979a5d842b,D:\PHD\بابل\2024\Research Reco\الجزء الثاني\Douban Reco\4 ايصال التوصيات بضمنها العقد\03_outputs\RECOMMENDATION_DELIVERY_TOP5_V1\payloads\community_8\user_2319_community_8_v1_top5_payload.json,D:\PHD\results\13 Uplift\DMF_GLOBAL_ONLY_COMMUNITIES_DETERMINISTIC\RUN_VR14b_COMM_DET_LN0d2_NEG2_EMB64_POS3train4test_BPR_EVAL20_003_comm_8_U104_I3510\003_comm_8_U104_I3510_top20_per_user_recs_VR14b_COMM_DET_LN0d2_NEG2_EMB64_POS3train4test_BPR_EVAL20.csv
8,2322,0x37Ab8F3FB0929247cbd3bBe6094d073BBE23fDA5,1,5,107fdd7f487ab4c886ed1d7af7b814432c64accfcbbc0766319055b32bf4a4ba,378,0xf1667a0c3907c5Ce4b53E38490E1Db2A4357D9d4,718ab4ff09ca26e7a1b46f6cb9f0e6721e342932decb2c00284456de4fe53c25,D:\PHD\بابل\2024\Research Reco\الجزء الثاني\Douban Reco\4 ايصال التوصيات بضمنها العقد\03_outputs\RECOMMENDATION_DELIVERY_TOP5_V1\payloads\community_8\user_2322_community_8_v1_top5_payload.json,D:\PHD\results\13 Uplift\DMF_GLOBAL_ONLY_COMMUNITIES_DETERMINISTIC\RUN_VR14b_COMM_DET_LN0d2_NEG2_EMB64_POS3train4test_BPR_EVAL20_003_comm_8_U104_I3510\003_comm_8_U104_I3510_top20_per_user_recs_VR14b_COMM_DET_LN0d2_NEG2_EMB64_POS3train4test_BPR_EVAL20.csv
8,2345,0xD3B46734450149D3AC3BA57277AA798840238a70,1,5,4e41371c13292df245d18bb06794af5125101e577a48a510eeb289911a74fff1,378,0xf1667a0c3907c5Ce4b53E38490E1Db2A4357D9d4,56100d213e174107f3d0bf3f983e90db93a41f4a743b98a9d03fe31d884bd852,D:\PHD\بابل\2024\Research Reco\الجزء الثاني\Douban Reco\4 ايصال التوصيات بضمنها العقد\03_outputs\RECOMMENDATION_DELIVERY_TOP5_V1\payloads\community_8\user_2345_community_8_v1_top5_payload.json,D:\PHD\results\13 Uplift\DMF_GLOBAL_ONLY_COMMUNITIES_DETERMINISTIC\RUN_VR14b_COMM_DET_LN0d2_NEG2_EMB64_POS3train4test_BPR_EVAL20_003_comm_8_U104_I3510\003_comm_8_U104_I3510_top20_per_user_recs_VR14b_COMM_DET_LN0d2_NEG2_EMB64_POS3train4test_BPR_EVAL20.csv
8,2387,0x012DeC22A5CAe75F9c76724822b22cEcB3a487C0,1,5,2b664fbb04aca38843ee53f00025a4973a2ae4f7997a3a1d2f237c48a71150f4,378,0xf1667a0c3907c5Ce4b53E38490E1Db2A4357D9d4,3630d74de50025129a28ab824b7686705e1ec39a49b46ad8dcecc2a0ce9d4314,D:\PHD\بابل\2024\Research Reco\الجزء الثاني\Douban Reco\4 ايصال التوصيات بضمنها العقد\03_outputs\RECOMMENDATION_DELIVERY_TOP5_V1\payloads\community_8\user_2387_community_8_v1_top5_payload.json,D:\PHD\results\13 Uplift\DMF_GLOBAL_ONLY_COMMUNITIES_DETERMINISTIC\RUN_VR14b_COMM_DET_LN0d2_NEG2_EMB64_POS3train4test_BPR_EVAL20_003_comm_8_U104_I3510\003_comm_8_U104_I3510_top20_per_user_recs_VR14b_COMM_DET_LN0d2_NEG2_EMB64_POS3train4test_BPR_EVAL20.csv
8,2408,0x2Ab3Ec46aEB456A049DD92D38ce7A99F735A285c,1,5,0ca8f7d5193a59cb66c19a9cc3b7413a661b3c1fb0c2ac41a4ff29d10531c11c,378,0xf1667a0c3907c5Ce4b53E38490E1Db2A4357D9d4,b7820f6426b773e6086436d4008df0e5bea60930059852035d1c602dff46bd47,D:\PHD\بابل\2024\Research Reco\الجزء الثاني\Douban Reco\4 ايصال التوصيات بضمنها العقد\03_outputs\RECOMMENDATION_DELIVERY_TOP5_V1\payloads\community_8\user_2408_community_8_v1_top5_payload.json,D:\PHD\results\13 Uplift\DMF_GLOBAL_ONLY_COMMUNITIES_DETERMINISTIC\RUN_VR14b_COMM_DET_LN0d2_NEG2_EMB64_POS3train4test_BPR_EVAL20_003_comm_8_U104_I3510\003_comm_8_U104_I3510_top20_per_user_recs_VR14b_COMM_DET_LN0d2_NEG2_EMB64_POS3train4test_BPR_EVAL20.csv
8,2458,0xbaD73a83DBC1846Ff4d7c44fA16c900A38dc4639,1,5,87df33475be233a169101351fcfc55c0e2bda5accc09c42845aab8bd8e442c7c,378,0xf1667a0c3907c5Ce4b53E38490E1Db2A4357D9d4,b8f026be1f92f34280fdae090a397a86b4fe054ddd28ee88fb949454db3a0c4c,D:\PHD\بابل\2024\Research Reco\الجزء الثاني\Douban Reco\4 ايصال التوصيات بضمنها العقد\03_outputs\RECOMMENDATION_DELIVERY_TOP5_V1\payloads\community_8\user_2458_community_8_v1_top5_payload.json,D:\PHD\results\13 Uplift\DMF_GLOBAL_ONLY_COMMUNITIES_DETERMINISTIC\RUN_VR14b_COMM_DET_LN0d2_NEG2_EMB64_POS3train4test_BPR_EVAL20_003_comm_8_U104_I3510\003_comm_8_U104_I3510_top20_per_user_recs_VR14b_COMM_DET_LN0d2_NEG2_EMB64_POS3train4test_BPR_EVAL20.csv
8,2497,0xB9a97aA79D46f9776b2dB3d8e71a48B4B41aE363,1,5,1b9d5334e0fbdac56880e2febd386f9865ea52f97e4131b5e45ceffe28c4e0fd,378,0xf1667a0c3907c5Ce4b53E38490E1Db2A4357D9d4,9b218caf2586bc5c6abf84de101f45feb1efaeab4eb41a7bbd73981540270f7e,D:\PHD\بابل\2024\Research Reco\الجزء الثاني\Douban Reco\4 ايصال التوصيات بضمنها العقد\03_outputs\RECOMMENDATION_DELIVERY_TOP5_V1\payloads\community_8\user_2497_community_8_v1_top5_payload.json,D:\PHD\results\13 Uplift\DMF_GLOBAL_ONLY_COMMUNITIES_DETERMINISTIC\RUN_VR14b_COMM_DET_LN0d2_NEG2_EMB64_POS3train4test_BPR_EVAL20_003_comm_8_U104_I3510\003_comm_8_U104_I3510_top20_per_user_recs_VR14b_COMM_DET_LN0d2_NEG2_EMB64_POS3train4test_BPR_EVAL20.csv
8,2513,0x5a3190B559a76f895f365155Cf63Ef9079B02471,1,5,4e4b92100a2b08a395e8ebecd3840186843bdaad8be28b28f28c26ded96fe92c,378,0xf1667a0c3907c5Ce4b53E38490E1Db2A4357D9d4,b70f3a19bbe39637fd97100e26c51753a3d4143ab34e3d4d006285a41cdb9d19,D:\PHD\بابل\2024\Research Reco\الجزء الثاني\Douban Reco\4 ايصال التوصيات بضمنها العقد\03_outputs\RECOMMENDATION_DELIVERY_TOP5_V1\payloads\community_8\user_2513_community_8_v1_top5_payload.json,D:\PHD\results\13 Uplift\DMF_GLOBAL_ONLY_COMMUNITIES_DETERMINISTIC\RUN_VR14b_COMM_DET_LN0d2_NEG2_EMB64_POS3train4test_BPR_EVAL20_003_comm_8_U104_I3510\003_comm_8_U104_I3510_top20_per_user_recs_VR14b_COMM_DET_LN0d2_NEG2_EMB64_POS3train4test_BPR_EVAL20.csv
8,2516,0x099E2057594250634f574a3E198410FcF779579f,1,5,85264002a285147c9c5555de1be8db366062b127a223d91779dfdb6e6b20690e,378,0xf1667a0c3907c5Ce4b53E38490E1Db2A4357D9d4,c7107904301a6d8d3cf4fb0c4c7db2a9583a6ccb70fae5c8fb64ade9850a9d25,D:\PHD\بابل\2024\Research Reco\الجزء الثاني\Douban Reco\4 ايصال التوصيات بضمنها العقد\03_outputs\RECOMMENDATION_DELIVERY_TOP5_V1\payloads\community_8\user_2516_community_8_v1_top5_payload.json,D:\PHD\results\13 Uplift\DMF_GLOBAL_ONLY_COMMUNITIES_DETERMINISTIC\RUN_VR14b_COMM_DET_LN0d2_NEG2_EMB64_POS3train4test_BPR_EVAL20_003_comm_8_U104_I3510\003_comm_8_U104_I3510_top20_per_user_recs_VR14b_COMM_DET_LN0d2_NEG2_EMB64_POS3train4test_BPR_EVAL20.csv
8,2567,0x360D46760467E6B76C3b59899f20A783eDE46FcF,1,5,283dc74592f6da6bedd4217eac5e2310f4494070ba3bc303db943db4402ceffd,378,0xf1667a0c3907c5Ce4b53E38490E1Db2A4357D9d4,1d571eeb1b761bb09879bb592c0e22806ee9db65998b6d7bd73642439741bb56,D:\PHD\بابل\2024\Research Reco\الجزء الثاني\Douban Reco\4 ايصال التوصيات بضمنها العقد\03_outputs\RECOMMENDATION_DELIVERY_TOP5_V1\payloads\community_8\user_2567_community_8_v1_top5_payload.json,D:\PHD\results\13 Uplift\DMF_GLOBAL_ONLY_COMMUNITIES_DETERMINISTIC\RUN_VR14b_COMM_DET_LN0d2_NEG2_EMB64_POS3train4test_BPR_EVAL20_003_comm_8_U104_I3510\003_comm_8_U104_I3510_top20_per_user_recs_VR14b_COMM_DET_LN0d2_NEG2_EMB64_POS3train4test_BPR_EVAL20.csv
8,2630,0x385C9e52e1027E5bB337e99B0dBd8b52e5817d98,1,5,827074e8a0d279f1337ea0121383634c5be44684947a11aa39af5e62c25e6831,378,0xf1667a0c3907c5Ce4b53E38490E1Db2A4357D9d4,b310fd0491d3cf46964e065f8c4f273a273aaf390102ac744a82247d3b87b8b8,D:\PHD\بابل\2024\Research Reco\الجزء الثاني\Douban Reco\4 ايصال التوصيات بضمنها العقد\03_outputs\RECOMMENDATION_DELIVERY_TOP5_V1\payloads\community_8\user_2630_community_8_v1_top5_payload.json,D:\PHD\results\13 Uplift\DMF_GLOBAL_ONLY_COMMUNITIES_DETERMINISTIC\RUN_VR14b_COMM_DET_LN0d2_NEG2_EMB64_POS3train4test_BPR_EVAL20_003_comm_8_U104_I3510\003_comm_8_U104_I3510_top20_per_user_recs_VR14b_COMM_DET_LN0d2_NEG2_EMB64_POS3train4test_BPR_EVAL20.csv
8,2666,0x0d205214Fb79E83032BDd5e8f6f0E336F079bde0,1,5,b671d92648ddf6f39268eed7cdbeaec4937c76373683ccaa8ffdd1769defe03a,378,0xf1667a0c3907c5Ce4b53E38490E1Db2A4357D9d4,c46763d85802a1fa7008fd8389f061af32de41585711bd808206309385abee41,D:\PHD\بابل\2024\Research Reco\الجزء الثاني\Douban Reco\4 ايصال التوصيات بضمنها العقد\03_outputs\RECOMMENDATION_DELIVERY_TOP5_V1\payloads\community_8\user_2666_community_8_v1_top5_payload.json,D:\PHD\results\13 Uplift\DMF_GLOBAL_ONLY_COMMUNITIES_DETERMINISTIC\RUN_VR14b_COMM_DET_LN0d2_NEG2_EMB64_POS3train4test_BPR_EVAL20_003_comm_8_U104_I3510\003_comm_8_U104_I3510_top20_per_user_recs_VR14b_COMM_DET_LN0d2_NEG2_EMB64_POS3train4test_BPR_EVAL20.csv
8,2692,0x305eC19D55d52aDbbFF669d4F506d7d8713779C7,1,5,08467a841e8648f6b2cf368c550225485b6ebfefbd01e954a751ff7d5ece813e,378,0xf1667a0c3907c5Ce4b53E38490E1Db2A4357D9d4,11712a7f6e07db4f88c9cb3aca8577cafb021d81766a28c975d0a3ebc71f9792,D:\PHD\بابل\2024\Research Reco\الجزء الثاني\Douban Reco\4 ايصال التوصيات بضمنها العقد\03_outputs\RECOMMENDATION_DELIVERY_TOP5_V1\payloads\community_8\user_2692_community_8_v1_top5_payload.json,D:\PHD\results\13 Uplift\DMF_GLOBAL_ONLY_COMMUNITIES_DETERMINISTIC\RUN_VR14b_COMM_DET_LN0d2_NEG2_EMB64_POS3train4test_BPR_EVAL20_003_comm_8_U104_I3510\003_comm_8_U104_I3510_top20_per_user_recs_VR14b_COMM_DET_LN0d2_NEG2_EMB64_POS3train4test_BPR_EVAL20.csv
8,2693,0x102a77a8E7F6cD9e05BF8577C0EB799f3dFeB389,1,5,139541a7bc78b1b56d9a88772abfce50df75c80fcd2ec502761880dee7282caf,378,0xf1667a0c3907c5Ce4b53E38490E1Db2A4357D9d4,81494eee92b8b2b7e2047954a28270a7a8b4dd0c755cc2850bd0dc243957533e,D:\PHD\بابل\2024\Research Reco\الجزء الثاني\Douban Reco\4 ايصال التوصيات بضمنها العقد\03_outputs\RECOMMENDATION_DELIVERY_TOP5_V1\payloads\community_8\user_2693_community_8_v1_top5_payload.json,D:\PHD\results\13 Uplift\DMF_GLOBAL_ONLY_COMMUNITIES_DETERMINISTIC\RUN_VR14b_COMM_DET_LN0d2_NEG2_EMB64_POS3train4test_BPR_EVAL20_003_comm_8_U104_I3510\003_comm_8_U104_I3510_top20_per_user_recs_VR14b_COMM_DET_LN0d2_NEG2_EMB64_POS3train4test_BPR_EVAL20.csv
8,2775,0x8029BfFDCd44E0E7588230452CEF87e27856F270,1,5,c30be65b5030a75c84b06f6dfb7c5f92ae1847421abc0cd8d6999aa454fbd849,378,0xf1667a0c3907c5Ce4b53E38490E1Db2A4357D9d4,6eb42efc2ad6f0bdbca8b49c609430d762abdecb20ac4c345d33aa9ba16d1c89,D:\PHD\بابل\2024\Research Reco\الجزء الثاني\Douban Reco\4 ايصال التوصيات بضمنها العقد\03_outputs\RECOMMENDATION_DELIVERY_TOP5_V1\payloads\community_8\user_2775_community_8_v1_top5_payload.json,D:\PHD\results\13 Uplift\DMF_GLOBAL_ONLY_COMMUNITIES_DETERMINISTIC\RUN_VR14b_COMM_DET_LN0d2_NEG2_EMB64_POS3train4test_BPR_EVAL20_003_comm_8_U104_I3510\003_comm_8_U104_I3510_top20_per_user_recs_VR14b_COMM_DET_LN0d2_NEG2_EMB64_POS3train4test_BPR_EVAL20.csv
8,2781,0x97e8B210FA84E6e006348ADf9933672067FDe5Be,1,5,96d21042e47841b737f8d70a1bdc2c3ce5b4b8660a7c54d914c42183e0a7a125,378,0xf1667a0c3907c5Ce4b53E38490E1Db2A4357D9d4,ce1ef88fc4fe7eed56542cfd422295c20fda7b901e1c5a2c104beabbc34634e2,D:\PHD\بابل\2024\Research Reco\الجزء الثاني\Douban Reco\4 ايصال التوصيات بضمنها العقد\03_outputs\RECOMMENDATION_DELIVERY_TOP5_V1\payloads\community_8\user_2781_community_8_v1_top5_payload.json,D:\PHD\results\13 Uplift\DMF_GLOBAL_ONLY_COMMUNITIES_DETERMINISTIC\RUN_VR14b_COMM_DET_LN0d2_NEG2_EMB64_POS3train4test_BPR_EVAL20_003_comm_8_U104_I3510\003_comm_8_U104_I3510_top20_per_user_recs_VR14b_COMM_DET_LN0d2_NEG2_EMB64_POS3train4test_BPR_EVAL20.csv
8,2786,0x1E6e27e61D57fc86fC669307fe3D49aAF9e65C00,1,5,d567c938f6b9eb5ffc97228a0a716558041e97862bdf826903156160d1e92528,378,0xf1667a0c3907c5Ce4b53E38490E1Db2A4357D9d4,f0eb8d92604ed77fa5cc3e260101003999e3a20b84177ab719bc2878e7a11ce0,D:\PHD\بابل\2024\Research Reco\الجزء الثاني\Douban Reco\4 ايصال التوصيات بضمنها العقد\03_outputs\RECOMMENDATION_DELIVERY_TOP5_V1\payloads\community_8\user_2786_community_8_v1_top5_payload.json,D:\PHD\results\13 Uplift\DMF_GLOBAL_ONLY_COMMUNITIES_DETERMINISTIC\RUN_VR14b_COMM_DET_LN0d2_NEG2_EMB64_POS3train4test_BPR_EVAL20_003_comm_8_U104_I3510\003_comm_8_U104_I3510_top20_per_user_recs_VR14b_COMM_DET_LN0d2_NEG2_EMB64_POS3train4test_BPR_EVAL20.csv
8,2854,0xffd3D038A886E5711C659777F3bfcc22BCa23d70,1,5,f5a325c4c7866b436fab0976867cb77c6dbb6020b19c27b0af34beb46a99894d,378,0xf1667a0c3907c5Ce4b53E38490E1Db2A4357D9d4,d436a11eea4ea5339fc285527a738a18c718573dbdb05bff79b81aac4b0a7f3f,D:\PHD\بابل\2024\Research Reco\الجزء الثاني\Douban Reco\4 ايصال التوصيات بضمنها العقد\03_outputs\RECOMMENDATION_DELIVERY_TOP5_V1\payloads\community_8\user_2854_community_8_v1_top5_payload.json,D:\PHD\results\13 Uplift\DMF_GLOBAL_ONLY_COMMUNITIES_DETERMINISTIC\RUN_VR14b_COMM_DET_LN0d2_NEG2_EMB64_POS3train4test_BPR_EVAL20_003_comm_8_U104_I3510\003_comm_8_U104_I3510_top20_per_user_recs_VR14b_COMM_DET_LN0d2_NEG2_EMB64_POS3train4test_BPR_EVAL20.csv
8,2879,0x430711a35d3fE14af4A5A0A025829FB3c816105f,1,5,913c66f01ce045e4b4c6d49bcddcef1a63bfbf0872c63956c62e53386d8a72d1,378,0xf1667a0c3907c5Ce4b53E38490E1Db2A4357D9d4,e96afd2f8119f372557d4459cdcf5fc52b3cc02063674ca9e43a48d1ba768714,D:\PHD\بابل\2024\Research Reco\الجزء الثاني\Douban Reco\4 ايصال التوصيات بضمنها العقد\03_outputs\RECOMMENDATION_DELIVERY_TOP5_V1\payloads\community_8\user_2879_community_8_v1_top5_payload.json,D:\PHD\results\13 Uplift\DMF_GLOBAL_ONLY_COMMUNITIES_DETERMINISTIC\RUN_VR14b_COMM_DET_LN0d2_NEG2_EMB64_POS3train4test_BPR_EVAL20_003_comm_8_U104_I3510\003_comm_8_U104_I3510_top20_per_user_recs_VR14b_COMM_DET_LN0d2_NEG2_EMB64_POS3train4test_BPR_EVAL20.csv
8,2967,0x79213d94D67234FE71e835Ec8655698A4F7123B7,1,5,bd056596b04a84a7eee91377dbcde3cdf794f31efe99a5b4bbba55b9a25c9060,378,0xf1667a0c3907c5Ce4b53E38490E1Db2A4357D9d4,a7d2cf4a85323c4837cf45ebb825398711111b0fb92ac7e951475fb6231c3b6d,D:\PHD\بابل\2024\Research Reco\الجزء الثاني\Douban Reco\4 ايصال التوصيات بضمنها العقد\03_outputs\RECOMMENDATION_DELIVERY_TOP5_V1\payloads\community_8\user_2967_community_8_v1_top5_payload.json,D:\PHD\results\13 Uplift\DMF_GLOBAL_ONLY_COMMUNITIES_DETERMINISTIC\RUN_VR14b_COMM_DET_LN0d2_NEG2_EMB64_POS3train4test_BPR_EVAL20_003_comm_8_U104_I3510\003_comm_8_U104_I3510_top20_per_user_recs_VR14b_COMM_DET_LN0d2_NEG2_EMB64_POS3train4test_BPR_EVAL20.csv
8,2991,0x2dA8C9DAc9d0eC01459f00d402C58c48934863D6,1,5,d1505ab0bd2d1d0199c0b5d3effda96eabcf5e222d5cbe9b04258d5144f309a0,378,0xf1667a0c3907c5Ce4b53E38490E1Db2A4357D9d4,b4d549f0c381e77a624fc92f8359c53923532a050873f59ab230b7b2d553876b,D:\PHD\بابل\2024\Research Reco\الجزء الثاني\Douban Reco\4 ايصال التوصيات بضمنها العقد\03_outputs\RECOMMENDATION_DELIVERY_TOP5_V1\payloads\community_8\user_2991_community_8_v1_top5_payload.json,D:\PHD\results\13 Uplift\DMF_GLOBAL_ONLY_COMMUNITIES_DETERMINISTIC\RUN_VR14b_COMM_DET_LN0d2_NEG2_EMB64_POS3train4test_BPR_EVAL20_003_comm_8_U104_I3510\003_comm_8_U104_I3510_top20_per_user_recs_VR14b_COMM_DET_LN0d2_NEG2_EMB64_POS3train4test_BPR_EVAL20.csv
8,3004,0xBbA16202a4d15A92B7214F3957aff227284293F8,1,5,4e3ad7e70dc69f0c0cce3abd6ffc0923e2fa79d16a57bbc5a7ffb1819d36c1cf,378,0xf1667a0c3907c5Ce4b53E38490E1Db2A4357D9d4,f7cc64325e7811350e374da78dbd20a1f564e8b3ff19e18034e29d82f278af39,D:\PHD\بابل\2024\Research Reco\الجزء الثاني\Douban Reco\4 ايصال التوصيات بضمنها العقد\03_outputs\RECOMMENDATION_DELIVERY_TOP5_V1\payloads\community_8\user_3004_community_8_v1_top5_payload.json,D:\PHD\results\13 Uplift\DMF_GLOBAL_ONLY_COMMUNITIES_DETERMINISTIC\RUN_VR14b_COMM_DET_LN0d2_NEG2_EMB64_POS3train4test_BPR_EVAL20_003_comm_8_U104_I3510\003_comm_8_U104_I3510_top20_per_user_recs_VR14b_COMM_DET_LN0d2_NEG2_EMB64_POS3train4test_BPR_EVAL20.csv
14,5,0x962EeC40Be03e767E62e5d29495062F110fC192D,1,5,833e2a9672c4409826372e4ab7773857bd01215d2e1b7d2cf78d3b028273b924,289,0xC7912c59d036482807d42976Dc0c145de6159E9c,c016c3081d23d1bedaec85121f67ecd3a28c9b856fd46b032e0f152fc33b2980,D:\PHD\بابل\2024\Research Reco\الجزء الثاني\Douban Reco\4 ايصال التوصيات بضمنها العقد\03_outputs\RECOMMENDATION_DELIVERY_TOP5_V1\payloads\community_14\user_5_community_14_v1_top5_payload.json,D:\PHD\results\13 Uplift\DMF_GLOBAL_ONLY_COMMUNITIES_DETERMINISTIC\RUN_VR14b_COMM_DET_LN0d2_NEG2_EMB64_POS3train4test_BPR_EVAL20_006_comm_14_U137_I3673\006_comm_14_U137_I3673_top20_per_user_recs_VR14b_COMM_DET_LN0d2_NEG2_EMB64_POS3train4test_BPR_EVAL20.csv
14,54,0x622D27558F2064B66E7CCaA5D586d99E2BAA5246,1,5,10bdabe5bd28b115a8875defa01215d29af970cfc39407e831d9c85f103dfe7f,289,0xC7912c59d036482807d42976Dc0c145de6159E9c,e5df63fb228502e5ffce5b30be6744954442bcf1f89fe8ff6855b6d61e3b8ca5,D:\PHD\بابل\2024\Research Reco\الجزء الثاني\Douban Reco\4 ايصال التوصيات بضمنها العقد\03_outputs\RECOMMENDATION_DELIVERY_TOP5_V1\payloads\community_14\user_54_community_14_v1_top5_payload.json,D:\PHD\results\13 Uplift\DMF_GLOBAL_ONLY_COMMUNITIES_DETERMINISTIC\RUN_VR14b_COMM_DET_LN0d2_NEG2_EMB64_POS3train4test_BPR_EVAL20_006_comm_14_U137_I3673\006_comm_14_U137_I3673_top20_per_user_recs_VR14b_COMM_DET_LN0d2_NEG2_EMB64_POS3train4test_BPR_EVAL20.csv
14,71,0x5b4fDbcfb4850a03F3141e91b88360BfaDe265f5,1,5,81e8acca24f084cbca40d08ea8ee5d034a0a5720631172f3895075b6e01e1564,289,0xC7912c59d036482807d42976Dc0c145de6159E9c,bf8e8583813aa859b2ce448cdb9e1225369e2b20a8918115745ba8627b986989,D:\PHD\بابل\2024\Research Reco\الجزء الثاني\Douban Reco\4 ايصال التوصيات بضمنها العقد\03_outputs\RECOMMENDATION_DELIVERY_TOP5_V1\payloads\community_14\user_71_community_14_v1_top5_payload.json,D:\PHD\results\13 Uplift\DMF_GLOBAL_ONLY_COMMUNITIES_DETERMINISTIC\RUN_VR14b_COMM_DET_LN0d2_NEG2_EMB64_POS3train4test_BPR_EVAL20_006_comm_14_U137_I3673\006_comm_14_U137_I3673_top20_per_user_recs_VR14b_COMM_DET_LN0d2_NEG2_EMB64_POS3train4test_BPR_EVAL20.csv
14,104,0x8348B86615bdB4d94C54703DF6bDa006753D2689,1,5,310590b1900ccaad40db2e63c94a06b06cd969a8e58e1cd40d30a9aa7faea197,289,0xC7912c59d036482807d42976Dc0c145de6159E9c,40c37eb4c807b5b8a817071e132178291f897968a684751375c3a0f939e0857c,D:\PHD\بابل\2024\Research Reco\الجزء الثاني\Douban Reco\4 ايصال التوصيات بضمنها العقد\03_outputs\RECOMMENDATION_DELIVERY_TOP5_V1\payloads\community_14\user_104_community_14_v1_top5_payload.json,D:\PHD\results\13 Uplift\DMF_GLOBAL_ONLY_COMMUNITIES_DETERMINISTIC\RUN_VR14b_COMM_DET_LN0d2_NEG2_EMB64_POS3train4test_BPR_EVAL20_006_comm_14_U137_I3673\006_comm_14_U137_I3673_top20_per_user_recs_VR14b_COMM_DET_LN0d2_NEG2_EMB64_POS3train4test_BPR_EVAL20.csv
14,106,0x955D19E923D38Ffc6C595F904B0B51FeF780f4Cb,1,5,f5f66a4823375ed143328fbd9d26df7e692bfd539a055601d438dd61b2a7b7f2,289,0xC7912c59d036482807d42976Dc0c145de6159E9c,b3ec3e141363fe1cbd6b951fddfb9d75b4aa925422dbb724b2f33df735c7509d,D:\PHD\بابل\2024\Research Reco\الجزء الثاني\Douban Reco\4 ايصال التوصيات بضمنها العقد\03_outputs\RECOMMENDATION_DELIVERY_TOP5_V1\payloads\community_14\user_106_community_14_v1_top5_payload.json,D:\PHD\results\13 Uplift\DMF_GLOBAL_ONLY_COMMUNITIES_DETERMINISTIC\RUN_VR14b_COMM_DET_LN0d2_NEG2_EMB64_POS3train4test_BPR_EVAL20_006_comm_14_U137_I3673\006_comm_14_U137_I3673_top20_per_user_recs_VR14b_COMM_DET_LN0d2_NEG2_EMB64_POS3train4test_BPR_EVAL20.csv
14,152,0x05E7D780DdE4A67E38b8B1FAC03042F2E0E31aaA,1,5,da050f125d0fdb85a484316463649444d4e0bae1a6e2c3ae374fb753bd6ee14e,289,0xC7912c59d036482807d42976Dc0c145de6159E9c,b85fbeafc1f5a208a85779ebb1d3490de387c7269dc3ef97193d3207de7b81ac,D:\PHD\بابل\2024\Research Reco\الجزء الثاني\Douban Reco\4 ايصال التوصيات بضمنها العقد\03_outputs\RECOMMENDATION_DELIVERY_TOP5_V1\payloads\community_14\user_152_community_14_v1_top5_payload.json,D:\PHD\results\13 Uplift\DMF_GLOBAL_ONLY_COMMUNITIES_DETERMINISTIC\RUN_VR14b_COMM_DET_LN0d2_NEG2_EMB64_POS3train4test_BPR_EVAL20_006_comm_14_U137_I3673\006_comm_14_U137_I3673_top20_per_user_recs_VR14b_COMM_DET_LN0d2_NEG2_EMB64_POS3train4test_BPR_EVAL20.csv
14,155,0x7311B63F2C91ec2F8e6e82B3D185f939788781dC,1,5,9f11792ef6a97dd2be745cb810e1c3655b19826122393d85c0efabb099d60fc3,289,0xC7912c59d036482807d42976Dc0c145de6159E9c,c9fd9db45140cd711dc601939dbbb4b473d292148f4f767162ad608328a40042,D:\PHD\بابل\2024\Research Reco\الجزء الثاني\Douban Reco\4 ايصال التوصيات بضمنها العقد\03_outputs\RECOMMENDATION_DELIVERY_TOP5_V1\payloads\community_14\user_155_community_14_v1_top5_payload.json,D:\PHD\results\13 Uplift\DMF_GLOBAL_ONLY_COMMUNITIES_DETERMINISTIC\RUN_VR14b_COMM_DET_LN0d2_NEG2_EMB64_POS3train4test_BPR_EVAL20_006_comm_14_U137_I3673\006_comm_14_U137_I3673_top20_per_user_recs_VR14b_COMM_DET_LN0d2_NEG2_EMB64_POS3train4test_BPR_EVAL20.csv
14,158,0x6056599201F33D19d9724C50b6815c4e506F733f,1,5,b07b95c568bdcc4eaa332aeb1f9d5ad127c21c649028f781b52d464997b08383,289,0xC7912c59d036482807d42976Dc0c145de6159E9c,b6ff65470c69ab9b78b47e333fc94b8337c7f79f18b2a752ba7bf1b077958102,D:\PHD\بابل\2024\Research Reco\الجزء الثاني\Douban Reco\4 ايصال التوصيات بضمنها العقد\03_outputs\RECOMMENDATION_DELIVERY_TOP5_V1\payloads\community_14\user_158_community_14_v1_top5_payload.json,D:\PHD\results\13 Uplift\DMF_GLOBAL_ONLY_COMMUNITIES_DETERMINISTIC\RUN_VR14b_COMM_DET_LN0d2_NEG2_EMB64_POS3train4test_BPR_EVAL20_006_comm_14_U137_I3673\006_comm_14_U137_I3673_top20_per_user_recs_VR14b_COMM_DET_LN0d2_NEG2_EMB64_POS3train4test_BPR_EVAL20.csv
14,160,0xF906201458C75D1003e940B9c4F1fC6C6b7e4f6A,1,5,0404dda4ac553093476c3c281355e1d114d4b46814ce93cda792fa4da15fb75e,289,0xC7912c59d036482807d42976Dc0c145de6159E9c,130e6ae09cb2a2d1ea66387edf3fd3865d607c83b60e0c8b0f08c5f2e0273d65,D:\PHD\بابل\2024\Research Reco\الجزء الثاني\Douban Reco\4 ايصال التوصيات بضمنها العقد\03_outputs\RECOMMENDATION_DELIVERY_TOP5_V1\payloads\community_14\user_160_community_14_v1_top5_payload.json,D:\PHD\results\13 Uplift\DMF_GLOBAL_ONLY_COMMUNITIES_DETERMINISTIC\RUN_VR14b_COMM_DET_LN0d2_NEG2_EMB64_POS3train4test_BPR_EVAL20_006_comm_14_U137_I3673\006_comm_14_U137_I3673_top20_per_user_recs_VR14b_COMM_DET_LN0d2_NEG2_EMB64_POS3train4test_BPR_EVAL20.csv
14,200,0xec338FC17ec6D1d7319eD865C19823e870550B25,1,5,78eaf687bba3c43cd33a5318d9b2b1c4b44a3ac36d7eb0af7af51b1dd8809c8f,289,0xC7912c59d036482807d42976Dc0c145de6159E9c,b47f31d987345324bf3f2c96c447e11bebc68be234dba530b985de9cd1966bd0,D:\PHD\بابل\2024\Research Reco\الجزء الثاني\Douban Reco\4 ايصال التوصيات بضمنها العقد\03_outputs\RECOMMENDATION_DELIVERY_TOP5_V1\payloads\community_14\user_200_community_14_v1_top5_payload.json,D:\PHD\results\13 Uplift\DMF_GLOBAL_ONLY_COMMUNITIES_DETERMINISTIC\RUN_VR14b_COMM_DET_LN0d2_NEG2_EMB64_POS3train4test_BPR_EVAL20_006_comm_14_U137_I3673\006_comm_14_U137_I3673_top20_per_user_recs_VR14b_COMM_DET_LN0d2_NEG2_EMB64_POS3train4test_BPR_EVAL20.csv
14,217,0xa4238B4029eB479fC475C0343fF8BF0BECCfeA82,1,5,55bcda54c45aedbc692f43c75268f188c82d4f1faf6e72c58094bbaee704a98c,289,0xC7912c59d036482807d42976Dc0c145de6159E9c,d17f829d33bfaaa5e231a9bd300ec85438db22c8cf8b0d68608ca05134e80687,D:\PHD\بابل\2024\Research Reco\الجزء الثاني\Douban Reco\4 ايصال التوصيات بضمنها العقد\03_outputs\RECOMMENDATION_DELIVERY_TOP5_V1\payloads\community_14\user_217_community_14_v1_top5_payload.json,D:\PHD\results\13 Uplift\DMF_GLOBAL_ONLY_COMMUNITIES_DETERMINISTIC\RUN_VR14b_COMM_DET_LN0d2_NEG2_EMB64_POS3train4test_BPR_EVAL20_006_comm_14_U137_I3673\006_comm_14_U137_I3673_top20_per_user_recs_VR14b_COMM_DET_LN0d2_NEG2_EMB64_POS3train4test_BPR_EVAL20.csv
14,227,0xC2131BD564315B03996583551428a4Fad7bce828,1,5,1ff1421e1f8e72fdc89916a6ed91330c715d34abe5e2507d1ec0188d358a6c91,289,0xC7912c59d036482807d42976Dc0c145de6159E9c,57a77ed87dc708dc641f680ed60ba385432497700a052c9b2eea143dc45e64c3,D:\PHD\بابل\2024\Research Reco\الجزء الثاني\Douban Reco\4 ايصال التوصيات بضمنها العقد\03_outputs\RECOMMENDATION_DELIVERY_TOP5_V1\payloads\community_14\user_227_community_14_v1_top5_payload.json,D:\PHD\results\13 Uplift\DMF_GLOBAL_ONLY_COMMUNITIES_DETERMINISTIC\RUN_VR14b_COMM_DET_LN0d2_NEG2_EMB64_POS3train4test_BPR_EVAL20_006_comm_14_U137_I3673\006_comm_14_U137_I3673_top20_per_user_recs_VR14b_COMM_DET_LN0d2_NEG2_EMB64_POS3train4test_BPR_EVAL20.csv
14,251,0xc4aDAe1A63463aD49D926E5060527C8Ef61E14a5,1,5,931542bbce8ccdf343cd0567f97bf4a47876d976f580bb6ec4a62fce4607eae9,289,0xC7912c59d036482807d42976Dc0c145de6159E9c,f9bc8860f69403f22abd848d19bba86c8d4552e4bc913c090daec34f625a9cc4,D:\PHD\بابل\2024\Research Reco\الجزء الثاني\Douban Reco\4 ايصال التوصيات بضمنها العقد\03_outputs\RECOMMENDATION_DELIVERY_TOP5_V1\payloads\community_14\user_251_community_14_v1_top5_payload.json,D:\PHD\results\13 Uplift\DMF_GLOBAL_ONLY_COMMUNITIES_DETERMINISTIC\RUN_VR14b_COMM_DET_LN0d2_NEG2_EMB64_POS3train4test_BPR_EVAL20_006_comm_14_U137_I3673\006_comm_14_U137_I3673_top20_per_user_recs_VR14b_COMM_DET_LN0d2_NEG2_EMB64_POS3train4test_BPR_EVAL20.csv
14,266,0x8F66acFcF438cD18251e20E2E18C73ec85F2ab4E,1,5,2b425b6f55be447e315352a551f2ed0591dcd6293a20216c79afb03ca4c49d51,289,0xC7912c59d036482807d42976Dc0c145de6159E9c,a2cf06cadfefb05d4375ca7a5897c546ab1a12e67abcd69007218c2bd71e3f50,D:\PHD\بابل\2024\Research Reco\الجزء الثاني\Douban Reco\4 ايصال التوصيات بضمنها العقد\03_outputs\RECOMMENDATION_DELIVERY_TOP5_V1\payloads\community_14\user_266_community_14_v1_top5_payload.json,D:\PHD\results\13 Uplift\DMF_GLOBAL_ONLY_COMMUNITIES_DETERMINISTIC\RUN_VR14b_COMM_DET_LN0d2_NEG2_EMB64_POS3train4test_BPR_EVAL20_006_comm_14_U137_I3673\006_comm_14_U137_I3673_top20_per_user_recs_VR14b_COMM_DET_LN0d2_NEG2_EMB64_POS3train4test_BPR_EVAL20.csv
14,279,0x0FcE0B49F36B1ec54D7437edf44A72E19103af9a,1,5,07db9214d5ef645122464444594ad820cfbb0acccfa5a9dc11b9c9b195ba3d3c,289,0xC7912c59d036482807d42976Dc0c145de6159E9c,e015f42d3a188ae74d563ddb24ddf97e9c4453e017555344c146d0361c7a8fda,D:\PHD\بابل\2024\Research Reco\الجزء الثاني\Douban Reco\4 ايصال التوصيات بضمنها العقد\03_outputs\RECOMMENDATION_DELIVERY_TOP5_V1\payloads\community_14\user_279_community_14_v1_top5_payload.json,D:\PHD\results\13 Uplift\DMF_GLOBAL_ONLY_COMMUNITIES_DETERMINISTIC\RUN_VR14b_COMM_DET_LN0d2_NEG2_EMB64_POS3train4test_BPR_EVAL20_006_comm_14_U137_I3673\006_comm_14_U137_I3673_top20_per_user_recs_VR14b_COMM_DET_LN0d2_NEG2_EMB64_POS3train4test_BPR_EVAL20.csv
14,284,0x24821D144EAbf803eCac4De057E3ccA889fd5558,1,5,8ae93422595b6d6a3d4c0ffe0fc63a6d9f09cf80d1d0015f8d46a2efd703d990,289,0xC7912c59d036482807d42976Dc0c145de6159E9c,2b938c7745f4f4a78aab03930b9ec9416dd497e209d04efd266694f27432376d,D:\PHD\بابل\2024\Research Reco\الجزء الثاني\Douban Reco\4 ايصال التوصيات بضمنها العقد\03_outputs\RECOMMENDATION_DELIVERY_TOP5_V1\payloads\community_14\user_284_community_14_v1_top5_payload.json,D:\PHD\results\13 Uplift\DMF_GLOBAL_ONLY_COMMUNITIES_DETERMINISTIC\RUN_VR14b_COMM_DET_LN0d2_NEG2_EMB64_POS3train4test_BPR_EVAL20_006_comm_14_U137_I3673\006_comm_14_U137_I3673_top20_per_user_recs_VR14b_COMM_DET_LN0d2_NEG2_EMB64_POS3train4test_BPR_EVAL20.csv
14,304,0x529F4faFf4069570bBbDcDCdb636e21c73B3DC20,1,5,975044979c14b0a7d98ad14a2e7896c22a05c26dc2bdc0b0d3f3ca0ceefe0f42,289,0xC7912c59d036482807d42976Dc0c145de6159E9c,bbd88557367e6bf6c80a5777c951778a1b5a020eeda9ac0c748f40bcf3f5add2,D:\PHD\بابل\2024\Research Reco\الجزء الثاني\Douban Reco\4 ايصال التوصيات بضمنها العقد\03_outputs\RECOMMENDATION_DELIVERY_TOP5_V1\payloads\community_14\user_304_community_14_v1_top5_payload.json,D:\PHD\results\13 Uplift\DMF_GLOBAL_ONLY_COMMUNITIES_DETERMINISTIC\RUN_VR14b_COMM_DET_LN0d2_NEG2_EMB64_POS3train4test_BPR_EVAL20_006_comm_14_U137_I3673\006_comm_14_U137_I3673_top20_per_user_recs_VR14b_COMM_DET_LN0d2_NEG2_EMB64_POS3train4test_BPR_EVAL20.csv
14,308,0x171302d156D0288ABBC8b6E788c0e76133D7d29f,1,5,88b331ef64aa89fecd0b99f88537a964dbbe252b1f2fcaacacda422818564754,289,0xC7912c59d036482807d42976Dc0c145de6159E9c,49ab99334cad1c18d6faa53d0adb568d0d251a32b31cedc32f81b0887f18822f,D:\PHD\بابل\2024\Research Reco\الجزء الثاني\Douban Reco\4 ايصال التوصيات بضمنها العقد\03_outputs\RECOMMENDATION_DELIVERY_TOP5_V1\payloads\community_14\user_308_community_14_v1_top5_payload.json,D:\PHD\results\13 Uplift\DMF_GLOBAL_ONLY_COMMUNITIES_DETERMINISTIC\RUN_VR14b_COMM_DET_LN0d2_NEG2_EMB64_POS3train4test_BPR_EVAL20_006_comm_14_U137_I3673\006_comm_14_U137_I3673_top20_per_user_recs_VR14b_COMM_DET_LN0d2_NEG2_EMB64_POS3train4test_BPR_EVAL20.csv
14,344,0x4C91aaa0B130BB722a50cB77BB21C3116123E823,1,5,acc0b0d101e88a6caaf9195d04da97b9e38e16a0cff2ec36e70050e185531046,289,0xC7912c59d036482807d42976Dc0c145de6159E9c,7c205d8930c86cd84d3b8ff5b915d1548a7bd5476ea478abb57a3953ebbef069,D:\PHD\بابل\2024\Research Reco\الجزء الثاني\Douban Reco\4 ايصال التوصيات بضمنها العقد\03_outputs\RECOMMENDATION_DELIVERY_TOP5_V1\payloads\community_14\user_344_community_14_v1_top5_payload.json,D:\PHD\results\13 Uplift\DMF_GLOBAL_ONLY_COMMUNITIES_DETERMINISTIC\RUN_VR14b_COMM_DET_LN0d2_NEG2_EMB64_POS3train4test_BPR_EVAL20_006_comm_14_U137_I3673\006_comm_14_U137_I3673_top20_per_user_recs_VR14b_COMM_DET_LN0d2_NEG2_EMB64_POS3train4test_BPR_EVAL20.csv
14,404,0xf17C800C2771A77685fcd9708B4a87fD48bB3B9D,1,5,8e7c811378aad6e08cb0cea667f5df0b0e76f1727f3fa7bdfd4d68f7fd14c841,289,0xC7912c59d036482807d42976Dc0c145de6159E9c,1310f02059cc216d3fa405f03be2badc682056ef6afb3a978cfc6617bcf50a8f,D:\PHD\بابل\2024\Research Reco\الجزء الثاني\Douban Reco\4 ايصال التوصيات بضمنها العقد\03_outputs\RECOMMENDATION_DELIVERY_TOP5_V1\payloads\community_14\user_404_community_14_v1_top5_payload.json,D:\PHD\results\13 Uplift\DMF_GLOBAL_ONLY_COMMUNITIES_DETERMINISTIC\RUN_VR14b_COMM_DET_LN0d2_NEG2_EMB64_POS3train4test_BPR_EVAL20_006_comm_14_U137_I3673\006_comm_14_U137_I3673_top20_per_user_recs_VR14b_COMM_DET_LN0d2_NEG2_EMB64_POS3train4test_BPR_EVAL20.csv
14,429,0x827DB746512cC03FcCdCdd5A0A73230379e58677,1,5,e470040d19f1f40d664bf9293326d96c6ca85e0eaff9cf5e43605655ed369c82,289,0xC7912c59d036482807d42976Dc0c145de6159E9c,bb340e02e1e36fe5c97fa2f8055d7d5025b370348c729766b2f762d523f4a8ca,D:\PHD\بابل\2024\Research Reco\الجزء الثاني\Douban Reco\4 ايصال التوصيات بضمنها العقد\03_outputs\RECOMMENDATION_DELIVERY_TOP5_V1\payloads\community_14\user_429_community_14_v1_top5_payload.json,D:\PHD\results\13 Uplift\DMF_GLOBAL_ONLY_COMMUNITIES_DETERMINISTIC\RUN_VR14b_COMM_DET_LN0d2_NEG2_EMB64_POS3train4test_BPR_EVAL20_006_comm_14_U137_I3673\006_comm_14_U137_I3673_top20_per_user_recs_VR14b_COMM_DET_LN0d2_NEG2_EMB64_POS3train4test_BPR_EVAL20.csv
14,456,0xfa52F03E9b0E23277fBEf3bcF5B843D1aAACB8E5,1,5,76e7f482c6c79e4a6f96c06b49195b9e9087eb3a9e1a4923fe5492b3d6ffc5d6,289,0xC7912c59d036482807d42976Dc0c145de6159E9c,16c0f39816f2f9738c9531878276edf9de1df8b20872a3669843b66957bb9d05,D:\PHD\بابل\2024\Research Reco\الجزء الثاني\Douban Reco\4 ايصال التوصيات بضمنها العقد\03_outputs\RECOMMENDATION_DELIVERY_TOP5_V1\payloads\community_14\user_456_community_14_v1_top5_payload.json,D:\PHD\results\13 Uplift\DMF_GLOBAL_ONLY_COMMUNITIES_DETERMINISTIC\RUN_VR14b_COMM_DET_LN0d2_NEG2_EMB64_POS3train4test_BPR_EVAL20_006_comm_14_U137_I3673\006_comm_14_U137_I3673_top20_per_user_recs_VR14b_COMM_DET_LN0d2_NEG2_EMB64_POS3train4test_BPR_EVAL20.csv
14,477,0x8BeF2Ba3a236345915E6B954176E361e8DA095a4,1,5,de11ddb11d4fc470949738c8611e28c48b86cb7c7a48f3e395c2d710733490ae,289,0xC7912c59d036482807d42976Dc0c145de6159E9c,d4d22b9c96b39f8196c79ca60a710eb0e292872fb139dadbb192a77ad0a17b0a,D:\PHD\بابل\2024\Research Reco\الجزء الثاني\Douban Reco\4 ايصال التوصيات بضمنها العقد\03_outputs\RECOMMENDATION_DELIVERY_TOP5_V1\payloads\community_14\user_477_community_14_v1_top5_payload.json,D:\PHD\results\13 Uplift\DMF_GLOBAL_ONLY_COMMUNITIES_DETERMINISTIC\RUN_VR14b_COMM_DET_LN0d2_NEG2_EMB64_POS3train4test_BPR_EVAL20_006_comm_14_U137_I3673\006_comm_14_U137_I3673_top20_per_user_recs_VR14b_COMM_DET_LN0d2_NEG2_EMB64_POS3train4test_BPR_EVAL20.csv
14,490,0x5A00797220924d69258007292Bc6642ee897F4A4,1,5,22e6238a3c65f8bc3f8fde164eb8e1082e221fa55faaeeac547eb728ac14e869,289,0xC7912c59d036482807d42976Dc0c145de6159E9c,b5bc9af10d102c31fef7b9ad1efdd7c8d5c828e292751eb5066a5455b8f00112,D:\PHD\بابل\2024\Research Reco\الجزء الثاني\Douban Reco\4 ايصال التوصيات بضمنها العقد\03_outputs\RECOMMENDATION_DELIVERY_TOP5_V1\payloads\community_14\user_490_community_14_v1_top5_payload.json,D:\PHD\results\13 Uplift\DMF_GLOBAL_ONLY_COMMUNITIES_DETERMINISTIC\RUN_VR14b_COMM_DET_LN0d2_NEG2_EMB64_POS3train4test_BPR_EVAL20_006_comm_14_U137_I3673\006_comm_14_U137_I3673_top20_per_user_recs_VR14b_COMM_DET_LN0d2_NEG2_EMB64_POS3train4test_BPR_EVAL20.csv
14,512,0x7B2Ff4FB61E89c8982bF26Ae5c93f8c531e15e6B,1,5,fb4c8f02cea04de1a1d5f7f3cdbe1a535b2f26b431978b7ad268d5c8c078a204,289,0xC7912c59d036482807d42976Dc0c145de6159E9c,d0c407be2741ea2ae9b3f55d893a81f2372a5ed4a9324ce720ca0e6295a02805,D:\PHD\بابل\2024\Research Reco\الجزء الثاني\Douban Reco\4 ايصال التوصيات بضمنها العقد\03_outputs\RECOMMENDATION_DELIVERY_TOP5_V1\payloads\community_14\user_512_community_14_v1_top5_payload.json,D:\PHD\results\13 Uplift\DMF_GLOBAL_ONLY_COMMUNITIES_DETERMINISTIC\RUN_VR14b_COMM_DET_LN0d2_NEG2_EMB64_POS3train4test_BPR_EVAL20_006_comm_14_U137_I3673\006_comm_14_U137_I3673_top20_per_user_recs_VR14b_COMM_DET_LN0d2_NEG2_EMB64_POS3train4test_BPR_EVAL20.csv
14,523,0x6354581bf7D61459aF3bd67dab8a44037Bf9d227,1,5,e0abaabfecd7209bc4c514ba3ea67698916c42638e7653909db3e96617dd404e,289,0xC7912c59d036482807d42976Dc0c145de6159E9c,d5f68d0a82dde42bb53099be4b95af629db27d5d92f7da9f8643317cf81b2758,D:\PHD\بابل\2024\Research Reco\الجزء الثاني\Douban Reco\4 ايصال التوصيات بضمنها العقد\03_outputs\RECOMMENDATION_DELIVERY_TOP5_V1\payloads\community_14\user_523_community_14_v1_top5_payload.json,D:\PHD\results\13 Uplift\DMF_GLOBAL_ONLY_COMMUNITIES_DETERMINISTIC\RUN_VR14b_COMM_DET_LN0d2_NEG2_EMB64_POS3train4test_BPR_EVAL20_006_comm_14_U137_I3673\006_comm_14_U137_I3673_top20_per_user_recs_VR14b_COMM_DET_LN0d2_NEG2_EMB64_POS3train4test_BPR_EVAL20.csv
14,546,0x8C44a0938391ED43826d986fEfCF777A407c01e3,1,5,50fc3edd9e1619a967a51beeda26a6f84d750be946fe8720d6065d45ba0c47ca,289,0xC7912c59d036482807d42976Dc0c145de6159E9c,8adcbb5a0907e539d6be8ebf495fa336821c1b225988a6bc2dba2c6ee0d693e8,D:\PHD\بابل\2024\Research Reco\الجزء الثاني\Douban Reco\4 ايصال التوصيات بضمنها العقد\03_outputs\RECOMMENDATION_DELIVERY_TOP5_V1\payloads\community_14\user_546_community_14_v1_top5_payload.json,D:\PHD\results\13 Uplift\DMF_GLOBAL_ONLY_COMMUNITIES_DETERMINISTIC\RUN_VR14b_COMM_DET_LN0d2_NEG2_EMB64_POS3train4test_BPR_EVAL20_006_comm_14_U137_I3673\006_comm_14_U137_I3673_top20_per_user_recs_VR14b_COMM_DET_LN0d2_NEG2_EMB64_POS3train4test_BPR_EVAL20.csv
14,555,0xdf445ED9A94a1D4FA836fa4990c20D4B448561D4,1,5,03fab553abf3e2aecaa33d3a6358b2f8e2d229b2c46a75393cfe94b8e94bef7f,289,0xC7912c59d036482807d42976Dc0c145de6159E9c,e1ec598796439995cea97d8f4c3eb3433ed4d10632710665878da09c7742d863,D:\PHD\بابل\2024\Research Reco\الجزء الثاني\Douban Reco\4 ايصال التوصيات بضمنها العقد\03_outputs\RECOMMENDATION_DELIVERY_TOP5_V1\payloads\community_14\user_555_community_14_v1_top5_payload.json,D:\PHD\results\13 Uplift\DMF_GLOBAL_ONLY_COMMUNITIES_DETERMINISTIC\RUN_VR14b_COMM_DET_LN0d2_NEG2_EMB64_POS3train4test_BPR_EVAL20_006_comm_14_U137_I3673\006_comm_14_U137_I3673_top20_per_user_recs_VR14b_COMM_DET_LN0d2_NEG2_EMB64_POS3train4test_BPR_EVAL20.csv
14,573,0x7Ff728601A014B12E58e8b99D84f434D079aeF36,1,5,5570b084bc4587443c0bb0d8f8baf769c7c7d1cbdc0d5ad8eff8f6259f2e23d3,289,0xC7912c59d036482807d42976Dc0c145de6159E9c,bb7194f9ed02de51384bfee24dc568e011ee3d1d9c12479a97792f497ff683ab,D:\PHD\بابل\2024\Research Reco\الجزء الثاني\Douban Reco\4 ايصال التوصيات بضمنها العقد\03_outputs\RECOMMENDATION_DELIVERY_TOP5_V1\payloads\community_14\user_573_community_14_v1_top5_payload.json,D:\PHD\results\13 Uplift\DMF_GLOBAL_ONLY_COMMUNITIES_DETERMINISTIC\RUN_VR14b_COMM_DET_LN0d2_NEG2_EMB64_POS3train4test_BPR_EVAL20_006_comm_14_U137_I3673\006_comm_14_U137_I3673_top20_per_user_recs_VR14b_COMM_DET_LN0d2_NEG2_EMB64_POS3train4test_BPR_EVAL20.csv
14,589,0x43aE9c47C2a6B048469631e1C836D7D384f28efE,1,5,d34d4a8662cc6bd7e12a602370bd747c4273b6b35769dac78e23a27fd2720d0e,289,0xC7912c59d036482807d42976Dc0c145de6159E9c,a7eb34c6e6694cc0e06a706fdf4b687b6c564a8d688582dc8cd71a4cfe289b16,D:\PHD\بابل\2024\Research Reco\الجزء الثاني\Douban Reco\4 ايصال التوصيات بضمنها العقد\03_outputs\RECOMMENDATION_DELIVERY_TOP5_V1\payloads\community_14\user_589_community_14_v1_top5_payload.json,D:\PHD\results\13 Uplift\DMF_GLOBAL_ONLY_COMMUNITIES_DETERMINISTIC\RUN_VR14b_COMM_DET_LN0d2_NEG2_EMB64_POS3train4test_BPR_EVAL20_006_comm_14_U137_I3673\006_comm_14_U137_I3673_top20_per_user_recs_VR14b_COMM_DET_LN0d2_NEG2_EMB64_POS3train4test_BPR_EVAL20.csv
14,628,0xc99f3B2eE046Ebc5586322f90cF68De29F2c171F,1,5,54e13412fe4790696eb6c6a819f1cd0b9bfa5db0d5232c2b75af6bc62209e56e,289,0xC7912c59d036482807d42976Dc0c145de6159E9c,b8a807ffae84d31496905511afd288999a5ec7051d6352776493233d58af65df,D:\PHD\بابل\2024\Research Reco\الجزء الثاني\Douban Reco\4 ايصال التوصيات بضمنها العقد\03_outputs\RECOMMENDATION_DELIVERY_TOP5_V1\payloads\community_14\user_628_community_14_v1_top5_payload.json,D:\PHD\results\13 Uplift\DMF_GLOBAL_ONLY_COMMUNITIES_DETERMINISTIC\RUN_VR14b_COMM_DET_LN0d2_NEG2_EMB64_POS3train4test_BPR_EVAL20_006_comm_14_U137_I3673\006_comm_14_U137_I3673_top20_per_user_recs_VR14b_COMM_DET_LN0d2_NEG2_EMB64_POS3train4test_BPR_EVAL20.csv
14,636,0x2240EC9438C00F4E863b5222CD92337796E6933b,1,5,67cb0f4b3a9ee215a025cdbdddf3e1123119d7b28351be58250638117f4e4c2b,289,0xC7912c59d036482807d42976Dc0c145de6159E9c,f0d888884f1d609c5377fce85b69a4cc3bc2bf2b1b99e65ed45b8065411641b5,D:\PHD\بابل\2024\Research Reco\الجزء الثاني\Douban Reco\4 ايصال التوصيات بضمنها العقد\03_outputs\RECOMMENDATION_DELIVERY_TOP5_V1\payloads\community_14\user_636_community_14_v1_top5_payload.json,D:\PHD\results\13 Uplift\DMF_GLOBAL_ONLY_COMMUNITIES_DETERMINISTIC\RUN_VR14b_COMM_DET_LN0d2_NEG2_EMB64_POS3train4test_BPR_EVAL20_006_comm_14_U137_I3673\006_comm_14_U137_I3673_top20_per_user_recs_VR14b_COMM_DET_LN0d2_NEG2_EMB64_POS3train4test_BPR_EVAL20.csv
14,640,0x1052b36E5b18aBe279996c140cFdc8Ad71A0b33F,1,5,91bb75e833fe7ebb96b7f7e46526da59d40363f0ea77df8965d49ba66d13722c,289,0xC7912c59d036482807d42976Dc0c145de6159E9c,ba5b1e47636efce029424d66e4f9e3e1dfbf79d0fe11adec5dd9e9faf1ea79d0,D:\PHD\بابل\2024\Research Reco\الجزء الثاني\Douban Reco\4 ايصال التوصيات بضمنها العقد\03_outputs\RECOMMENDATION_DELIVERY_TOP5_V1\payloads\community_14\user_640_community_14_v1_top5_payload.json,D:\PHD\results\13 Uplift\DMF_GLOBAL_ONLY_COMMUNITIES_DETERMINISTIC\RUN_VR14b_COMM_DET_LN0d2_NEG2_EMB64_POS3train4test_BPR_EVAL20_006_comm_14_U137_I3673\006_comm_14_U137_I3673_top20_per_user_recs_VR14b_COMM_DET_LN0d2_NEG2_EMB64_POS3train4test_BPR_EVAL20.csv
14,643,0xCa1295d8DEC55e3AC965CE2266F5B62DA653E0C4,1,5,ad7fdaf0ceca3329b0daa7c254ae20dec8dcb6abd71eba88002de5d4653bd26f,289,0xC7912c59d036482807d42976Dc0c145de6159E9c,4137c857079dfd2bc86fa754411ce2be53e1924d00660e607b7e4423f7cbb4f8,D:\PHD\بابل\2024\Research Reco\الجزء الثاني\Douban Reco\4 ايصال التوصيات بضمنها العقد\03_outputs\RECOMMENDATION_DELIVERY_TOP5_V1\payloads\community_14\user_643_community_14_v1_top5_payload.json,D:\PHD\results\13 Uplift\DMF_GLOBAL_ONLY_COMMUNITIES_DETERMINISTIC\RUN_VR14b_COMM_DET_LN0d2_NEG2_EMB64_POS3train4test_BPR_EVAL20_006_comm_14_U137_I3673\006_comm_14_U137_I3673_top20_per_user_recs_VR14b_COMM_DET_LN0d2_NEG2_EMB64_POS3train4test_BPR_EVAL20.csv
14,728,0xb9710Cb58399ee1e222B0e68d5c9b27813E40eDB,1,5,9796c2c9dd5af22a61e743ea56e01c914850a1590f3d64284ac4706e1114cb22,289,0xC7912c59d036482807d42976Dc0c145de6159E9c,b23b789527c189e56b7f2a9ba2387a4f5c42f10ce97a218d65af480395c5f30e,D:\PHD\بابل\2024\Research Reco\الجزء الثاني\Douban Reco\4 ايصال التوصيات بضمنها العقد\03_outputs\RECOMMENDATION_DELIVERY_TOP5_V1\payloads\community_14\user_728_community_14_v1_top5_payload.json,D:\PHD\results\13 Uplift\DMF_GLOBAL_ONLY_COMMUNITIES_DETERMINISTIC\RUN_VR14b_COMM_DET_LN0d2_NEG2_EMB64_POS3train4test_BPR_EVAL20_006_comm_14_U137_I3673\006_comm_14_U137_I3673_top20_per_user_recs_VR14b_COMM_DET_LN0d2_NEG2_EMB64_POS3train4test_BPR_EVAL20.csv
14,743,0x5aff50F6D468eA073981DF4B5fc2467d4953c689,1,5,1a08e285c2e68354cc4af5c1a070be5f27861b35aaab88069f2b5a4997728bf2,289,0xC7912c59d036482807d42976Dc0c145de6159E9c,7cc2616169b1f85cc2c6b6185d3ac83c79ae701f90d11e1870a251001dcc02bd,D:\PHD\بابل\2024\Research Reco\الجزء الثاني\Douban Reco\4 ايصال التوصيات بضمنها العقد\03_outputs\RECOMMENDATION_DELIVERY_TOP5_V1\payloads\community_14\user_743_community_14_v1_top5_payload.json,D:\PHD\results\13 Uplift\DMF_GLOBAL_ONLY_COMMUNITIES_DETERMINISTIC\RUN_VR14b_COMM_DET_LN0d2_NEG2_EMB64_POS3train4test_BPR_EVAL20_006_comm_14_U137_I3673\006_comm_14_U137_I3673_top20_per_user_recs_VR14b_COMM_DET_LN0d2_NEG2_EMB64_POS3train4test_BPR_EVAL20.csv
14,770,0x383857B98075D1E4856d5acb1761e879e37c5731,1,5,0d9f4920c19ddb3bd46b5213d9895f19720aa8e1b4f7d452e7e435d98118cf11,289,0xC7912c59d036482807d42976Dc0c145de6159E9c,6111d0e04d0fb9232276b6c3a0f21b3b234a438a5cc49fed7455c52066626041,D:\PHD\بابل\2024\Research Reco\الجزء الثاني\Douban Reco\4 ايصال التوصيات بضمنها العقد\03_outputs\RECOMMENDATION_DELIVERY_TOP5_V1\payloads\community_14\user_770_community_14_v1_top5_payload.json,D:\PHD\results\13 Uplift\DMF_GLOBAL_ONLY_COMMUNITIES_DETERMINISTIC\RUN_VR14b_COMM_DET_LN0d2_NEG2_EMB64_POS3train4test_BPR_EVAL20_006_comm_14_U137_I3673\006_comm_14_U137_I3673_top20_per_user_recs_VR14b_COMM_DET_LN0d2_NEG2_EMB64_POS3train4test_BPR_EVAL20.csv
14,781,0xE7cc92dD390dF8B4c1095901A6c8AC7B9681858f,1,5,689cb665f7f2459466e391f5fa8f9e3a8590f4a2479f3c8917a2c601f5253e09,289,0xC7912c59d036482807d42976Dc0c145de6159E9c,2451d98306faacb43dc7ab000734a60b3c42945b4bc77bab136ad242a3132b65,D:\PHD\بابل\2024\Research Reco\الجزء الثاني\Douban Reco\4 ايصال التوصيات بضمنها العقد\03_outputs\RECOMMENDATION_DELIVERY_TOP5_V1\payloads\community_14\user_781_community_14_v1_top5_payload.json,D:\PHD\results\13 Uplift\DMF_GLOBAL_ONLY_COMMUNITIES_DETERMINISTIC\RUN_VR14b_COMM_DET_LN0d2_NEG2_EMB64_POS3train4test_BPR_EVAL20_006_comm_14_U137_I3673\006_comm_14_U137_I3673_top20_per_user_recs_VR14b_COMM_DET_LN0d2_NEG2_EMB64_POS3train4test_BPR_EVAL20.csv
14,786,0xE77F6700cb68af0681C3374eB3bc7B8c890c3509,1,5,023ab31cb147ae65bbfeb404c769ecaa982493cb7813bc9bec999454c8bc35b3,289,0xC7912c59d036482807d42976Dc0c145de6159E9c,966d2dfdf25b09c9faba4a03cfe68d3c67b374c22ce6b337555634586693db27,D:\PHD\بابل\2024\Research Reco\الجزء الثاني\Douban Reco\4 ايصال التوصيات بضمنها العقد\03_outputs\RECOMMENDATION_DELIVERY_TOP5_V1\payloads\community_14\user_786_community_14_v1_top5_payload.json,D:\PHD\results\13 Uplift\DMF_GLOBAL_ONLY_COMMUNITIES_DETERMINISTIC\RUN_VR14b_COMM_DET_LN0d2_NEG2_EMB64_POS3train4test_BPR_EVAL20_006_comm_14_U137_I3673\006_comm_14_U137_I3673_top20_per_user_recs_VR14b_COMM_DET_LN0d2_NEG2_EMB64_POS3train4test_BPR_EVAL20.csv
14,818,0xf70C63d7d4b603690810673d90b4089310b0B73A,1,5,c45837dae2bca1f3399f6d4ff3c446b5a44cbf464dd2348f774d5d730294d63d,289,0xC7912c59d036482807d42976Dc0c145de6159E9c,9923d26c8b9a53f0e5b6b99033c00fe873588cd3b9cfe9f50d467bd25fc7ae57,D:\PHD\بابل\2024\Research Reco\الجزء الثاني\Douban Reco\4 ايصال التوصيات بضمنها العقد\03_outputs\RECOMMENDATION_DELIVERY_TOP5_V1\payloads\community_14\user_818_community_14_v1_top5_payload.json,D:\PHD\results\13 Uplift\DMF_GLOBAL_ONLY_COMMUNITIES_DETERMINISTIC\RUN_VR14b_COMM_DET_LN0d2_NEG2_EMB64_POS3train4test_BPR_EVAL20_006_comm_14_U137_I3673\006_comm_14_U137_I3673_top20_per_user_recs_VR14b_COMM_DET_LN0d2_NEG2_EMB64_POS3train4test_BPR_EVAL20.csv
14,855,0xdaF363f994D7416246E9BA39bb10ca0396f94d28,1,5,6ad139ce9a6b73408d6711a252320006c232f72e20ebb6277415e4ac893c63f4,289,0xC7912c59d036482807d42976Dc0c145de6159E9c,4e8e1b9d49a8d332d961a209f0a92d10083621bf7c9db20f55cf9302952e367f,D:\PHD\بابل\2024\Research Reco\الجزء الثاني\Douban Reco\4 ايصال التوصيات بضمنها العقد\03_outputs\RECOMMENDATION_DELIVERY_TOP5_V1\payloads\community_14\user_855_community_14_v1_top5_payload.json,D:\PHD\results\13 Uplift\DMF_GLOBAL_ONLY_COMMUNITIES_DETERMINISTIC\RUN_VR14b_COMM_DET_LN0d2_NEG2_EMB64_POS3train4test_BPR_EVAL20_006_comm_14_U137_I3673\006_comm_14_U137_I3673_top20_per_user_recs_VR14b_COMM_DET_LN0d2_NEG2_EMB64_POS3train4test_BPR_EVAL20.csv
14,857,0xD1373c94d12A00832D17e5710E52335Cc3AB2D1f,1,5,9b506c2147cd550b246320509ea71a858d954dea4665793a0c0945ca65f32f50,289,0xC7912c59d036482807d42976Dc0c145de6159E9c,4bcb8928ea4054627985fa48c86006e771432538e93cad5ec2054be7f1cb1f22,D:\PHD\بابل\2024\Research Reco\الجزء الثاني\Douban Reco\4 ايصال التوصيات بضمنها العقد\03_outputs\RECOMMENDATION_DELIVERY_TOP5_V1\payloads\community_14\user_857_community_14_v1_top5_payload.json,D:\PHD\results\13 Uplift\DMF_GLOBAL_ONLY_COMMUNITIES_DETERMINISTIC\RUN_VR14b_COMM_DET_LN0d2_NEG2_EMB64_POS3train4test_BPR_EVAL20_006_comm_14_U137_I3673\006_comm_14_U137_I3673_top20_per_user_recs_VR14b_COMM_DET_LN0d2_NEG2_EMB64_POS3train4test_BPR_EVAL20.csv
14,892,0x38C3a1F65Ee1dfFa588af1875855A07b3332547f,1,5,65a81e43d94db3a05c677dff2e14748f77c9fea07be73709c1af0ec913984a9b,289,0xC7912c59d036482807d42976Dc0c145de6159E9c,d59ef2e0691e3f37821f405cef6d1316b4cbb27d43d9c28c89ebe5b4ff215129,D:\PHD\بابل\2024\Research Reco\الجزء الثاني\Douban Reco\4 ايصال التوصيات بضمنها العقد\03_outputs\RECOMMENDATION_DELIVERY_TOP5_V1\payloads\community_14\user_892_community_14_v1_top5_payload.json,D:\PHD\results\13 Uplift\DMF_GLOBAL_ONLY_COMMUNITIES_DETERMINISTIC\RUN_VR14b_COMM_DET_LN0d2_NEG2_EMB64_POS3train4test_BPR_EVAL20_006_comm_14_U137_I3673\006_comm_14_U137_I3673_top20_per_user_recs_VR14b_COMM_DET_LN0d2_NEG2_EMB64_POS3train4test_BPR_EVAL20.csv
14,920,0x3dfa2eDE7111E242d9F24DEe3E9c42Cd684a3434,1,5,42b827769319990d9d20123db6388a6bf75942a7cc02f655f5653d0f74258140,289,0xC7912c59d036482807d42976Dc0c145de6159E9c,431c6262e843319411d97c714154cbea22600ef7a6c33f516f6f49573ec191a0,D:\PHD\بابل\2024\Research Reco\الجزء الثاني\Douban Reco\4 ايصال التوصيات بضمنها العقد\03_outputs\RECOMMENDATION_DELIVERY_TOP5_V1\payloads\community_14\user_920_community_14_v1_top5_payload.json,D:\PHD\results\13 Uplift\DMF_GLOBAL_ONLY_COMMUNITIES_DETERMINISTIC\RUN_VR14b_COMM_DET_LN0d2_NEG2_EMB64_POS3train4test_BPR_EVAL20_006_comm_14_U137_I3673\006_comm_14_U137_I3673_top20_per_user_recs_VR14b_COMM_DET_LN0d2_NEG2_EMB64_POS3train4test_BPR_EVAL20.csv
14,960,0x0c3cBF5A2B6953172Cc86705cBE8144275dE1833,1,5,93f29d37b5eb613cbc1151a19efeffbc4db5ad3dec27cf96ef7791c55bafec5c,289,0xC7912c59d036482807d42976Dc0c145de6159E9c,f88f5724e2b7f700253f110f306778fa548a4b00713532d7dda04ff27f383ec8,D:\PHD\بابل\2024\Research Reco\الجزء الثاني\Douban Reco\4 ايصال التوصيات بضمنها العقد\03_outputs\RECOMMENDATION_DELIVERY_TOP5_V1\payloads\community_14\user_960_community_14_v1_top5_payload.json,D:\PHD\results\13 Uplift\DMF_GLOBAL_ONLY_COMMUNITIES_DETERMINISTIC\RUN_VR14b_COMM_DET_LN0d2_NEG2_EMB64_POS3train4test_BPR_EVAL20_006_comm_14_U137_I3673\006_comm_14_U137_I3673_top20_per_user_recs_VR14b_COMM_DET_LN0d2_NEG2_EMB64_POS3train4test_BPR_EVAL20.csv
14,967,0x6e57b443542faDD5673D8Ef7514891BA72700190,1,5,69726037995e1b731373e5b25e8a8220d348ab09e7a925d457ced4f0efb74721,289,0xC7912c59d036482807d42976Dc0c145de6159E9c,36b3d014f3802c9ad3f5676a8703f673e8b74b06a4b369007bbb017857d97e63,D:\PHD\بابل\2024\Research Reco\الجزء الثاني\Douban Reco\4 ايصال التوصيات بضمنها العقد\03_outputs\RECOMMENDATION_DELIVERY_TOP5_V1\payloads\community_14\user_967_community_14_v1_top5_payload.json,D:\PHD\results\13 Uplift\DMF_GLOBAL_ONLY_COMMUNITIES_DETERMINISTIC\RUN_VR14b_COMM_DET_LN0d2_NEG2_EMB64_POS3train4test_BPR_EVAL20_006_comm_14_U137_I3673\006_comm_14_U137_I3673_top20_per_user_recs_VR14b_COMM_DET_LN0d2_NEG2_EMB64_POS3train4test_BPR_EVAL20.csv
14,993,0xb1f7eEfB56903B483ee722ABCB8f385b3aBBd641,1,5,5e84262a78d2dbedb255480babff9b730eaf528dde5493402d67b470892a61de,289,0xC7912c59d036482807d42976Dc0c145de6159E9c,19a59535d794d40f77c701809cdcaa79622aea307f5c60c1c2c06ffffd3a9cf1,D:\PHD\بابل\2024\Research Reco\الجزء الثاني\Douban Reco\4 ايصال التوصيات بضمنها العقد\03_outputs\RECOMMENDATION_DELIVERY_TOP5_V1\payloads\community_14\user_993_community_14_v1_top5_payload.json,D:\PHD\results\13 Uplift\DMF_GLOBAL_ONLY_COMMUNITIES_DETERMINISTIC\RUN_VR14b_COMM_DET_LN0d2_NEG2_EMB64_POS3train4test_BPR_EVAL20_006_comm_14_U137_I3673\006_comm_14_U137_I3673_top20_per_user_recs_VR14b_COMM_DET_LN0d2_NEG2_EMB64_POS3train4test_BPR_EVAL20.csv
14,1012,0x6a10b9a6D2aDA3930Ba6D138c3e1604A1FE614A0,1,5,4e6169a02f15ceb8007960369207dc06c69fb4fc4c8b86ef74b055aa0dc68489,289,0xC7912c59d036482807d42976Dc0c145de6159E9c,cb6f122e946c865a7f052179144024caa332fc7d0aadb3cb48a182be1634aed3,D:\PHD\بابل\2024\Research Reco\الجزء الثاني\Douban Reco\4 ايصال التوصيات بضمنها العقد\03_outputs\RECOMMENDATION_DELIVERY_TOP5_V1\payloads\community_14\user_1012_community_14_v1_top5_payload.json,D:\PHD\results\13 Uplift\DMF_GLOBAL_ONLY_COMMUNITIES_DETERMINISTIC\RUN_VR14b_COMM_DET_LN0d2_NEG2_EMB64_POS3train4test_BPR_EVAL20_006_comm_14_U137_I3673\006_comm_14_U137_I3673_top20_per_user_recs_VR14b_COMM_DET_LN0d2_NEG2_EMB64_POS3train4test_BPR_EVAL20.csv
14,1020,0x27656144D20A5bF71c87C34b9420b4F9631AeB4d,1,5,aae9907434f379142032656c6e54969d8c0ad183ac0213f2e407d6eb3b5f26d0,289,0xC7912c59d036482807d42976Dc0c145de6159E9c,b095998792ec02143669bdd1e769afb5eeb1597d33f12434524d69347fbb008e,D:\PHD\بابل\2024\Research Reco\الجزء الثاني\Douban Reco\4 ايصال التوصيات بضمنها العقد\03_outputs\RECOMMENDATION_DELIVERY_TOP5_V1\payloads\community_14\user_1020_community_14_v1_top5_payload.json,D:\PHD\results\13 Uplift\DMF_GLOBAL_ONLY_COMMUNITIES_DETERMINISTIC\RUN_VR14b_COMM_DET_LN0d2_NEG2_EMB64_POS3train4test_BPR_EVAL20_006_comm_14_U137_I3673\006_comm_14_U137_I3673_top20_per_user_recs_VR14b_COMM_DET_LN0d2_NEG2_EMB64_POS3train4test_BPR_EVAL20.csv
14,1040,0x5f04D728365CCa018BAF50C4E178c39B86E50bDB,1,5,63302dd0a8990921e6e344aed61bbe3269b7a4e7f502b3fd68d92c6ebcc547c8,289,0xC7912c59d036482807d42976Dc0c145de6159E9c,13888b5ea3ccc44565defe59d50c29c4525b7274d3ca207451a772477b398c72,D:\PHD\بابل\2024\Research Reco\الجزء الثاني\Douban Reco\4 ايصال التوصيات بضمنها العقد\03_outputs\RECOMMENDATION_DELIVERY_TOP5_V1\payloads\community_14\user_1040_community_14_v1_top5_payload.json,D:\PHD\results\13 Uplift\DMF_GLOBAL_ONLY_COMMUNITIES_DETERMINISTIC\RUN_VR14b_COMM_DET_LN0d2_NEG2_EMB64_POS3train4test_BPR_EVAL20_006_comm_14_U137_I3673\006_comm_14_U137_I3673_top20_per_user_recs_VR14b_COMM_DET_LN0d2_NEG2_EMB64_POS3train4test_BPR_EVAL20.csv
14,1048,0x9cCA4f4CA467F85FB16C6cc668E144B583793b08,1,5,f57552bba60531e377486941c6981e76e70e61b92d40a5569e56bf074b8df184,289,0xC7912c59d036482807d42976Dc0c145de6159E9c,2fcbb3df89313c285efe1e3c900e4bf45768ad681dcce3d607d8ae80c0993d1d,D:\PHD\بابل\2024\Research Reco\الجزء الثاني\Douban Reco\4 ايصال التوصيات بضمنها العقد\03_outputs\RECOMMENDATION_DELIVERY_TOP5_V1\payloads\community_14\user_1048_community_14_v1_top5_payload.json,D:\PHD\results\13 Uplift\DMF_GLOBAL_ONLY_COMMUNITIES_DETERMINISTIC\RUN_VR14b_COMM_DET_LN0d2_NEG2_EMB64_POS3train4test_BPR_EVAL20_006_comm_14_U137_I3673\006_comm_14_U137_I3673_top20_per_user_recs_VR14b_COMM_DET_LN0d2_NEG2_EMB64_POS3train4test_BPR_EVAL20.csv
14,1055,0x9Baa2234C822957030C74a104EE50B8Cd8Fc71bc,1,5,202cf2602a22d056333603af9fa78146ac68fbb330eb708451222f42afe9fe34,289,0xC7912c59d036482807d42976Dc0c145de6159E9c,f3fe4e5f64f533715db1fbdb4070cc801399798b88b355050a2f94e3f28c9bb9,D:\PHD\بابل\2024\Research Reco\الجزء الثاني\Douban Reco\4 ايصال التوصيات بضمنها العقد\03_outputs\RECOMMENDATION_DELIVERY_TOP5_V1\payloads\community_14\user_1055_community_14_v1_top5_payload.json,D:\PHD\results\13 Uplift\DMF_GLOBAL_ONLY_COMMUNITIES_DETERMINISTIC\RUN_VR14b_COMM_DET_LN0d2_NEG2_EMB64_POS3train4test_BPR_EVAL20_006_comm_14_U137_I3673\006_comm_14_U137_I3673_top20_per_user_recs_VR14b_COMM_DET_LN0d2_NEG2_EMB64_POS3train4test_BPR_EVAL20.csv
14,1066,0x375DB1F414ff0887201def00577C10aC0C94711b,1,5,6a14616e08ce5f8e9aab765576424d0ff91c5aeeb3537239a1498703b24424c7,289,0xC7912c59d036482807d42976Dc0c145de6159E9c,369327e8c1dd6fcc468ca1abff1e19401158c82bae4cd6e5bbb208dc63c90ea9,D:\PHD\بابل\2024\Research Reco\الجزء الثاني\Douban Reco\4 ايصال التوصيات بضمنها العقد\03_outputs\RECOMMENDATION_DELIVERY_TOP5_V1\payloads\community_14\user_1066_community_14_v1_top5_payload.json,D:\PHD\results\13 Uplift\DMF_GLOBAL_ONLY_COMMUNITIES_DETERMINISTIC\RUN_VR14b_COMM_DET_LN0d2_NEG2_EMB64_POS3train4test_BPR_EVAL20_006_comm_14_U137_I3673\006_comm_14_U137_I3673_top20_per_user_recs_VR14b_COMM_DET_LN0d2_NEG2_EMB64_POS3train4test_BPR_EVAL20.csv
14,1082,0x23b73ebeA3eEBED45838E98E7a3636c71742dE9A,1,5,90423d61b82d42a3377805c6ca2a8edc246c3c5c3f3ac621e877ede566d116c3,289,0xC7912c59d036482807d42976Dc0c145de6159E9c,eafa56e9f2c4150d3abd2d28b74bce7c8b9db2689577dbccd5f3d82709892f9e,D:\PHD\بابل\2024\Research Reco\الجزء الثاني\Douban Reco\4 ايصال التوصيات بضمنها العقد\03_outputs\RECOMMENDATION_DELIVERY_TOP5_V1\payloads\community_14\user_1082_community_14_v1_top5_payload.json,D:\PHD\results\13 Uplift\DMF_GLOBAL_ONLY_COMMUNITIES_DETERMINISTIC\RUN_VR14b_COMM_DET_LN0d2_NEG2_EMB64_POS3train4test_BPR_EVAL20_006_comm_14_U137_I3673\006_comm_14_U137_I3673_top20_per_user_recs_VR14b_COMM_DET_LN0d2_NEG2_EMB64_POS3train4test_BPR_EVAL20.csv
14,1128,0x4fe8565aB0773809d01911E37ebDdD1B64145D7E,1,5,07799e452072d42c9f4f59afc90d742d8eb4d023930d5603cab393b36654fa58,289,0xC7912c59d036482807d42976Dc0c145de6159E9c,198c9e45ec11aa17a710004e79c266da369d248ea38fc0f78cc2e0aad4b2a969,D:\PHD\بابل\2024\Research Reco\الجزء الثاني\Douban Reco\4 ايصال التوصيات بضمنها العقد\03_outputs\RECOMMENDATION_DELIVERY_TOP5_V1\payloads\community_14\user_1128_community_14_v1_top5_payload.json,D:\PHD\results\13 Uplift\DMF_GLOBAL_ONLY_COMMUNITIES_DETERMINISTIC\RUN_VR14b_COMM_DET_LN0d2_NEG2_EMB64_POS3train4test_BPR_EVAL20_006_comm_14_U137_I3673\006_comm_14_U137_I3673_top20_per_user_recs_VR14b_COMM_DET_LN0d2_NEG2_EMB64_POS3train4test_BPR_EVAL20.csv
14,1151,0xCaD948B64746aFC5E5bfb7575858C64bCdD6956a,1,5,5efd30e4b6f5a317b726a447abe85224efdcd952956147c57558d6b50330b1e9,289,0xC7912c59d036482807d42976Dc0c145de6159E9c,650ca7515258fd5f24bae8e3a0b8ab486488a94fe8a3cedbbb42ca7955590d01,D:\PHD\بابل\2024\Research Reco\الجزء الثاني\Douban Reco\4 ايصال التوصيات بضمنها العقد\03_outputs\RECOMMENDATION_DELIVERY_TOP5_V1\payloads\community_14\user_1151_community_14_v1_top5_payload.json,D:\PHD\results\13 Uplift\DMF_GLOBAL_ONLY_COMMUNITIES_DETERMINISTIC\RUN_VR14b_COMM_DET_LN0d2_NEG2_EMB64_POS3train4test_BPR_EVAL20_006_comm_14_U137_I3673\006_comm_14_U137_I3673_top20_per_user_recs_VR14b_COMM_DET_LN0d2_NEG2_EMB64_POS3train4test_BPR_EVAL20.csv
14,1162,0x15710dd0270cdA81046Cee3cAb65185ac2DE9a90,1,5,1854235daa58f8b2ab09fc2fb4be1f857a6f1e8e729b909b3d52b2d354a4f2a9,289,0xC7912c59d036482807d42976Dc0c145de6159E9c,eab51ace0f3af7bf780c86767e56eb13e690faef278dc09d9e4f98655e7295e7,D:\PHD\بابل\2024\Research Reco\الجزء الثاني\Douban Reco\4 ايصال التوصيات بضمنها العقد\03_outputs\RECOMMENDATION_DELIVERY_TOP5_V1\payloads\community_14\user_1162_community_14_v1_top5_payload.json,D:\PHD\results\13 Uplift\DMF_GLOBAL_ONLY_COMMUNITIES_DETERMINISTIC\RUN_VR14b_COMM_DET_LN0d2_NEG2_EMB64_POS3train4test_BPR_EVAL20_006_comm_14_U137_I3673\006_comm_14_U137_I3673_top20_per_user_recs_VR14b_COMM_DET_LN0d2_NEG2_EMB64_POS3train4test_BPR_EVAL20.csv
14,1170,0x6Dd0c4247cFAB1dcdd1323A00bFeA4CF997a5137,1,5,6157ae098a37e0e1956ba00e6e9e1b7142453a8217445dd09bd6bf0bc1db7855,289,0xC7912c59d036482807d42976Dc0c145de6159E9c,432b53b9f767af84876bc67ddb91ca1c0ad2e0ba1c7a136a4850aaf86cc87307,D:\PHD\بابل\2024\Research Reco\الجزء الثاني\Douban Reco\4 ايصال التوصيات بضمنها العقد\03_outputs\RECOMMENDATION_DELIVERY_TOP5_V1\payloads\community_14\user_1170_community_14_v1_top5_payload.json,D:\PHD\results\13 Uplift\DMF_GLOBAL_ONLY_COMMUNITIES_DETERMINISTIC\RUN_VR14b_COMM_DET_LN0d2_NEG2_EMB64_POS3train4test_BPR_EVAL20_006_comm_14_U137_I3673\006_comm_14_U137_I3673_top20_per_user_recs_VR14b_COMM_DET_LN0d2_NEG2_EMB64_POS3train4test_BPR_EVAL20.csv
14,1189,0x190aE3aa67737f6b4d9847284B2B959f51357197,1,5,b5b8ec57d351188a20d62fa954898280f05faef6be7723a91b09c1ffda0d5b3d,289,0xC7912c59d036482807d42976Dc0c145de6159E9c,38c0b23a862d44f73b3df5a06b2de28579fcf421370d2add3e4dcafc4fd0fbd6,D:\PHD\بابل\2024\Research Reco\الجزء الثاني\Douban Reco\4 ايصال التوصيات بضمنها العقد\03_outputs\RECOMMENDATION_DELIVERY_TOP5_V1\payloads\community_14\user_1189_community_14_v1_top5_payload.json,D:\PHD\results\13 Uplift\DMF_GLOBAL_ONLY_COMMUNITIES_DETERMINISTIC\RUN_VR14b_COMM_DET_LN0d2_NEG2_EMB64_POS3train4test_BPR_EVAL20_006_comm_14_U137_I3673\006_comm_14_U137_I3673_top20_per_user_recs_VR14b_COMM_DET_LN0d2_NEG2_EMB64_POS3train4test_BPR_EVAL20.csv
14,1224,0x78955c05336253E54882F478D94c8cAF741826fe,1,5,128643a9eaa70fa56e3f8b4ae55ef50515b9348d53f70c303d9f0778d97e35df,289,0xC7912c59d036482807d42976Dc0c145de6159E9c,1612041d72a08ca937b108571f1ba68abc4edc2a734386cb2fb0115c837bb57c,D:\PHD\بابل\2024\Research Reco\الجزء الثاني\Douban Reco\4 ايصال التوصيات بضمنها العقد\03_outputs\RECOMMENDATION_DELIVERY_TOP5_V1\payloads\community_14\user_1224_community_14_v1_top5_payload.json,D:\PHD\results\13 Uplift\DMF_GLOBAL_ONLY_COMMUNITIES_DETERMINISTIC\RUN_VR14b_COMM_DET_LN0d2_NEG2_EMB64_POS3train4test_BPR_EVAL20_006_comm_14_U137_I3673\006_comm_14_U137_I3673_top20_per_user_recs_VR14b_COMM_DET_LN0d2_NEG2_EMB64_POS3train4test_BPR_EVAL20.csv
14,1255,0x20FD6998AFF99E539923B239ca2030E5E849cfB4,1,5,516981b37f146e562e47b333544401a283be91d1d20cb6981b5a7221b13a033a,289,0xC7912c59d036482807d42976Dc0c145de6159E9c,7b732409d690f5d9214da0f691faf68c100a6ea61435ff65825492f7f58f9d62,D:\PHD\بابل\2024\Research Reco\الجزء الثاني\Douban Reco\4 ايصال التوصيات بضمنها العقد\03_outputs\RECOMMENDATION_DELIVERY_TOP5_V1\payloads\community_14\user_1255_community_14_v1_top5_payload.json,D:\PHD\results\13 Uplift\DMF_GLOBAL_ONLY_COMMUNITIES_DETERMINISTIC\RUN_VR14b_COMM_DET_LN0d2_NEG2_EMB64_POS3train4test_BPR_EVAL20_006_comm_14_U137_I3673\006_comm_14_U137_I3673_top20_per_user_recs_VR14b_COMM_DET_LN0d2_NEG2_EMB64_POS3train4test_BPR_EVAL20.csv
14,1257,0xCc39Db5Ef7a848400066697cb2e20C79c37a028a,1,5,a298bb2ce29de699d3db1e9c7ff72e3c0f3ba92cc52d4de784a711366202dd78,289,0xC7912c59d036482807d42976Dc0c145de6159E9c,dc8bb102a653acfe7040f131aeef493313b00be07713f310fd61a157f4fcd35e,D:\PHD\بابل\2024\Research Reco\الجزء الثاني\Douban Reco\4 ايصال التوصيات بضمنها العقد\03_outputs\RECOMMENDATION_DELIVERY_TOP5_V1\payloads\community_14\user_1257_community_14_v1_top5_payload.json,D:\PHD\results\13 Uplift\DMF_GLOBAL_ONLY_COMMUNITIES_DETERMINISTIC\RUN_VR14b_COMM_DET_LN0d2_NEG2_EMB64_POS3train4test_BPR_EVAL20_006_comm_14_U137_I3673\006_comm_14_U137_I3673_top20_per_user_recs_VR14b_COMM_DET_LN0d2_NEG2_EMB64_POS3train4test_BPR_EVAL20.csv
14,1260,0x6a6E93D4c99efB63731E076509d862d1328355F7,1,5,720b75b2e1e8236a7b6a4cdbee2878b098b2d4839b5ff25d1b80ed0fa81e37fc,289,0xC7912c59d036482807d42976Dc0c145de6159E9c,dd78a9fd652419f974837ceef3d1f1f4a43207553cb79975fe62a41d6168af0f,D:\PHD\بابل\2024\Research Reco\الجزء الثاني\Douban Reco\4 ايصال التوصيات بضمنها العقد\03_outputs\RECOMMENDATION_DELIVERY_TOP5_V1\payloads\community_14\user_1260_community_14_v1_top5_payload.json,D:\PHD\results\13 Uplift\DMF_GLOBAL_ONLY_COMMUNITIES_DETERMINISTIC\RUN_VR14b_COMM_DET_LN0d2_NEG2_EMB64_POS3train4test_BPR_EVAL20_006_comm_14_U137_I3673\006_comm_14_U137_I3673_top20_per_user_recs_VR14b_COMM_DET_LN0d2_NEG2_EMB64_POS3train4test_BPR_EVAL20.csv
14,1273,0xD82eed8D67279159C38F2834E23c8E8fAbb19fb4,1,5,e5a982272d6768dfe610b3f43b270ac174cb894da124c846754facfd3363036e,289,0xC7912c59d036482807d42976Dc0c145de6159E9c,11ee81717da9d48c8517cd79db69a3c5ec98b220788b4c90dbba29e386fa5fe9,D:\PHD\بابل\2024\Research Reco\الجزء الثاني\Douban Reco\4 ايصال التوصيات بضمنها العقد\03_outputs\RECOMMENDATION_DELIVERY_TOP5_V1\payloads\community_14\user_1273_community_14_v1_top5_payload.json,D:\PHD\results\13 Uplift\DMF_GLOBAL_ONLY_COMMUNITIES_DETERMINISTIC\RUN_VR14b_COMM_DET_LN0d2_NEG2_EMB64_POS3train4test_BPR_EVAL20_006_comm_14_U137_I3673\006_comm_14_U137_I3673_top20_per_user_recs_VR14b_COMM_DET_LN0d2_NEG2_EMB64_POS3train4test_BPR_EVAL20.csv
14,1281,0x0639b1aEA3e614C14d01BBf4E5662028CBd8Ab73,1,5,957794e36f5d9260dcc301ae647012d52a73623c8a0d4cd909c0451a1e128a9b,289,0xC7912c59d036482807d42976Dc0c145de6159E9c,8c31d8d629ed6f15e085b8ba8ffaf454ecb7d192ab539b14968a145d535a7a11,D:\PHD\بابل\2024\Research Reco\الجزء الثاني\Douban Reco\4 ايصال التوصيات بضمنها العقد\03_outputs\RECOMMENDATION_DELIVERY_TOP5_V1\payloads\community_14\user_1281_community_14_v1_top5_payload.json,D:\PHD\results\13 Uplift\DMF_GLOBAL_ONLY_COMMUNITIES_DETERMINISTIC\RUN_VR14b_COMM_DET_LN0d2_NEG2_EMB64_POS3train4test_BPR_EVAL20_006_comm_14_U137_I3673\006_comm_14_U137_I3673_top20_per_user_recs_VR14b_COMM_DET_LN0d2_NEG2_EMB64_POS3train4test_BPR_EVAL20.csv
14,1293,0x80BDa875B8111C81bfb70d6a45fFDD5b66C63B14,1,5,860d5e3fed733fca4f4d1c39c06365d4ae24a08f2299fd1aef4ce407c88bc225,289,0xC7912c59d036482807d42976Dc0c145de6159E9c,aaebc86d7b5d1caff20fc319803ebe25b00b59e9d2ca97568449007c711a0b1b,D:\PHD\بابل\2024\Research Reco\الجزء الثاني\Douban Reco\4 ايصال التوصيات بضمنها العقد\03_outputs\RECOMMENDATION_DELIVERY_TOP5_V1\payloads\community_14\user_1293_community_14_v1_top5_payload.json,D:\PHD\results\13 Uplift\DMF_GLOBAL_ONLY_COMMUNITIES_DETERMINISTIC\RUN_VR14b_COMM_DET_LN0d2_NEG2_EMB64_POS3train4test_BPR_EVAL20_006_comm_14_U137_I3673\006_comm_14_U137_I3673_top20_per_user_recs_VR14b_COMM_DET_LN0d2_NEG2_EMB64_POS3train4test_BPR_EVAL20.csv
14,1368,0x28De42F7958e363AB8493081a030200D6256C7B0,1,5,a1ae8d7d566ff814c047a3eabc5a1a97d426ee1a4c5fd65e147548dbbe7d5c89,289,0xC7912c59d036482807d42976Dc0c145de6159E9c,ca6744de4ea0867ab79bb564c98edbada99c8749ee493157b00fada9e590af9a,D:\PHD\بابل\2024\Research Reco\الجزء الثاني\Douban Reco\4 ايصال التوصيات بضمنها العقد\03_outputs\RECOMMENDATION_DELIVERY_TOP5_V1\payloads\community_14\user_1368_community_14_v1_top5_payload.json,D:\PHD\results\13 Uplift\DMF_GLOBAL_ONLY_COMMUNITIES_DETERMINISTIC\RUN_VR14b_COMM_DET_LN0d2_NEG2_EMB64_POS3train4test_BPR_EVAL20_006_comm_14_U137_I3673\006_comm_14_U137_I3673_top20_per_user_recs_VR14b_COMM_DET_LN0d2_NEG2_EMB64_POS3train4test_BPR_EVAL20.csv
14,1375,0xf86C5E0E5beFC66120fE989Fbe9c032F000E35ae,1,5,fe6f6910b3a52508266cb272238b1fe64cab762d791cf2cad17ffd955c302b96,289,0xC7912c59d036482807d42976Dc0c145de6159E9c,102c9bfbcf5ac14a608f16f82cd6ec261a234d237bc6fd5d1fc71e73a91a7407,D:\PHD\بابل\2024\Research Reco\الجزء الثاني\Douban Reco\4 ايصال التوصيات بضمنها العقد\03_outputs\RECOMMENDATION_DELIVERY_TOP5_V1\payloads\community_14\user_1375_community_14_v1_top5_payload.json,D:\PHD\results\13 Uplift\DMF_GLOBAL_ONLY_COMMUNITIES_DETERMINISTIC\RUN_VR14b_COMM_DET_LN0d2_NEG2_EMB64_POS3train4test_BPR_EVAL20_006_comm_14_U137_I3673\006_comm_14_U137_I3673_top20_per_user_recs_VR14b_COMM_DET_LN0d2_NEG2_EMB64_POS3train4test_BPR_EVAL20.csv
14,1404,0xa55dde842Dba7a8c998Ec25dc8a5deD297e5109B,1,5,a4e63f1d58a02c57c366c84257e8065920787e5b20bfad8aca1032ac19430bf3,289,0xC7912c59d036482807d42976Dc0c145de6159E9c,0ec978ebc90580797a54a9eb3de4c04de293b2ca9c9ca2926a33c2c1f956a6a2,D:\PHD\بابل\2024\Research Reco\الجزء الثاني\Douban Reco\4 ايصال التوصيات بضمنها العقد\03_outputs\RECOMMENDATION_DELIVERY_TOP5_V1\payloads\community_14\user_1404_community_14_v1_top5_payload.json,D:\PHD\results\13 Uplift\DMF_GLOBAL_ONLY_COMMUNITIES_DETERMINISTIC\RUN_VR14b_COMM_DET_LN0d2_NEG2_EMB64_POS3train4test_BPR_EVAL20_006_comm_14_U137_I3673\006_comm_14_U137_I3673_top20_per_user_recs_VR14b_COMM_DET_LN0d2_NEG2_EMB64_POS3train4test_BPR_EVAL20.csv
14,1405,0x9b4292b54e9A2d31C6aB718e37B6fF25d8485261,1,5,597f7760d94e47a47e461cf6f0fc61142131a7e815dd7c82ae23ca5b8985db94,289,0xC7912c59d036482807d42976Dc0c145de6159E9c,42e2fe8432455c56e359d700b6cf8f7fe28da65dd1fb492b056e3559838d7b52,D:\PHD\بابل\2024\Research Reco\الجزء الثاني\Douban Reco\4 ايصال التوصيات بضمنها العقد\03_outputs\RECOMMENDATION_DELIVERY_TOP5_V1\payloads\community_14\user_1405_community_14_v1_top5_payload.json,D:\PHD\results\13 Uplift\DMF_GLOBAL_ONLY_COMMUNITIES_DETERMINISTIC\RUN_VR14b_COMM_DET_LN0d2_NEG2_EMB64_POS3train4test_BPR_EVAL20_006_comm_14_U137_I3673\006_comm_14_U137_I3673_top20_per_user_recs_VR14b_COMM_DET_LN0d2_NEG2_EMB64_POS3train4test_BPR_EVAL20.csv
14,1411,0x90acbD0A2d1d6dd8c84dDE8a9A4960D102027Ff2,1,5,df69d169695c12ad793e16084ecef1a9ee296050974f304eb7b2738cca3028f0,289,0xC7912c59d036482807d42976Dc0c145de6159E9c,acdd8213d87242411934fd32acb93f7410e0a667ece434a2fb9fab142fb9435e,D:\PHD\بابل\2024\Research Reco\الجزء الثاني\Douban Reco\4 ايصال التوصيات بضمنها العقد\03_outputs\RECOMMENDATION_DELIVERY_TOP5_V1\payloads\community_14\user_1411_community_14_v1_top5_payload.json,D:\PHD\results\13 Uplift\DMF_GLOBAL_ONLY_COMMUNITIES_DETERMINISTIC\RUN_VR14b_COMM_DET_LN0d2_NEG2_EMB64_POS3train4test_BPR_EVAL20_006_comm_14_U137_I3673\006_comm_14_U137_I3673_top20_per_user_recs_VR14b_COMM_DET_LN0d2_NEG2_EMB64_POS3train4test_BPR_EVAL20.csv
14,1447,0xC5399D29c9882aBf77e7E93Df9e3Da3e4D5C84C0,1,5,dd4a68eae8e8ea22ab40da9ae99b00546d553527f5ddadeda485b199811de33a,289,0xC7912c59d036482807d42976Dc0c145de6159E9c,53d38c3261667ba1713ffc0d3c5f89d356faf51c4bc7347007519b1a69c1a60c,D:\PHD\بابل\2024\Research Reco\الجزء الثاني\Douban Reco\4 ايصال التوصيات بضمنها العقد\03_outputs\RECOMMENDATION_DELIVERY_TOP5_V1\payloads\community_14\user_1447_community_14_v1_top5_payload.json,D:\PHD\results\13 Uplift\DMF_GLOBAL_ONLY_COMMUNITIES_DETERMINISTIC\RUN_VR14b_COMM_DET_LN0d2_NEG2_EMB64_POS3train4test_BPR_EVAL20_006_comm_14_U137_I3673\006_comm_14_U137_I3673_top20_per_user_recs_VR14b_COMM_DET_LN0d2_NEG2_EMB64_POS3train4test_BPR_EVAL20.csv
14,1457,0x0caB080aDC4A84E8f9e07dd114Cc398A4d831a85,1,5,5959ed02dd2ce10ca000f36a0c9ddb97286f3b69dc7389768f8f4f7d1be1d340,289,0xC7912c59d036482807d42976Dc0c145de6159E9c,6d5ef220ca7d488c88d809c155e7339a6a256019c85953727302e92a0ae860cc,D:\PHD\بابل\2024\Research Reco\الجزء الثاني\Douban Reco\4 ايصال التوصيات بضمنها العقد\03_outputs\RECOMMENDATION_DELIVERY_TOP5_V1\payloads\community_14\user_1457_community_14_v1_top5_payload.json,D:\PHD\results\13 Uplift\DMF_GLOBAL_ONLY_COMMUNITIES_DETERMINISTIC\RUN_VR14b_COMM_DET_LN0d2_NEG2_EMB64_POS3train4test_BPR_EVAL20_006_comm_14_U137_I3673\006_comm_14_U137_I3673_top20_per_user_recs_VR14b_COMM_DET_LN0d2_NEG2_EMB64_POS3train4test_BPR_EVAL20.csv
14,1464,0xCe7Cc286d8561A84dC76dBF5eAC76314A08eD4b8,1,5,8a69d75bd725d80ef3264f0771f708cdf03d6a4ff4aa287ce41f1b1bc437a545,289,0xC7912c59d036482807d42976Dc0c145de6159E9c,79333f332a3b07ce0cc013aecb6b981901a9bf26dd3c120b692b7e1a971a21fc,D:\PHD\بابل\2024\Research Reco\الجزء الثاني\Douban Reco\4 ايصال التوصيات بضمنها العقد\03_outputs\RECOMMENDATION_DELIVERY_TOP5_V1\payloads\community_14\user_1464_community_14_v1_top5_payload.json,D:\PHD\results\13 Uplift\DMF_GLOBAL_ONLY_COMMUNITIES_DETERMINISTIC\RUN_VR14b_COMM_DET_LN0d2_NEG2_EMB64_POS3train4test_BPR_EVAL20_006_comm_14_U137_I3673\006_comm_14_U137_I3673_top20_per_user_recs_VR14b_COMM_DET_LN0d2_NEG2_EMB64_POS3train4test_BPR_EVAL20.csv
14,1481,0x124E7370c2bEAd0A45f1965b921CF9a7E4e27483,1,5,ace9761996b2289bb9d51ad2cd72c6b959a2fd2619d3e8ca9c2346d93fb94f55,289,0xC7912c59d036482807d42976Dc0c145de6159E9c,1846584088dc0adaf3c96973589e1916ff0a10726286b394325ac591bc42a6b0,D:\PHD\بابل\2024\Research Reco\الجزء الثاني\Douban Reco\4 ايصال التوصيات بضمنها العقد\03_outputs\RECOMMENDATION_DELIVERY_TOP5_V1\payloads\community_14\user_1481_community_14_v1_top5_payload.json,D:\PHD\results\13 Uplift\DMF_GLOBAL_ONLY_COMMUNITIES_DETERMINISTIC\RUN_VR14b_COMM_DET_LN0d2_NEG2_EMB64_POS3train4test_BPR_EVAL20_006_comm_14_U137_I3673\006_comm_14_U137_I3673_top20_per_user_recs_VR14b_COMM_DET_LN0d2_NEG2_EMB64_POS3train4test_BPR_EVAL20.csv
14,1523,0x5D804E75bda64669dfB1a0BAcb6aE8510Def9aAf,1,5,d3a6b0dde1262bd31d1ead2deb4f8169f8735593ba2b7dace7889c2174da76da,289,0xC7912c59d036482807d42976Dc0c145de6159E9c,58deb4c296217dfaffc6274eb769d8e22be2a49fe2b38db11db2f19e4391a874,D:\PHD\بابل\2024\Research Reco\الجزء الثاني\Douban Reco\4 ايصال التوصيات بضمنها العقد\03_outputs\RECOMMENDATION_DELIVERY_TOP5_V1\payloads\community_14\user_1523_community_14_v1_top5_payload.json,D:\PHD\results\13 Uplift\DMF_GLOBAL_ONLY_COMMUNITIES_DETERMINISTIC\RUN_VR14b_COMM_DET_LN0d2_NEG2_EMB64_POS3train4test_BPR_EVAL20_006_comm_14_U137_I3673\006_comm_14_U137_I3673_top20_per_user_recs_VR14b_COMM_DET_LN0d2_NEG2_EMB64_POS3train4test_BPR_EVAL20.csv
14,1569,0x2e869De22d85b9A09A1D84d87b961c1E3c456Bd7,1,5,744de309b12ec5d182265ea35a560b5a65f59400cd6baeb803305ddb3841900b,289,0xC7912c59d036482807d42976Dc0c145de6159E9c,321d5b2249487ee1c13a308345cb9f74b2fc4dbb32d28a2a194ce1ce9bd28590,D:\PHD\بابل\2024\Research Reco\الجزء الثاني\Douban Reco\4 ايصال التوصيات بضمنها العقد\03_outputs\RECOMMENDATION_DELIVERY_TOP5_V1\payloads\community_14\user_1569_community_14_v1_top5_payload.json,D:\PHD\results\13 Uplift\DMF_GLOBAL_ONLY_COMMUNITIES_DETERMINISTIC\RUN_VR14b_COMM_DET_LN0d2_NEG2_EMB64_POS3train4test_BPR_EVAL20_006_comm_14_U137_I3673\006_comm_14_U137_I3673_top20_per_user_recs_VR14b_COMM_DET_LN0d2_NEG2_EMB64_POS3train4test_BPR_EVAL20.csv
14,1696,0x26FdC9e58A2D05c075137b6Fe1BB5bC8f4E0194e,1,5,932ccae6ac32e7478223bef73e5467760bb205f9431f7f0fdd6ecae93ec247dc,289,0xC7912c59d036482807d42976Dc0c145de6159E9c,e0263551153c06dcffeb212c59ac69090f72c26403a34e17dcc47f554c04d945,D:\PHD\بابل\2024\Research Reco\الجزء الثاني\Douban Reco\4 ايصال التوصيات بضمنها العقد\03_outputs\RECOMMENDATION_DELIVERY_TOP5_V1\payloads\community_14\user_1696_community_14_v1_top5_payload.json,D:\PHD\results\13 Uplift\DMF_GLOBAL_ONLY_COMMUNITIES_DETERMINISTIC\RUN_VR14b_COMM_DET_LN0d2_NEG2_EMB64_POS3train4test_BPR_EVAL20_006_comm_14_U137_I3673\006_comm_14_U137_I3673_top20_per_user_recs_VR14b_COMM_DET_LN0d2_NEG2_EMB64_POS3train4test_BPR_EVAL20.csv
14,1700,0xb7f7CC22F584CC70A22886eC96e73AF073B70634,1,5,3ea06b73691f73f02ddd7365978bf0c1ec39d05855fb8fbdca45632048c698d1,289,0xC7912c59d036482807d42976Dc0c145de6159E9c,fc9fa40eea00d13755bc71dc02c78fc2f292d9d6955e2121b1bb0cb8cb95d1ea,D:\PHD\بابل\2024\Research Reco\الجزء الثاني\Douban Reco\4 ايصال التوصيات بضمنها العقد\03_outputs\RECOMMENDATION_DELIVERY_TOP5_V1\payloads\community_14\user_1700_community_14_v1_top5_payload.json,D:\PHD\results\13 Uplift\DMF_GLOBAL_ONLY_COMMUNITIES_DETERMINISTIC\RUN_VR14b_COMM_DET_LN0d2_NEG2_EMB64_POS3train4test_BPR_EVAL20_006_comm_14_U137_I3673\006_comm_14_U137_I3673_top20_per_user_recs_VR14b_COMM_DET_LN0d2_NEG2_EMB64_POS3train4test_BPR_EVAL20.csv
14,1746,0xC07B669C1d66Eb6EFE64fCFc9216b260350dEafE,1,5,01ae26091f2d9cbeaccfd7ffc35c4ebb4972950696e9a8fef2163b91a1d661ae,289,0xC7912c59d036482807d42976Dc0c145de6159E9c,f0d10325436d64115423ab69fa2d99899ff044e9c756da85916af46a09248d00,D:\PHD\بابل\2024\Research Reco\الجزء الثاني\Douban Reco\4 ايصال التوصيات بضمنها العقد\03_outputs\RECOMMENDATION_DELIVERY_TOP5_V1\payloads\community_14\user_1746_community_14_v1_top5_payload.json,D:\PHD\results\13 Uplift\DMF_GLOBAL_ONLY_COMMUNITIES_DETERMINISTIC\RUN_VR14b_COMM_DET_LN0d2_NEG2_EMB64_POS3train4test_BPR_EVAL20_006_comm_14_U137_I3673\006_comm_14_U137_I3673_top20_per_user_recs_VR14b_COMM_DET_LN0d2_NEG2_EMB64_POS3train4test_BPR_EVAL20.csv
14,1766,0x1Fe08b9d0F493Bf45afEAAB12Fa4b77615a77cDC,1,5,955df5ddf11361560c987bc16b664b76102e48e11282b3a116e352a248dc63a6,289,0xC7912c59d036482807d42976Dc0c145de6159E9c,3b945833c948368fccf75760686c6deee9a6596753dc92614db22392b844a92c,D:\PHD\بابل\2024\Research Reco\الجزء الثاني\Douban Reco\4 ايصال التوصيات بضمنها العقد\03_outputs\RECOMMENDATION_DELIVERY_TOP5_V1\payloads\community_14\user_1766_community_14_v1_top5_payload.json,D:\PHD\results\13 Uplift\DMF_GLOBAL_ONLY_COMMUNITIES_DETERMINISTIC\RUN_VR14b_COMM_DET_LN0d2_NEG2_EMB64_POS3train4test_BPR_EVAL20_006_comm_14_U137_I3673\006_comm_14_U137_I3673_top20_per_user_recs_VR14b_COMM_DET_LN0d2_NEG2_EMB64_POS3train4test_BPR_EVAL20.csv
14,1850,0xE32CE36A2156793F960771cF2Ba4d5336CA1fDDd,1,5,5b0306f749246e5750edfeaff0839ab43675f7acad83183782b0883a0b59d89d,289,0xC7912c59d036482807d42976Dc0c145de6159E9c,c3ce8e2897692e3658ec3cc84c91a77c292dbc9499556f8e2de5bd430364f26d,D:\PHD\بابل\2024\Research Reco\الجزء الثاني\Douban Reco\4 ايصال التوصيات بضمنها العقد\03_outputs\RECOMMENDATION_DELIVERY_TOP5_V1\payloads\community_14\user_1850_community_14_v1_top5_payload.json,D:\PHD\results\13 Uplift\DMF_GLOBAL_ONLY_COMMUNITIES_DETERMINISTIC\RUN_VR14b_COMM_DET_LN0d2_NEG2_EMB64_POS3train4test_BPR_EVAL20_006_comm_14_U137_I3673\006_comm_14_U137_I3673_top20_per_user_recs_VR14b_COMM_DET_LN0d2_NEG2_EMB64_POS3train4test_BPR_EVAL20.csv
14,1856,0x6fcF6bC54d913Bf6478Aa7b45199e659dc8391E2,1,5,f7167539d6d89ddc9cee5c275fc1b37c1d616cb4bbac64c94cef637287245b19,289,0xC7912c59d036482807d42976Dc0c145de6159E9c,85d9a360608324db0d2db77824f978da00104c42b2b06f54a4022eea96e12cfe,D:\PHD\بابل\2024\Research Reco\الجزء الثاني\Douban Reco\4 ايصال التوصيات بضمنها العقد\03_outputs\RECOMMENDATION_DELIVERY_TOP5_V1\payloads\community_14\user_1856_community_14_v1_top5_payload.json,D:\PHD\results\13 Uplift\DMF_GLOBAL_ONLY_COMMUNITIES_DETERMINISTIC\RUN_VR14b_COMM_DET_LN0d2_NEG2_EMB64_POS3train4test_BPR_EVAL20_006_comm_14_U137_I3673\006_comm_14_U137_I3673_top20_per_user_recs_VR14b_COMM_DET_LN0d2_NEG2_EMB64_POS3train4test_BPR_EVAL20.csv
14,1897,0xB2C129E088E7322e549F9cF2B09c6fA92686ff6a,1,5,90cd40a72c318b4886c6981d3123f728063949e5602c099a6e4e423f60e3de23,289,0xC7912c59d036482807d42976Dc0c145de6159E9c,3879dace3a3812d581234006840023cc17086a971c1e5ce7d77affa5d0989def,D:\PHD\بابل\2024\Research Reco\الجزء الثاني\Douban Reco\4 ايصال التوصيات بضمنها العقد\03_outputs\RECOMMENDATION_DELIVERY_TOP5_V1\payloads\community_14\user_1897_community_14_v1_top5_payload.json,D:\PHD\results\13 Uplift\DMF_GLOBAL_ONLY_COMMUNITIES_DETERMINISTIC\RUN_VR14b_COMM_DET_LN0d2_NEG2_EMB64_POS3train4test_BPR_EVAL20_006_comm_14_U137_I3673\006_comm_14_U137_I3673_top20_per_user_recs_VR14b_COMM_DET_LN0d2_NEG2_EMB64_POS3train4test_BPR_EVAL20.csv
14,1906,0xD84cFE2449250c7E1512cF5cE08A51791818BF97,1,5,8e1afcf6237b18b0d8c2cc4ddd272ed4847dee794db34970023b80f03acb769b,289,0xC7912c59d036482807d42976Dc0c145de6159E9c,147fde5735560da769e2358cd14f6129545b57a7b8568e41fbc6107181db11b9,D:\PHD\بابل\2024\Research Reco\الجزء الثاني\Douban Reco\4 ايصال التوصيات بضمنها العقد\03_outputs\RECOMMENDATION_DELIVERY_TOP5_V1\payloads\community_14\user_1906_community_14_v1_top5_payload.json,D:\PHD\results\13 Uplift\DMF_GLOBAL_ONLY_COMMUNITIES_DETERMINISTIC\RUN_VR14b_COMM_DET_LN0d2_NEG2_EMB64_POS3train4test_BPR_EVAL20_006_comm_14_U137_I3673\006_comm_14_U137_I3673_top20_per_user_recs_VR14b_COMM_DET_LN0d2_NEG2_EMB64_POS3train4test_BPR_EVAL20.csv
14,1930,0x6D3Dc7fC836195850fC58C8717f5E17bdA055863,1,5,e5e1d4c59bc9bc4dff02c1cbd524596ae2ed645c31888fec1ae8bf05b70a5310,289,0xC7912c59d036482807d42976Dc0c145de6159E9c,01c204d81af66cce7c0a2e6d2e2399b205c48183eddf621f04707f5863f77ec0,D:\PHD\بابل\2024\Research Reco\الجزء الثاني\Douban Reco\4 ايصال التوصيات بضمنها العقد\03_outputs\RECOMMENDATION_DELIVERY_TOP5_V1\payloads\community_14\user_1930_community_14_v1_top5_payload.json,D:\PHD\results\13 Uplift\DMF_GLOBAL_ONLY_COMMUNITIES_DETERMINISTIC\RUN_VR14b_COMM_DET_LN0d2_NEG2_EMB64_POS3train4test_BPR_EVAL20_006_comm_14_U137_I3673\006_comm_14_U137_I3673_top20_per_user_recs_VR14b_COMM_DET_LN0d2_NEG2_EMB64_POS3train4test_BPR_EVAL20.csv
14,2038,0x37C0225981dAfCa1c3A0283720873a8740beB29C,1,5,919fddfda8da010c5bf77eb59965b5323716838391ddacefc2eea4646e8c0a3f,289,0xC7912c59d036482807d42976Dc0c145de6159E9c,7c4e302a732920241c8ae59b55bbd167e8ffc9bffdf95ff8a2702b3e67e4ebf2,D:\PHD\بابل\2024\Research Reco\الجزء الثاني\Douban Reco\4 ايصال التوصيات بضمنها العقد\03_outputs\RECOMMENDATION_DELIVERY_TOP5_V1\payloads\community_14\user_2038_community_14_v1_top5_payload.json,D:\PHD\results\13 Uplift\DMF_GLOBAL_ONLY_COMMUNITIES_DETERMINISTIC\RUN_VR14b_COMM_DET_LN0d2_NEG2_EMB64_POS3train4test_BPR_EVAL20_006_comm_14_U137_I3673\006_comm_14_U137_I3673_top20_per_user_recs_VR14b_COMM_DET_LN0d2_NEG2_EMB64_POS3train4test_BPR_EVAL20.csv
14,2062,0x95F274789Af86b09E98898d9B399564E95567977,1,5,b52232e25938720904860b21ce131e50831dc1abc457452f1521c8cca93e9569,289,0xC7912c59d036482807d42976Dc0c145de6159E9c,ced30daaee7a8eed87d0fc56c2b19c844f727afc122770764f08b95f65b6bd6c,D:\PHD\بابل\2024\Research Reco\الجزء الثاني\Douban Reco\4 ايصال التوصيات بضمنها العقد\03_outputs\RECOMMENDATION_DELIVERY_TOP5_V1\payloads\community_14\user_2062_community_14_v1_top5_payload.json,D:\PHD\results\13 Uplift\DMF_GLOBAL_ONLY_COMMUNITIES_DETERMINISTIC\RUN_VR14b_COMM_DET_LN0d2_NEG2_EMB64_POS3train4test_BPR_EVAL20_006_comm_14_U137_I3673\006_comm_14_U137_I3673_top20_per_user_recs_VR14b_COMM_DET_LN0d2_NEG2_EMB64_POS3train4test_BPR_EVAL20.csv
14,2083,0x4619b7D2cD5fe00f67B38B3f55AFE9D31B18756E,1,5,8d9e9eb7b1510cd1924e39061876045d1b7d7012762d407328e8f38edd69cffd,289,0xC7912c59d036482807d42976Dc0c145de6159E9c,41305541595e090d9e4f5a3a1ca629ec4a1fa2f55d05f4b25a002d11cedee627,D:\PHD\بابل\2024\Research Reco\الجزء الثاني\Douban Reco\4 ايصال التوصيات بضمنها العقد\03_outputs\RECOMMENDATION_DELIVERY_TOP5_V1\payloads\community_14\user_2083_community_14_v1_top5_payload.json,D:\PHD\results\13 Uplift\DMF_GLOBAL_ONLY_COMMUNITIES_DETERMINISTIC\RUN_VR14b_COMM_DET_LN0d2_NEG2_EMB64_POS3train4test_BPR_EVAL20_006_comm_14_U137_I3673\006_comm_14_U137_I3673_top20_per_user_recs_VR14b_COMM_DET_LN0d2_NEG2_EMB64_POS3train4test_BPR_EVAL20.csv
14,2090,0x7725A93063804f16E4F4Ca83Be6bD0f1fa33cFD2,1,5,e373efc295f0f901b2a9485b05578c02fc694966fc843391c2539677efe693be,289,0xC7912c59d036482807d42976Dc0c145de6159E9c,af8db74ae2616b7e08e2f7e0ce9b2df77f41669bea09d156ce524c0ecb2e2470,D:\PHD\بابل\2024\Research Reco\الجزء الثاني\Douban Reco\4 ايصال التوصيات بضمنها العقد\03_outputs\RECOMMENDATION_DELIVERY_TOP5_V1\payloads\community_14\user_2090_community_14_v1_top5_payload.json,D:\PHD\results\13 Uplift\DMF_GLOBAL_ONLY_COMMUNITIES_DETERMINISTIC\RUN_VR14b_COMM_DET_LN0d2_NEG2_EMB64_POS3train4test_BPR_EVAL20_006_comm_14_U137_I3673\006_comm_14_U137_I3673_top20_per_user_recs_VR14b_COMM_DET_LN0d2_NEG2_EMB64_POS3train4test_BPR_EVAL20.csv
14,2104,0x34225DB932D5d5AfC83b435e1e227d4baA171cCA,1,5,247219886531fc02f9e6e427397915a86ed89bbceae6f710b9a7a61c34d35c29,289,0xC7912c59d036482807d42976Dc0c145de6159E9c,f18fb119a41148fae02a2f33843562127f747261761a4292ac3bf4154aba740f,D:\PHD\بابل\2024\Research Reco\الجزء الثاني\Douban Reco\4 ايصال التوصيات بضمنها العقد\03_outputs\RECOMMENDATION_DELIVERY_TOP5_V1\payloads\community_14\user_2104_community_14_v1_top5_payload.json,D:\PHD\results\13 Uplift\DMF_GLOBAL_ONLY_COMMUNITIES_DETERMINISTIC\RUN_VR14b_COMM_DET_LN0d2_NEG2_EMB64_POS3train4test_BPR_EVAL20_006_comm_14_U137_I3673\006_comm_14_U137_I3673_top20_per_user_recs_VR14b_COMM_DET_LN0d2_NEG2_EMB64_POS3train4test_BPR_EVAL20.csv
14,2185,0xb97e9ffd85bDff419caA7951c9B5122143362cD9,1,5,94e3b9110cc6399b4b25ca3f7bdb2a3d5ba5b29b080e68c767af400e5dae1a96,289,0xC7912c59d036482807d42976Dc0c145de6159E9c,8cb1713755e81dd6d15f705379a931786015d2c6fc7c4dfcb95bfa1e89c7e471,D:\PHD\بابل\2024\Research Reco\الجزء الثاني\Douban Reco\4 ايصال التوصيات بضمنها العقد\03_outputs\RECOMMENDATION_DELIVERY_TOP5_V1\payloads\community_14\user_2185_community_14_v1_top5_payload.json,D:\PHD\results\13 Uplift\DMF_GLOBAL_ONLY_COMMUNITIES_DETERMINISTIC\RUN_VR14b_COMM_DET_LN0d2_NEG2_EMB64_POS3train4test_BPR_EVAL20_006_comm_14_U137_I3673\006_comm_14_U137_I3673_top20_per_user_recs_VR14b_COMM_DET_LN0d2_NEG2_EMB64_POS3train4test_BPR_EVAL20.csv
14,2214,0x8E68c044e4D865a4bdA2021Bd38f89F31e569da5,1,5,3cbfb172a8f14db9bb47740f1b60e425a5d07f5de804f934b98f13c3af6fd2fc,289,0xC7912c59d036482807d42976Dc0c145de6159E9c,f14e429386a25e44610af603de44eb9e6b6ec902438abf894ccfe2f0235636c0,D:\PHD\بابل\2024\Research Reco\الجزء الثاني\Douban Reco\4 ايصال التوصيات بضمنها العقد\03_outputs\RECOMMENDATION_DELIVERY_TOP5_V1\payloads\community_14\user_2214_community_14_v1_top5_payload.json,D:\PHD\results\13 Uplift\DMF_GLOBAL_ONLY_COMMUNITIES_DETERMINISTIC\RUN_VR14b_COMM_DET_LN0d2_NEG2_EMB64_POS3train4test_BPR_EVAL20_006_comm_14_U137_I3673\006_comm_14_U137_I3673_top20_per_user_recs_VR14b_COMM_DET_LN0d2_NEG2_EMB64_POS3train4test_BPR_EVAL20.csv
14,2227,0x2e0c08ecaE29B46b62384ec813b31A4Af054cc70,1,5,8107a3e479b750f9ee86ccc1fe0f971c3f07d7b9fa1672d9e7f72c31997714a2,289,0xC7912c59d036482807d42976Dc0c145de6159E9c,6710ca046924409541b02ccb91234cdc17c0f67117e8b7e4c1d91d0f72b2b2e6,D:\PHD\بابل\2024\Research Reco\الجزء الثاني\Douban Reco\4 ايصال التوصيات بضمنها العقد\03_outputs\RECOMMENDATION_DELIVERY_TOP5_V1\payloads\community_14\user_2227_community_14_v1_top5_payload.json,D:\PHD\results\13 Uplift\DMF_GLOBAL_ONLY_COMMUNITIES_DETERMINISTIC\RUN_VR14b_COMM_DET_LN0d2_NEG2_EMB64_POS3train4test_BPR_EVAL20_006_comm_14_U137_I3673\006_comm_14_U137_I3673_top20_per_user_recs_VR14b_COMM_DET_LN0d2_NEG2_EMB64_POS3train4test_BPR_EVAL20.csv
14,2247,0x30488406Ec10dC32b9B74B67Fe82bEA3d8113f3A,1,5,90246f49cfcfa7074fd326a4811452de57b8f158c8480d4d4bb8624d18e689fe,289,0xC7912c59d036482807d42976Dc0c145de6159E9c,5138363910234d0464336ab61f833e840e3d2d36d6890c5bcea239e1516f18ee,D:\PHD\بابل\2024\Research Reco\الجزء الثاني\Douban Reco\4 ايصال التوصيات بضمنها العقد\03_outputs\RECOMMENDATION_DELIVERY_TOP5_V1\payloads\community_14\user_2247_community_14_v1_top5_payload.json,D:\PHD\results\13 Uplift\DMF_GLOBAL_ONLY_COMMUNITIES_DETERMINISTIC\RUN_VR14b_COMM_DET_LN0d2_NEG2_EMB64_POS3train4test_BPR_EVAL20_006_comm_14_U137_I3673\006_comm_14_U137_I3673_top20_per_user_recs_VR14b_COMM_DET_LN0d2_NEG2_EMB64_POS3train4test_BPR_EVAL20.csv
14,2249,0xb8539e6ea4609293b1ADB340c5b2418D88fedE7D,1,5,7ed0a00fd6a64a4b0bfcabe7f08b5bfe4d9e60b7488d7984f78eb5236bc41ace,289,0xC7912c59d036482807d42976Dc0c145de6159E9c,40f303caebaa0397207dab08d2cde21084bb2e70b827f37cc45d93b522332c36,D:\PHD\بابل\2024\Research Reco\الجزء الثاني\Douban Reco\4 ايصال التوصيات بضمنها العقد\03_outputs\RECOMMENDATION_DELIVERY_TOP5_V1\payloads\community_14\user_2249_community_14_v1_top5_payload.json,D:\PHD\results\13 Uplift\DMF_GLOBAL_ONLY_COMMUNITIES_DETERMINISTIC\RUN_VR14b_COMM_DET_LN0d2_NEG2_EMB64_POS3train4test_BPR_EVAL20_006_comm_14_U137_I3673\006_comm_14_U137_I3673_top20_per_user_recs_VR14b_COMM_DET_LN0d2_NEG2_EMB64_POS3train4test_BPR_EVAL20.csv
14,2264,0x655a19358283cF3c795C7fd8e6CE9d130326C621,1,5,f314d6ec7f0426c4664c0981008d2440671e9decf94dd761be6671995a726b99,289,0xC7912c59d036482807d42976Dc0c145de6159E9c,fb3d410dcbeb2b3b369f234019472a1d97e9c1f19a2196b97e6564df50239819,D:\PHD\بابل\2024\Research Reco\الجزء الثاني\Douban Reco\4 ايصال التوصيات بضمنها العقد\03_outputs\RECOMMENDATION_DELIVERY_TOP5_V1\payloads\community_14\user_2264_community_14_v1_top5_payload.json,D:\PHD\results\13 Uplift\DMF_GLOBAL_ONLY_COMMUNITIES_DETERMINISTIC\RUN_VR14b_COMM_DET_LN0d2_NEG2_EMB64_POS3train4test_BPR_EVAL20_006_comm_14_U137_I3673\006_comm_14_U137_I3673_top20_per_user_recs_VR14b_COMM_DET_LN0d2_NEG2_EMB64_POS3train4test_BPR_EVAL20.csv
14,2397,0x0B79695A6f2EF2c945A6adbcD05cc4b99af7d0C7,1,5,d6c0517e12e539dafd7755bc16dc27923a459f780082b19b32e2d9ec441ac214,289,0xC7912c59d036482807d42976Dc0c145de6159E9c,6002d51f789039007a1d3f5d97b2c7f09ecfe28eb1747b1f481cf403b35bff17,D:\PHD\بابل\2024\Research Reco\الجزء الثاني\Douban Reco\4 ايصال التوصيات بضمنها العقد\03_outputs\RECOMMENDATION_DELIVERY_TOP5_V1\payloads\community_14\user_2397_community_14_v1_top5_payload.json,D:\PHD\results\13 Uplift\DMF_GLOBAL_ONLY_COMMUNITIES_DETERMINISTIC\RUN_VR14b_COMM_DET_LN0d2_NEG2_EMB64_POS3train4test_BPR_EVAL20_006_comm_14_U137_I3673\006_comm_14_U137_I3673_top20_per_user_recs_VR14b_COMM_DET_LN0d2_NEG2_EMB64_POS3train4test_BPR_EVAL20.csv
14,2405,0xc7066127CB224C22361390EAC11D7Ab3968835Cc,1,5,0e747e86f831ad4f6d8bb98fa5269e936f8a170889b7d66afe4a68f67d09086e,289,0xC7912c59d036482807d42976Dc0c145de6159E9c,7fab20c057f5560778ea698ff2083646e9740cd2f59c0576122b6baa2fe36d98,D:\PHD\بابل\2024\Research Reco\الجزء الثاني\Douban Reco\4 ايصال التوصيات بضمنها العقد\03_outputs\RECOMMENDATION_DELIVERY_TOP5_V1\payloads\community_14\user_2405_community_14_v1_top5_payload.json,D:\PHD\results\13 Uplift\DMF_GLOBAL_ONLY_COMMUNITIES_DETERMINISTIC\RUN_VR14b_COMM_DET_LN0d2_NEG2_EMB64_POS3train4test_BPR_EVAL20_006_comm_14_U137_I3673\006_comm_14_U137_I3673_top20_per_user_recs_VR14b_COMM_DET_LN0d2_NEG2_EMB64_POS3train4test_BPR_EVAL20.csv
14,2417,0x8bf4f93eD09aCaD889579EDBF5049D40339a8679,1,5,7b5a730d656e7618b8701258b0d820aa014ab42abd9d891f79b81e92b7345648,289,0xC7912c59d036482807d42976Dc0c145de6159E9c,961b1a7d3176c14ffd9f243841dc75e92206fa0746cc5bc28e644adfabe819b0,D:\PHD\بابل\2024\Research Reco\الجزء الثاني\Douban Reco\4 ايصال التوصيات بضمنها العقد\03_outputs\RECOMMENDATION_DELIVERY_TOP5_V1\payloads\community_14\user_2417_community_14_v1_top5_payload.json,D:\PHD\results\13 Uplift\DMF_GLOBAL_ONLY_COMMUNITIES_DETERMINISTIC\RUN_VR14b_COMM_DET_LN0d2_NEG2_EMB64_POS3train4test_BPR_EVAL20_006_comm_14_U137_I3673\006_comm_14_U137_I3673_top20_per_user_recs_VR14b_COMM_DET_LN0d2_NEG2_EMB64_POS3train4test_BPR_EVAL20.csv
14,2432,0x00a7adD9B38bD400FDd5ED9f735EE3487E5E1946,1,5,5850bb07af7630613ce2abe0b5ec3eb739668316eedb1ae727e870569545dce7,289,0xC7912c59d036482807d42976Dc0c145de6159E9c,c9ea291a238e444304c9c74cf3c5e9fcb107118baeca2b60704bd60ce993f9a4,D:\PHD\بابل\2024\Research Reco\الجزء الثاني\Douban Reco\4 ايصال التوصيات بضمنها العقد\03_outputs\RECOMMENDATION_DELIVERY_TOP5_V1\payloads\community_14\user_2432_community_14_v1_top5_payload.json,D:\PHD\results\13 Uplift\DMF_GLOBAL_ONLY_COMMUNITIES_DETERMINISTIC\RUN_VR14b_COMM_DET_LN0d2_NEG2_EMB64_POS3train4test_BPR_EVAL20_006_comm_14_U137_I3673\006_comm_14_U137_I3673_top20_per_user_recs_VR14b_COMM_DET_LN0d2_NEG2_EMB64_POS3train4test_BPR_EVAL20.csv
14,2443,0x2f1DAB04C11D3267D25Da8d4B11a2063456203C5,1,5,049b4b8dbf4aff36cb0b80f6ee7d284188da6d6035dfdb9f949d0c9cbbc3f228,289,0xC7912c59d036482807d42976Dc0c145de6159E9c,c361e63d1924109b85f2225c2d203288e0393b42880d2727b24ea725fcb4ba3c,D:\PHD\بابل\2024\Research Reco\الجزء الثاني\Douban Reco\4 ايصال التوصيات بضمنها العقد\03_outputs\RECOMMENDATION_DELIVERY_TOP5_V1\payloads\community_14\user_2443_community_14_v1_top5_payload.json,D:\PHD\results\13 Uplift\DMF_GLOBAL_ONLY_COMMUNITIES_DETERMINISTIC\RUN_VR14b_COMM_DET_LN0d2_NEG2_EMB64_POS3train4test_BPR_EVAL20_006_comm_14_U137_I3673\006_comm_14_U137_I3673_top20_per_user_recs_VR14b_COMM_DET_LN0d2_NEG2_EMB64_POS3train4test_BPR_EVAL20.csv
14,2475,0x8A438A40405dEFBBeD6dd92e63F3942cC3Dc3D55,1,5,e20a7146ccf5dd2062dbafa9054163709f31d1c4ae67d027967b1ae7a40793e8,289,0xC7912c59d036482807d42976Dc0c145de6159E9c,81c5b5a62e93aac2d2d650b433d5d6fb0c13b82a57e3d8510da3caf535cf1474,D:\PHD\بابل\2024\Research Reco\الجزء الثاني\Douban Reco\4 ايصال التوصيات بضمنها العقد\03_outputs\RECOMMENDATION_DELIVERY_TOP5_V1\payloads\community_14\user_2475_community_14_v1_top5_payload.json,D:\PHD\results\13 Uplift\DMF_GLOBAL_ONLY_COMMUNITIES_DETERMINISTIC\RUN_VR14b_COMM_DET_LN0d2_NEG2_EMB64_POS3train4test_BPR_EVAL20_006_comm_14_U137_I3673\006_comm_14_U137_I3673_top20_per_user_recs_VR14b_COMM_DET_LN0d2_NEG2_EMB64_POS3train4test_BPR_EVAL20.csv
14,2564,0xa1a72df0F1f2853204Eb582b3c45AA94b5E509E9,1,5,fc5f432824a2f3daae37a3136697247044facd9028f72f41be8ccd617f56f720,289,0xC7912c59d036482807d42976Dc0c145de6159E9c,b86d79938038d2c1a82d7d5a4016ba39d3ccc6c94001fb9a5bd47b9f04f10482,D:\PHD\بابل\2024\Research Reco\الجزء الثاني\Douban Reco\4 ايصال التوصيات بضمنها العقد\03_outputs\RECOMMENDATION_DELIVERY_TOP5_V1\payloads\community_14\user_2564_community_14_v1_top5_payload.json,D:\PHD\results\13 Uplift\DMF_GLOBAL_ONLY_COMMUNITIES_DETERMINISTIC\RUN_VR14b_COMM_DET_LN0d2_NEG2_EMB64_POS3train4test_BPR_EVAL20_006_comm_14_U137_I3673\006_comm_14_U137_I3673_top20_per_user_recs_VR14b_COMM_DET_LN0d2_NEG2_EMB64_POS3train4test_BPR_EVAL20.csv
14,2597,0x4158147eD6c8E1615DccBCF190da2a2dFbc939a3,1,5,61df5bd294a6fb71756eb2519b8cb42411ebce13cf0fe1704b75c4f8b52e8bb9,289,0xC7912c59d036482807d42976Dc0c145de6159E9c,35b9316c3ce9d08ba65e9093a4d2c081413ce8b00ec11be55229fd1c26a9b066,D:\PHD\بابل\2024\Research Reco\الجزء الثاني\Douban Reco\4 ايصال التوصيات بضمنها العقد\03_outputs\RECOMMENDATION_DELIVERY_TOP5_V1\payloads\community_14\user_2597_community_14_v1_top5_payload.json,D:\PHD\results\13 Uplift\DMF_GLOBAL_ONLY_COMMUNITIES_DETERMINISTIC\RUN_VR14b_COMM_DET_LN0d2_NEG2_EMB64_POS3train4test_BPR_EVAL20_006_comm_14_U137_I3673\006_comm_14_U137_I3673_top20_per_user_recs_VR14b_COMM_DET_LN0d2_NEG2_EMB64_POS3train4test_BPR_EVAL20.csv
14,2604,0x4f894E19A823Aa667cEB69edf176A28779CB85Ab,1,5,d7a7fafd2983af5daf13506d264c4de64ef252ce978bffc25c78b2de52e37d79,289,0xC7912c59d036482807d42976Dc0c145de6159E9c,f74749aec539faf6ca105a94a918f8643790d0ada295ac13ed3484b756712c2c,D:\PHD\بابل\2024\Research Reco\الجزء الثاني\Douban Reco\4 ايصال التوصيات بضمنها العقد\03_outputs\RECOMMENDATION_DELIVERY_TOP5_V1\payloads\community_14\user_2604_community_14_v1_top5_payload.json,D:\PHD\results\13 Uplift\DMF_GLOBAL_ONLY_COMMUNITIES_DETERMINISTIC\RUN_VR14b_COMM_DET_LN0d2_NEG2_EMB64_POS3train4test_BPR_EVAL20_006_comm_14_U137_I3673\006_comm_14_U137_I3673_top20_per_user_recs_VR14b_COMM_DET_LN0d2_NEG2_EMB64_POS3train4test_BPR_EVAL20.csv
14,2610,0x75FA2314c6EED048c0973E569CC5619c3d0BFb7F,1,5,0b212a737df2f0459696d27e837d73ecceae18ba6f6e1665f24979d13e7bebd2,289,0xC7912c59d036482807d42976Dc0c145de6159E9c,14a6813f0b57a044f0efeebb5036a581ab1a0e3b0ebedd1c209ff7d1d6a8b4a4,D:\PHD\بابل\2024\Research Reco\الجزء الثاني\Douban Reco\4 ايصال التوصيات بضمنها العقد\03_outputs\RECOMMENDATION_DELIVERY_TOP5_V1\payloads\community_14\user_2610_community_14_v1_top5_payload.json,D:\PHD\results\13 Uplift\DMF_GLOBAL_ONLY_COMMUNITIES_DETERMINISTIC\RUN_VR14b_COMM_DET_LN0d2_NEG2_EMB64_POS3train4test_BPR_EVAL20_006_comm_14_U137_I3673\006_comm_14_U137_I3673_top20_per_user_recs_VR14b_COMM_DET_LN0d2_NEG2_EMB64_POS3train4test_BPR_EVAL20.csv
14,2617,0xb7bF497ac2024f629Fb00b53d759B3B08Daa5e00,1,5,7ff49192d702a50338fd97c57a1e35e1945f11b78297b89a145d8f4a71170dd4,289,0xC7912c59d036482807d42976Dc0c145de6159E9c,d33859104a7133e3ef142e2efc847eab9e3cade2c3182adaf1dc9be8403b5c6e,D:\PHD\بابل\2024\Research Reco\الجزء الثاني\Douban Reco\4 ايصال التوصيات بضمنها العقد\03_outputs\RECOMMENDATION_DELIVERY_TOP5_V1\payloads\community_14\user_2617_community_14_v1_top5_payload.json,D:\PHD\results\13 Uplift\DMF_GLOBAL_ONLY_COMMUNITIES_DETERMINISTIC\RUN_VR14b_COMM_DET_LN0d2_NEG2_EMB64_POS3train4test_BPR_EVAL20_006_comm_14_U137_I3673\006_comm_14_U137_I3673_top20_per_user_recs_VR14b_COMM_DET_LN0d2_NEG2_EMB64_POS3train4test_BPR_EVAL20.csv
14,2618,0x293Dc14509ECBB44deFc870f707D4d7E5d1bA183,1,5,7d7667c0257005f5beef32ee5945bbf29aa787d12cf3034d261817677bbdd8de,289,0xC7912c59d036482807d42976Dc0c145de6159E9c,f9421d8332541a63c55cad03c910dc1e56c1b794caa78cc84705ef42671cc4fa,D:\PHD\بابل\2024\Research Reco\الجزء الثاني\Douban Reco\4 ايصال التوصيات بضمنها العقد\03_outputs\RECOMMENDATION_DELIVERY_TOP5_V1\payloads\community_14\user_2618_community_14_v1_top5_payload.json,D:\PHD\results\13 Uplift\DMF_GLOBAL_ONLY_COMMUNITIES_DETERMINISTIC\RUN_VR14b_COMM_DET_LN0d2_NEG2_EMB64_POS3train4test_BPR_EVAL20_006_comm_14_U137_I3673\006_comm_14_U137_I3673_top20_per_user_recs_VR14b_COMM_DET_LN0d2_NEG2_EMB64_POS3train4test_BPR_EVAL20.csv
14,2622,0x5D34aA1Da2a69De659092Fa2777F611515664Eb8,1,5,7a634f1272a6b52a1ef99b8310c151a89f61303be8b9aaad2d99e401bc93d27c,289,0xC7912c59d036482807d42976Dc0c145de6159E9c,47f33a1a8ff275e9952cf0013d66dd1cbeeefebcb21b65699528fe1a4d997df8,D:\PHD\بابل\2024\Research Reco\الجزء الثاني\Douban Reco\4 ايصال التوصيات بضمنها العقد\03_outputs\RECOMMENDATION_DELIVERY_TOP5_V1\payloads\community_14\user_2622_community_14_v1_top5_payload.json,D:\PHD\results\13 Uplift\DMF_GLOBAL_ONLY_COMMUNITIES_DETERMINISTIC\RUN_VR14b_COMM_DET_LN0d2_NEG2_EMB64_POS3train4test_BPR_EVAL20_006_comm_14_U137_I3673\006_comm_14_U137_I3673_top20_per_user_recs_VR14b_COMM_DET_LN0d2_NEG2_EMB64_POS3train4test_BPR_EVAL20.csv
14,2640,0xE1F0232e39c0b84638691d271D47B592E4b74D51,1,5,066206c7027cc7036b14f500ebaf5c3761f44c130aefd6be87d9bbc9861c544e,289,0xC7912c59d036482807d42976Dc0c145de6159E9c,a80393fc39ad58942b1c8a68d84610b879b480f9ce36ecb148313b4beb0c6e55,D:\PHD\بابل\2024\Research Reco\الجزء الثاني\Douban Reco\4 ايصال التوصيات بضمنها العقد\03_outputs\RECOMMENDATION_DELIVERY_TOP5_V1\payloads\community_14\user_2640_community_14_v1_top5_payload.json,D:\PHD\results\13 Uplift\DMF_GLOBAL_ONLY_COMMUNITIES_DETERMINISTIC\RUN_VR14b_COMM_DET_LN0d2_NEG2_EMB64_POS3train4test_BPR_EVAL20_006_comm_14_U137_I3673\006_comm_14_U137_I3673_top20_per_user_recs_VR14b_COMM_DET_LN0d2_NEG2_EMB64_POS3train4test_BPR_EVAL20.csv
14,2675,0xd61513A23b038f5ccD3815C57A41901EB0d5C208,1,5,d0bbaf3efd397b556bae9708e5e9cc50e608cd14be7ef610735abaebac61ea1b,289,0xC7912c59d036482807d42976Dc0c145de6159E9c,11850d10f0dc22076c3dd74e903aef5f060b283b972319adb3ba97cdc4ddcf3e,D:\PHD\بابل\2024\Research Reco\الجزء الثاني\Douban Reco\4 ايصال التوصيات بضمنها العقد\03_outputs\RECOMMENDATION_DELIVERY_TOP5_V1\payloads\community_14\user_2675_community_14_v1_top5_payload.json,D:\PHD\results\13 Uplift\DMF_GLOBAL_ONLY_COMMUNITIES_DETERMINISTIC\RUN_VR14b_COMM_DET_LN0d2_NEG2_EMB64_POS3train4test_BPR_EVAL20_006_comm_14_U137_I3673\006_comm_14_U137_I3673_top20_per_user_recs_VR14b_COMM_DET_LN0d2_NEG2_EMB64_POS3train4test_BPR_EVAL20.csv
14,2690,0xae28c2A94f2e5449A14c3cc9Ad351874d98Cfb5a,1,5,0de4541a387333320c1466488f3858f500333b9c033137dec1787d22fe37f350,289,0xC7912c59d036482807d42976Dc0c145de6159E9c,7859f3d15d6c9b994b63b17e26979cddb1a9df762893ba48c4b7070a3de5a36c,D:\PHD\بابل\2024\Research Reco\الجزء الثاني\Douban Reco\4 ايصال التوصيات بضمنها العقد\03_outputs\RECOMMENDATION_DELIVERY_TOP5_V1\payloads\community_14\user_2690_community_14_v1_top5_payload.json,D:\PHD\results\13 Uplift\DMF_GLOBAL_ONLY_COMMUNITIES_DETERMINISTIC\RUN_VR14b_COMM_DET_LN0d2_NEG2_EMB64_POS3train4test_BPR_EVAL20_006_comm_14_U137_I3673\006_comm_14_U137_I3673_top20_per_user_recs_VR14b_COMM_DET_LN0d2_NEG2_EMB64_POS3train4test_BPR_EVAL20.csv
14,2697,0x566a00a7A3D16cBf80928eDD29556CF703A9B9Eb,1,5,5e0d0ebac99a3bfd26b250139243ba8208b10b975fa33d506fd4bf54b2b04a6e,289,0xC7912c59d036482807d42976Dc0c145de6159E9c,49b0b5cb57df9f7518bcc0d01e02842d6fa50877b90b357219a1925fe4499e90,D:\PHD\بابل\2024\Research Reco\الجزء الثاني\Douban Reco\4 ايصال التوصيات بضمنها العقد\03_outputs\RECOMMENDATION_DELIVERY_TOP5_V1\payloads\community_14\user_2697_community_14_v1_top5_payload.json,D:\PHD\results\13 Uplift\DMF_GLOBAL_ONLY_COMMUNITIES_DETERMINISTIC\RUN_VR14b_COMM_DET_LN0d2_NEG2_EMB64_POS3train4test_BPR_EVAL20_006_comm_14_U137_I3673\006_comm_14_U137_I3673_top20_per_user_recs_VR14b_COMM_DET_LN0d2_NEG2_EMB64_POS3train4test_BPR_EVAL20.csv
14,2738,0xfC3AE9Ab5Ea86FF44de4CF757049a2D2bF5cbc97,1,5,eb3bf7a1afa4d5eae2cb114741054997360fa8d046e2d5cd3ccabac76760779a,289,0xC7912c59d036482807d42976Dc0c145de6159E9c,0cc6a06e457f23c498cfa688221c910ec1905389f43db0080653c5ae160c030a,D:\PHD\بابل\2024\Research Reco\الجزء الثاني\Douban Reco\4 ايصال التوصيات بضمنها العقد\03_outputs\RECOMMENDATION_DELIVERY_TOP5_V1\payloads\community_14\user_2738_community_14_v1_top5_payload.json,D:\PHD\results\13 Uplift\DMF_GLOBAL_ONLY_COMMUNITIES_DETERMINISTIC\RUN_VR14b_COMM_DET_LN0d2_NEG2_EMB64_POS3train4test_BPR_EVAL20_006_comm_14_U137_I3673\006_comm_14_U137_I3673_top20_per_user_recs_VR14b_COMM_DET_LN0d2_NEG2_EMB64_POS3train4test_BPR_EVAL20.csv
14,2747,0x62FfE18de2dd5650942cf4CdC98176a328021066,1,5,30f8ed2dcd283e0172bb161572b6099f592e2189a75669f8a3489123f6d94936,289,0xC7912c59d036482807d42976Dc0c145de6159E9c,c282ba7d3570a32f72fbcf5e81674603f997dedc89f46525b7ada191bb9c098c,D:\PHD\بابل\2024\Research Reco\الجزء الثاني\Douban Reco\4 ايصال التوصيات بضمنها العقد\03_outputs\RECOMMENDATION_DELIVERY_TOP5_V1\payloads\community_14\user_2747_community_14_v1_top5_payload.json,D:\PHD\results\13 Uplift\DMF_GLOBAL_ONLY_COMMUNITIES_DETERMINISTIC\RUN_VR14b_COMM_DET_LN0d2_NEG2_EMB64_POS3train4test_BPR_EVAL20_006_comm_14_U137_I3673\006_comm_14_U137_I3673_top20_per_user_recs_VR14b_COMM_DET_LN0d2_NEG2_EMB64_POS3train4test_BPR_EVAL20.csv
14,2755,0x9bf92ee3c38E86CD6f4A0ED6e937b35C1D8bAd59,1,5,14bd09a076f47fdc7627d71f5151c401a6612b60dd04513afbdee9deca77867a,289,0xC7912c59d036482807d42976Dc0c145de6159E9c,35c9071ae87376ce2fa50fbb53c4da63786d2aed9406b5320682934d06266ffc,D:\PHD\بابل\2024\Research Reco\الجزء الثاني\Douban Reco\4 ايصال التوصيات بضمنها العقد\03_outputs\RECOMMENDATION_DELIVERY_TOP5_V1\payloads\community_14\user_2755_community_14_v1_top5_payload.json,D:\PHD\results\13 Uplift\DMF_GLOBAL_ONLY_COMMUNITIES_DETERMINISTIC\RUN_VR14b_COMM_DET_LN0d2_NEG2_EMB64_POS3train4test_BPR_EVAL20_006_comm_14_U137_I3673\006_comm_14_U137_I3673_top20_per_user_recs_VR14b_COMM_DET_LN0d2_NEG2_EMB64_POS3train4test_BPR_EVAL20.csv
14,2767,0xD98d1fBB24842d5B4d0B00E4ee98382052433EC1,1,5,8956adfad10c3d7970ce5b8778d2e808829f2906af3b49fe9a1abb37f91fcd54,289,0xC7912c59d036482807d42976Dc0c145de6159E9c,dbfb25958ffe06fdff77f33d60a6483cb945d9fde1331d4a2690017493190f29,D:\PHD\بابل\2024\Research Reco\الجزء الثاني\Douban Reco\4 ايصال التوصيات بضمنها العقد\03_outputs\RECOMMENDATION_DELIVERY_TOP5_V1\payloads\community_14\user_2767_community_14_v1_top5_payload.json,D:\PHD\results\13 Uplift\DMF_GLOBAL_ONLY_COMMUNITIES_DETERMINISTIC\RUN_VR14b_COMM_DET_LN0d2_NEG2_EMB64_POS3train4test_BPR_EVAL20_006_comm_14_U137_I3673\006_comm_14_U137_I3673_top20_per_user_recs_VR14b_COMM_DET_LN0d2_NEG2_EMB64_POS3train4test_BPR_EVAL20.csv
14,2783,0x0A60428797f4f0F9C83F1aA26D5a2D6c3d0158a4,1,5,09ff4ac3d7244e9e06bff64aa1ec0c29867a6ca4a9460bb6edf9ecde45e1756e,289,0xC7912c59d036482807d42976Dc0c145de6159E9c,8ec34f10b3e7675896526fe1a1c29b4363b23ebc047127b70882b471b0e7ac01,D:\PHD\بابل\2024\Research Reco\الجزء الثاني\Douban Reco\4 ايصال التوصيات بضمنها العقد\03_outputs\RECOMMENDATION_DELIVERY_TOP5_V1\payloads\community_14\user_2783_community_14_v1_top5_payload.json,D:\PHD\results\13 Uplift\DMF_GLOBAL_ONLY_COMMUNITIES_DETERMINISTIC\RUN_VR14b_COMM_DET_LN0d2_NEG2_EMB64_POS3train4test_BPR_EVAL20_006_comm_14_U137_I3673\006_comm_14_U137_I3673_top20_per_user_recs_VR14b_COMM_DET_LN0d2_NEG2_EMB64_POS3train4test_BPR_EVAL20.csv
14,2793,0x61C26CaF5AfCd574f436BA417a041d395Ed757DA,1,5,697acfaa1b8f349aadf6f99305e2f145df00f56ff896b37fb542ec131d9c0b7a,289,0xC7912c59d036482807d42976Dc0c145de6159E9c,03833c403e4b402674333075964798f96213fb18504955a4ed050226f3f6f27e,D:\PHD\بابل\2024\Research Reco\الجزء الثاني\Douban Reco\4 ايصال التوصيات بضمنها العقد\03_outputs\RECOMMENDATION_DELIVERY_TOP5_V1\payloads\community_14\user_2793_community_14_v1_top5_payload.json,D:\PHD\results\13 Uplift\DMF_GLOBAL_ONLY_COMMUNITIES_DETERMINISTIC\RUN_VR14b_COMM_DET_LN0d2_NEG2_EMB64_POS3train4test_BPR_EVAL20_006_comm_14_U137_I3673\006_comm_14_U137_I3673_top20_per_user_recs_VR14b_COMM_DET_LN0d2_NEG2_EMB64_POS3train4test_BPR_EVAL20.csv
14,2794,0xd450C5829E86620C980440d47C37C1b53eeb1aAC,1,5,292d115aa2c463c744875f87140735b32bcef4445d3a8cf7755bbd542b44a3dd,289,0xC7912c59d036482807d42976Dc0c145de6159E9c,631b308d70aad065aae2bb86f970971ea1709e6aba652a50a47bf576fc68ceed,D:\PHD\بابل\2024\Research Reco\الجزء الثاني\Douban Reco\4 ايصال التوصيات بضمنها العقد\03_outputs\RECOMMENDATION_DELIVERY_TOP5_V1\payloads\community_14\user_2794_community_14_v1_top5_payload.json,D:\PHD\results\13 Uplift\DMF_GLOBAL_ONLY_COMMUNITIES_DETERMINISTIC\RUN_VR14b_COMM_DET_LN0d2_NEG2_EMB64_POS3train4test_BPR_EVAL20_006_comm_14_U137_I3673\006_comm_14_U137_I3673_top20_per_user_recs_VR14b_COMM_DET_LN0d2_NEG2_EMB64_POS3train4test_BPR_EVAL20.csv
14,2795,0x836a3b630578C012591c898b25c58eBb689b69a9,1,5,a30ffbe01b3aaa9e36bb2c6747337e2c8408f0fb92dacf4f843704936af0f363,289,0xC7912c59d036482807d42976Dc0c145de6159E9c,aaaeb47ade087a2e8b9700b25967a7fa5851fb8a2a6424dec7e5d5dade540a34,D:\PHD\بابل\2024\Research Reco\الجزء الثاني\Douban Reco\4 ايصال التوصيات بضمنها العقد\03_outputs\RECOMMENDATION_DELIVERY_TOP5_V1\payloads\community_14\user_2795_community_14_v1_top5_payload.json,D:\PHD\results\13 Uplift\DMF_GLOBAL_ONLY_COMMUNITIES_DETERMINISTIC\RUN_VR14b_COMM_DET_LN0d2_NEG2_EMB64_POS3train4test_BPR_EVAL20_006_comm_14_U137_I3673\006_comm_14_U137_I3673_top20_per_user_recs_VR14b_COMM_DET_LN0d2_NEG2_EMB64_POS3train4test_BPR_EVAL20.csv
14,2803,0x2e16a498cF40eC9C5DcE4c19c42A467A4460FFE0,1,5,650a3433e3f4dc1fc5c83dcf02d3358d8c62acd386337ef3c40f1278c88d3cc1,289,0xC7912c59d036482807d42976Dc0c145de6159E9c,0035b203ffca53f3f2fb6d29e9cbb7be5408ebeb07bc806d7d68379f8aa728df,D:\PHD\بابل\2024\Research Reco\الجزء الثاني\Douban Reco\4 ايصال التوصيات بضمنها العقد\03_outputs\RECOMMENDATION_DELIVERY_TOP5_V1\payloads\community_14\user_2803_community_14_v1_top5_payload.json,D:\PHD\results\13 Uplift\DMF_GLOBAL_ONLY_COMMUNITIES_DETERMINISTIC\RUN_VR14b_COMM_DET_LN0d2_NEG2_EMB64_POS3train4test_BPR_EVAL20_006_comm_14_U137_I3673\006_comm_14_U137_I3673_top20_per_user_recs_VR14b_COMM_DET_LN0d2_NEG2_EMB64_POS3train4test_BPR_EVAL20.csv
14,2827,0xd4085Fda40B2426145874626687960Dcf85f8CE1,1,5,4b7d91ecded910b6a1de60b275440d5918de62a1c43584b90c61a0e5bddfe961,289,0xC7912c59d036482807d42976Dc0c145de6159E9c,958e491436469ff3bb9ab43dd26aa79bd15d852ea70fc841c7d98988c631baeb,D:\PHD\بابل\2024\Research Reco\الجزء الثاني\Douban Reco\4 ايصال التوصيات بضمنها العقد\03_outputs\RECOMMENDATION_DELIVERY_TOP5_V1\payloads\community_14\user_2827_community_14_v1_top5_payload.json,D:\PHD\results\13 Uplift\DMF_GLOBAL_ONLY_COMMUNITIES_DETERMINISTIC\RUN_VR14b_COMM_DET_LN0d2_NEG2_EMB64_POS3train4test_BPR_EVAL20_006_comm_14_U137_I3673\006_comm_14_U137_I3673_top20_per_user_recs_VR14b_COMM_DET_LN0d2_NEG2_EMB64_POS3train4test_BPR_EVAL20.csv
14,2833,0x5145364c5664951c1095CA5247c4cDd2b0c56584,1,5,e64d9387efa81648984ab3f6a94e671c38c502add40ead02006014a22e62c170,289,0xC7912c59d036482807d42976Dc0c145de6159E9c,8274d3fb4a5b649762688625d5999227104f488ceed230ad60f426bdc49c980b,D:\PHD\بابل\2024\Research Reco\الجزء الثاني\Douban Reco\4 ايصال التوصيات بضمنها العقد\03_outputs\RECOMMENDATION_DELIVERY_TOP5_V1\payloads\community_14\user_2833_community_14_v1_top5_payload.json,D:\PHD\results\13 Uplift\DMF_GLOBAL_ONLY_COMMUNITIES_DETERMINISTIC\RUN_VR14b_COMM_DET_LN0d2_NEG2_EMB64_POS3train4test_BPR_EVAL20_006_comm_14_U137_I3673\006_comm_14_U137_I3673_top20_per_user_recs_VR14b_COMM_DET_LN0d2_NEG2_EMB64_POS3train4test_BPR_EVAL20.csv
14,2868,0xC8c0DaD63e3eb2B43E062e30a3AEE15e238B9c43,1,5,23930b94c9557297ac82f8fe89515a49781094f664ad667450f44160fa4592a3,289,0xC7912c59d036482807d42976Dc0c145de6159E9c,6a22fd9e8d29e315cc4d0dea9ae2488b8f76b11058571e9ffd7d1a3b1a335b9d,D:\PHD\بابل\2024\Research Reco\الجزء الثاني\Douban Reco\4 ايصال التوصيات بضمنها العقد\03_outputs\RECOMMENDATION_DELIVERY_TOP5_V1\payloads\community_14\user_2868_community_14_v1_top5_payload.json,D:\PHD\results\13 Uplift\DMF_GLOBAL_ONLY_COMMUNITIES_DETERMINISTIC\RUN_VR14b_COMM_DET_LN0d2_NEG2_EMB64_POS3train4test_BPR_EVAL20_006_comm_14_U137_I3673\006_comm_14_U137_I3673_top20_per_user_recs_VR14b_COMM_DET_LN0d2_NEG2_EMB64_POS3train4test_BPR_EVAL20.csv
14,2869,0x6170553078C825E23f823b5e1dc4553791cD3474,1,5,8d0d7629bce06886726b67fd610a1ea547010273ee5cd1e0798d69b36990e71d,289,0xC7912c59d036482807d42976Dc0c145de6159E9c,bada9e9f2142ad9c272b9b9406721ef5f71d655ed7fc2bdf08a296d6be78f92b,D:\PHD\بابل\2024\Research Reco\الجزء الثاني\Douban Reco\4 ايصال التوصيات بضمنها العقد\03_outputs\RECOMMENDATION_DELIVERY_TOP5_V1\payloads\community_14\user_2869_community_14_v1_top5_payload.json,D:\PHD\results\13 Uplift\DMF_GLOBAL_ONLY_COMMUNITIES_DETERMINISTIC\RUN_VR14b_COMM_DET_LN0d2_NEG2_EMB64_POS3train4test_BPR_EVAL20_006_comm_14_U137_I3673\006_comm_14_U137_I3673_top20_per_user_recs_VR14b_COMM_DET_LN0d2_NEG2_EMB64_POS3train4test_BPR_EVAL20.csv
14,2872,0xaE4F510eE3d8Aaf74Cc05e3f38808d9F0B84E0CE,1,5,7f8fb233f4d82e780d8637c15f8bd7e5c976aa90bf277d5d61615c364e79846d,289,0xC7912c59d036482807d42976Dc0c145de6159E9c,42ee089ee948225b9c4d6c7c9482c547b8237d591f6e4ed0e8dddbd3f5794122,D:\PHD\بابل\2024\Research Reco\الجزء الثاني\Douban Reco\4 ايصال التوصيات بضمنها العقد\03_outputs\RECOMMENDATION_DELIVERY_TOP5_V1\payloads\community_14\user_2872_community_14_v1_top5_payload.json,D:\PHD\results\13 Uplift\DMF_GLOBAL_ONLY_COMMUNITIES_DETERMINISTIC\RUN_VR14b_COMM_DET_LN0d2_NEG2_EMB64_POS3train4test_BPR_EVAL20_006_comm_14_U137_I3673\006_comm_14_U137_I3673_top20_per_user_recs_VR14b_COMM_DET_LN0d2_NEG2_EMB64_POS3train4test_BPR_EVAL20.csv
14,2898,0xe24F1Caefdb846164f7A1ED6806a711011a5FCD3,1,5,e4e5239d5bd2f6507a95487f8ee3a9454320dcc3ac2fc95fe712565271505999,289,0xC7912c59d036482807d42976Dc0c145de6159E9c,443cea9d49fe100186f82b1963e1b6ba9f974c5c08d543112ccad2eb0964138c,D:\PHD\بابل\2024\Research Reco\الجزء الثاني\Douban Reco\4 ايصال التوصيات بضمنها العقد\03_outputs\RECOMMENDATION_DELIVERY_TOP5_V1\payloads\community_14\user_2898_community_14_v1_top5_payload.json,D:\PHD\results\13 Uplift\DMF_GLOBAL_ONLY_COMMUNITIES_DETERMINISTIC\RUN_VR14b_COMM_DET_LN0d2_NEG2_EMB64_POS3train4test_BPR_EVAL20_006_comm_14_U137_I3673\006_comm_14_U137_I3673_top20_per_user_recs_VR14b_COMM_DET_LN0d2_NEG2_EMB64_POS3train4test_BPR_EVAL20.csv
14,2910,0x27B27f0510aD8cA030F64114754362fE8cBA561e,1,5,f222a975ad2556596a7137a67266952593bce93d70752918fa589234fecc2e13,289,0xC7912c59d036482807d42976Dc0c145de6159E9c,3431b22551004c05ebc891592d444b5e88341f3cbe4c50fa035a5689feb8c0ef,D:\PHD\بابل\2024\Research Reco\الجزء الثاني\Douban Reco\4 ايصال التوصيات بضمنها العقد\03_outputs\RECOMMENDATION_DELIVERY_TOP5_V1\payloads\community_14\user_2910_community_14_v1_top5_payload.json,D:\PHD\results\13 Uplift\DMF_GLOBAL_ONLY_COMMUNITIES_DETERMINISTIC\RUN_VR14b_COMM_DET_LN0d2_NEG2_EMB64_POS3train4test_BPR_EVAL20_006_comm_14_U137_I3673\006_comm_14_U137_I3673_top20_per_user_recs_VR14b_COMM_DET_LN0d2_NEG2_EMB64_POS3train4test_BPR_EVAL20.csv
14,2914,0x365a00F5450e004Ac8bEEC0C38cE73CFFb62c24a,1,5,5825d15e1d280b22911d8494facc87f329cafa01d8b23ea568b72162b8b7b2ef,289,0xC7912c59d036482807d42976Dc0c145de6159E9c,d3cacb85c1419aabac56ac7abdf0d36c5cb78e7aa7022870a3c752abe0c4b8fd,D:\PHD\بابل\2024\Research Reco\الجزء الثاني\Douban Reco\4 ايصال التوصيات بضمنها العقد\03_outputs\RECOMMENDATION_DELIVERY_TOP5_V1\payloads\community_14\user_2914_community_14_v1_top5_payload.json,D:\PHD\results\13 Uplift\DMF_GLOBAL_ONLY_COMMUNITIES_DETERMINISTIC\RUN_VR14b_COMM_DET_LN0d2_NEG2_EMB64_POS3train4test_BPR_EVAL20_006_comm_14_U137_I3673\006_comm_14_U137_I3673_top20_per_user_recs_VR14b_COMM_DET_LN0d2_NEG2_EMB64_POS3train4test_BPR_EVAL20.csv
14,2928,0xf03d1D1305fabD242Bf720Be6ca0f5b65F71b10A,1,5,644a3146943b5551713265b2715146786a27290f5af2f5b8591e4c142856ed2f,289,0xC7912c59d036482807d42976Dc0c145de6159E9c,fd275dd6c03ec1dc7e4cbceb0f6a6c162f04feafadc2010c34a3d414998ab11a,D:\PHD\بابل\2024\Research Reco\الجزء الثاني\Douban Reco\4 ايصال التوصيات بضمنها العقد\03_outputs\RECOMMENDATION_DELIVERY_TOP5_V1\payloads\community_14\user_2928_community_14_v1_top5_payload.json,D:\PHD\results\13 Uplift\DMF_GLOBAL_ONLY_COMMUNITIES_DETERMINISTIC\RUN_VR14b_COMM_DET_LN0d2_NEG2_EMB64_POS3train4test_BPR_EVAL20_006_comm_14_U137_I3673\006_comm_14_U137_I3673_top20_per_user_recs_VR14b_COMM_DET_LN0d2_NEG2_EMB64_POS3train4test_BPR_EVAL20.csv
14,2972,0xeFD3d35F335fFE009D035aA2b5325a1Ab884C594,1,5,64f37911646bfe03faf129fba378130a9793f61a1b830fb5831347210fc3e3a4,289,0xC7912c59d036482807d42976Dc0c145de6159E9c,cf87bf622672754bdcc4b43897b6bfc0a31a75353b0a4bd7a34b01cdd63b2879,D:\PHD\بابل\2024\Research Reco\الجزء الثاني\Douban Reco\4 ايصال التوصيات بضمنها العقد\03_outputs\RECOMMENDATION_DELIVERY_TOP5_V1\payloads\community_14\user_2972_community_14_v1_top5_payload.json,D:\PHD\results\13 Uplift\DMF_GLOBAL_ONLY_COMMUNITIES_DETERMINISTIC\RUN_VR14b_COMM_DET_LN0d2_NEG2_EMB64_POS3train4test_BPR_EVAL20_006_comm_14_U137_I3673\006_comm_14_U137_I3673_top20_per_user_recs_VR14b_COMM_DET_LN0d2_NEG2_EMB64_POS3train4test_BPR_EVAL20.csv
14,2992,0x4173578b208eb64947e3A3076A085b36D40207aE,1,5,67e3214779106b10deaae7aa81ac45656c4cb77185e444a39a23ecb7834fe739,289,0xC7912c59d036482807d42976Dc0c145de6159E9c,4aa238d795223a7707ee002fcc1200e85def7d00057c1af64f51639c3c96069b,D:\PHD\بابل\2024\Research Reco\الجزء الثاني\Douban Reco\4 ايصال التوصيات بضمنها العقد\03_outputs\RECOMMENDATION_DELIVERY_TOP5_V1\payloads\community_14\user_2992_community_14_v1_top5_payload.json,D:\PHD\results\13 Uplift\DMF_GLOBAL_ONLY_COMMUNITIES_DETERMINISTIC\RUN_VR14b_COMM_DET_LN0d2_NEG2_EMB64_POS3train4test_BPR_EVAL20_006_comm_14_U137_I3673\006_comm_14_U137_I3673_top20_per_user_recs_VR14b_COMM_DET_LN0d2_NEG2_EMB64_POS3train4test_BPR_EVAL20.csv
14,2994,0x6EE51C72F0c2fcAcD6DdB9fc12a368C5e44D8ee0,1,5,11123c76e674cac2d2d0dd0b085307a630dde6cea7f58609d7268848ac21de64,289,0xC7912c59d036482807d42976Dc0c145de6159E9c,ed29f73be7ad72751ac89718b9f16bde0d8f9087a29944ba6a213bf735c58359,D:\PHD\بابل\2024\Research Reco\الجزء الثاني\Douban Reco\4 ايصال التوصيات بضمنها العقد\03_outputs\RECOMMENDATION_DELIVERY_TOP5_V1\payloads\community_14\user_2994_community_14_v1_top5_payload.json,D:\PHD\results\13 Uplift\DMF_GLOBAL_ONLY_COMMUNITIES_DETERMINISTIC\RUN_VR14b_COMM_DET_LN0d2_NEG2_EMB64_POS3train4test_BPR_EVAL20_006_comm_14_U137_I3673\006_comm_14_U137_I3673_top20_per_user_recs_VR14b_COMM_DET_LN0d2_NEG2_EMB64_POS3train4test_BPR_EVAL20.csv
14,3003,0xe88f6035b4bf589dDf5A1D74E1D9D656f1b711A9,1,5,cc54440c751dfc9ab400aaad89729d8c29bbfdaa10a337f0ad65552b9aac7ce2,289,0xC7912c59d036482807d42976Dc0c145de6159E9c,0b3efaf5b49a7e6d09c2ff0af0fee764b275fa5d29f4a2d8509581820c4fda35,D:\PHD\بابل\2024\Research Reco\الجزء الثاني\Douban Reco\4 ايصال التوصيات بضمنها العقد\03_outputs\RECOMMENDATION_DELIVERY_TOP5_V1\payloads\community_14\user_3003_community_14_v1_top5_payload.json,D:\PHD\results\13 Uplift\DMF_GLOBAL_ONLY_COMMUNITIES_DETERMINISTIC\RUN_VR14b_COMM_DET_LN0d2_NEG2_EMB64_POS3train4test_BPR_EVAL20_006_comm_14_U137_I3673\006_comm_14_U137_I3673_top20_per_user_recs_VR14b_COMM_DET_LN0d2_NEG2_EMB64_POS3train4test_BPR_EVAL20.csv
14,3020,0x1d15a4B6f39A4F72CcfBe9a79627FC08e04486BE,1,5,dda6568554c90cb11dfd59cd7dc1bfd206fc1c41bffd29e66b50ea86ab3126de,289,0xC7912c59d036482807d42976Dc0c145de6159E9c,bbbfd70d0fa855dcef2be606eee8b253f97bb4d866976a79f935856b39b34789,D:\PHD\بابل\2024\Research Reco\الجزء الثاني\Douban Reco\4 ايصال التوصيات بضمنها العقد\03_outputs\RECOMMENDATION_DELIVERY_TOP5_V1\payloads\community_14\user_3020_community_14_v1_top5_payload.json,D:\PHD\results\13 Uplift\DMF_GLOBAL_ONLY_COMMUNITIES_DETERMINISTIC\RUN_VR14b_COMM_DET_LN0d2_NEG2_EMB64_POS3train4test_BPR_EVAL20_006_comm_14_U137_I3673\006_comm_14_U137_I3673_top20_per_user_recs_VR14b_COMM_DET_LN0d2_NEG2_EMB64_POS3train4test_BPR_EVAL20.csv
84,10,0xec8bfa08Bd872EC79801D6Cc4A52e29B3e024401,1,5,cdb9434c45936d28c93696abbbe16eefff915db8df47937e87c8704340407a8b,28,0x3a8d7830fecD095682572e09B9905da4B57E7A72,dc301df94bf730a41f23fa037aa081451995871e06ed5c6b13b96ba2b6237256,D:\PHD\بابل\2024\Research Reco\الجزء الثاني\Douban Reco\4 ايصال التوصيات بضمنها العقد\03_outputs\RECOMMENDATION_DELIVERY_TOP5_V1\payloads\community_84\user_10_community_84_v1_top5_payload.json,D:\PHD\results\13 Uplift\DMF_GLOBAL_ONLY_COMMUNITIES_DETERMINISTIC\RUN_VR14b_COMM_DET_LN0d2_NEG2_EMB64_POS3train4test_BPR_EVAL20_023_comm_84_U117_I3855\023_comm_84_U117_I3855_top20_per_user_recs_VR14b_COMM_DET_LN0d2_NEG2_EMB64_POS3train4test_BPR_EVAL20.csv
84,14,0xF86713bEa980583C176698152bBd85B2986C74eb,1,5,011ab4d4d92ec94b9d65b97725727156ab0e594e7c7c35f98c3ca95210bc64ba,28,0x3a8d7830fecD095682572e09B9905da4B57E7A72,7c0f1578fc2765a7629021ecca0ce9ac071c3920ab9e4f3fd8c3cfcbca601da4,D:\PHD\بابل\2024\Research Reco\الجزء الثاني\Douban Reco\4 ايصال التوصيات بضمنها العقد\03_outputs\RECOMMENDATION_DELIVERY_TOP5_V1\payloads\community_84\user_14_community_84_v1_top5_payload.json,D:\PHD\results\13 Uplift\DMF_GLOBAL_ONLY_COMMUNITIES_DETERMINISTIC\RUN_VR14b_COMM_DET_LN0d2_NEG2_EMB64_POS3train4test_BPR_EVAL20_023_comm_84_U117_I3855\023_comm_84_U117_I3855_top20_per_user_recs_VR14b_COMM_DET_LN0d2_NEG2_EMB64_POS3train4test_BPR_EVAL20.csv
84,37,0xf5C80f7A694A4Af36A28a7bF6b24860235d9df0F,1,5,be8f46e31bd9d9620ea0cc4e75dc48a9f110081ae6322d4b3c238568c5a7ed7d,28,0x3a8d7830fecD095682572e09B9905da4B57E7A72,e8015d0165f7fe12e71c6c676f37b858b39643eb042735f3a0ecc6d82ca18fd0,D:\PHD\بابل\2024\Research Reco\الجزء الثاني\Douban Reco\4 ايصال التوصيات بضمنها العقد\03_outputs\RECOMMENDATION_DELIVERY_TOP5_V1\payloads\community_84\user_37_community_84_v1_top5_payload.json,D:\PHD\results\13 Uplift\DMF_GLOBAL_ONLY_COMMUNITIES_DETERMINISTIC\RUN_VR14b_COMM_DET_LN0d2_NEG2_EMB64_POS3train4test_BPR_EVAL20_023_comm_84_U117_I3855\023_comm_84_U117_I3855_top20_per_user_recs_VR14b_COMM_DET_LN0d2_NEG2_EMB64_POS3train4test_BPR_EVAL20.csv
84,77,0x37C8183C240f8355f4a871FA1BCF0f3Cd9A0EB37,1,5,a7478de663c6ac000f693f6794018ddcd9d9f1da8d9e38f1a318dc9c942a47d1,28,0x3a8d7830fecD095682572e09B9905da4B57E7A72,249d426b0c90caecd2e0df18b4836bede4f180f469fc7e8586f058331f39c6ca,D:\PHD\بابل\2024\Research Reco\الجزء الثاني\Douban Reco\4 ايصال التوصيات بضمنها العقد\03_outputs\RECOMMENDATION_DELIVERY_TOP5_V1\payloads\community_84\user_77_community_84_v1_top5_payload.json,D:\PHD\results\13 Uplift\DMF_GLOBAL_ONLY_COMMUNITIES_DETERMINISTIC\RUN_VR14b_COMM_DET_LN0d2_NEG2_EMB64_POS3train4test_BPR_EVAL20_023_comm_84_U117_I3855\023_comm_84_U117_I3855_top20_per_user_recs_VR14b_COMM_DET_LN0d2_NEG2_EMB64_POS3train4test_BPR_EVAL20.csv
84,98,0x43F22053FD2F2513EC83D0aE79C3A802BAE5b94C,1,5,e294dc24db113b3e6adcd7c8c482fcafd7bd6b7e887f9f1ca77d40836fd16ffa,28,0x3a8d7830fecD095682572e09B9905da4B57E7A72,9f995e10c78754836ee56ebe6eb9e624da637659f1d1c2bfc73c933690f6dbea,D:\PHD\بابل\2024\Research Reco\الجزء الثاني\Douban Reco\4 ايصال التوصيات بضمنها العقد\03_outputs\RECOMMENDATION_DELIVERY_TOP5_V1\payloads\community_84\user_98_community_84_v1_top5_payload.json,D:\PHD\results\13 Uplift\DMF_GLOBAL_ONLY_COMMUNITIES_DETERMINISTIC\RUN_VR14b_COMM_DET_LN0d2_NEG2_EMB64_POS3train4test_BPR_EVAL20_023_comm_84_U117_I3855\023_comm_84_U117_I3855_top20_per_user_recs_VR14b_COMM_DET_LN0d2_NEG2_EMB64_POS3train4test_BPR_EVAL20.csv
84,192,0x49eB273d5cCC23784Ac2902363CcE2Ac30077Eb8,1,5,8b13a9ee9a7b7440d099e2b9603cbf70a186ab0c03ef04fcb41b6a05d75f38a1,28,0x3a8d7830fecD095682572e09B9905da4B57E7A72,ad5848643b8ec32d7818eb63fec92ce8733a4c9bd88d54c7aabcbe8e98117223,D:\PHD\بابل\2024\Research Reco\الجزء الثاني\Douban Reco\4 ايصال التوصيات بضمنها العقد\03_outputs\RECOMMENDATION_DELIVERY_TOP5_V1\payloads\community_84\user_192_community_84_v1_top5_payload.json,D:\PHD\results\13 Uplift\DMF_GLOBAL_ONLY_COMMUNITIES_DETERMINISTIC\RUN_VR14b_COMM_DET_LN0d2_NEG2_EMB64_POS3train4test_BPR_EVAL20_023_comm_84_U117_I3855\023_comm_84_U117_I3855_top20_per_user_recs_VR14b_COMM_DET_LN0d2_NEG2_EMB64_POS3train4test_BPR_EVAL20.csv
84,195,0xb1451eEad5b01C82820F56114612D3d98cB4A790,1,5,5ba478250d082cbdd86e88e46becede6b5276f11d6bc578d12bbd2ae648758b1,28,0x3a8d7830fecD095682572e09B9905da4B57E7A72,de55ff888703edf79e2e5762a353088f087a5f3846c86df5c1fd03190e3d736d,D:\PHD\بابل\2024\Research Reco\الجزء الثاني\Douban Reco\4 ايصال التوصيات بضمنها العقد\03_outputs\RECOMMENDATION_DELIVERY_TOP5_V1\payloads\community_84\user_195_community_84_v1_top5_payload.json,D:\PHD\results\13 Uplift\DMF_GLOBAL_ONLY_COMMUNITIES_DETERMINISTIC\RUN_VR14b_COMM_DET_LN0d2_NEG2_EMB64_POS3train4test_BPR_EVAL20_023_comm_84_U117_I3855\023_comm_84_U117_I3855_top20_per_user_recs_VR14b_COMM_DET_LN0d2_NEG2_EMB64_POS3train4test_BPR_EVAL20.csv
84,198,0x1acf751Ba9D62f7e89E213f500A166cC2c0808C6,1,5,2cb199c467f6eb11174b126c666508812f68c3243e31347401d492a155528a66,28,0x3a8d7830fecD095682572e09B9905da4B57E7A72,4735eb803395aefaad56e348d63af1ad5b31688bf73f969b5bba064caae04ec0,D:\PHD\بابل\2024\Research Reco\الجزء الثاني\Douban Reco\4 ايصال التوصيات بضمنها العقد\03_outputs\RECOMMENDATION_DELIVERY_TOP5_V1\payloads\community_84\user_198_community_84_v1_top5_payload.json,D:\PHD\results\13 Uplift\DMF_GLOBAL_ONLY_COMMUNITIES_DETERMINISTIC\RUN_VR14b_COMM_DET_LN0d2_NEG2_EMB64_POS3train4test_BPR_EVAL20_023_comm_84_U117_I3855\023_comm_84_U117_I3855_top20_per_user_recs_VR14b_COMM_DET_LN0d2_NEG2_EMB64_POS3train4test_BPR_EVAL20.csv
84,204,0x44411D5f38b45717D123fFC2f4946A530424a5a6,1,5,03dcc9030ea7666e23458c1063ea07ff06220c968855d7b9c2f61b2ab0ae88de,28,0x3a8d7830fecD095682572e09B9905da4B57E7A72,5a3fa5077414498856a5d8484acd6de7cb114c227ce221731cbc9c7ba0de2d93,D:\PHD\بابل\2024\Research Reco\الجزء الثاني\Douban Reco\4 ايصال التوصيات بضمنها العقد\03_outputs\RECOMMENDATION_DELIVERY_TOP5_V1\payloads\community_84\user_204_community_84_v1_top5_payload.json,D:\PHD\results\13 Uplift\DMF_GLOBAL_ONLY_COMMUNITIES_DETERMINISTIC\RUN_VR14b_COMM_DET_LN0d2_NEG2_EMB64_POS3train4test_BPR_EVAL20_023_comm_84_U117_I3855\023_comm_84_U117_I3855_top20_per_user_recs_VR14b_COMM_DET_LN0d2_NEG2_EMB64_POS3train4test_BPR_EVAL20.csv
84,239,0xc2fcfbDC077fFF959d26C612eA155cb64989529f,1,5,733872c6624929a2cadb93fe2bc5aaffc5fcd4008d675e3233289835670c8ce0,28,0x3a8d7830fecD095682572e09B9905da4B57E7A72,f016fd97e5ba6d984fa2a01e3f4b45939eda9f4a1863a984e70ca07f90745a92,D:\PHD\بابل\2024\Research Reco\الجزء الثاني\Douban Reco\4 ايصال التوصيات بضمنها العقد\03_outputs\RECOMMENDATION_DELIVERY_TOP5_V1\payloads\community_84\user_239_community_84_v1_top5_payload.json,D:\PHD\results\13 Uplift\DMF_GLOBAL_ONLY_COMMUNITIES_DETERMINISTIC\RUN_VR14b_COMM_DET_LN0d2_NEG2_EMB64_POS3train4test_BPR_EVAL20_023_comm_84_U117_I3855\023_comm_84_U117_I3855_top20_per_user_recs_VR14b_COMM_DET_LN0d2_NEG2_EMB64_POS3train4test_BPR_EVAL20.csv
84,241,0xc79776C7D3f90108E7772cD4b676fB5C24E82531,1,5,ba8d387221dcedea9d693bbf2f8d97bbabdd836602d8c0ee57ac282d8fba95b3,28,0x3a8d7830fecD095682572e09B9905da4B57E7A72,fdf574ff337deaca7d932135206cb37e198e3e73c57fd6044094aec7daa788c8,D:\PHD\بابل\2024\Research Reco\الجزء الثاني\Douban Reco\4 ايصال التوصيات بضمنها العقد\03_outputs\RECOMMENDATION_DELIVERY_TOP5_V1\payloads\community_84\user_241_community_84_v1_top5_payload.json,D:\PHD\results\13 Uplift\DMF_GLOBAL_ONLY_COMMUNITIES_DETERMINISTIC\RUN_VR14b_COMM_DET_LN0d2_NEG2_EMB64_POS3train4test_BPR_EVAL20_023_comm_84_U117_I3855\023_comm_84_U117_I3855_top20_per_user_recs_VR14b_COMM_DET_LN0d2_NEG2_EMB64_POS3train4test_BPR_EVAL20.csv
84,314,0xA967B29F29592190e28c2C5b96C38204df3D8A87,1,5,d56c0af778ceb95c6cf21c571060edffc7516cf5c5f7cc279e432cdf4739b378,28,0x3a8d7830fecD095682572e09B9905da4B57E7A72,0cf4b45a67095962d46ed0481eb0937d51323e6600240e53ff17daf6484fc4de,D:\PHD\بابل\2024\Research Reco\الجزء الثاني\Douban Reco\4 ايصال التوصيات بضمنها العقد\03_outputs\RECOMMENDATION_DELIVERY_TOP5_V1\payloads\community_84\user_314_community_84_v1_top5_payload.json,D:\PHD\results\13 Uplift\DMF_GLOBAL_ONLY_COMMUNITIES_DETERMINISTIC\RUN_VR14b_COMM_DET_LN0d2_NEG2_EMB64_POS3train4test_BPR_EVAL20_023_comm_84_U117_I3855\023_comm_84_U117_I3855_top20_per_user_recs_VR14b_COMM_DET_LN0d2_NEG2_EMB64_POS3train4test_BPR_EVAL20.csv
84,330,0x180b0577A7b2E6499936e585E94c58E999836BDA,1,5,5e0939c42ae12b5868d9fe756a002220ec7a7c5eb489b1dbf9a7b6db47bca28e,28,0x3a8d7830fecD095682572e09B9905da4B57E7A72,b123b1bd75dc5ebb5cc8557a57f5fe419e7d3cb99bbb76c2378916c870f66067,D:\PHD\بابل\2024\Research Reco\الجزء الثاني\Douban Reco\4 ايصال التوصيات بضمنها العقد\03_outputs\RECOMMENDATION_DELIVERY_TOP5_V1\payloads\community_84\user_330_community_84_v1_top5_payload.json,D:\PHD\results\13 Uplift\DMF_GLOBAL_ONLY_COMMUNITIES_DETERMINISTIC\RUN_VR14b_COMM_DET_LN0d2_NEG2_EMB64_POS3train4test_BPR_EVAL20_023_comm_84_U117_I3855\023_comm_84_U117_I3855_top20_per_user_recs_VR14b_COMM_DET_LN0d2_NEG2_EMB64_POS3train4test_BPR_EVAL20.csv
84,351,0xa932383e5E397c08C95d9FDa684D54E08f038A05,1,5,fa76cc7c89c86b216bbd10f98d451fcb9d5dc45977208359cb62ec1ca643cf10,28,0x3a8d7830fecD095682572e09B9905da4B57E7A72,7c78a24d444150f561e0b161aa42ea15d7bce49359087f1263af0f10fb22c5f9,D:\PHD\بابل\2024\Research Reco\الجزء الثاني\Douban Reco\4 ايصال التوصيات بضمنها العقد\03_outputs\RECOMMENDATION_DELIVERY_TOP5_V1\payloads\community_84\user_351_community_84_v1_top5_payload.json,D:\PHD\results\13 Uplift\DMF_GLOBAL_ONLY_COMMUNITIES_DETERMINISTIC\RUN_VR14b_COMM_DET_LN0d2_NEG2_EMB64_POS3train4test_BPR_EVAL20_023_comm_84_U117_I3855\023_comm_84_U117_I3855_top20_per_user_recs_VR14b_COMM_DET_LN0d2_NEG2_EMB64_POS3train4test_BPR_EVAL20.csv
84,356,0x4F39abA9A9b425511d31F063b0bB6ad64a6991D6,1,5,281ee978ca5f1becc0af8b4b7445f19f22386c6c38d15b5fb4e4d13a1594eff8,28,0x3a8d7830fecD095682572e09B9905da4B57E7A72,0352832a1401a90acf8e45b86f53d03f59008fa751d46ce4bd63295613ed9628,D:\PHD\بابل\2024\Research Reco\الجزء الثاني\Douban Reco\4 ايصال التوصيات بضمنها العقد\03_outputs\RECOMMENDATION_DELIVERY_TOP5_V1\payloads\community_84\user_356_community_84_v1_top5_payload.json,D:\PHD\results\13 Uplift\DMF_GLOBAL_ONLY_COMMUNITIES_DETERMINISTIC\RUN_VR14b_COMM_DET_LN0d2_NEG2_EMB64_POS3train4test_BPR_EVAL20_023_comm_84_U117_I3855\023_comm_84_U117_I3855_top20_per_user_recs_VR14b_COMM_DET_LN0d2_NEG2_EMB64_POS3train4test_BPR_EVAL20.csv
84,377,0x7AE8021acD861227Aa6A773eA2DC72dF83aa9990,1,5,331d4e1b5ee527d2c2d27e2a4148bde67647c9d0125c054e6b723d9115bfec22,28,0x3a8d7830fecD095682572e09B9905da4B57E7A72,20b63883ae6a1aceb3a686d8d7800f5d7d5ecdaeaf29b0e56807c8309965f41a,D:\PHD\بابل\2024\Research Reco\الجزء الثاني\Douban Reco\4 ايصال التوصيات بضمنها العقد\03_outputs\RECOMMENDATION_DELIVERY_TOP5_V1\payloads\community_84\user_377_community_84_v1_top5_payload.json,D:\PHD\results\13 Uplift\DMF_GLOBAL_ONLY_COMMUNITIES_DETERMINISTIC\RUN_VR14b_COMM_DET_LN0d2_NEG2_EMB64_POS3train4test_BPR_EVAL20_023_comm_84_U117_I3855\023_comm_84_U117_I3855_top20_per_user_recs_VR14b_COMM_DET_LN0d2_NEG2_EMB64_POS3train4test_BPR_EVAL20.csv
84,407,0x7a6DCd7532b547a7A5f73219ea97833240C26223,1,5,b6f6d2f421b76f04642026b7f8d72a7f6c2479e38702fcd1ea25e20a2a93fec8,28,0x3a8d7830fecD095682572e09B9905da4B57E7A72,44b20b92307dae8824056d02641db7eec6a59d37673edbe2886105f8d0c2bc40,D:\PHD\بابل\2024\Research Reco\الجزء الثاني\Douban Reco\4 ايصال التوصيات بضمنها العقد\03_outputs\RECOMMENDATION_DELIVERY_TOP5_V1\payloads\community_84\user_407_community_84_v1_top5_payload.json,D:\PHD\results\13 Uplift\DMF_GLOBAL_ONLY_COMMUNITIES_DETERMINISTIC\RUN_VR14b_COMM_DET_LN0d2_NEG2_EMB64_POS3train4test_BPR_EVAL20_023_comm_84_U117_I3855\023_comm_84_U117_I3855_top20_per_user_recs_VR14b_COMM_DET_LN0d2_NEG2_EMB64_POS3train4test_BPR_EVAL20.csv
84,430,0x4ff713ca435d4cD3C3bC3F769C2c5A1A2a45Aa8F,1,5,499b624e10d4f89fcd74371db2a1f2cfcf6fae88c557df1014caa27749b1f1cc,28,0x3a8d7830fecD095682572e09B9905da4B57E7A72,a18db30b0de30e6872b27472eb84f39397a25e483cebdcf3739ab5f07f6c7847,D:\PHD\بابل\2024\Research Reco\الجزء الثاني\Douban Reco\4 ايصال التوصيات بضمنها العقد\03_outputs\RECOMMENDATION_DELIVERY_TOP5_V1\payloads\community_84\user_430_community_84_v1_top5_payload.json,D:\PHD\results\13 Uplift\DMF_GLOBAL_ONLY_COMMUNITIES_DETERMINISTIC\RUN_VR14b_COMM_DET_LN0d2_NEG2_EMB64_POS3train4test_BPR_EVAL20_023_comm_84_U117_I3855\023_comm_84_U117_I3855_top20_per_user_recs_VR14b_COMM_DET_LN0d2_NEG2_EMB64_POS3train4test_BPR_EVAL20.csv
84,552,0x8B64ecfF93BDdB7780cafC8519Bd74B851C8A371,1,5,4d46919c34f93c354a64232b110b29d6b4e796e473305d88ea62af2421939dbd,28,0x3a8d7830fecD095682572e09B9905da4B57E7A72,565fd701bffdf84c2856c9f3a21979e49f3a6ba291caa35917d60a8f13532537,D:\PHD\بابل\2024\Research Reco\الجزء الثاني\Douban Reco\4 ايصال التوصيات بضمنها العقد\03_outputs\RECOMMENDATION_DELIVERY_TOP5_V1\payloads\community_84\user_552_community_84_v1_top5_payload.json,D:\PHD\results\13 Uplift\DMF_GLOBAL_ONLY_COMMUNITIES_DETERMINISTIC\RUN_VR14b_COMM_DET_LN0d2_NEG2_EMB64_POS3train4test_BPR_EVAL20_023_comm_84_U117_I3855\023_comm_84_U117_I3855_top20_per_user_recs_VR14b_COMM_DET_LN0d2_NEG2_EMB64_POS3train4test_BPR_EVAL20.csv
84,577,0xF706e119Fe35DbAF5521F1C7fFb2bBB105c0683D,1,5,426e1b8de4116547381a1b7232cd27c0fdd4f28d6cc1e209a41e812832e33183,28,0x3a8d7830fecD095682572e09B9905da4B57E7A72,6e531e599109645030a989628c274b863d0151a13f96e268bfd02f1f6fef694e,D:\PHD\بابل\2024\Research Reco\الجزء الثاني\Douban Reco\4 ايصال التوصيات بضمنها العقد\03_outputs\RECOMMENDATION_DELIVERY_TOP5_V1\payloads\community_84\user_577_community_84_v1_top5_payload.json,D:\PHD\results\13 Uplift\DMF_GLOBAL_ONLY_COMMUNITIES_DETERMINISTIC\RUN_VR14b_COMM_DET_LN0d2_NEG2_EMB64_POS3train4test_BPR_EVAL20_023_comm_84_U117_I3855\023_comm_84_U117_I3855_top20_per_user_recs_VR14b_COMM_DET_LN0d2_NEG2_EMB64_POS3train4test_BPR_EVAL20.csv
84,627,0xC958d275a1068Be195E09A53216D9bE3F247661c,1,5,adcee235379cafe79593eb5cf8b146e72bcb0b0fb4b6e9036e45a171d992d6d7,28,0x3a8d7830fecD095682572e09B9905da4B57E7A72,97a083e07c12931b117c7f483791e3f6d5937561c7cbd26da4c11aa5b8deb359,D:\PHD\بابل\2024\Research Reco\الجزء الثاني\Douban Reco\4 ايصال التوصيات بضمنها العقد\03_outputs\RECOMMENDATION_DELIVERY_TOP5_V1\payloads\community_84\user_627_community_84_v1_top5_payload.json,D:\PHD\results\13 Uplift\DMF_GLOBAL_ONLY_COMMUNITIES_DETERMINISTIC\RUN_VR14b_COMM_DET_LN0d2_NEG2_EMB64_POS3train4test_BPR_EVAL20_023_comm_84_U117_I3855\023_comm_84_U117_I3855_top20_per_user_recs_VR14b_COMM_DET_LN0d2_NEG2_EMB64_POS3train4test_BPR_EVAL20.csv
84,631,0x209CA5dB45C736E400DdE2959fec2d91aD1A3596,1,5,caa9b2afd63db6f45a84ed01972f4635824e4b6680d639f43137ffacd5031274,28,0x3a8d7830fecD095682572e09B9905da4B57E7A72,a7ee9ed1073315ba7dc99fa0f2164d7b6526dbcf9d8732bb098f1f6454591038,D:\PHD\بابل\2024\Research Reco\الجزء الثاني\Douban Reco\4 ايصال التوصيات بضمنها العقد\03_outputs\RECOMMENDATION_DELIVERY_TOP5_V1\payloads\community_84\user_631_community_84_v1_top5_payload.json,D:\PHD\results\13 Uplift\DMF_GLOBAL_ONLY_COMMUNITIES_DETERMINISTIC\RUN_VR14b_COMM_DET_LN0d2_NEG2_EMB64_POS3train4test_BPR_EVAL20_023_comm_84_U117_I3855\023_comm_84_U117_I3855_top20_per_user_recs_VR14b_COMM_DET_LN0d2_NEG2_EMB64_POS3train4test_BPR_EVAL20.csv
84,681,0xa60d2655539cE867231c2DF737de301cf856a5d0,1,5,1982a768f0b62cac4816322d3d0dbfac6f08d891a7950148e736b9fc659a916f,28,0x3a8d7830fecD095682572e09B9905da4B57E7A72,fdda75d4da41139d23673a7c3895d69280679ee678a86107c614c6556c2427a5,D:\PHD\بابل\2024\Research Reco\الجزء الثاني\Douban Reco\4 ايصال التوصيات بضمنها العقد\03_outputs\RECOMMENDATION_DELIVERY_TOP5_V1\payloads\community_84\user_681_community_84_v1_top5_payload.json,D:\PHD\results\13 Uplift\DMF_GLOBAL_ONLY_COMMUNITIES_DETERMINISTIC\RUN_VR14b_COMM_DET_LN0d2_NEG2_EMB64_POS3train4test_BPR_EVAL20_023_comm_84_U117_I3855\023_comm_84_U117_I3855_top20_per_user_recs_VR14b_COMM_DET_LN0d2_NEG2_EMB64_POS3train4test_BPR_EVAL20.csv
84,692,0xe6b65a978D453Bf9Bbd25ef97faBfD1131E59371,1,5,16900ad823ebf593d2fd4a203cf759fbd833dfe2126d041199dd3c6522a6e616,28,0x3a8d7830fecD095682572e09B9905da4B57E7A72,11cdc97998cce093a6c1cbdf777c8a00b9ea9a5b7e16bbddbdcb2da71d91e3ad,D:\PHD\بابل\2024\Research Reco\الجزء الثاني\Douban Reco\4 ايصال التوصيات بضمنها العقد\03_outputs\RECOMMENDATION_DELIVERY_TOP5_V1\payloads\community_84\user_692_community_84_v1_top5_payload.json,D:\PHD\results\13 Uplift\DMF_GLOBAL_ONLY_COMMUNITIES_DETERMINISTIC\RUN_VR14b_COMM_DET_LN0d2_NEG2_EMB64_POS3train4test_BPR_EVAL20_023_comm_84_U117_I3855\023_comm_84_U117_I3855_top20_per_user_recs_VR14b_COMM_DET_LN0d2_NEG2_EMB64_POS3train4test_BPR_EVAL20.csv
84,696,0x64Aa046A39c6A91E128E9b4A2762A1842FCBe859,1,5,5b5a1399e788fb95f2b0aa0ac8cded4eab1ec8bf4e56722a5172fccb3e23c06d,28,0x3a8d7830fecD095682572e09B9905da4B57E7A72,2f3e51377f5da317eb5b0243e1883380d2911d22f2906a00fa306dd40d2a57b3,D:\PHD\بابل\2024\Research Reco\الجزء الثاني\Douban Reco\4 ايصال التوصيات بضمنها العقد\03_outputs\RECOMMENDATION_DELIVERY_TOP5_V1\payloads\community_84\user_696_community_84_v1_top5_payload.json,D:\PHD\results\13 Uplift\DMF_GLOBAL_ONLY_COMMUNITIES_DETERMINISTIC\RUN_VR14b_COMM_DET_LN0d2_NEG2_EMB64_POS3train4test_BPR_EVAL20_023_comm_84_U117_I3855\023_comm_84_U117_I3855_top20_per_user_recs_VR14b_COMM_DET_LN0d2_NEG2_EMB64_POS3train4test_BPR_EVAL20.csv
84,704,0xE18554b50970EdCbe89027c5BD48E998e56B56A2,1,5,3e7e9f8209bdd5c1a9ebaa9a2559cb3a64bdc68f05c1cd96005f3c82f06bce9e,28,0x3a8d7830fecD095682572e09B9905da4B57E7A72,c83d4f66cd05480a41be67f4d8d40a7792383f534ae6c13fee25e29024d2041b,D:\PHD\بابل\2024\Research Reco\الجزء الثاني\Douban Reco\4 ايصال التوصيات بضمنها العقد\03_outputs\RECOMMENDATION_DELIVERY_TOP5_V1\payloads\community_84\user_704_community_84_v1_top5_payload.json,D:\PHD\results\13 Uplift\DMF_GLOBAL_ONLY_COMMUNITIES_DETERMINISTIC\RUN_VR14b_COMM_DET_LN0d2_NEG2_EMB64_POS3train4test_BPR_EVAL20_023_comm_84_U117_I3855\023_comm_84_U117_I3855_top20_per_user_recs_VR14b_COMM_DET_LN0d2_NEG2_EMB64_POS3train4test_BPR_EVAL20.csv
84,744,0xDeb143F81647Fb91f02D0EE192206231606Be24C,1,5,8aa7df1b6aecc0f3e91c70d6f6f354138ad9f8f90acd6257b8dc8b3bfd43d98f,28,0x3a8d7830fecD095682572e09B9905da4B57E7A72,4ac7af21d922f60910c23b9c7190a45efa4d7b5e621bf0a06677902521e7839b,D:\PHD\بابل\2024\Research Reco\الجزء الثاني\Douban Reco\4 ايصال التوصيات بضمنها العقد\03_outputs\RECOMMENDATION_DELIVERY_TOP5_V1\payloads\community_84\user_744_community_84_v1_top5_payload.json,D:\PHD\results\13 Uplift\DMF_GLOBAL_ONLY_COMMUNITIES_DETERMINISTIC\RUN_VR14b_COMM_DET_LN0d2_NEG2_EMB64_POS3train4test_BPR_EVAL20_023_comm_84_U117_I3855\023_comm_84_U117_I3855_top20_per_user_recs_VR14b_COMM_DET_LN0d2_NEG2_EMB64_POS3train4test_BPR_EVAL20.csv
84,756,0x8c52437Bcb72349Fa4e7B2eFb4Fe38a8FB76aa93,1,5,9db87585ab091544332a30bd62a12610b35c40a4cccdf9cf932b19fd21abe393,28,0x3a8d7830fecD095682572e09B9905da4B57E7A72,a6f6ad9f8315ddb6fc053fdec1134f7ad17ae13780fcb14cea8d80ccddcdced0,D:\PHD\بابل\2024\Research Reco\الجزء الثاني\Douban Reco\4 ايصال التوصيات بضمنها العقد\03_outputs\RECOMMENDATION_DELIVERY_TOP5_V1\payloads\community_84\user_756_community_84_v1_top5_payload.json,D:\PHD\results\13 Uplift\DMF_GLOBAL_ONLY_COMMUNITIES_DETERMINISTIC\RUN_VR14b_COMM_DET_LN0d2_NEG2_EMB64_POS3train4test_BPR_EVAL20_023_comm_84_U117_I3855\023_comm_84_U117_I3855_top20_per_user_recs_VR14b_COMM_DET_LN0d2_NEG2_EMB64_POS3train4test_BPR_EVAL20.csv
84,787,0x118dbA90773f8cC6a805587f5d1B9A1740f63258,1,5,94fb870d0d6df5e040528985541f2cab3ebeb9a44ba084e8589fb6bb04f653d2,28,0x3a8d7830fecD095682572e09B9905da4B57E7A72,6687da43751aa9a5dd065b726da7e0e003f1052f059dda4ac4fff6bb246dd661,D:\PHD\بابل\2024\Research Reco\الجزء الثاني\Douban Reco\4 ايصال التوصيات بضمنها العقد\03_outputs\RECOMMENDATION_DELIVERY_TOP5_V1\payloads\community_84\user_787_community_84_v1_top5_payload.json,D:\PHD\results\13 Uplift\DMF_GLOBAL_ONLY_COMMUNITIES_DETERMINISTIC\RUN_VR14b_COMM_DET_LN0d2_NEG2_EMB64_POS3train4test_BPR_EVAL20_023_comm_84_U117_I3855\023_comm_84_U117_I3855_top20_per_user_recs_VR14b_COMM_DET_LN0d2_NEG2_EMB64_POS3train4test_BPR_EVAL20.csv
84,795,0x1D1e887886cDd89E14666A8b585152D5c282A9F4,1,5,5615fe6dfd43cc6d6464496a47e89089a8d9dafcd77352cb29b73fa144c7c003,28,0x3a8d7830fecD095682572e09B9905da4B57E7A72,7eeddb2c894e31bc4f49f203160b0b9a99eca4358668b97a97944747f17676fa,D:\PHD\بابل\2024\Research Reco\الجزء الثاني\Douban Reco\4 ايصال التوصيات بضمنها العقد\03_outputs\RECOMMENDATION_DELIVERY_TOP5_V1\payloads\community_84\user_795_community_84_v1_top5_payload.json,D:\PHD\results\13 Uplift\DMF_GLOBAL_ONLY_COMMUNITIES_DETERMINISTIC\RUN_VR14b_COMM_DET_LN0d2_NEG2_EMB64_POS3train4test_BPR_EVAL20_023_comm_84_U117_I3855\023_comm_84_U117_I3855_top20_per_user_recs_VR14b_COMM_DET_LN0d2_NEG2_EMB64_POS3train4test_BPR_EVAL20.csv
84,828,0xe27d29A11fac4f2585D073d3915D49fc1A52A0e3,1,5,125e93e38a7f2906df985731ecba4d744b3e1c5a20150746dcf7cb7b512fd4e2,28,0x3a8d7830fecD095682572e09B9905da4B57E7A72,18173e2d09a607c54e0fcab3df0f811fa21c95c1526f74a2e7fa139cb4a74af4,D:\PHD\بابل\2024\Research Reco\الجزء الثاني\Douban Reco\4 ايصال التوصيات بضمنها العقد\03_outputs\RECOMMENDATION_DELIVERY_TOP5_V1\payloads\community_84\user_828_community_84_v1_top5_payload.json,D:\PHD\results\13 Uplift\DMF_GLOBAL_ONLY_COMMUNITIES_DETERMINISTIC\RUN_VR14b_COMM_DET_LN0d2_NEG2_EMB64_POS3train4test_BPR_EVAL20_023_comm_84_U117_I3855\023_comm_84_U117_I3855_top20_per_user_recs_VR14b_COMM_DET_LN0d2_NEG2_EMB64_POS3train4test_BPR_EVAL20.csv
84,836,0xF08E4314350f1e766cab12C72eE2bfB86C252330,1,5,9b5ce61e8a8b5444dd4e431975defd232b576cb66019382db646b09931809504,28,0x3a8d7830fecD095682572e09B9905da4B57E7A72,bdc1a030049d32895f4df1e686c9e2d1ba34a860afeb6767d6689b362fdb0002,D:\PHD\بابل\2024\Research Reco\الجزء الثاني\Douban Reco\4 ايصال التوصيات بضمنها العقد\03_outputs\RECOMMENDATION_DELIVERY_TOP5_V1\payloads\community_84\user_836_community_84_v1_top5_payload.json,D:\PHD\results\13 Uplift\DMF_GLOBAL_ONLY_COMMUNITIES_DETERMINISTIC\RUN_VR14b_COMM_DET_LN0d2_NEG2_EMB64_POS3train4test_BPR_EVAL20_023_comm_84_U117_I3855\023_comm_84_U117_I3855_top20_per_user_recs_VR14b_COMM_DET_LN0d2_NEG2_EMB64_POS3train4test_BPR_EVAL20.csv
84,910,0x32c4fD3DFb26E8532120B057696007391e5Ae42C,1,5,97cbb82f3400e48a7fd441480f34880b390559ffd7fbf9e803a9b6c5a82bd4fc,28,0x3a8d7830fecD095682572e09B9905da4B57E7A72,db7f38ef4d080b57c1752f5fc87ea5f60821c0bd158da01193dbe00e3f68fc65,D:\PHD\بابل\2024\Research Reco\الجزء الثاني\Douban Reco\4 ايصال التوصيات بضمنها العقد\03_outputs\RECOMMENDATION_DELIVERY_TOP5_V1\payloads\community_84\user_910_community_84_v1_top5_payload.json,D:\PHD\results\13 Uplift\DMF_GLOBAL_ONLY_COMMUNITIES_DETERMINISTIC\RUN_VR14b_COMM_DET_LN0d2_NEG2_EMB64_POS3train4test_BPR_EVAL20_023_comm_84_U117_I3855\023_comm_84_U117_I3855_top20_per_user_recs_VR14b_COMM_DET_LN0d2_NEG2_EMB64_POS3train4test_BPR_EVAL20.csv
84,937,0x51ac42BF85a810F0b633D185771Ee7fe8928fa43,1,5,0ce8481ad135f0ca2911b3462038a04799891cd61e4ed21e8b575e80616b744e,28,0x3a8d7830fecD095682572e09B9905da4B57E7A72,970509dff0080ca657b71d7fd41ec66076e511ad15001e24eb2c4933da6115b3,D:\PHD\بابل\2024\Research Reco\الجزء الثاني\Douban Reco\4 ايصال التوصيات بضمنها العقد\03_outputs\RECOMMENDATION_DELIVERY_TOP5_V1\payloads\community_84\user_937_community_84_v1_top5_payload.json,D:\PHD\results\13 Uplift\DMF_GLOBAL_ONLY_COMMUNITIES_DETERMINISTIC\RUN_VR14b_COMM_DET_LN0d2_NEG2_EMB64_POS3train4test_BPR_EVAL20_023_comm_84_U117_I3855\023_comm_84_U117_I3855_top20_per_user_recs_VR14b_COMM_DET_LN0d2_NEG2_EMB64_POS3train4test_BPR_EVAL20.csv
84,940,0x7F0031Be38576944294B682b410078cF540C4898,1,5,462a6cf314194c5bd6979751a84345114289f1427e8e88c8cdb3304e12eda4eb,28,0x3a8d7830fecD095682572e09B9905da4B57E7A72,ea710c8e3b10434b7f0361d0f6786b4e100bd00ce40e6fcac4212e053ec4770e,D:\PHD\بابل\2024\Research Reco\الجزء الثاني\Douban Reco\4 ايصال التوصيات بضمنها العقد\03_outputs\RECOMMENDATION_DELIVERY_TOP5_V1\payloads\community_84\user_940_community_84_v1_top5_payload.json,D:\PHD\results\13 Uplift\DMF_GLOBAL_ONLY_COMMUNITIES_DETERMINISTIC\RUN_VR14b_COMM_DET_LN0d2_NEG2_EMB64_POS3train4test_BPR_EVAL20_023_comm_84_U117_I3855\023_comm_84_U117_I3855_top20_per_user_recs_VR14b_COMM_DET_LN0d2_NEG2_EMB64_POS3train4test_BPR_EVAL20.csv
84,972,0xfB4af6F7E2E6E5746e4E0A42949d296bAC7466C1,1,5,53b9601d4e5816ed0849f38b83e36dd87eee2468e1213bde8d4f20230a0fe43b,28,0x3a8d7830fecD095682572e09B9905da4B57E7A72,991cfe65f62efa62715ac45e8d5fb1c07cf98528a331d2979684a90e059c7474,D:\PHD\بابل\2024\Research Reco\الجزء الثاني\Douban Reco\4 ايصال التوصيات بضمنها العقد\03_outputs\RECOMMENDATION_DELIVERY_TOP5_V1\payloads\community_84\user_972_community_84_v1_top5_payload.json,D:\PHD\results\13 Uplift\DMF_GLOBAL_ONLY_COMMUNITIES_DETERMINISTIC\RUN_VR14b_COMM_DET_LN0d2_NEG2_EMB64_POS3train4test_BPR_EVAL20_023_comm_84_U117_I3855\023_comm_84_U117_I3855_top20_per_user_recs_VR14b_COMM_DET_LN0d2_NEG2_EMB64_POS3train4test_BPR_EVAL20.csv
84,1013,0xDb05dB508AeC99D71547599BBF45aa591a430860,1,5,db7115bd0b843592c7f89549a614f32a7babfcdb5ff6b1d240d3cfc3939aba91,28,0x3a8d7830fecD095682572e09B9905da4B57E7A72,9ad64efa185b263cc76062adf8a673e62f6b277054ec1da5a7e3bf9759901880,D:\PHD\بابل\2024\Research Reco\الجزء الثاني\Douban Reco\4 ايصال التوصيات بضمنها العقد\03_outputs\RECOMMENDATION_DELIVERY_TOP5_V1\payloads\community_84\user_1013_community_84_v1_top5_payload.json,D:\PHD\results\13 Uplift\DMF_GLOBAL_ONLY_COMMUNITIES_DETERMINISTIC\RUN_VR14b_COMM_DET_LN0d2_NEG2_EMB64_POS3train4test_BPR_EVAL20_023_comm_84_U117_I3855\023_comm_84_U117_I3855_top20_per_user_recs_VR14b_COMM_DET_LN0d2_NEG2_EMB64_POS3train4test_BPR_EVAL20.csv
84,1021,0xe533CA93FD5bcB71eF7C7E8Ce77cEA9B6b4D1cA0,1,5,0fb311a89f03148c0d46fff93fa5e979934907f3f90bf79cb6fe60d459217e33,28,0x3a8d7830fecD095682572e09B9905da4B57E7A72,e0aa66591c5a351f70354e0a3e350410443dfdc105251220199412697e1ccfa3,D:\PHD\بابل\2024\Research Reco\الجزء الثاني\Douban Reco\4 ايصال التوصيات بضمنها العقد\03_outputs\RECOMMENDATION_DELIVERY_TOP5_V1\payloads\community_84\user_1021_community_84_v1_top5_payload.json,D:\PHD\results\13 Uplift\DMF_GLOBAL_ONLY_COMMUNITIES_DETERMINISTIC\RUN_VR14b_COMM_DET_LN0d2_NEG2_EMB64_POS3train4test_BPR_EVAL20_023_comm_84_U117_I3855\023_comm_84_U117_I3855_top20_per_user_recs_VR14b_COMM_DET_LN0d2_NEG2_EMB64_POS3train4test_BPR_EVAL20.csv
84,1061,0x05E5A325C0Df2Aa6d736Aa96B1E5AEfB0AcDaFDC,1,5,686c9edcef9fbfe0d27bc34795f0c0d11d17e33b5d7ec88e5368f80865be98a8,28,0x3a8d7830fecD095682572e09B9905da4B57E7A72,a51d59b35c8527c56f3a1aeeeb84e19440e458c9ffcfa1c98402d978d0265a49,D:\PHD\بابل\2024\Research Reco\الجزء الثاني\Douban Reco\4 ايصال التوصيات بضمنها العقد\03_outputs\RECOMMENDATION_DELIVERY_TOP5_V1\payloads\community_84\user_1061_community_84_v1_top5_payload.json,D:\PHD\results\13 Uplift\DMF_GLOBAL_ONLY_COMMUNITIES_DETERMINISTIC\RUN_VR14b_COMM_DET_LN0d2_NEG2_EMB64_POS3train4test_BPR_EVAL20_023_comm_84_U117_I3855\023_comm_84_U117_I3855_top20_per_user_recs_VR14b_COMM_DET_LN0d2_NEG2_EMB64_POS3train4test_BPR_EVAL20.csv
84,1073,0x2Ca6af86CaE062a678B0B9bd9e4a5DA9C9764e9D,1,5,f47b63552b6cbb3a89d9ed9b88c4b634da0ac5236b5801380c5f2d7bba09a14e,28,0x3a8d7830fecD095682572e09B9905da4B57E7A72,2b943a11f3430552f1f910fce493822595368ea72ee8eb29ee7dcf4c9634fe9f,D:\PHD\بابل\2024\Research Reco\الجزء الثاني\Douban Reco\4 ايصال التوصيات بضمنها العقد\03_outputs\RECOMMENDATION_DELIVERY_TOP5_V1\payloads\community_84\user_1073_community_84_v1_top5_payload.json,D:\PHD\results\13 Uplift\DMF_GLOBAL_ONLY_COMMUNITIES_DETERMINISTIC\RUN_VR14b_COMM_DET_LN0d2_NEG2_EMB64_POS3train4test_BPR_EVAL20_023_comm_84_U117_I3855\023_comm_84_U117_I3855_top20_per_user_recs_VR14b_COMM_DET_LN0d2_NEG2_EMB64_POS3train4test_BPR_EVAL20.csv
84,1076,0xcD8acf29bFebF8e58D3848f44dF913786E456dEB,1,5,2317752cca0d9fb3ae045611d408ea81def66991460c07f291c2bcfe91d361b4,28,0x3a8d7830fecD095682572e09B9905da4B57E7A72,c8dd4d653b01accab4127f5403088dc1e36c4d79eafacd12c2e7cb6f733bce97,D:\PHD\بابل\2024\Research Reco\الجزء الثاني\Douban Reco\4 ايصال التوصيات بضمنها العقد\03_outputs\RECOMMENDATION_DELIVERY_TOP5_V1\payloads\community_84\user_1076_community_84_v1_top5_payload.json,D:\PHD\results\13 Uplift\DMF_GLOBAL_ONLY_COMMUNITIES_DETERMINISTIC\RUN_VR14b_COMM_DET_LN0d2_NEG2_EMB64_POS3train4test_BPR_EVAL20_023_comm_84_U117_I3855\023_comm_84_U117_I3855_top20_per_user_recs_VR14b_COMM_DET_LN0d2_NEG2_EMB64_POS3train4test_BPR_EVAL20.csv
84,1118,0x2cf0CD24d3b128c8bAEf1b9a089Ec4ac5D75a388,1,5,d73fc3ddfed69b1e09ac3aedcd8fe6e8554c699a045cd6719126640908e0c89f,28,0x3a8d7830fecD095682572e09B9905da4B57E7A72,d8c7d3091c6be99131a2d314350da88e4746ab0192e9c40001608e67917a3884,D:\PHD\بابل\2024\Research Reco\الجزء الثاني\Douban Reco\4 ايصال التوصيات بضمنها العقد\03_outputs\RECOMMENDATION_DELIVERY_TOP5_V1\payloads\community_84\user_1118_community_84_v1_top5_payload.json,D:\PHD\results\13 Uplift\DMF_GLOBAL_ONLY_COMMUNITIES_DETERMINISTIC\RUN_VR14b_COMM_DET_LN0d2_NEG2_EMB64_POS3train4test_BPR_EVAL20_023_comm_84_U117_I3855\023_comm_84_U117_I3855_top20_per_user_recs_VR14b_COMM_DET_LN0d2_NEG2_EMB64_POS3train4test_BPR_EVAL20.csv
84,1153,0x65362dD25E1257E6fB78B37c4363584D42aa7676,1,5,1762dc38d812b4e13be4df5372555fd5845f27ced76f2a8eba95ebc912cdb9ce,28,0x3a8d7830fecD095682572e09B9905da4B57E7A72,c02d208e0433508ca73b192c40504fc32733e25bdc60da1cca721ffa57eb929f,D:\PHD\بابل\2024\Research Reco\الجزء الثاني\Douban Reco\4 ايصال التوصيات بضمنها العقد\03_outputs\RECOMMENDATION_DELIVERY_TOP5_V1\payloads\community_84\user_1153_community_84_v1_top5_payload.json,D:\PHD\results\13 Uplift\DMF_GLOBAL_ONLY_COMMUNITIES_DETERMINISTIC\RUN_VR14b_COMM_DET_LN0d2_NEG2_EMB64_POS3train4test_BPR_EVAL20_023_comm_84_U117_I3855\023_comm_84_U117_I3855_top20_per_user_recs_VR14b_COMM_DET_LN0d2_NEG2_EMB64_POS3train4test_BPR_EVAL20.csv
84,1154,0xa7AF8e3683dB42e0a77f7f451EA839D973563597,1,5,8df73cce1740a38e6faab8caf143b48f97648a920d62329bab10ff43540ee604,28,0x3a8d7830fecD095682572e09B9905da4B57E7A72,f9f5bbb1370c16da88c51d239b4ead2311ee3586a3bea03b99fc9c6c4c913a5e,D:\PHD\بابل\2024\Research Reco\الجزء الثاني\Douban Reco\4 ايصال التوصيات بضمنها العقد\03_outputs\RECOMMENDATION_DELIVERY_TOP5_V1\payloads\community_84\user_1154_community_84_v1_top5_payload.json,D:\PHD\results\13 Uplift\DMF_GLOBAL_ONLY_COMMUNITIES_DETERMINISTIC\RUN_VR14b_COMM_DET_LN0d2_NEG2_EMB64_POS3train4test_BPR_EVAL20_023_comm_84_U117_I3855\023_comm_84_U117_I3855_top20_per_user_recs_VR14b_COMM_DET_LN0d2_NEG2_EMB64_POS3train4test_BPR_EVAL20.csv
84,1181,0x1d6Ab86C74f25549B7Fe371990Ad88676A14992F,1,5,b710a4ca3d36c63892b6e7251bdf95cad2b0c9978ed529dee7d6b71a9061e958,28,0x3a8d7830fecD095682572e09B9905da4B57E7A72,72b6296641efa92b66ad5839c1424df971ec1dff120cde2be922cebbce6bc384,D:\PHD\بابل\2024\Research Reco\الجزء الثاني\Douban Reco\4 ايصال التوصيات بضمنها العقد\03_outputs\RECOMMENDATION_DELIVERY_TOP5_V1\payloads\community_84\user_1181_community_84_v1_top5_payload.json,D:\PHD\results\13 Uplift\DMF_GLOBAL_ONLY_COMMUNITIES_DETERMINISTIC\RUN_VR14b_COMM_DET_LN0d2_NEG2_EMB64_POS3train4test_BPR_EVAL20_023_comm_84_U117_I3855\023_comm_84_U117_I3855_top20_per_user_recs_VR14b_COMM_DET_LN0d2_NEG2_EMB64_POS3train4test_BPR_EVAL20.csv
84,1187,0x387aC08bb4395311ADb75EEc7f202f5C23bD93e3,1,5,8f801300a3a646eba592c8837177c77d38cae42882c19df9cc086fc80808fc85,28,0x3a8d7830fecD095682572e09B9905da4B57E7A72,661405041c4a88e5e49e8af759777f7ef2f55f164f60b7c16f2bb85883205d2f,D:\PHD\بابل\2024\Research Reco\الجزء الثاني\Douban Reco\4 ايصال التوصيات بضمنها العقد\03_outputs\RECOMMENDATION_DELIVERY_TOP5_V1\payloads\community_84\user_1187_community_84_v1_top5_payload.json,D:\PHD\results\13 Uplift\DMF_GLOBAL_ONLY_COMMUNITIES_DETERMINISTIC\RUN_VR14b_COMM_DET_LN0d2_NEG2_EMB64_POS3train4test_BPR_EVAL20_023_comm_84_U117_I3855\023_comm_84_U117_I3855_top20_per_user_recs_VR14b_COMM_DET_LN0d2_NEG2_EMB64_POS3train4test_BPR_EVAL20.csv
84,1208,0xE4053D1C6375231c61BBAFbffE3D5151a8352e44,1,5,3a63f4810390b501c35462e04df2a48197104b8e372ff491ccd5db135940d888,28,0x3a8d7830fecD095682572e09B9905da4B57E7A72,8bce041accfd57d339f731a3fd64d54741880c2bf1bf2267811a839eee830feb,D:\PHD\بابل\2024\Research Reco\الجزء الثاني\Douban Reco\4 ايصال التوصيات بضمنها العقد\03_outputs\RECOMMENDATION_DELIVERY_TOP5_V1\payloads\community_84\user_1208_community_84_v1_top5_payload.json,D:\PHD\results\13 Uplift\DMF_GLOBAL_ONLY_COMMUNITIES_DETERMINISTIC\RUN_VR14b_COMM_DET_LN0d2_NEG2_EMB64_POS3train4test_BPR_EVAL20_023_comm_84_U117_I3855\023_comm_84_U117_I3855_top20_per_user_recs_VR14b_COMM_DET_LN0d2_NEG2_EMB64_POS3train4test_BPR_EVAL20.csv
84,1231,0x04EAbD09E5140331b12F0FD9834611eA6A3bB720,1,5,eb325a393eaeaf89d2a37fd41dbac875471814f6a20ce1f241380522d64d0082,28,0x3a8d7830fecD095682572e09B9905da4B57E7A72,9bfc06bcb2f39ae6aea18b066eb3ff3612dc6987451040512331b62be4daa63b,D:\PHD\بابل\2024\Research Reco\الجزء الثاني\Douban Reco\4 ايصال التوصيات بضمنها العقد\03_outputs\RECOMMENDATION_DELIVERY_TOP5_V1\payloads\community_84\user_1231_community_84_v1_top5_payload.json,D:\PHD\results\13 Uplift\DMF_GLOBAL_ONLY_COMMUNITIES_DETERMINISTIC\RUN_VR14b_COMM_DET_LN0d2_NEG2_EMB64_POS3train4test_BPR_EVAL20_023_comm_84_U117_I3855\023_comm_84_U117_I3855_top20_per_user_recs_VR14b_COMM_DET_LN0d2_NEG2_EMB64_POS3train4test_BPR_EVAL20.csv
84,1233,0xBd9fC1a6C865E2CA42E80c24208824CAb707F984,1,5,bcb44e845b32a850193e4a89c17ab01f5f0535b332f14d3b12079d9c30214e9a,28,0x3a8d7830fecD095682572e09B9905da4B57E7A72,1be7edf272d21c4a52017e98a6f6a9d10a7f47dee2ffeab09e3122b6b12e48d0,D:\PHD\بابل\2024\Research Reco\الجزء الثاني\Douban Reco\4 ايصال التوصيات بضمنها العقد\03_outputs\RECOMMENDATION_DELIVERY_TOP5_V1\payloads\community_84\user_1233_community_84_v1_top5_payload.json,D:\PHD\results\13 Uplift\DMF_GLOBAL_ONLY_COMMUNITIES_DETERMINISTIC\RUN_VR14b_COMM_DET_LN0d2_NEG2_EMB64_POS3train4test_BPR_EVAL20_023_comm_84_U117_I3855\023_comm_84_U117_I3855_top20_per_user_recs_VR14b_COMM_DET_LN0d2_NEG2_EMB64_POS3train4test_BPR_EVAL20.csv
84,1240,0x33dde7F75E8E82EA918378C8948Fb24b8AbfC196,1,5,35fd2afdb57e3e9c894d9c89b3429d3285ea5792b6b032b9cbe6c69ccf60b4cd,28,0x3a8d7830fecD095682572e09B9905da4B57E7A72,726502ef7469e284decdb60270608a5302dcd83b81c49d7912071a0fc8adb5f1,D:\PHD\بابل\2024\Research Reco\الجزء الثاني\Douban Reco\4 ايصال التوصيات بضمنها العقد\03_outputs\RECOMMENDATION_DELIVERY_TOP5_V1\payloads\community_84\user_1240_community_84_v1_top5_payload.json,D:\PHD\results\13 Uplift\DMF_GLOBAL_ONLY_COMMUNITIES_DETERMINISTIC\RUN_VR14b_COMM_DET_LN0d2_NEG2_EMB64_POS3train4test_BPR_EVAL20_023_comm_84_U117_I3855\023_comm_84_U117_I3855_top20_per_user_recs_VR14b_COMM_DET_LN0d2_NEG2_EMB64_POS3train4test_BPR_EVAL20.csv
84,1254,0x496aA42eaA90a83685D48b85A64B5D0F9A5e03ab,1,5,b1f835b9196beb98f810613b41bbe86b0df3b3ff6378ec6f2847f9504fe9cbf4,28,0x3a8d7830fecD095682572e09B9905da4B57E7A72,1a1c64f3bc919cddb9163bdf124ee0028335adf6f2f8d2f20098f11f9bb11a5e,D:\PHD\بابل\2024\Research Reco\الجزء الثاني\Douban Reco\4 ايصال التوصيات بضمنها العقد\03_outputs\RECOMMENDATION_DELIVERY_TOP5_V1\payloads\community_84\user_1254_community_84_v1_top5_payload.json,D:\PHD\results\13 Uplift\DMF_GLOBAL_ONLY_COMMUNITIES_DETERMINISTIC\RUN_VR14b_COMM_DET_LN0d2_NEG2_EMB64_POS3train4test_BPR_EVAL20_023_comm_84_U117_I3855\023_comm_84_U117_I3855_top20_per_user_recs_VR14b_COMM_DET_LN0d2_NEG2_EMB64_POS3train4test_BPR_EVAL20.csv
84,1329,0x458709157e99E0c2A5D4060a30F31308c65E0d0f,1,5,85f75a8d9a9fa7f7f52ada369d5cb2da2b62f9a8b18882ae55bacb3da79a8c82,28,0x3a8d7830fecD095682572e09B9905da4B57E7A72,d1ddb776381664b5afebc635eb9a9791a9f04ad9447ea71e908a793f5825f321,D:\PHD\بابل\2024\Research Reco\الجزء الثاني\Douban Reco\4 ايصال التوصيات بضمنها العقد\03_outputs\RECOMMENDATION_DELIVERY_TOP5_V1\payloads\community_84\user_1329_community_84_v1_top5_payload.json,D:\PHD\results\13 Uplift\DMF_GLOBAL_ONLY_COMMUNITIES_DETERMINISTIC\RUN_VR14b_COMM_DET_LN0d2_NEG2_EMB64_POS3train4test_BPR_EVAL20_023_comm_84_U117_I3855\023_comm_84_U117_I3855_top20_per_user_recs_VR14b_COMM_DET_LN0d2_NEG2_EMB64_POS3train4test_BPR_EVAL20.csv
84,1339,0xB86B3DcaC4069866fF3e3D24D2D1527542FF72f0,1,5,9bf7e4ff135334beaa62958dd1645333d9ae509096fa9bbf7dab54560bb3d338,28,0x3a8d7830fecD095682572e09B9905da4B57E7A72,fdda3a320bb1460437384167af9dff9168477410d3307e02cb2c03b4e6539d7d,D:\PHD\بابل\2024\Research Reco\الجزء الثاني\Douban Reco\4 ايصال التوصيات بضمنها العقد\03_outputs\RECOMMENDATION_DELIVERY_TOP5_V1\payloads\community_84\user_1339_community_84_v1_top5_payload.json,D:\PHD\results\13 Uplift\DMF_GLOBAL_ONLY_COMMUNITIES_DETERMINISTIC\RUN_VR14b_COMM_DET_LN0d2_NEG2_EMB64_POS3train4test_BPR_EVAL20_023_comm_84_U117_I3855\023_comm_84_U117_I3855_top20_per_user_recs_VR14b_COMM_DET_LN0d2_NEG2_EMB64_POS3train4test_BPR_EVAL20.csv
84,1343,0xD92555fff4B2BC185AcF9Cb4b44afB512a86f1AB,1,5,b01ff47541a2838239b282a30aa2dc333f1567eadc5756831498c30c6e57cc1f,28,0x3a8d7830fecD095682572e09B9905da4B57E7A72,bf7c5506a7e3d4c3a4c8ab764b1843908399f0a28e664b029dd92ada95f38116,D:\PHD\بابل\2024\Research Reco\الجزء الثاني\Douban Reco\4 ايصال التوصيات بضمنها العقد\03_outputs\RECOMMENDATION_DELIVERY_TOP5_V1\payloads\community_84\user_1343_community_84_v1_top5_payload.json,D:\PHD\results\13 Uplift\DMF_GLOBAL_ONLY_COMMUNITIES_DETERMINISTIC\RUN_VR14b_COMM_DET_LN0d2_NEG2_EMB64_POS3train4test_BPR_EVAL20_023_comm_84_U117_I3855\023_comm_84_U117_I3855_top20_per_user_recs_VR14b_COMM_DET_LN0d2_NEG2_EMB64_POS3train4test_BPR_EVAL20.csv
84,1347,0x0951C1aAf3493A932aAfF5989418c6f96b3Cc08D,1,5,2a683341541e846b5e96ed284abb7c395b36e7d2590217666fb026def21ec5cf,28,0x3a8d7830fecD095682572e09B9905da4B57E7A72,9802a560dd906210d1536dd78e32816eed5e132285a6ed7c83c12b41467cc330,D:\PHD\بابل\2024\Research Reco\الجزء الثاني\Douban Reco\4 ايصال التوصيات بضمنها العقد\03_outputs\RECOMMENDATION_DELIVERY_TOP5_V1\payloads\community_84\user_1347_community_84_v1_top5_payload.json,D:\PHD\results\13 Uplift\DMF_GLOBAL_ONLY_COMMUNITIES_DETERMINISTIC\RUN_VR14b_COMM_DET_LN0d2_NEG2_EMB64_POS3train4test_BPR_EVAL20_023_comm_84_U117_I3855\023_comm_84_U117_I3855_top20_per_user_recs_VR14b_COMM_DET_LN0d2_NEG2_EMB64_POS3train4test_BPR_EVAL20.csv
84,1387,0x0A9393037EfbE0Bb0250241f3CD73518f9e30ad8,1,5,84dcdf43bbaad0c35bdd80242b3bcf89848f894213540b5d34c67ad9aa111448,28,0x3a8d7830fecD095682572e09B9905da4B57E7A72,c6740f4444d519a8a4442401808c5dd6cf0879616ccd9ca5bb0b7ef80357961b,D:\PHD\بابل\2024\Research Reco\الجزء الثاني\Douban Reco\4 ايصال التوصيات بضمنها العقد\03_outputs\RECOMMENDATION_DELIVERY_TOP5_V1\payloads\community_84\user_1387_community_84_v1_top5_payload.json,D:\PHD\results\13 Uplift\DMF_GLOBAL_ONLY_COMMUNITIES_DETERMINISTIC\RUN_VR14b_COMM_DET_LN0d2_NEG2_EMB64_POS3train4test_BPR_EVAL20_023_comm_84_U117_I3855\023_comm_84_U117_I3855_top20_per_user_recs_VR14b_COMM_DET_LN0d2_NEG2_EMB64_POS3train4test_BPR_EVAL20.csv
84,1420,0x1462fcce72Eff05e17bc68D5B67aa2091Fa587C1,1,5,e748f061dc58aa8c0a780dcdccc45f9fd2daf2b7a0c12dfb1cdff7474d4de304,28,0x3a8d7830fecD095682572e09B9905da4B57E7A72,8f3c4cb76530145d757bf703f01e06f1b7156eb91d4b79494882387da225c66f,D:\PHD\بابل\2024\Research Reco\الجزء الثاني\Douban Reco\4 ايصال التوصيات بضمنها العقد\03_outputs\RECOMMENDATION_DELIVERY_TOP5_V1\payloads\community_84\user_1420_community_84_v1_top5_payload.json,D:\PHD\results\13 Uplift\DMF_GLOBAL_ONLY_COMMUNITIES_DETERMINISTIC\RUN_VR14b_COMM_DET_LN0d2_NEG2_EMB64_POS3train4test_BPR_EVAL20_023_comm_84_U117_I3855\023_comm_84_U117_I3855_top20_per_user_recs_VR14b_COMM_DET_LN0d2_NEG2_EMB64_POS3train4test_BPR_EVAL20.csv
84,1467,0x9EE4F536026F3653D40f27703568A4B69b9A064b,1,5,a21ff922013a591dcbb45d049f6a98c7be2de2c4b7105b196754c88a3e385661,28,0x3a8d7830fecD095682572e09B9905da4B57E7A72,02ec4f08de24e8810904ede330ca33581a9cb44aeedbbf4bd8322617bdaec729,D:\PHD\بابل\2024\Research Reco\الجزء الثاني\Douban Reco\4 ايصال التوصيات بضمنها العقد\03_outputs\RECOMMENDATION_DELIVERY_TOP5_V1\payloads\community_84\user_1467_community_84_v1_top5_payload.json,D:\PHD\results\13 Uplift\DMF_GLOBAL_ONLY_COMMUNITIES_DETERMINISTIC\RUN_VR14b_COMM_DET_LN0d2_NEG2_EMB64_POS3train4test_BPR_EVAL20_023_comm_84_U117_I3855\023_comm_84_U117_I3855_top20_per_user_recs_VR14b_COMM_DET_LN0d2_NEG2_EMB64_POS3train4test_BPR_EVAL20.csv
84,1494,0x72b5d477a73cB2D9F3e6d85DA1f2Ec753A4F4f7f,1,5,4c73b05803486d1c2884e06e3eb9935d2841b3bc9adfc578ee061d07a64fa12e,28,0x3a8d7830fecD095682572e09B9905da4B57E7A72,bc966a9852a0e9620c98df49a5ddfb5b329a9f5aeee426e921cf2104d4fc4da0,D:\PHD\بابل\2024\Research Reco\الجزء الثاني\Douban Reco\4 ايصال التوصيات بضمنها العقد\03_outputs\RECOMMENDATION_DELIVERY_TOP5_V1\payloads\community_84\user_1494_community_84_v1_top5_payload.json,D:\PHD\results\13 Uplift\DMF_GLOBAL_ONLY_COMMUNITIES_DETERMINISTIC\RUN_VR14b_COMM_DET_LN0d2_NEG2_EMB64_POS3train4test_BPR_EVAL20_023_comm_84_U117_I3855\023_comm_84_U117_I3855_top20_per_user_recs_VR14b_COMM_DET_LN0d2_NEG2_EMB64_POS3train4test_BPR_EVAL20.csv
84,1536,0xfBB5e140770480e6AC8745Ab6faD131c5EdB56Ac,1,5,cf3e845b22d240327066aff319893cb3a0a10c8fedb0ff86bf22cf82faeda35d,28,0x3a8d7830fecD095682572e09B9905da4B57E7A72,6ca2be5e92b19d4957433bb6207189705ccff63271f00ebf32f402c607cfdebb,D:\PHD\بابل\2024\Research Reco\الجزء الثاني\Douban Reco\4 ايصال التوصيات بضمنها العقد\03_outputs\RECOMMENDATION_DELIVERY_TOP5_V1\payloads\community_84\user_1536_community_84_v1_top5_payload.json,D:\PHD\results\13 Uplift\DMF_GLOBAL_ONLY_COMMUNITIES_DETERMINISTIC\RUN_VR14b_COMM_DET_LN0d2_NEG2_EMB64_POS3train4test_BPR_EVAL20_023_comm_84_U117_I3855\023_comm_84_U117_I3855_top20_per_user_recs_VR14b_COMM_DET_LN0d2_NEG2_EMB64_POS3train4test_BPR_EVAL20.csv
84,1537,0x6683C533b44Dfa7895E0F78127583c89fd378201,1,5,74dfee85e244ca4db396b154a12025df483d22c5c341484d7efc15ae45956521,28,0x3a8d7830fecD095682572e09B9905da4B57E7A72,1e3c3365314a1e22702f641d1f50514a0360102893422045e0441abe248af8ff,D:\PHD\بابل\2024\Research Reco\الجزء الثاني\Douban Reco\4 ايصال التوصيات بضمنها العقد\03_outputs\RECOMMENDATION_DELIVERY_TOP5_V1\payloads\community_84\user_1537_community_84_v1_top5_payload.json,D:\PHD\results\13 Uplift\DMF_GLOBAL_ONLY_COMMUNITIES_DETERMINISTIC\RUN_VR14b_COMM_DET_LN0d2_NEG2_EMB64_POS3train4test_BPR_EVAL20_023_comm_84_U117_I3855\023_comm_84_U117_I3855_top20_per_user_recs_VR14b_COMM_DET_LN0d2_NEG2_EMB64_POS3train4test_BPR_EVAL20.csv
84,1631,0x832889e6Ad771AA1eeAB5e6e29a17ffFeCD4fa4f,1,5,918fd67a1bf35906aef18512af893342da820555a64aeef148ef96ae8a939944,28,0x3a8d7830fecD095682572e09B9905da4B57E7A72,543f5bcf16b42bc154480087cf614cf2413b1e1c0a691b3a27cc939b6fb50ad1,D:\PHD\بابل\2024\Research Reco\الجزء الثاني\Douban Reco\4 ايصال التوصيات بضمنها العقد\03_outputs\RECOMMENDATION_DELIVERY_TOP5_V1\payloads\community_84\user_1631_community_84_v1_top5_payload.json,D:\PHD\results\13 Uplift\DMF_GLOBAL_ONLY_COMMUNITIES_DETERMINISTIC\RUN_VR14b_COMM_DET_LN0d2_NEG2_EMB64_POS3train4test_BPR_EVAL20_023_comm_84_U117_I3855\023_comm_84_U117_I3855_top20_per_user_recs_VR14b_COMM_DET_LN0d2_NEG2_EMB64_POS3train4test_BPR_EVAL20.csv
84,1646,0xB02cdd9FDcb061Bb90c54A647241461B9Ea5D469,1,5,5e2a35cf7a843ed748f4504f6bfb41c07cb233bed543d02f94df7f558c8521a0,28,0x3a8d7830fecD095682572e09B9905da4B57E7A72,53d06c5ed81fc167aeb9debfa400dfb6811e38ae772cd94730a7a44421b8b4a0,D:\PHD\بابل\2024\Research Reco\الجزء الثاني\Douban Reco\4 ايصال التوصيات بضمنها العقد\03_outputs\RECOMMENDATION_DELIVERY_TOP5_V1\payloads\community_84\user_1646_community_84_v1_top5_payload.json,D:\PHD\results\13 Uplift\DMF_GLOBAL_ONLY_COMMUNITIES_DETERMINISTIC\RUN_VR14b_COMM_DET_LN0d2_NEG2_EMB64_POS3train4test_BPR_EVAL20_023_comm_84_U117_I3855\023_comm_84_U117_I3855_top20_per_user_recs_VR14b_COMM_DET_LN0d2_NEG2_EMB64_POS3train4test_BPR_EVAL20.csv
84,1652,0x39283D9963B861590ED8AC030E449CeC7D4425f4,1,5,30d3ea21f0f6ed52bcd5dfdcf6013c167399bd234925b711e0310de5933c69e7,28,0x3a8d7830fecD095682572e09B9905da4B57E7A72,94eccb709363c6603edcc47846748219eb168bd442d0a3eac14471bf3042b845,D:\PHD\بابل\2024\Research Reco\الجزء الثاني\Douban Reco\4 ايصال التوصيات بضمنها العقد\03_outputs\RECOMMENDATION_DELIVERY_TOP5_V1\payloads\community_84\user_1652_community_84_v1_top5_payload.json,D:\PHD\results\13 Uplift\DMF_GLOBAL_ONLY_COMMUNITIES_DETERMINISTIC\RUN_VR14b_COMM_DET_LN0d2_NEG2_EMB64_POS3train4test_BPR_EVAL20_023_comm_84_U117_I3855\023_comm_84_U117_I3855_top20_per_user_recs_VR14b_COMM_DET_LN0d2_NEG2_EMB64_POS3train4test_BPR_EVAL20.csv
84,1664,0x23628e0440cC438925C6E9AD1362A1C0783a0CF2,1,5,46c5cfbf0c2f62bc4e205d52ec218c87eacf2fc7ffefe80981911e7aca65fc40,28,0x3a8d7830fecD095682572e09B9905da4B57E7A72,4dde87755d12bd4479f950b786759246da437e5f8b3824f4ff5f9e4000af21a1,D:\PHD\بابل\2024\Research Reco\الجزء الثاني\Douban Reco\4 ايصال التوصيات بضمنها العقد\03_outputs\RECOMMENDATION_DELIVERY_TOP5_V1\payloads\community_84\user_1664_community_84_v1_top5_payload.json,D:\PHD\results\13 Uplift\DMF_GLOBAL_ONLY_COMMUNITIES_DETERMINISTIC\RUN_VR14b_COMM_DET_LN0d2_NEG2_EMB64_POS3train4test_BPR_EVAL20_023_comm_84_U117_I3855\023_comm_84_U117_I3855_top20_per_user_recs_VR14b_COMM_DET_LN0d2_NEG2_EMB64_POS3train4test_BPR_EVAL20.csv
84,1690,0xCD3262941f203a25c4A84828Eb1cebd37F6E945E,1,5,7b86f04c04e157c56d9c9ca37f32c9e620bd64ccb932987e821467c46541bd9b,28,0x3a8d7830fecD095682572e09B9905da4B57E7A72,bc626ab6d8fe21eca1840a0418020ffc7468946ce3bd9686cdbd85205b3e7514,D:\PHD\بابل\2024\Research Reco\الجزء الثاني\Douban Reco\4 ايصال التوصيات بضمنها العقد\03_outputs\RECOMMENDATION_DELIVERY_TOP5_V1\payloads\community_84\user_1690_community_84_v1_top5_payload.json,D:\PHD\results\13 Uplift\DMF_GLOBAL_ONLY_COMMUNITIES_DETERMINISTIC\RUN_VR14b_COMM_DET_LN0d2_NEG2_EMB64_POS3train4test_BPR_EVAL20_023_comm_84_U117_I3855\023_comm_84_U117_I3855_top20_per_user_recs_VR14b_COMM_DET_LN0d2_NEG2_EMB64_POS3train4test_BPR_EVAL20.csv
84,1726,0x23BFE5fa79D03BBf3EFBC3A40eD85940F3b41150,1,5,d412f6ca5abd49bdf65b15106155b44a064b7e1109a8d0d98c21ac194b9b0824,28,0x3a8d7830fecD095682572e09B9905da4B57E7A72,44098c31249e9caa2709b5a89065e8bff891ce1f3194ee60798f7acab2035570,D:\PHD\بابل\2024\Research Reco\الجزء الثاني\Douban Reco\4 ايصال التوصيات بضمنها العقد\03_outputs\RECOMMENDATION_DELIVERY_TOP5_V1\payloads\community_84\user_1726_community_84_v1_top5_payload.json,D:\PHD\results\13 Uplift\DMF_GLOBAL_ONLY_COMMUNITIES_DETERMINISTIC\RUN_VR14b_COMM_DET_LN0d2_NEG2_EMB64_POS3train4test_BPR_EVAL20_023_comm_84_U117_I3855\023_comm_84_U117_I3855_top20_per_user_recs_VR14b_COMM_DET_LN0d2_NEG2_EMB64_POS3train4test_BPR_EVAL20.csv
84,1756,0x17C18aCbb6d79A75966812C0dAfdED3F1544071f,1,5,144b55d71cebf592ce06175bf5109b6ed8f6ba7a630fa33d98cdebe64e19d35c,28,0x3a8d7830fecD095682572e09B9905da4B57E7A72,e33ef52cc47c9f6723f0569bc1b35c719141521425cb82f0239765d7ce004d2d,D:\PHD\بابل\2024\Research Reco\الجزء الثاني\Douban Reco\4 ايصال التوصيات بضمنها العقد\03_outputs\RECOMMENDATION_DELIVERY_TOP5_V1\payloads\community_84\user_1756_community_84_v1_top5_payload.json,D:\PHD\results\13 Uplift\DMF_GLOBAL_ONLY_COMMUNITIES_DETERMINISTIC\RUN_VR14b_COMM_DET_LN0d2_NEG2_EMB64_POS3train4test_BPR_EVAL20_023_comm_84_U117_I3855\023_comm_84_U117_I3855_top20_per_user_recs_VR14b_COMM_DET_LN0d2_NEG2_EMB64_POS3train4test_BPR_EVAL20.csv
84,1783,0xC0eC7a7389e593e1Fe471B6E3473c5f323A7BF07,1,5,8c23f8ddb145b33ea583a46b2c81e538530c8ec1b23a1ae4ae2d21424438fee6,28,0x3a8d7830fecD095682572e09B9905da4B57E7A72,8befa4e68dac5a99897a0f21b0f852dd0f77e89256c9a7a99cd5dedb97798928,D:\PHD\بابل\2024\Research Reco\الجزء الثاني\Douban Reco\4 ايصال التوصيات بضمنها العقد\03_outputs\RECOMMENDATION_DELIVERY_TOP5_V1\payloads\community_84\user_1783_community_84_v1_top5_payload.json,D:\PHD\results\13 Uplift\DMF_GLOBAL_ONLY_COMMUNITIES_DETERMINISTIC\RUN_VR14b_COMM_DET_LN0d2_NEG2_EMB64_POS3train4test_BPR_EVAL20_023_comm_84_U117_I3855\023_comm_84_U117_I3855_top20_per_user_recs_VR14b_COMM_DET_LN0d2_NEG2_EMB64_POS3train4test_BPR_EVAL20.csv
84,1794,0xf2aCFFdDc25f828D253c3552519b650F843e013b,1,5,cded08309207412fd0c03b209bbaaaff93061a0243b884c2a974c06aec47344c,28,0x3a8d7830fecD095682572e09B9905da4B57E7A72,ae8e35d3c2c2a6ea3d679df3cc2145c299f7ae0a7c83e6d876c77a75d270ed90,D:\PHD\بابل\2024\Research Reco\الجزء الثاني\Douban Reco\4 ايصال التوصيات بضمنها العقد\03_outputs\RECOMMENDATION_DELIVERY_TOP5_V1\payloads\community_84\user_1794_community_84_v1_top5_payload.json,D:\PHD\results\13 Uplift\DMF_GLOBAL_ONLY_COMMUNITIES_DETERMINISTIC\RUN_VR14b_COMM_DET_LN0d2_NEG2_EMB64_POS3train4test_BPR_EVAL20_023_comm_84_U117_I3855\023_comm_84_U117_I3855_top20_per_user_recs_VR14b_COMM_DET_LN0d2_NEG2_EMB64_POS3train4test_BPR_EVAL20.csv
84,1820,0x751802572564621DD0383B6680eF98497381aA2D,1,5,7afd04560763b974c09d886f37ddf08f6c99ec593a224fb86f1f51362057522f,28,0x3a8d7830fecD095682572e09B9905da4B57E7A72,8485f8e28dafafb89fa3ff8293f65622691af78da5de88bd4ae67f22faa1f1a3,D:\PHD\بابل\2024\Research Reco\الجزء الثاني\Douban Reco\4 ايصال التوصيات بضمنها العقد\03_outputs\RECOMMENDATION_DELIVERY_TOP5_V1\payloads\community_84\user_1820_community_84_v1_top5_payload.json,D:\PHD\results\13 Uplift\DMF_GLOBAL_ONLY_COMMUNITIES_DETERMINISTIC\RUN_VR14b_COMM_DET_LN0d2_NEG2_EMB64_POS3train4test_BPR_EVAL20_023_comm_84_U117_I3855\023_comm_84_U117_I3855_top20_per_user_recs_VR14b_COMM_DET_LN0d2_NEG2_EMB64_POS3train4test_BPR_EVAL20.csv
84,1846,0x3c0C6D3F959937FA41c082c0586dEC9A4A872A76,1,5,36e610238e153bc6395ee6e67a3d86c30849edeaa8f6a7a84cc16584f9cc1dc6,28,0x3a8d7830fecD095682572e09B9905da4B57E7A72,3410b6a1ca3b568ee1e7a16318f91d7a36e39ee2d3b0f818283b6289e0c7f744,D:\PHD\بابل\2024\Research Reco\الجزء الثاني\Douban Reco\4 ايصال التوصيات بضمنها العقد\03_outputs\RECOMMENDATION_DELIVERY_TOP5_V1\payloads\community_84\user_1846_community_84_v1_top5_payload.json,D:\PHD\results\13 Uplift\DMF_GLOBAL_ONLY_COMMUNITIES_DETERMINISTIC\RUN_VR14b_COMM_DET_LN0d2_NEG2_EMB64_POS3train4test_BPR_EVAL20_023_comm_84_U117_I3855\023_comm_84_U117_I3855_top20_per_user_recs_VR14b_COMM_DET_LN0d2_NEG2_EMB64_POS3train4test_BPR_EVAL20.csv
84,1847,0x50dcE09421FC986Eb761a4B866010b9C3D86d271,1,5,e6201df0ed25dfd3f5469f6fc6c5ceca1abd16a9ab98d993962ca0e41b27f1cb,28,0x3a8d7830fecD095682572e09B9905da4B57E7A72,fbcfaa302b1ae8374936074e46ecb8b4e96ab2036293c7e03acf9c9e151927eb,D:\PHD\بابل\2024\Research Reco\الجزء الثاني\Douban Reco\4 ايصال التوصيات بضمنها العقد\03_outputs\RECOMMENDATION_DELIVERY_TOP5_V1\payloads\community_84\user_1847_community_84_v1_top5_payload.json,D:\PHD\results\13 Uplift\DMF_GLOBAL_ONLY_COMMUNITIES_DETERMINISTIC\RUN_VR14b_COMM_DET_LN0d2_NEG2_EMB64_POS3train4test_BPR_EVAL20_023_comm_84_U117_I3855\023_comm_84_U117_I3855_top20_per_user_recs_VR14b_COMM_DET_LN0d2_NEG2_EMB64_POS3train4test_BPR_EVAL20.csv
84,1864,0x112d63971D3B0c7E64F63208813A34FF076aA6A2,1,5,879531546010f88cfd9d8b371b39cd4777af88a8276ee8c6ee96262dafd689f1,28,0x3a8d7830fecD095682572e09B9905da4B57E7A72,1ce0f1319ab8462b25a88f16b568afdb35afe89ccaa14116117e824a034fcf43,D:\PHD\بابل\2024\Research Reco\الجزء الثاني\Douban Reco\4 ايصال التوصيات بضمنها العقد\03_outputs\RECOMMENDATION_DELIVERY_TOP5_V1\payloads\community_84\user_1864_community_84_v1_top5_payload.json,D:\PHD\results\13 Uplift\DMF_GLOBAL_ONLY_COMMUNITIES_DETERMINISTIC\RUN_VR14b_COMM_DET_LN0d2_NEG2_EMB64_POS3train4test_BPR_EVAL20_023_comm_84_U117_I3855\023_comm_84_U117_I3855_top20_per_user_recs_VR14b_COMM_DET_LN0d2_NEG2_EMB64_POS3train4test_BPR_EVAL20.csv
84,1888,0x86E2d932B9811D65f958d3b87E038Cea4BEE4BC4,1,5,7c5334e613f2e50edee0285abceb513829ec66c5c7fd6f7a22310c44bfe02c75,28,0x3a8d7830fecD095682572e09B9905da4B57E7A72,4f9fe15a5f028caa8584ae5ada6b8d03f1d90c2a810a7463a34218c049015d03,D:\PHD\بابل\2024\Research Reco\الجزء الثاني\Douban Reco\4 ايصال التوصيات بضمنها العقد\03_outputs\RECOMMENDATION_DELIVERY_TOP5_V1\payloads\community_84\user_1888_community_84_v1_top5_payload.json,D:\PHD\results\13 Uplift\DMF_GLOBAL_ONLY_COMMUNITIES_DETERMINISTIC\RUN_VR14b_COMM_DET_LN0d2_NEG2_EMB64_POS3train4test_BPR_EVAL20_023_comm_84_U117_I3855\023_comm_84_U117_I3855_top20_per_user_recs_VR14b_COMM_DET_LN0d2_NEG2_EMB64_POS3train4test_BPR_EVAL20.csv
84,1890,0xC36B587Cf93B052a39765E27D5BD5DB9A7028707,1,5,d0b6d377c986678c3bcdc48f97a3cbce704c073d0ea8c5afa23857b406f74dc1,28,0x3a8d7830fecD095682572e09B9905da4B57E7A72,a401fd59bda577531e24fe18975d96834842bbb851c119ab0f3dfcb6b053aaef,D:\PHD\بابل\2024\Research Reco\الجزء الثاني\Douban Reco\4 ايصال التوصيات بضمنها العقد\03_outputs\RECOMMENDATION_DELIVERY_TOP5_V1\payloads\community_84\user_1890_community_84_v1_top5_payload.json,D:\PHD\results\13 Uplift\DMF_GLOBAL_ONLY_COMMUNITIES_DETERMINISTIC\RUN_VR14b_COMM_DET_LN0d2_NEG2_EMB64_POS3train4test_BPR_EVAL20_023_comm_84_U117_I3855\023_comm_84_U117_I3855_top20_per_user_recs_VR14b_COMM_DET_LN0d2_NEG2_EMB64_POS3train4test_BPR_EVAL20.csv
84,1899,0xF82Dd7CA853B56228865B484e5f3B19268135042,1,5,142064a213be2f68dcbe27b2e355d7344ef4ec65b6bf1d4477fa8398f391042c,28,0x3a8d7830fecD095682572e09B9905da4B57E7A72,97f943a434375761c9373627999ddf8c0bd99777fbbd29aff991ad3b2d5373fd,D:\PHD\بابل\2024\Research Reco\الجزء الثاني\Douban Reco\4 ايصال التوصيات بضمنها العقد\03_outputs\RECOMMENDATION_DELIVERY_TOP5_V1\payloads\community_84\user_1899_community_84_v1_top5_payload.json,D:\PHD\results\13 Uplift\DMF_GLOBAL_ONLY_COMMUNITIES_DETERMINISTIC\RUN_VR14b_COMM_DET_LN0d2_NEG2_EMB64_POS3train4test_BPR_EVAL20_023_comm_84_U117_I3855\023_comm_84_U117_I3855_top20_per_user_recs_VR14b_COMM_DET_LN0d2_NEG2_EMB64_POS3train4test_BPR_EVAL20.csv
84,1938,0x5Da6c4dcc1b8C947E19940DaF14613a115Bb41Ba,1,5,4bcc735e9f5afeb3cecd8493923a24c35032af8bc63fb39fe1cdcb9f7741debf,28,0x3a8d7830fecD095682572e09B9905da4B57E7A72,b4bbadea640b5cf8d4d23fabcea098c82f891a8aebc5020f294476d2d6641a64,D:\PHD\بابل\2024\Research Reco\الجزء الثاني\Douban Reco\4 ايصال التوصيات بضمنها العقد\03_outputs\RECOMMENDATION_DELIVERY_TOP5_V1\payloads\community_84\user_1938_community_84_v1_top5_payload.json,D:\PHD\results\13 Uplift\DMF_GLOBAL_ONLY_COMMUNITIES_DETERMINISTIC\RUN_VR14b_COMM_DET_LN0d2_NEG2_EMB64_POS3train4test_BPR_EVAL20_023_comm_84_U117_I3855\023_comm_84_U117_I3855_top20_per_user_recs_VR14b_COMM_DET_LN0d2_NEG2_EMB64_POS3train4test_BPR_EVAL20.csv
84,1948,0xDc9bBeD93E0AEa39E3b8B39032e0090E8920a843,1,5,3e7a2ec3cb8bb74a58f25d0759bc79a350c09f1241c07e458958d1898e9fd985,28,0x3a8d7830fecD095682572e09B9905da4B57E7A72,2278c74f4e276f98655d4503fe4b4856a9fd33235cf0c770a6d56b1b7c11e5ff,D:\PHD\بابل\2024\Research Reco\الجزء الثاني\Douban Reco\4 ايصال التوصيات بضمنها العقد\03_outputs\RECOMMENDATION_DELIVERY_TOP5_V1\payloads\community_84\user_1948_community_84_v1_top5_payload.json,D:\PHD\results\13 Uplift\DMF_GLOBAL_ONLY_COMMUNITIES_DETERMINISTIC\RUN_VR14b_COMM_DET_LN0d2_NEG2_EMB64_POS3train4test_BPR_EVAL20_023_comm_84_U117_I3855\023_comm_84_U117_I3855_top20_per_user_recs_VR14b_COMM_DET_LN0d2_NEG2_EMB64_POS3train4test_BPR_EVAL20.csv
84,1968,0xA858a0CE9321D33cd2c2e6B5812a3cB20228dB6F,1,5,635994f1ef3039ddd886f931766f9f43213e1adeb80f3a6758920c284ccd19e6,28,0x3a8d7830fecD095682572e09B9905da4B57E7A72,d2231b311aa734c656cc62cfb53af5a5f7cd98d9dff40a73bdfd3d1d2d5a58f5,D:\PHD\بابل\2024\Research Reco\الجزء الثاني\Douban Reco\4 ايصال التوصيات بضمنها العقد\03_outputs\RECOMMENDATION_DELIVERY_TOP5_V1\payloads\community_84\user_1968_community_84_v1_top5_payload.json,D:\PHD\results\13 Uplift\DMF_GLOBAL_ONLY_COMMUNITIES_DETERMINISTIC\RUN_VR14b_COMM_DET_LN0d2_NEG2_EMB64_POS3train4test_BPR_EVAL20_023_comm_84_U117_I3855\023_comm_84_U117_I3855_top20_per_user_recs_VR14b_COMM_DET_LN0d2_NEG2_EMB64_POS3train4test_BPR_EVAL20.csv
84,1974,0x9145635cD751A7C44bfAC19e7cA754Ab536ADE0A,1,5,85d97a5ee713b6be93becc082df3ce97e9697036bda0247808e346858c605577,28,0x3a8d7830fecD095682572e09B9905da4B57E7A72,50c3c3fa613c7c6fa35a4c3c5ee73333e090426012e3b7d9c7a2afd68f997e66,D:\PHD\بابل\2024\Research Reco\الجزء الثاني\Douban Reco\4 ايصال التوصيات بضمنها العقد\03_outputs\RECOMMENDATION_DELIVERY_TOP5_V1\payloads\community_84\user_1974_community_84_v1_top5_payload.json,D:\PHD\results\13 Uplift\DMF_GLOBAL_ONLY_COMMUNITIES_DETERMINISTIC\RUN_VR14b_COMM_DET_LN0d2_NEG2_EMB64_POS3train4test_BPR_EVAL20_023_comm_84_U117_I3855\023_comm_84_U117_I3855_top20_per_user_recs_VR14b_COMM_DET_LN0d2_NEG2_EMB64_POS3train4test_BPR_EVAL20.csv
84,1991,0x472275e437892653357D15C9FF8deA109Fb0A026,1,5,bd697d1cc0a1255f3e9db3a651bf9faa298cf6e3d4c561ae762cfc00492b527b,28,0x3a8d7830fecD095682572e09B9905da4B57E7A72,eaa5dd0c5fbac14078dbdd59a21c0e38ed7bb117b0ba888bfec16fb0874ca8dc,D:\PHD\بابل\2024\Research Reco\الجزء الثاني\Douban Reco\4 ايصال التوصيات بضمنها العقد\03_outputs\RECOMMENDATION_DELIVERY_TOP5_V1\payloads\community_84\user_1991_community_84_v1_top5_payload.json,D:\PHD\results\13 Uplift\DMF_GLOBAL_ONLY_COMMUNITIES_DETERMINISTIC\RUN_VR14b_COMM_DET_LN0d2_NEG2_EMB64_POS3train4test_BPR_EVAL20_023_comm_84_U117_I3855\023_comm_84_U117_I3855_top20_per_user_recs_VR14b_COMM_DET_LN0d2_NEG2_EMB64_POS3train4test_BPR_EVAL20.csv
84,1996,0xC95b148F86Aa6A264Ff684b8c63c8186a82e51B9,1,5,84aa3c08d8db4514be690ba79eca9b0d86892df96efd8e3297a3397b2e36f897,28,0x3a8d7830fecD095682572e09B9905da4B57E7A72,1473e089b91e6912d07875512d92a8ab3ff82d07fea796dbf02f2e7b7f555d42,D:\PHD\بابل\2024\Research Reco\الجزء الثاني\Douban Reco\4 ايصال التوصيات بضمنها العقد\03_outputs\RECOMMENDATION_DELIVERY_TOP5_V1\payloads\community_84\user_1996_community_84_v1_top5_payload.json,D:\PHD\results\13 Uplift\DMF_GLOBAL_ONLY_COMMUNITIES_DETERMINISTIC\RUN_VR14b_COMM_DET_LN0d2_NEG2_EMB64_POS3train4test_BPR_EVAL20_023_comm_84_U117_I3855\023_comm_84_U117_I3855_top20_per_user_recs_VR14b_COMM_DET_LN0d2_NEG2_EMB64_POS3train4test_BPR_EVAL20.csv
84,1998,0x7F6c4957A0Ec90d67c33A60223cDcC1566E09430,1,5,5cf97e38aa7f5dedd6cda0f3d66c18d4f33138f94cbf03f06102bd2557234b5b,28,0x3a8d7830fecD095682572e09B9905da4B57E7A72,dc56a1c6f4f850c79ed08a74e896048ca03c6819f0a8f5abd37a11dd838e951a,D:\PHD\بابل\2024\Research Reco\الجزء الثاني\Douban Reco\4 ايصال التوصيات بضمنها العقد\03_outputs\RECOMMENDATION_DELIVERY_TOP5_V1\payloads\community_84\user_1998_community_84_v1_top5_payload.json,D:\PHD\results\13 Uplift\DMF_GLOBAL_ONLY_COMMUNITIES_DETERMINISTIC\RUN_VR14b_COMM_DET_LN0d2_NEG2_EMB64_POS3train4test_BPR_EVAL20_023_comm_84_U117_I3855\023_comm_84_U117_I3855_top20_per_user_recs_VR14b_COMM_DET_LN0d2_NEG2_EMB64_POS3train4test_BPR_EVAL20.csv
84,2008,0x908286aBC713c29bc83CD47Ac23f91ad13A1D940,1,5,4313a32408aab3fe9a2c770c97122f58b10159ff5faef0b288aee00beb9222a4,28,0x3a8d7830fecD095682572e09B9905da4B57E7A72,70321b2c58830828fe86e48bd016be8befa4e4c7df57460133c0ea3747f0ed9c,D:\PHD\بابل\2024\Research Reco\الجزء الثاني\Douban Reco\4 ايصال التوصيات بضمنها العقد\03_outputs\RECOMMENDATION_DELIVERY_TOP5_V1\payloads\community_84\user_2008_community_84_v1_top5_payload.json,D:\PHD\results\13 Uplift\DMF_GLOBAL_ONLY_COMMUNITIES_DETERMINISTIC\RUN_VR14b_COMM_DET_LN0d2_NEG2_EMB64_POS3train4test_BPR_EVAL20_023_comm_84_U117_I3855\023_comm_84_U117_I3855_top20_per_user_recs_VR14b_COMM_DET_LN0d2_NEG2_EMB64_POS3train4test_BPR_EVAL20.csv
84,2020,0x8217467900AbbFE23641200745F9F51b7963fb68,1,5,6bfff396dc327ea54909eaa34950668c66b928f6283b25a4c43a6cf285bd34a6,28,0x3a8d7830fecD095682572e09B9905da4B57E7A72,006140359dbd3f9ab68a8776005defe1884d69216c71e443e0e3705932262af5,D:\PHD\بابل\2024\Research Reco\الجزء الثاني\Douban Reco\4 ايصال التوصيات بضمنها العقد\03_outputs\RECOMMENDATION_DELIVERY_TOP5_V1\payloads\community_84\user_2020_community_84_v1_top5_payload.json,D:\PHD\results\13 Uplift\DMF_GLOBAL_ONLY_COMMUNITIES_DETERMINISTIC\RUN_VR14b_COMM_DET_LN0d2_NEG2_EMB64_POS3train4test_BPR_EVAL20_023_comm_84_U117_I3855\023_comm_84_U117_I3855_top20_per_user_recs_VR14b_COMM_DET_LN0d2_NEG2_EMB64_POS3train4test_BPR_EVAL20.csv
84,2030,0x22C26b43eBB83F1B625912aaf6CAD0403D81Fe55,1,5,52e79ae2fc13aa877b1168287e8e6c016adb1aa36b5dcb60d04c09e5b9e19a94,28,0x3a8d7830fecD095682572e09B9905da4B57E7A72,5394c2b063566bc6fcfe409b0de85919879fd7613e6ca49b6599501c581149a8,D:\PHD\بابل\2024\Research Reco\الجزء الثاني\Douban Reco\4 ايصال التوصيات بضمنها العقد\03_outputs\RECOMMENDATION_DELIVERY_TOP5_V1\payloads\community_84\user_2030_community_84_v1_top5_payload.json,D:\PHD\results\13 Uplift\DMF_GLOBAL_ONLY_COMMUNITIES_DETERMINISTIC\RUN_VR14b_COMM_DET_LN0d2_NEG2_EMB64_POS3train4test_BPR_EVAL20_023_comm_84_U117_I3855\023_comm_84_U117_I3855_top20_per_user_recs_VR14b_COMM_DET_LN0d2_NEG2_EMB64_POS3train4test_BPR_EVAL20.csv
84,2045,0xf855d1366C64691FEF3C20c5d2C68254d08cc0f5,1,5,70e742299fe13e06fa3b5c04e091f91e4f5a5f4c50757e10a8db44cfead02fba,28,0x3a8d7830fecD095682572e09B9905da4B57E7A72,18f1674cb4f3dc2d8c776ee2700238e0c904bb0ae2f9334ec8616b1225438649,D:\PHD\بابل\2024\Research Reco\الجزء الثاني\Douban Reco\4 ايصال التوصيات بضمنها العقد\03_outputs\RECOMMENDATION_DELIVERY_TOP5_V1\payloads\community_84\user_2045_community_84_v1_top5_payload.json,D:\PHD\results\13 Uplift\DMF_GLOBAL_ONLY_COMMUNITIES_DETERMINISTIC\RUN_VR14b_COMM_DET_LN0d2_NEG2_EMB64_POS3train4test_BPR_EVAL20_023_comm_84_U117_I3855\023_comm_84_U117_I3855_top20_per_user_recs_VR14b_COMM_DET_LN0d2_NEG2_EMB64_POS3train4test_BPR_EVAL20.csv
84,2049,0x3256541d3A186463B1D7179Df372bAFe5eC22D99,1,5,2380bff1eedd0999e04d27dd549c9c8900afd12508bde77f2fe997f561d78975,28,0x3a8d7830fecD095682572e09B9905da4B57E7A72,4f7255da3147297eacb23841f89672c78a8b01cc4f6e31ebf2558205c917f6a8,D:\PHD\بابل\2024\Research Reco\الجزء الثاني\Douban Reco\4 ايصال التوصيات بضمنها العقد\03_outputs\RECOMMENDATION_DELIVERY_TOP5_V1\payloads\community_84\user_2049_community_84_v1_top5_payload.json,D:\PHD\results\13 Uplift\DMF_GLOBAL_ONLY_COMMUNITIES_DETERMINISTIC\RUN_VR14b_COMM_DET_LN0d2_NEG2_EMB64_POS3train4test_BPR_EVAL20_023_comm_84_U117_I3855\023_comm_84_U117_I3855_top20_per_user_recs_VR14b_COMM_DET_LN0d2_NEG2_EMB64_POS3train4test_BPR_EVAL20.csv
84,2071,0x74177d0a171c167652B42471d343B5a83b2a3b8d,1,5,00c8d3169626012089dd0b5086fecb62c63942380027ff5381d8a31ba6f0673a,28,0x3a8d7830fecD095682572e09B9905da4B57E7A72,cc684ddcc38b8695adcec704a3b02e550022b449545ba912a225670403a2ad01,D:\PHD\بابل\2024\Research Reco\الجزء الثاني\Douban Reco\4 ايصال التوصيات بضمنها العقد\03_outputs\RECOMMENDATION_DELIVERY_TOP5_V1\payloads\community_84\user_2071_community_84_v1_top5_payload.json,D:\PHD\results\13 Uplift\DMF_GLOBAL_ONLY_COMMUNITIES_DETERMINISTIC\RUN_VR14b_COMM_DET_LN0d2_NEG2_EMB64_POS3train4test_BPR_EVAL20_023_comm_84_U117_I3855\023_comm_84_U117_I3855_top20_per_user_recs_VR14b_COMM_DET_LN0d2_NEG2_EMB64_POS3train4test_BPR_EVAL20.csv
84,2076,0x3619E8c114fA17E0049b701eA87AB77cfaABC956,1,5,b3b5489a80dc5874ae13d3e2df469f65e3b9eacc8ee8a6f7d94cd84a523d2a84,28,0x3a8d7830fecD095682572e09B9905da4B57E7A72,bde7b3e7cfc7a0e9d8b8465f3ea03271b0af8a2fe9bcc90c83ee2278321c2b34,D:\PHD\بابل\2024\Research Reco\الجزء الثاني\Douban Reco\4 ايصال التوصيات بضمنها العقد\03_outputs\RECOMMENDATION_DELIVERY_TOP5_V1\payloads\community_84\user_2076_community_84_v1_top5_payload.json,D:\PHD\results\13 Uplift\DMF_GLOBAL_ONLY_COMMUNITIES_DETERMINISTIC\RUN_VR14b_COMM_DET_LN0d2_NEG2_EMB64_POS3train4test_BPR_EVAL20_023_comm_84_U117_I3855\023_comm_84_U117_I3855_top20_per_user_recs_VR14b_COMM_DET_LN0d2_NEG2_EMB64_POS3train4test_BPR_EVAL20.csv
84,2112,0xd25329D7FD6879c56f01c51C24900e65d3F37Da7,1,5,525dced80882e25080815927f0caa7e5c0c339366521aea9a2b0495a3e32e400,28,0x3a8d7830fecD095682572e09B9905da4B57E7A72,e76d32c950ba4cc743782da86347108846fde95a24ddb79372a9a0fabd61dc34,D:\PHD\بابل\2024\Research Reco\الجزء الثاني\Douban Reco\4 ايصال التوصيات بضمنها العقد\03_outputs\RECOMMENDATION_DELIVERY_TOP5_V1\payloads\community_84\user_2112_community_84_v1_top5_payload.json,D:\PHD\results\13 Uplift\DMF_GLOBAL_ONLY_COMMUNITIES_DETERMINISTIC\RUN_VR14b_COMM_DET_LN0d2_NEG2_EMB64_POS3train4test_BPR_EVAL20_023_comm_84_U117_I3855\023_comm_84_U117_I3855_top20_per_user_recs_VR14b_COMM_DET_LN0d2_NEG2_EMB64_POS3train4test_BPR_EVAL20.csv
84,2236,0xC441b777286643E3214ADFfc72A873BAaA3AccD2,1,5,04b43b267aee891a7d9ad3adb24892bf79765c0d9a1e6de37bdf7250c1693784,28,0x3a8d7830fecD095682572e09B9905da4B57E7A72,cecccc5dae13326f217f3c3ca5c35e443f8c3303ab7de35f389634e744056699,D:\PHD\بابل\2024\Research Reco\الجزء الثاني\Douban Reco\4 ايصال التوصيات بضمنها العقد\03_outputs\RECOMMENDATION_DELIVERY_TOP5_V1\payloads\community_84\user_2236_community_84_v1_top5_payload.json,D:\PHD\results\13 Uplift\DMF_GLOBAL_ONLY_COMMUNITIES_DETERMINISTIC\RUN_VR14b_COMM_DET_LN0d2_NEG2_EMB64_POS3train4test_BPR_EVAL20_023_comm_84_U117_I3855\023_comm_84_U117_I3855_top20_per_user_recs_VR14b_COMM_DET_LN0d2_NEG2_EMB64_POS3train4test_BPR_EVAL20.csv
84,2258,0x0c7B31A60f7FEaF6Ff433fAbBEc88906a0D59157,1,5,dd02be9b9a2ad4185ddeb793c6bfd5cebb13a63c35db36cfad2a452f66eff992,28,0x3a8d7830fecD095682572e09B9905da4B57E7A72,1620a4e83fa1876f98a4a140a427408104137dc190305543f35326f854412d0e,D:\PHD\بابل\2024\Research Reco\الجزء الثاني\Douban Reco\4 ايصال التوصيات بضمنها العقد\03_outputs\RECOMMENDATION_DELIVERY_TOP5_V1\payloads\community_84\user_2258_community_84_v1_top5_payload.json,D:\PHD\results\13 Uplift\DMF_GLOBAL_ONLY_COMMUNITIES_DETERMINISTIC\RUN_VR14b_COMM_DET_LN0d2_NEG2_EMB64_POS3train4test_BPR_EVAL20_023_comm_84_U117_I3855\023_comm_84_U117_I3855_top20_per_user_recs_VR14b_COMM_DET_LN0d2_NEG2_EMB64_POS3train4test_BPR_EVAL20.csv
84,2343,0x5C04122799768c715a22ab1CF9B1593A7fBea2DF,1,5,3e172cad32906460a858f17ed3ffdfd8437d8eed193232e22238f069c587bab9,28,0x3a8d7830fecD095682572e09B9905da4B57E7A72,8d1b645355b087cecd761646544f51ffdfeb447303b6385b8b29be72d6131066,D:\PHD\بابل\2024\Research Reco\الجزء الثاني\Douban Reco\4 ايصال التوصيات بضمنها العقد\03_outputs\RECOMMENDATION_DELIVERY_TOP5_V1\payloads\community_84\user_2343_community_84_v1_top5_payload.json,D:\PHD\results\13 Uplift\DMF_GLOBAL_ONLY_COMMUNITIES_DETERMINISTIC\RUN_VR14b_COMM_DET_LN0d2_NEG2_EMB64_POS3train4test_BPR_EVAL20_023_comm_84_U117_I3855\023_comm_84_U117_I3855_top20_per_user_recs_VR14b_COMM_DET_LN0d2_NEG2_EMB64_POS3train4test_BPR_EVAL20.csv
84,2363,0x81914F6C25f78d10542ceea4d00C3674623167B5,1,5,059aef296f551d602f3e5e627a5a64625b968b3a8012a4b55ba7759db8a801cc,28,0x3a8d7830fecD095682572e09B9905da4B57E7A72,ce6fea19d40d0dab3df8032ec08f8d01105b382c728aab9c528fad29b77a0f85,D:\PHD\بابل\2024\Research Reco\الجزء الثاني\Douban Reco\4 ايصال التوصيات بضمنها العقد\03_outputs\RECOMMENDATION_DELIVERY_TOP5_V1\payloads\community_84\user_2363_community_84_v1_top5_payload.json,D:\PHD\results\13 Uplift\DMF_GLOBAL_ONLY_COMMUNITIES_DETERMINISTIC\RUN_VR14b_COMM_DET_LN0d2_NEG2_EMB64_POS3train4test_BPR_EVAL20_023_comm_84_U117_I3855\023_comm_84_U117_I3855_top20_per_user_recs_VR14b_COMM_DET_LN0d2_NEG2_EMB64_POS3train4test_BPR_EVAL20.csv
84,2373,0xA522e9B65215f88ac59E1aBE11a0b43694203b85,1,5,91ec4ec9d9a2785ff837ae43c9040c6b3aded0aa8c8bb4c1815bb97646ece698,28,0x3a8d7830fecD095682572e09B9905da4B57E7A72,160dcc0d2236d0b2f1c173f455381d48cc726e1c2dbbee522232814cc0ef5369,D:\PHD\بابل\2024\Research Reco\الجزء الثاني\Douban Reco\4 ايصال التوصيات بضمنها العقد\03_outputs\RECOMMENDATION_DELIVERY_TOP5_V1\payloads\community_84\user_2373_community_84_v1_top5_payload.json,D:\PHD\results\13 Uplift\DMF_GLOBAL_ONLY_COMMUNITIES_DETERMINISTIC\RUN_VR14b_COMM_DET_LN0d2_NEG2_EMB64_POS3train4test_BPR_EVAL20_023_comm_84_U117_I3855\023_comm_84_U117_I3855_top20_per_user_recs_VR14b_COMM_DET_LN0d2_NEG2_EMB64_POS3train4test_BPR_EVAL20.csv
84,2378,0x1a6aF5E1D09aF112C83213c26C1F829cbC6448d1,1,5,4e9805ec47f013fd6b69871457cf2e9d782bf3cd88b67a653f39e6284f769ef8,28,0x3a8d7830fecD095682572e09B9905da4B57E7A72,27309294a4257e8620b26d081e854ab2fc26ed07ece85a0d7ea01db46cd2453c,D:\PHD\بابل\2024\Research Reco\الجزء الثاني\Douban Reco\4 ايصال التوصيات بضمنها العقد\03_outputs\RECOMMENDATION_DELIVERY_TOP5_V1\payloads\community_84\user_2378_community_84_v1_top5_payload.json,D:\PHD\results\13 Uplift\DMF_GLOBAL_ONLY_COMMUNITIES_DETERMINISTIC\RUN_VR14b_COMM_DET_LN0d2_NEG2_EMB64_POS3train4test_BPR_EVAL20_023_comm_84_U117_I3855\023_comm_84_U117_I3855_top20_per_user_recs_VR14b_COMM_DET_LN0d2_NEG2_EMB64_POS3train4test_BPR_EVAL20.csv
84,2430,0x51B88Eb1b33547d266ac23AB505FA18C7bb710Dc,1,5,8d334ef7013ab19436c1bd3cc2ddd15858b9874adcaaf8f8627b0ab332a87217,28,0x3a8d7830fecD095682572e09B9905da4B57E7A72,46edca90ed4fb35db47898f5b2a4dcb4e3a25b8b59f6c1a24c96e32e07dc835d,D:\PHD\بابل\2024\Research Reco\الجزء الثاني\Douban Reco\4 ايصال التوصيات بضمنها العقد\03_outputs\RECOMMENDATION_DELIVERY_TOP5_V1\payloads\community_84\user_2430_community_84_v1_top5_payload.json,D:\PHD\results\13 Uplift\DMF_GLOBAL_ONLY_COMMUNITIES_DETERMINISTIC\RUN_VR14b_COMM_DET_LN0d2_NEG2_EMB64_POS3train4test_BPR_EVAL20_023_comm_84_U117_I3855\023_comm_84_U117_I3855_top20_per_user_recs_VR14b_COMM_DET_LN0d2_NEG2_EMB64_POS3train4test_BPR_EVAL20.csv
84,2472,0x1D63fa4Fe32a65C6Fd503E086A3102fE5C2C6107,1,5,57f30eb1c4e4fbebf06a7d8f0b607285b25d218fa484b4993dff72ed5bc1ac37,28,0x3a8d7830fecD095682572e09B9905da4B57E7A72,812abdbeb9fa0d7474d64085aa26af7804ff1a4bf38477eb982f7097de19b51d,D:\PHD\بابل\2024\Research Reco\الجزء الثاني\Douban Reco\4 ايصال التوصيات بضمنها العقد\03_outputs\RECOMMENDATION_DELIVERY_TOP5_V1\payloads\community_84\user_2472_community_84_v1_top5_payload.json,D:\PHD\results\13 Uplift\DMF_GLOBAL_ONLY_COMMUNITIES_DETERMINISTIC\RUN_VR14b_COMM_DET_LN0d2_NEG2_EMB64_POS3train4test_BPR_EVAL20_023_comm_84_U117_I3855\023_comm_84_U117_I3855_top20_per_user_recs_VR14b_COMM_DET_LN0d2_NEG2_EMB64_POS3train4test_BPR_EVAL20.csv
84,2491,0x99029500b812C1E08f0bE4172F19aAFb89C3079F,1,5,f9f4887748f1828c6038d7dc1e488baaf8ad13777b6bd518b26d70e9f20e76de,28,0x3a8d7830fecD095682572e09B9905da4B57E7A72,145c5a731eed8c1fc564ea82b12ad9c8fa0c4465c7bc018141e7d5ef13b7b1b4,D:\PHD\بابل\2024\Research Reco\الجزء الثاني\Douban Reco\4 ايصال التوصيات بضمنها العقد\03_outputs\RECOMMENDATION_DELIVERY_TOP5_V1\payloads\community_84\user_2491_community_84_v1_top5_payload.json,D:\PHD\results\13 Uplift\DMF_GLOBAL_ONLY_COMMUNITIES_DETERMINISTIC\RUN_VR14b_COMM_DET_LN0d2_NEG2_EMB64_POS3train4test_BPR_EVAL20_023_comm_84_U117_I3855\023_comm_84_U117_I3855_top20_per_user_recs_VR14b_COMM_DET_LN0d2_NEG2_EMB64_POS3train4test_BPR_EVAL20.csv
84,2499,0xEe984b8A374aF1dE0Fe456aAbd8128d4920c8958,1,5,27c8d2194b8157f74a42ac8ec6d16bdebb57495765ca07ed2a2a107092a9eaee,28,0x3a8d7830fecD095682572e09B9905da4B57E7A72,3c734a66fbbeab2719dae40d025b2251516364081625b224e7ad9de0df002236,D:\PHD\بابل\2024\Research Reco\الجزء الثاني\Douban Reco\4 ايصال التوصيات بضمنها العقد\03_outputs\RECOMMENDATION_DELIVERY_TOP5_V1\payloads\community_84\user_2499_community_84_v1_top5_payload.json,D:\PHD\results\13 Uplift\DMF_GLOBAL_ONLY_COMMUNITIES_DETERMINISTIC\RUN_VR14b_COMM_DET_LN0d2_NEG2_EMB64_POS3train4test_BPR_EVAL20_023_comm_84_U117_I3855\023_comm_84_U117_I3855_top20_per_user_recs_VR14b_COMM_DET_LN0d2_NEG2_EMB64_POS3train4test_BPR_EVAL20.csv
84,2504,0xb13c8F9E8EF5F2fAE2E91Ef1AD9C91B7d2669e14,1,5,55b785261d615a2b9d4d95007e1291b2dcee6b42fec3fcc741a8d6dc3fb4dcb6,28,0x3a8d7830fecD095682572e09B9905da4B57E7A72,d6084e80f76bec6cf36721c246068642863d6f5a7d63a10efad00963e146b680,D:\PHD\بابل\2024\Research Reco\الجزء الثاني\Douban Reco\4 ايصال التوصيات بضمنها العقد\03_outputs\RECOMMENDATION_DELIVERY_TOP5_V1\payloads\community_84\user_2504_community_84_v1_top5_payload.json,D:\PHD\results\13 Uplift\DMF_GLOBAL_ONLY_COMMUNITIES_DETERMINISTIC\RUN_VR14b_COMM_DET_LN0d2_NEG2_EMB64_POS3train4test_BPR_EVAL20_023_comm_84_U117_I3855\023_comm_84_U117_I3855_top20_per_user_recs_VR14b_COMM_DET_LN0d2_NEG2_EMB64_POS3train4test_BPR_EVAL20.csv
84,2522,0x0c96cf0c352D6EB029e1F39Bae3e84FeF5144129,1,5,55e4a7f101898491da505cadb3c822a3e74441877bdd74b77aa671045bf3b36c,28,0x3a8d7830fecD095682572e09B9905da4B57E7A72,b00b6df5a0b1dc24bb10ba787c56c701ac0e7e4376d5e4ae9e69f3bf0c6b2eac,D:\PHD\بابل\2024\Research Reco\الجزء الثاني\Douban Reco\4 ايصال التوصيات بضمنها العقد\03_outputs\RECOMMENDATION_DELIVERY_TOP5_V1\payloads\community_84\user_2522_community_84_v1_top5_payload.json,D:\PHD\results\13 Uplift\DMF_GLOBAL_ONLY_COMMUNITIES_DETERMINISTIC\RUN_VR14b_COMM_DET_LN0d2_NEG2_EMB64_POS3train4test_BPR_EVAL20_023_comm_84_U117_I3855\023_comm_84_U117_I3855_top20_per_user_recs_VR14b_COMM_DET_LN0d2_NEG2_EMB64_POS3train4test_BPR_EVAL20.csv
84,2574,0xdA82da15C34B1C9B07CE7d6E7EBDf361eD80Fc4b,1,5,8c9f14b1712b0a3c7675ab3317cde7b7a4272bad074af4671a8b60b17938c97b,28,0x3a8d7830fecD095682572e09B9905da4B57E7A72,9b8cffa4fe7db555c6538d0d267700769635b5024aad7e99a715321235e7c8ea,D:\PHD\بابل\2024\Research Reco\الجزء الثاني\Douban Reco\4 ايصال التوصيات بضمنها العقد\03_outputs\RECOMMENDATION_DELIVERY_TOP5_V1\payloads\community_84\user_2574_community_84_v1_top5_payload.json,D:\PHD\results\13 Uplift\DMF_GLOBAL_ONLY_COMMUNITIES_DETERMINISTIC\RUN_VR14b_COMM_DET_LN0d2_NEG2_EMB64_POS3train4test_BPR_EVAL20_023_comm_84_U117_I3855\023_comm_84_U117_I3855_top20_per_user_recs_VR14b_COMM_DET_LN0d2_NEG2_EMB64_POS3train4test_BPR_EVAL20.csv
84,2644,0xb094ADc175c1AE039859271f71498950C548FfC9,1,5,45239dc727ef570bed47820e14dc7de2760ed2948d5a7b740362e2732d93d8e0,28,0x3a8d7830fecD095682572e09B9905da4B57E7A72,4b0030978def3e1baf15f5e1a2af5f12c6d28946a5a8e4777adb90c5f0e2b09d,D:\PHD\بابل\2024\Research Reco\الجزء الثاني\Douban Reco\4 ايصال التوصيات بضمنها العقد\03_outputs\RECOMMENDATION_DELIVERY_TOP5_V1\payloads\community_84\user_2644_community_84_v1_top5_payload.json,D:\PHD\results\13 Uplift\DMF_GLOBAL_ONLY_COMMUNITIES_DETERMINISTIC\RUN_VR14b_COMM_DET_LN0d2_NEG2_EMB64_POS3train4test_BPR_EVAL20_023_comm_84_U117_I3855\023_comm_84_U117_I3855_top20_per_user_recs_VR14b_COMM_DET_LN0d2_NEG2_EMB64_POS3train4test_BPR_EVAL20.csv
84,2645,0xAB7545f666D49F22f52CD1cc7E42853c4b177c1B,1,5,e405b310c9396a06660c491811f25089ffe2a1079da58eb1dc00a0bba8e5bf2f,28,0x3a8d7830fecD095682572e09B9905da4B57E7A72,681d7550d0d532270f373066f6e22debd84233634e179ace2de888683b14d837,D:\PHD\بابل\2024\Research Reco\الجزء الثاني\Douban Reco\4 ايصال التوصيات بضمنها العقد\03_outputs\RECOMMENDATION_DELIVERY_TOP5_V1\payloads\community_84\user_2645_community_84_v1_top5_payload.json,D:\PHD\results\13 Uplift\DMF_GLOBAL_ONLY_COMMUNITIES_DETERMINISTIC\RUN_VR14b_COMM_DET_LN0d2_NEG2_EMB64_POS3train4test_BPR_EVAL20_023_comm_84_U117_I3855\023_comm_84_U117_I3855_top20_per_user_recs_VR14b_COMM_DET_LN0d2_NEG2_EMB64_POS3train4test_BPR_EVAL20.csv
84,2708,0xe2B960EF875C8FAf0F0F25308Ac4C5E1233Eb88D,1,5,cdd1cbcfc0ec78009626aac3a28b3312819af69db8dc3fea96b39ba902fdf194,28,0x3a8d7830fecD095682572e09B9905da4B57E7A72,adfbb5802a0297d56aeaea2a53c10a7e03963793e3eaf625d178b4d03369e0b7,D:\PHD\بابل\2024\Research Reco\الجزء الثاني\Douban Reco\4 ايصال التوصيات بضمنها العقد\03_outputs\RECOMMENDATION_DELIVERY_TOP5_V1\payloads\community_84\user_2708_community_84_v1_top5_payload.json,D:\PHD\results\13 Uplift\DMF_GLOBAL_ONLY_COMMUNITIES_DETERMINISTIC\RUN_VR14b_COMM_DET_LN0d2_NEG2_EMB64_POS3train4test_BPR_EVAL20_023_comm_84_U117_I3855\023_comm_84_U117_I3855_top20_per_user_recs_VR14b_COMM_DET_LN0d2_NEG2_EMB64_POS3train4test_BPR_EVAL20.csv
84,2710,0x406DbF3f9b9a9235f18f28ceDC15FAfE59491ec5,1,5,4eccf5c0b16ee9484c3b2be42a4199143f9ba0410345bfb838f3ab8e52169d4e,28,0x3a8d7830fecD095682572e09B9905da4B57E7A72,9dbf1b472a2fc23a8807f20c478450162e9265b77f3f63f2a6d03c3acedfcb5b,D:\PHD\بابل\2024\Research Reco\الجزء الثاني\Douban Reco\4 ايصال التوصيات بضمنها العقد\03_outputs\RECOMMENDATION_DELIVERY_TOP5_V1\payloads\community_84\user_2710_community_84_v1_top5_payload.json,D:\PHD\results\13 Uplift\DMF_GLOBAL_ONLY_COMMUNITIES_DETERMINISTIC\RUN_VR14b_COMM_DET_LN0d2_NEG2_EMB64_POS3train4test_BPR_EVAL20_023_comm_84_U117_I3855\023_comm_84_U117_I3855_top20_per_user_recs_VR14b_COMM_DET_LN0d2_NEG2_EMB64_POS3train4test_BPR_EVAL20.csv
84,2715,0xe24294acEaF2FCB8188495c813B7A96441F984f5,1,5,1f5d48140f9c5469deaa5b524a03b1351fba104a364d477537552ac30213ffec,28,0x3a8d7830fecD095682572e09B9905da4B57E7A72,6d10f1e7ca7a217b1389a42c212404af2a22fd7f78627313b7b6805fd6f77712,D:\PHD\بابل\2024\Research Reco\الجزء الثاني\Douban Reco\4 ايصال التوصيات بضمنها العقد\03_outputs\RECOMMENDATION_DELIVERY_TOP5_V1\payloads\community_84\user_2715_community_84_v1_top5_payload.json,D:\PHD\results\13 Uplift\DMF_GLOBAL_ONLY_COMMUNITIES_DETERMINISTIC\RUN_VR14b_COMM_DET_LN0d2_NEG2_EMB64_POS3train4test_BPR_EVAL20_023_comm_84_U117_I3855\023_comm_84_U117_I3855_top20_per_user_recs_VR14b_COMM_DET_LN0d2_NEG2_EMB64_POS3train4test_BPR_EVAL20.csv
84,2728,0x36F9B2E0A55206a3946C60bA04A782CBd3fA71CD,1,5,b75f9c719e6ef6288679ac0feeae0a8aec9d20716340f958d2f6c145a457ff05,28,0x3a8d7830fecD095682572e09B9905da4B57E7A72,fd871b99d68d77f497397ed6dd633f74b1c852bdc3c4c809fa007ad4df1cc154,D:\PHD\بابل\2024\Research Reco\الجزء الثاني\Douban Reco\4 ايصال التوصيات بضمنها العقد\03_outputs\RECOMMENDATION_DELIVERY_TOP5_V1\payloads\community_84\user_2728_community_84_v1_top5_payload.json,D:\PHD\results\13 Uplift\DMF_GLOBAL_ONLY_COMMUNITIES_DETERMINISTIC\RUN_VR14b_COMM_DET_LN0d2_NEG2_EMB64_POS3train4test_BPR_EVAL20_023_comm_84_U117_I3855\023_comm_84_U117_I3855_top20_per_user_recs_VR14b_COMM_DET_LN0d2_NEG2_EMB64_POS3train4test_BPR_EVAL20.csv
84,2746,0x5204E00C8EC3E406e77f3EB6Fb77522eEaF4254D,1,5,cfaf9501656b8169c8bc6413db9fe16db9d8e0f13dfa9ac00d5ff6e8b028d48b,28,0x3a8d7830fecD095682572e09B9905da4B57E7A72,28f63bd147401a071f9ec1e948cc8734d7448244e20b43adb5e66c0726bbc925,D:\PHD\بابل\2024\Research Reco\الجزء الثاني\Douban Reco\4 ايصال التوصيات بضمنها العقد\03_outputs\RECOMMENDATION_DELIVERY_TOP5_V1\payloads\community_84\user_2746_community_84_v1_top5_payload.json,D:\PHD\results\13 Uplift\DMF_GLOBAL_ONLY_COMMUNITIES_DETERMINISTIC\RUN_VR14b_COMM_DET_LN0d2_NEG2_EMB64_POS3train4test_BPR_EVAL20_023_comm_84_U117_I3855\023_comm_84_U117_I3855_top20_per_user_recs_VR14b_COMM_DET_LN0d2_NEG2_EMB64_POS3train4test_BPR_EVAL20.csv
84,2853,0xa79ad55171df576bf1d3Db6D5BB3c844a49f1085,1,5,1549bb6495bd41dfbb971082026951596e136cf563298d8e48cf7727654f07b1,28,0x3a8d7830fecD095682572e09B9905da4B57E7A72,129e07a4693a083610d1048e753cb348e9ce6384163c49cb6f001bbb146cfbb8,D:\PHD\بابل\2024\Research Reco\الجزء الثاني\Douban Reco\4 ايصال التوصيات بضمنها العقد\03_outputs\RECOMMENDATION_DELIVERY_TOP5_V1\payloads\community_84\user_2853_community_84_v1_top5_payload.json,D:\PHD\results\13 Uplift\DMF_GLOBAL_ONLY_COMMUNITIES_DETERMINISTIC\RUN_VR14b_COMM_DET_LN0d2_NEG2_EMB64_POS3train4test_BPR_EVAL20_023_comm_84_U117_I3855\023_comm_84_U117_I3855_top20_per_user_recs_VR14b_COMM_DET_LN0d2_NEG2_EMB64_POS3train4test_BPR_EVAL20.csv
84,2856,0xc0Aed83aBf1D34B245e62498Bb669149a8d67eD6,1,5,2ed04e2e8997fa19ff954b82facd04a80d978f53b533016977da1a9ef21c71cf,28,0x3a8d7830fecD095682572e09B9905da4B57E7A72,54345df10d4c41d137b28f1fc72b7e95ede15e16577d8614c500e6b73a4828be,D:\PHD\بابل\2024\Research Reco\الجزء الثاني\Douban Reco\4 ايصال التوصيات بضمنها العقد\03_outputs\RECOMMENDATION_DELIVERY_TOP5_V1\payloads\community_84\user_2856_community_84_v1_top5_payload.json,D:\PHD\results\13 Uplift\DMF_GLOBAL_ONLY_COMMUNITIES_DETERMINISTIC\RUN_VR14b_COMM_DET_LN0d2_NEG2_EMB64_POS3train4test_BPR_EVAL20_023_comm_84_U117_I3855\023_comm_84_U117_I3855_top20_per_user_recs_VR14b_COMM_DET_LN0d2_NEG2_EMB64_POS3train4test_BPR_EVAL20.csv
84,2962,0xD826764224A35107c595A8a5e0bba1aa28a6f4a8,1,5,734bdee65032a2039a29258b5598f61cb0b7668e803ebbdc573aacc6f8727e8a,28,0x3a8d7830fecD095682572e09B9905da4B57E7A72,210b53dc8c78221f9235d6eb00e6040df3d418e07b508d2bb60f4702d55e1fea,D:\PHD\بابل\2024\Research Reco\الجزء الثاني\Douban Reco\4 ايصال التوصيات بضمنها العقد\03_outputs\RECOMMENDATION_DELIVERY_TOP5_V1\payloads\community_84\user_2962_community_84_v1_top5_payload.json,D:\PHD\results\13 Uplift\DMF_GLOBAL_ONLY_COMMUNITIES_DETERMINISTIC\RUN_VR14b_COMM_DET_LN0d2_NEG2_EMB64_POS3train4test_BPR_EVAL20_023_comm_84_U117_I3855\023_comm_84_U117_I3855_top20_per_user_recs_VR14b_COMM_DET_LN0d2_NEG2_EMB64_POS3train4test_BPR_EVAL20.csv
84,2966,0x0a8913C7EC2d6048be20D7F2F909A728001AcA89,1,5,b2b48e55ddc7cdc56c1c647c645234e609194ba57a697d79e5dfd7a29e435c27,28,0x3a8d7830fecD095682572e09B9905da4B57E7A72,62b8a6ebdb154be4cb3c4e0a8546e4846c1c15fc1996131705c45f7a65533809,D:\PHD\بابل\2024\Research Reco\الجزء الثاني\Douban Reco\4 ايصال التوصيات بضمنها العقد\03_outputs\RECOMMENDATION_DELIVERY_TOP5_V1\payloads\community_84\user_2966_community_84_v1_top5_payload.json,D:\PHD\results\13 Uplift\DMF_GLOBAL_ONLY_COMMUNITIES_DETERMINISTIC\RUN_VR14b_COMM_DET_LN0d2_NEG2_EMB64_POS3train4test_BPR_EVAL20_023_comm_84_U117_I3855\023_comm_84_U117_I3855_top20_per_user_recs_VR14b_COMM_DET_LN0d2_NEG2_EMB64_POS3train4test_BPR_EVAL20.csv
84,2975,0x4fAD4e2Ad772eb81E8C1Edc2c3ae21ad6150c173,1,5,42fc53a8af08c409e35d1e0507422f8df1e659a7adf9efbe156a241a30f4df53,28,0x3a8d7830fecD095682572e09B9905da4B57E7A72,e2a1f1c566c577444f52dab372f523b8df8bf93623b13fafee2c6161d20b9994,D:\PHD\بابل\2024\Research Reco\الجزء الثاني\Douban Reco\4 ايصال التوصيات بضمنها العقد\03_outputs\RECOMMENDATION_DELIVERY_TOP5_V1\payloads\community_84\user_2975_community_84_v1_top5_payload.json,D:\PHD\results\13 Uplift\DMF_GLOBAL_ONLY_COMMUNITIES_DETERMINISTIC\RUN_VR14b_COMM_DET_LN0d2_NEG2_EMB64_POS3train4test_BPR_EVAL20_023_comm_84_U117_I3855\023_comm_84_U117_I3855_top20_per_user_recs_VR14b_COMM_DET_LN0d2_NEG2_EMB64_POS3train4test_BPR_EVAL20.csv
96,55,0x7219af46427896b78b06DDdc5ae5bBF6ab1cedC4,1,5,7c48fb0f0f80e7609cbb9d5b9454a8ac93121684e0edc29fcc2d8436dc6128f5,30,0x53E2cd2641435bbCc441cA6FCE21520206fe70f5,6e8899ae7af7ffb3ee651c3d2db9ca153e2484c431d80a4993d0513210370660,D:\PHD\بابل\2024\Research Reco\الجزء الثاني\Douban Reco\4 ايصال التوصيات بضمنها العقد\03_outputs\RECOMMENDATION_DELIVERY_TOP5_V1\payloads\community_96\user_55_community_96_v1_top5_payload.json,D:\PHD\results\13 Uplift\DMF_GLOBAL_ONLY_COMMUNITIES_DETERMINISTIC\RUN_VR14b_COMM_DET_LN0d2_NEG2_EMB64_POS3train4test_BPR_EVAL20_026_comm_96_U137_I4033\026_comm_96_U137_I4033_top20_per_user_recs_VR14b_COMM_DET_LN0d2_NEG2_EMB64_POS3train4test_BPR_EVAL20.csv
96,58,0x4eeBBD1CEaEC72368E41E7be39032c18D390a586,1,5,a8e0e2f0013d0a61911f5c370355339fa4c1fb9b7a8786bb03d6d144200cd5fa,30,0x53E2cd2641435bbCc441cA6FCE21520206fe70f5,53d424d3e64702b015691897632177638b2a6e648c1efde5121b73cb3bc1221b,D:\PHD\بابل\2024\Research Reco\الجزء الثاني\Douban Reco\4 ايصال التوصيات بضمنها العقد\03_outputs\RECOMMENDATION_DELIVERY_TOP5_V1\payloads\community_96\user_58_community_96_v1_top5_payload.json,D:\PHD\results\13 Uplift\DMF_GLOBAL_ONLY_COMMUNITIES_DETERMINISTIC\RUN_VR14b_COMM_DET_LN0d2_NEG2_EMB64_POS3train4test_BPR_EVAL20_026_comm_96_U137_I4033\026_comm_96_U137_I4033_top20_per_user_recs_VR14b_COMM_DET_LN0d2_NEG2_EMB64_POS3train4test_BPR_EVAL20.csv
96,65,0xB55Be6569A72B2946A439f18e13d55Cf697078ce,1,5,f09a6aa54723399e4f90252cfd786c8fb3d8156bcb766081f6cbf754097bcd1f,30,0x53E2cd2641435bbCc441cA6FCE21520206fe70f5,ae585b4ba2dc008c13bdbeab5c9cea6b7fa90b062fe37ef9e1e17c56caecc9bd,D:\PHD\بابل\2024\Research Reco\الجزء الثاني\Douban Reco\4 ايصال التوصيات بضمنها العقد\03_outputs\RECOMMENDATION_DELIVERY_TOP5_V1\payloads\community_96\user_65_community_96_v1_top5_payload.json,D:\PHD\results\13 Uplift\DMF_GLOBAL_ONLY_COMMUNITIES_DETERMINISTIC\RUN_VR14b_COMM_DET_LN0d2_NEG2_EMB64_POS3train4test_BPR_EVAL20_026_comm_96_U137_I4033\026_comm_96_U137_I4033_top20_per_user_recs_VR14b_COMM_DET_LN0d2_NEG2_EMB64_POS3train4test_BPR_EVAL20.csv
96,69,0xe945CfFEB1CFE93221d5DaaaA0d1A65bE3c2b2c5,1,5,a108bc19f7d9828424cdea164f9ab71833ba64383ed56232ce90eaae7a58043f,30,0x53E2cd2641435bbCc441cA6FCE21520206fe70f5,a220ecd9eabfb872ec9fde9f4a7d7a9903e3bdcc1d5c428801b488dc9a0459f2,D:\PHD\بابل\2024\Research Reco\الجزء الثاني\Douban Reco\4 ايصال التوصيات بضمنها العقد\03_outputs\RECOMMENDATION_DELIVERY_TOP5_V1\payloads\community_96\user_69_community_96_v1_top5_payload.json,D:\PHD\results\13 Uplift\DMF_GLOBAL_ONLY_COMMUNITIES_DETERMINISTIC\RUN_VR14b_COMM_DET_LN0d2_NEG2_EMB64_POS3train4test_BPR_EVAL20_026_comm_96_U137_I4033\026_comm_96_U137_I4033_top20_per_user_recs_VR14b_COMM_DET_LN0d2_NEG2_EMB64_POS3train4test_BPR_EVAL20.csv
96,94,0xd28518e2B7d42e27069cD1e30Cd685f6C64D093B,1,5,26d95a4a4a8c3a6591f146d06c58e3b9a6bc72bc5a6f2aaae4e40aa3909baeeb,30,0x53E2cd2641435bbCc441cA6FCE21520206fe70f5,3816e981c60cec48be0f5ed3e285be560f4d2358c31b218bcf64a4290d65e00d,D:\PHD\بابل\2024\Research Reco\الجزء الثاني\Douban Reco\4 ايصال التوصيات بضمنها العقد\03_outputs\RECOMMENDATION_DELIVERY_TOP5_V1\payloads\community_96\user_94_community_96_v1_top5_payload.json,D:\PHD\results\13 Uplift\DMF_GLOBAL_ONLY_COMMUNITIES_DETERMINISTIC\RUN_VR14b_COMM_DET_LN0d2_NEG2_EMB64_POS3train4test_BPR_EVAL20_026_comm_96_U137_I4033\026_comm_96_U137_I4033_top20_per_user_recs_VR14b_COMM_DET_LN0d2_NEG2_EMB64_POS3train4test_BPR_EVAL20.csv
96,101,0x53EC9b1655bd7cd12c6A61B14416E8e869d0A2b3,1,5,1bdb2d5b8fdd7ac23f1a86df72477865670cd57a82ef0173c7c1b2c7a6aefbd8,30,0x53E2cd2641435bbCc441cA6FCE21520206fe70f5,fe31218a76d0c16ecbe4cbe465bb68a7720e81f8274941cf2d90ef0f5d23914c,D:\PHD\بابل\2024\Research Reco\الجزء الثاني\Douban Reco\4 ايصال التوصيات بضمنها العقد\03_outputs\RECOMMENDATION_DELIVERY_TOP5_V1\payloads\community_96\user_101_community_96_v1_top5_payload.json,D:\PHD\results\13 Uplift\DMF_GLOBAL_ONLY_COMMUNITIES_DETERMINISTIC\RUN_VR14b_COMM_DET_LN0d2_NEG2_EMB64_POS3train4test_BPR_EVAL20_026_comm_96_U137_I4033\026_comm_96_U137_I4033_top20_per_user_recs_VR14b_COMM_DET_LN0d2_NEG2_EMB64_POS3train4test_BPR_EVAL20.csv
96,115,0x58B1eF33B0b9c0b5226282942794e2Fca8d9af82,1,5,d2db31e0402b000a155e36d53960719c5b771dbe5253d05d2253c57a57772e43,30,0x53E2cd2641435bbCc441cA6FCE21520206fe70f5,1a1f0238ed980e22b589c13cb3d44800bc820a4a0613a9dcca7d203a53bd66cd,D:\PHD\بابل\2024\Research Reco\الجزء الثاني\Douban Reco\4 ايصال التوصيات بضمنها العقد\03_outputs\RECOMMENDATION_DELIVERY_TOP5_V1\payloads\community_96\user_115_community_96_v1_top5_payload.json,D:\PHD\results\13 Uplift\DMF_GLOBAL_ONLY_COMMUNITIES_DETERMINISTIC\RUN_VR14b_COMM_DET_LN0d2_NEG2_EMB64_POS3train4test_BPR_EVAL20_026_comm_96_U137_I4033\026_comm_96_U137_I4033_top20_per_user_recs_VR14b_COMM_DET_LN0d2_NEG2_EMB64_POS3train4test_BPR_EVAL20.csv
96,133,0x2c6AB186729bf9520FBA250ed5e171f55f8A13eb,1,5,66cefa0994127c1e1f6720d2df706fd8339faf28f8bdfd2d46e6fc26bedf8baf,30,0x53E2cd2641435bbCc441cA6FCE21520206fe70f5,3a27f592d6b4688317da58ce11828d7ec3cec477f3e1f9487f55bd6606b4fe50,D:\PHD\بابل\2024\Research Reco\الجزء الثاني\Douban Reco\4 ايصال التوصيات بضمنها العقد\03_outputs\RECOMMENDATION_DELIVERY_TOP5_V1\payloads\community_96\user_133_community_96_v1_top5_payload.json,D:\PHD\results\13 Uplift\DMF_GLOBAL_ONLY_COMMUNITIES_DETERMINISTIC\RUN_VR14b_COMM_DET_LN0d2_NEG2_EMB64_POS3train4test_BPR_EVAL20_026_comm_96_U137_I4033\026_comm_96_U137_I4033_top20_per_user_recs_VR14b_COMM_DET_LN0d2_NEG2_EMB64_POS3train4test_BPR_EVAL20.csv
96,161,0x4D62C08b728067B8CAdDD4a119aA6879Dfd8466D,1,5,84125404ad91070031bb75ec27155a4c6d9c9045ff3ff1ea694cb3cf233283cf,30,0x53E2cd2641435bbCc441cA6FCE21520206fe70f5,ee699514c63f4c7453e1b6690ecdd17e82df8e1d78a175b558104d894b5999d6,D:\PHD\بابل\2024\Research Reco\الجزء الثاني\Douban Reco\4 ايصال التوصيات بضمنها العقد\03_outputs\RECOMMENDATION_DELIVERY_TOP5_V1\payloads\community_96\user_161_community_96_v1_top5_payload.json,D:\PHD\results\13 Uplift\DMF_GLOBAL_ONLY_COMMUNITIES_DETERMINISTIC\RUN_VR14b_COMM_DET_LN0d2_NEG2_EMB64_POS3train4test_BPR_EVAL20_026_comm_96_U137_I4033\026_comm_96_U137_I4033_top20_per_user_recs_VR14b_COMM_DET_LN0d2_NEG2_EMB64_POS3train4test_BPR_EVAL20.csv
96,230,0x8E440a65B68cD341BcC992159309c29f31667196,1,5,9cdd764b6ccc5a1de480c3267542b3c0bc77ed258ab1878ed7d0db18825016bc,30,0x53E2cd2641435bbCc441cA6FCE21520206fe70f5,84ffdf8a2da8a8f58118e791c261c1eeb75872b61ae6091038a8965576ad5d8c,D:\PHD\بابل\2024\Research Reco\الجزء الثاني\Douban Reco\4 ايصال التوصيات بضمنها العقد\03_outputs\RECOMMENDATION_DELIVERY_TOP5_V1\payloads\community_96\user_230_community_96_v1_top5_payload.json,D:\PHD\results\13 Uplift\DMF_GLOBAL_ONLY_COMMUNITIES_DETERMINISTIC\RUN_VR14b_COMM_DET_LN0d2_NEG2_EMB64_POS3train4test_BPR_EVAL20_026_comm_96_U137_I4033\026_comm_96_U137_I4033_top20_per_user_recs_VR14b_COMM_DET_LN0d2_NEG2_EMB64_POS3train4test_BPR_EVAL20.csv
96,257,0x473481312bcF1d188fBe748a87332C8E0890d169,1,5,d45e30c0377b9822b0c111727f04dbacfe72dafdb76cc901299b612c37362a32,30,0x53E2cd2641435bbCc441cA6FCE21520206fe70f5,e8eef81ee48923c99bb66133766da97623ed6ab1bc9353796aafd671000efaa4,D:\PHD\بابل\2024\Research Reco\الجزء الثاني\Douban Reco\4 ايصال التوصيات بضمنها العقد\03_outputs\RECOMMENDATION_DELIVERY_TOP5_V1\payloads\community_96\user_257_community_96_v1_top5_payload.json,D:\PHD\results\13 Uplift\DMF_GLOBAL_ONLY_COMMUNITIES_DETERMINISTIC\RUN_VR14b_COMM_DET_LN0d2_NEG2_EMB64_POS3train4test_BPR_EVAL20_026_comm_96_U137_I4033\026_comm_96_U137_I4033_top20_per_user_recs_VR14b_COMM_DET_LN0d2_NEG2_EMB64_POS3train4test_BPR_EVAL20.csv
96,283,0xfcC4c29f1ea0B0671190FeE2Da112305b2A39130,1,5,c0a5e2aada0c7c0775a3a340c51664e0132b35004c4543e7fbc99826ef1f5a10,30,0x53E2cd2641435bbCc441cA6FCE21520206fe70f5,24daf7d6da2ec6d3d6e264e3563af291285cd50208e77c65537f3a5d7604ed52,D:\PHD\بابل\2024\Research Reco\الجزء الثاني\Douban Reco\4 ايصال التوصيات بضمنها العقد\03_outputs\RECOMMENDATION_DELIVERY_TOP5_V1\payloads\community_96\user_283_community_96_v1_top5_payload.json,D:\PHD\results\13 Uplift\DMF_GLOBAL_ONLY_COMMUNITIES_DETERMINISTIC\RUN_VR14b_COMM_DET_LN0d2_NEG2_EMB64_POS3train4test_BPR_EVAL20_026_comm_96_U137_I4033\026_comm_96_U137_I4033_top20_per_user_recs_VR14b_COMM_DET_LN0d2_NEG2_EMB64_POS3train4test_BPR_EVAL20.csv
96,305,0xA276dacd2fFb63Dd56Abe008fFe7D5B8273cC0d0,1,5,b22d061824be60bd0b32e6bb6f0aea74952d3aae13341d74b56c839110491f90,30,0x53E2cd2641435bbCc441cA6FCE21520206fe70f5,2f6650e1e94610d16129409ba2cd811206f5a2e12ed74ed515807f0a96b925d8,D:\PHD\بابل\2024\Research Reco\الجزء الثاني\Douban Reco\4 ايصال التوصيات بضمنها العقد\03_outputs\RECOMMENDATION_DELIVERY_TOP5_V1\payloads\community_96\user_305_community_96_v1_top5_payload.json,D:\PHD\results\13 Uplift\DMF_GLOBAL_ONLY_COMMUNITIES_DETERMINISTIC\RUN_VR14b_COMM_DET_LN0d2_NEG2_EMB64_POS3train4test_BPR_EVAL20_026_comm_96_U137_I4033\026_comm_96_U137_I4033_top20_per_user_recs_VR14b_COMM_DET_LN0d2_NEG2_EMB64_POS3train4test_BPR_EVAL20.csv
96,318,0xFAF2c66a2e1241E72E30F31618eA2c1caBa0Ec29,1,5,851484b94f651c68b77ae455aed72ba73fa85a5223f41af75f7f8590567fae21,30,0x53E2cd2641435bbCc441cA6FCE21520206fe70f5,eac01c9b3efca456dd3bda9b3cffaa4cb9a0b4d4cc779ef3d6f9fbe1b4184a18,D:\PHD\بابل\2024\Research Reco\الجزء الثاني\Douban Reco\4 ايصال التوصيات بضمنها العقد\03_outputs\RECOMMENDATION_DELIVERY_TOP5_V1\payloads\community_96\user_318_community_96_v1_top5_payload.json,D:\PHD\results\13 Uplift\DMF_GLOBAL_ONLY_COMMUNITIES_DETERMINISTIC\RUN_VR14b_COMM_DET_LN0d2_NEG2_EMB64_POS3train4test_BPR_EVAL20_026_comm_96_U137_I4033\026_comm_96_U137_I4033_top20_per_user_recs_VR14b_COMM_DET_LN0d2_NEG2_EMB64_POS3train4test_BPR_EVAL20.csv
96,327,0x074F39F92cde9d4425df4Fd13724cB57e07DeEF0,1,5,8f88be66701bb2603c37ac92f590df61802e1876867e6a07d3e2b02ad54a4ef4,30,0x53E2cd2641435bbCc441cA6FCE21520206fe70f5,70944ca89ea048843a67abb36e9b05e21c4e04420e5264ecc595767d756d6e24,D:\PHD\بابل\2024\Research Reco\الجزء الثاني\Douban Reco\4 ايصال التوصيات بضمنها العقد\03_outputs\RECOMMENDATION_DELIVERY_TOP5_V1\payloads\community_96\user_327_community_96_v1_top5_payload.json,D:\PHD\results\13 Uplift\DMF_GLOBAL_ONLY_COMMUNITIES_DETERMINISTIC\RUN_VR14b_COMM_DET_LN0d2_NEG2_EMB64_POS3train4test_BPR_EVAL20_026_comm_96_U137_I4033\026_comm_96_U137_I4033_top20_per_user_recs_VR14b_COMM_DET_LN0d2_NEG2_EMB64_POS3train4test_BPR_EVAL20.csv
96,350,0x56713504F40a122d91E58B8c209D489379e930Dd,1,5,4a4436dbfb157c36dff7f0f328c919378f862a6940d258e2dd53100127b6d6a1,30,0x53E2cd2641435bbCc441cA6FCE21520206fe70f5,2f66a9dcefdaffc85d073463a596b0ca8f421539202b460865d8cc452f5d6c0e,D:\PHD\بابل\2024\Research Reco\الجزء الثاني\Douban Reco\4 ايصال التوصيات بضمنها العقد\03_outputs\RECOMMENDATION_DELIVERY_TOP5_V1\payloads\community_96\user_350_community_96_v1_top5_payload.json,D:\PHD\results\13 Uplift\DMF_GLOBAL_ONLY_COMMUNITIES_DETERMINISTIC\RUN_VR14b_COMM_DET_LN0d2_NEG2_EMB64_POS3train4test_BPR_EVAL20_026_comm_96_U137_I4033\026_comm_96_U137_I4033_top20_per_user_recs_VR14b_COMM_DET_LN0d2_NEG2_EMB64_POS3train4test_BPR_EVAL20.csv
96,382,0x92f23b853595cE6bbfe06dD4De7250fCde82d818,1,5,7f0baedea55f05503df05c196014c05386a246ef7cc240976cc00d1afb81d07f,30,0x53E2cd2641435bbCc441cA6FCE21520206fe70f5,d9ce84ef8cb4f0b7b028b9d76ccc7ab63c6e7ea3d6c486d07a4fcf5cd0dcfb92,D:\PHD\بابل\2024\Research Reco\الجزء الثاني\Douban Reco\4 ايصال التوصيات بضمنها العقد\03_outputs\RECOMMENDATION_DELIVERY_TOP5_V1\payloads\community_96\user_382_community_96_v1_top5_payload.json,D:\PHD\results\13 Uplift\DMF_GLOBAL_ONLY_COMMUNITIES_DETERMINISTIC\RUN_VR14b_COMM_DET_LN0d2_NEG2_EMB64_POS3train4test_BPR_EVAL20_026_comm_96_U137_I4033\026_comm_96_U137_I4033_top20_per_user_recs_VR14b_COMM_DET_LN0d2_NEG2_EMB64_POS3train4test_BPR_EVAL20.csv
96,409,0x503E5aa3a4Dddf93B0BE896Da71bC6AB13B63706,1,5,cecee1119b8ffbb28ca11eba5c6ea7e54a7c8945237a390b52995f3b9d24191d,30,0x53E2cd2641435bbCc441cA6FCE21520206fe70f5,2178aa9839f80cf5169e295875c753c295b5fa45f37b64c115f3d4f2d37ccb3d,D:\PHD\بابل\2024\Research Reco\الجزء الثاني\Douban Reco\4 ايصال التوصيات بضمنها العقد\03_outputs\RECOMMENDATION_DELIVERY_TOP5_V1\payloads\community_96\user_409_community_96_v1_top5_payload.json,D:\PHD\results\13 Uplift\DMF_GLOBAL_ONLY_COMMUNITIES_DETERMINISTIC\RUN_VR14b_COMM_DET_LN0d2_NEG2_EMB64_POS3train4test_BPR_EVAL20_026_comm_96_U137_I4033\026_comm_96_U137_I4033_top20_per_user_recs_VR14b_COMM_DET_LN0d2_NEG2_EMB64_POS3train4test_BPR_EVAL20.csv
96,415,0x52Db2730f568153B3D0feDf18CEc7B5FdE3E9524,1,5,915eb11737c413252689f4407f7a2a75221a5927353089e8c6877c4fabf74e37,30,0x53E2cd2641435bbCc441cA6FCE21520206fe70f5,c635e5af2fae590b4f009f7c085916ed7f531a6efb96e4f27509f0efb9fadbbe,D:\PHD\بابل\2024\Research Reco\الجزء الثاني\Douban Reco\4 ايصال التوصيات بضمنها العقد\03_outputs\RECOMMENDATION_DELIVERY_TOP5_V1\payloads\community_96\user_415_community_96_v1_top5_payload.json,D:\PHD\results\13 Uplift\DMF_GLOBAL_ONLY_COMMUNITIES_DETERMINISTIC\RUN_VR14b_COMM_DET_LN0d2_NEG2_EMB64_POS3train4test_BPR_EVAL20_026_comm_96_U137_I4033\026_comm_96_U137_I4033_top20_per_user_recs_VR14b_COMM_DET_LN0d2_NEG2_EMB64_POS3train4test_BPR_EVAL20.csv
96,482,0x82332B7e99db4ec9C07FBCEcadCFC4bd67B57995,1,5,6875460ba59636bf5d8fdf55584a2753ce8e55dbc56d80239e54408b41743308,30,0x53E2cd2641435bbCc441cA6FCE21520206fe70f5,ae6f62233bd0e861bdbb4777734d86fae2171e558d9172d8f0af01118917565b,D:\PHD\بابل\2024\Research Reco\الجزء الثاني\Douban Reco\4 ايصال التوصيات بضمنها العقد\03_outputs\RECOMMENDATION_DELIVERY_TOP5_V1\payloads\community_96\user_482_community_96_v1_top5_payload.json,D:\PHD\results\13 Uplift\DMF_GLOBAL_ONLY_COMMUNITIES_DETERMINISTIC\RUN_VR14b_COMM_DET_LN0d2_NEG2_EMB64_POS3train4test_BPR_EVAL20_026_comm_96_U137_I4033\026_comm_96_U137_I4033_top20_per_user_recs_VR14b_COMM_DET_LN0d2_NEG2_EMB64_POS3train4test_BPR_EVAL20.csv
96,493,0x2A9B699b4cfdD0eEABFE11Bf833316FaAA672D42,1,5,b295c8f43303bbbc490e5aebe0647840b13daffc94fb730279fe47e7ea108922,30,0x53E2cd2641435bbCc441cA6FCE21520206fe70f5,7a5d7b7f1447523beb8aae3667ed0d5b32ab5f37d0f215c878e60cf071d767e2,D:\PHD\بابل\2024\Research Reco\الجزء الثاني\Douban Reco\4 ايصال التوصيات بضمنها العقد\03_outputs\RECOMMENDATION_DELIVERY_TOP5_V1\payloads\community_96\user_493_community_96_v1_top5_payload.json,D:\PHD\results\13 Uplift\DMF_GLOBAL_ONLY_COMMUNITIES_DETERMINISTIC\RUN_VR14b_COMM_DET_LN0d2_NEG2_EMB64_POS3train4test_BPR_EVAL20_026_comm_96_U137_I4033\026_comm_96_U137_I4033_top20_per_user_recs_VR14b_COMM_DET_LN0d2_NEG2_EMB64_POS3train4test_BPR_EVAL20.csv
96,542,0x5742bfa52587885497f1Bfc8C567E38243166B16,1,5,bf62f62da8f3cac5cdbbd8800dc2ae19f85ef15322748cd1767a9ae6d3c6c374,30,0x53E2cd2641435bbCc441cA6FCE21520206fe70f5,6987be2fff03dda08e91a908af0a6bc7e75a91a56b8457d8598d87494bedb942,D:\PHD\بابل\2024\Research Reco\الجزء الثاني\Douban Reco\4 ايصال التوصيات بضمنها العقد\03_outputs\RECOMMENDATION_DELIVERY_TOP5_V1\payloads\community_96\user_542_community_96_v1_top5_payload.json,D:\PHD\results\13 Uplift\DMF_GLOBAL_ONLY_COMMUNITIES_DETERMINISTIC\RUN_VR14b_COMM_DET_LN0d2_NEG2_EMB64_POS3train4test_BPR_EVAL20_026_comm_96_U137_I4033\026_comm_96_U137_I4033_top20_per_user_recs_VR14b_COMM_DET_LN0d2_NEG2_EMB64_POS3train4test_BPR_EVAL20.csv
96,565,0xFa9115a9cbc77f61c6Fff97B86bFA45707Bf0001,1,5,27e7a64f49c50745dfc9be8cdd963a66ccc509d65ad3a26ebc28694a236e5152,30,0x53E2cd2641435bbCc441cA6FCE21520206fe70f5,d01c4acff944e8eb28b291e484898384f205fde5134a9bcf2d9a31ddf7ee5d0a,D:\PHD\بابل\2024\Research Reco\الجزء الثاني\Douban Reco\4 ايصال التوصيات بضمنها العقد\03_outputs\RECOMMENDATION_DELIVERY_TOP5_V1\payloads\community_96\user_565_community_96_v1_top5_payload.json,D:\PHD\results\13 Uplift\DMF_GLOBAL_ONLY_COMMUNITIES_DETERMINISTIC\RUN_VR14b_COMM_DET_LN0d2_NEG2_EMB64_POS3train4test_BPR_EVAL20_026_comm_96_U137_I4033\026_comm_96_U137_I4033_top20_per_user_recs_VR14b_COMM_DET_LN0d2_NEG2_EMB64_POS3train4test_BPR_EVAL20.csv
96,585,0xE693D8F2704A96bbcfB6E9AE6398BA98a473B396,1,5,8e03260e73d0cdf17cf9454d74c9ded2256833c1f2beec574bb243dc08c4e0a1,30,0x53E2cd2641435bbCc441cA6FCE21520206fe70f5,7191d407a54b7f85dd28efd7283bb2d264b737d84d494c60bcf7809c3f6c768f,D:\PHD\بابل\2024\Research Reco\الجزء الثاني\Douban Reco\4 ايصال التوصيات بضمنها العقد\03_outputs\RECOMMENDATION_DELIVERY_TOP5_V1\payloads\community_96\user_585_community_96_v1_top5_payload.json,D:\PHD\results\13 Uplift\DMF_GLOBAL_ONLY_COMMUNITIES_DETERMINISTIC\RUN_VR14b_COMM_DET_LN0d2_NEG2_EMB64_POS3train4test_BPR_EVAL20_026_comm_96_U137_I4033\026_comm_96_U137_I4033_top20_per_user_recs_VR14b_COMM_DET_LN0d2_NEG2_EMB64_POS3train4test_BPR_EVAL20.csv
96,607,0x946058c015152d69740c6d40E8AA553b430734FB,1,5,7aa80cbc8bea35f49b3c0f982bf06056b7f9a8308e601013582eee68866b2bb4,30,0x53E2cd2641435bbCc441cA6FCE21520206fe70f5,7e9ff9625aa487113fc73f6f5dcbac323f8cbff01be902e7ebbe2d8640579bfb,D:\PHD\بابل\2024\Research Reco\الجزء الثاني\Douban Reco\4 ايصال التوصيات بضمنها العقد\03_outputs\RECOMMENDATION_DELIVERY_TOP5_V1\payloads\community_96\user_607_community_96_v1_top5_payload.json,D:\PHD\results\13 Uplift\DMF_GLOBAL_ONLY_COMMUNITIES_DETERMINISTIC\RUN_VR14b_COMM_DET_LN0d2_NEG2_EMB64_POS3train4test_BPR_EVAL20_026_comm_96_U137_I4033\026_comm_96_U137_I4033_top20_per_user_recs_VR14b_COMM_DET_LN0d2_NEG2_EMB64_POS3train4test_BPR_EVAL20.csv
96,632,0x03E7F064c8aD4Ae982B4Ce041b7dad82Cb163E80,1,5,ce6d92b25d5a09cafb47212c84813433cfb979e5e1bb8f9433839ebaf2092887,30,0x53E2cd2641435bbCc441cA6FCE21520206fe70f5,c1c156b876d7ede2f77a6fff5392fec144b75b28493bc5016d0538dc3f7cf2d4,D:\PHD\بابل\2024\Research Reco\الجزء الثاني\Douban Reco\4 ايصال التوصيات بضمنها العقد\03_outputs\RECOMMENDATION_DELIVERY_TOP5_V1\payloads\community_96\user_632_community_96_v1_top5_payload.json,D:\PHD\results\13 Uplift\DMF_GLOBAL_ONLY_COMMUNITIES_DETERMINISTIC\RUN_VR14b_COMM_DET_LN0d2_NEG2_EMB64_POS3train4test_BPR_EVAL20_026_comm_96_U137_I4033\026_comm_96_U137_I4033_top20_per_user_recs_VR14b_COMM_DET_LN0d2_NEG2_EMB64_POS3train4test_BPR_EVAL20.csv
96,662,0xeA4FeB27d3192C6A8BCF4487CB7cE0b5b34573e7,1,5,050a2d1da4b1729cc374141e814286fb31f72c374d5b55e04448e19bd33c5c93,30,0x53E2cd2641435bbCc441cA6FCE21520206fe70f5,f803aae25cb9dff251b6ba3588a4fbcd59ef92fc47d6526d63dc18e3d201c1b2,D:\PHD\بابل\2024\Research Reco\الجزء الثاني\Douban Reco\4 ايصال التوصيات بضمنها العقد\03_outputs\RECOMMENDATION_DELIVERY_TOP5_V1\payloads\community_96\user_662_community_96_v1_top5_payload.json,D:\PHD\results\13 Uplift\DMF_GLOBAL_ONLY_COMMUNITIES_DETERMINISTIC\RUN_VR14b_COMM_DET_LN0d2_NEG2_EMB64_POS3train4test_BPR_EVAL20_026_comm_96_U137_I4033\026_comm_96_U137_I4033_top20_per_user_recs_VR14b_COMM_DET_LN0d2_NEG2_EMB64_POS3train4test_BPR_EVAL20.csv
96,673,0x6F43580F9210103a046F4632692749139c9ca135,1,5,f9fc70ef320ef735b8ea0ba99d2d5be8c4c2c57008cf01a4505fee2427eb9a8a,30,0x53E2cd2641435bbCc441cA6FCE21520206fe70f5,81156187410549cffd9d657880d51aeba8a5c1922eee082b7c8c61fdcb80bc2e,D:\PHD\بابل\2024\Research Reco\الجزء الثاني\Douban Reco\4 ايصال التوصيات بضمنها العقد\03_outputs\RECOMMENDATION_DELIVERY_TOP5_V1\payloads\community_96\user_673_community_96_v1_top5_payload.json,D:\PHD\results\13 Uplift\DMF_GLOBAL_ONLY_COMMUNITIES_DETERMINISTIC\RUN_VR14b_COMM_DET_LN0d2_NEG2_EMB64_POS3train4test_BPR_EVAL20_026_comm_96_U137_I4033\026_comm_96_U137_I4033_top20_per_user_recs_VR14b_COMM_DET_LN0d2_NEG2_EMB64_POS3train4test_BPR_EVAL20.csv
96,675,0x4eE64855Abe3892ABdec3a0A0272290d9b805DCC,1,5,fdcf42dc232427bf021a86b931fedf162dc3a21aba7b3956aa49fb485b82888d,30,0x53E2cd2641435bbCc441cA6FCE21520206fe70f5,412b26d91cd0efc23253054a1c50e3c7008d8bde2c592015e85b04a55a1efb4b,D:\PHD\بابل\2024\Research Reco\الجزء الثاني\Douban Reco\4 ايصال التوصيات بضمنها العقد\03_outputs\RECOMMENDATION_DELIVERY_TOP5_V1\payloads\community_96\user_675_community_96_v1_top5_payload.json,D:\PHD\results\13 Uplift\DMF_GLOBAL_ONLY_COMMUNITIES_DETERMINISTIC\RUN_VR14b_COMM_DET_LN0d2_NEG2_EMB64_POS3train4test_BPR_EVAL20_026_comm_96_U137_I4033\026_comm_96_U137_I4033_top20_per_user_recs_VR14b_COMM_DET_LN0d2_NEG2_EMB64_POS3train4test_BPR_EVAL20.csv
96,676,0x8f3fF3977E88730933D00bA21f1da70DC823FcEd,1,5,ab68701646cbb0cb960074fa504da840c3b3beba2f859d22f3ce7656787cd593,30,0x53E2cd2641435bbCc441cA6FCE21520206fe70f5,3d30f65099939c2d1dc198eb36d21b9f7fa8a047b1a4b5e812056793a663291b,D:\PHD\بابل\2024\Research Reco\الجزء الثاني\Douban Reco\4 ايصال التوصيات بضمنها العقد\03_outputs\RECOMMENDATION_DELIVERY_TOP5_V1\payloads\community_96\user_676_community_96_v1_top5_payload.json,D:\PHD\results\13 Uplift\DMF_GLOBAL_ONLY_COMMUNITIES_DETERMINISTIC\RUN_VR14b_COMM_DET_LN0d2_NEG2_EMB64_POS3train4test_BPR_EVAL20_026_comm_96_U137_I4033\026_comm_96_U137_I4033_top20_per_user_recs_VR14b_COMM_DET_LN0d2_NEG2_EMB64_POS3train4test_BPR_EVAL20.csv
96,701,0xCb035Bfb20E8F0c7C0f1E844AA63d47f3524a50f,1,5,0ce5db84f7ef7ce57fa816f7216b4b4d935ab5302d1bde071a164df9a303f1eb,30,0x53E2cd2641435bbCc441cA6FCE21520206fe70f5,35ec7455b7a753bbb755dcfda6d1e3eb603ec416082ec7125a88ee309b6b69a1,D:\PHD\بابل\2024\Research Reco\الجزء الثاني\Douban Reco\4 ايصال التوصيات بضمنها العقد\03_outputs\RECOMMENDATION_DELIVERY_TOP5_V1\payloads\community_96\user_701_community_96_v1_top5_payload.json,D:\PHD\results\13 Uplift\DMF_GLOBAL_ONLY_COMMUNITIES_DETERMINISTIC\RUN_VR14b_COMM_DET_LN0d2_NEG2_EMB64_POS3train4test_BPR_EVAL20_026_comm_96_U137_I4033\026_comm_96_U137_I4033_top20_per_user_recs_VR14b_COMM_DET_LN0d2_NEG2_EMB64_POS3train4test_BPR_EVAL20.csv
96,718,0x909397aBec49320916222c09E00a6D32984141F2,1,5,aec1da9624020a72e411d5ad98ef7ee1e517a8b1af0cc3bb86009f30e79c8cc1,30,0x53E2cd2641435bbCc441cA6FCE21520206fe70f5,14381fd370836387cb8a8c0266cd002f9ff8cf524f8ff5fd4de1a7fe35717d62,D:\PHD\بابل\2024\Research Reco\الجزء الثاني\Douban Reco\4 ايصال التوصيات بضمنها العقد\03_outputs\RECOMMENDATION_DELIVERY_TOP5_V1\payloads\community_96\user_718_community_96_v1_top5_payload.json,D:\PHD\results\13 Uplift\DMF_GLOBAL_ONLY_COMMUNITIES_DETERMINISTIC\RUN_VR14b_COMM_DET_LN0d2_NEG2_EMB64_POS3train4test_BPR_EVAL20_026_comm_96_U137_I4033\026_comm_96_U137_I4033_top20_per_user_recs_VR14b_COMM_DET_LN0d2_NEG2_EMB64_POS3train4test_BPR_EVAL20.csv
96,760,0x64E36289C644C127Fda725B3779Fbf17C1BC7cBb,1,5,b161b6a5d3f382634b05cd4d752c711d156ab2ec9daf925046efa43dcb4183e3,30,0x53E2cd2641435bbCc441cA6FCE21520206fe70f5,5e2cd5e6bff4662b23e4cfbf5e3a1187f41319556b255e2cda5fe3768cdef987,D:\PHD\بابل\2024\Research Reco\الجزء الثاني\Douban Reco\4 ايصال التوصيات بضمنها العقد\03_outputs\RECOMMENDATION_DELIVERY_TOP5_V1\payloads\community_96\user_760_community_96_v1_top5_payload.json,D:\PHD\results\13 Uplift\DMF_GLOBAL_ONLY_COMMUNITIES_DETERMINISTIC\RUN_VR14b_COMM_DET_LN0d2_NEG2_EMB64_POS3train4test_BPR_EVAL20_026_comm_96_U137_I4033\026_comm_96_U137_I4033_top20_per_user_recs_VR14b_COMM_DET_LN0d2_NEG2_EMB64_POS3train4test_BPR_EVAL20.csv
96,762,0x3e6168B96cDE6d8c5f886eeC720642Fc6d1bfa0b,1,5,e4579ad1e2e1264dfa3a1430fb61088fe57199c6ade40932be0ae690c828d104,30,0x53E2cd2641435bbCc441cA6FCE21520206fe70f5,3a5b58c21133590575a4e959849abbb176944c6f5c865456048c6028c68b6314,D:\PHD\بابل\2024\Research Reco\الجزء الثاني\Douban Reco\4 ايصال التوصيات بضمنها العقد\03_outputs\RECOMMENDATION_DELIVERY_TOP5_V1\payloads\community_96\user_762_community_96_v1_top5_payload.json,D:\PHD\results\13 Uplift\DMF_GLOBAL_ONLY_COMMUNITIES_DETERMINISTIC\RUN_VR14b_COMM_DET_LN0d2_NEG2_EMB64_POS3train4test_BPR_EVAL20_026_comm_96_U137_I4033\026_comm_96_U137_I4033_top20_per_user_recs_VR14b_COMM_DET_LN0d2_NEG2_EMB64_POS3train4test_BPR_EVAL20.csv
96,780,0x18A58443486a03D8a5d6097095D5D00FD9C197ac,1,5,e11679195dbad883cb2f2220283f589dc91227bd4f47f364cf493bbf1a049b35,30,0x53E2cd2641435bbCc441cA6FCE21520206fe70f5,6de76ce6383fd2986f51af5f1779033f2bc63c9a804f8863e909f3f52d03c1ec,D:\PHD\بابل\2024\Research Reco\الجزء الثاني\Douban Reco\4 ايصال التوصيات بضمنها العقد\03_outputs\RECOMMENDATION_DELIVERY_TOP5_V1\payloads\community_96\user_780_community_96_v1_top5_payload.json,D:\PHD\results\13 Uplift\DMF_GLOBAL_ONLY_COMMUNITIES_DETERMINISTIC\RUN_VR14b_COMM_DET_LN0d2_NEG2_EMB64_POS3train4test_BPR_EVAL20_026_comm_96_U137_I4033\026_comm_96_U137_I4033_top20_per_user_recs_VR14b_COMM_DET_LN0d2_NEG2_EMB64_POS3train4test_BPR_EVAL20.csv
96,796,0x319a3567021B1eC70087B89405693bAd3F9D29f3,1,5,eaf6f02567495b00812d9a4bd3e64fb8dcf53fa03e2be9538bab37bffe99c36f,30,0x53E2cd2641435bbCc441cA6FCE21520206fe70f5,481b0d1e5ca776af0da5dbffc3e07a7c36c0c0b63c0fe0d43e52044c5cb4973d,D:\PHD\بابل\2024\Research Reco\الجزء الثاني\Douban Reco\4 ايصال التوصيات بضمنها العقد\03_outputs\RECOMMENDATION_DELIVERY_TOP5_V1\payloads\community_96\user_796_community_96_v1_top5_payload.json,D:\PHD\results\13 Uplift\DMF_GLOBAL_ONLY_COMMUNITIES_DETERMINISTIC\RUN_VR14b_COMM_DET_LN0d2_NEG2_EMB64_POS3train4test_BPR_EVAL20_026_comm_96_U137_I4033\026_comm_96_U137_I4033_top20_per_user_recs_VR14b_COMM_DET_LN0d2_NEG2_EMB64_POS3train4test_BPR_EVAL20.csv
96,801,0x2239F4c9F857ea40D2B76Aa811c0AdD340B1B03e,1,5,ca0d4e255ced3aaa87789c543256e7c0ebb0187e4a1ffc89c626a8e2337aa32f,30,0x53E2cd2641435bbCc441cA6FCE21520206fe70f5,b7035fb6417240db43081e49bade6a1895da595d6e3921059bfab1e2f1bb55cf,D:\PHD\بابل\2024\Research Reco\الجزء الثاني\Douban Reco\4 ايصال التوصيات بضمنها العقد\03_outputs\RECOMMENDATION_DELIVERY_TOP5_V1\payloads\community_96\user_801_community_96_v1_top5_payload.json,D:\PHD\results\13 Uplift\DMF_GLOBAL_ONLY_COMMUNITIES_DETERMINISTIC\RUN_VR14b_COMM_DET_LN0d2_NEG2_EMB64_POS3train4test_BPR_EVAL20_026_comm_96_U137_I4033\026_comm_96_U137_I4033_top20_per_user_recs_VR14b_COMM_DET_LN0d2_NEG2_EMB64_POS3train4test_BPR_EVAL20.csv
96,803,0x78BA896c49676F3A271455acD14Cd4aFF5c096d4,1,5,af045a6340de2195797076e7b58bfa935a945a71042af056156efab85a275e6b,30,0x53E2cd2641435bbCc441cA6FCE21520206fe70f5,c9a281778c2f97d16d5f11e2f5f4bb71a9b34f9cabad99cc4386897d8c7fcc51,D:\PHD\بابل\2024\Research Reco\الجزء الثاني\Douban Reco\4 ايصال التوصيات بضمنها العقد\03_outputs\RECOMMENDATION_DELIVERY_TOP5_V1\payloads\community_96\user_803_community_96_v1_top5_payload.json,D:\PHD\results\13 Uplift\DMF_GLOBAL_ONLY_COMMUNITIES_DETERMINISTIC\RUN_VR14b_COMM_DET_LN0d2_NEG2_EMB64_POS3train4test_BPR_EVAL20_026_comm_96_U137_I4033\026_comm_96_U137_I4033_top20_per_user_recs_VR14b_COMM_DET_LN0d2_NEG2_EMB64_POS3train4test_BPR_EVAL20.csv
96,810,0x5a2a3092263c2ea4B3C7632C6bBD4bcB52B6E9BC,1,5,ff7d32dbb5c565c8b550dadd61d4f3cbb459b2c05865443f38c4e67305984691,30,0x53E2cd2641435bbCc441cA6FCE21520206fe70f5,abd08c424dbcbf27bc162c84232d1dae8f94115c5f3042b22bc79b9da2f2457b,D:\PHD\بابل\2024\Research Reco\الجزء الثاني\Douban Reco\4 ايصال التوصيات بضمنها العقد\03_outputs\RECOMMENDATION_DELIVERY_TOP5_V1\payloads\community_96\user_810_community_96_v1_top5_payload.json,D:\PHD\results\13 Uplift\DMF_GLOBAL_ONLY_COMMUNITIES_DETERMINISTIC\RUN_VR14b_COMM_DET_LN0d2_NEG2_EMB64_POS3train4test_BPR_EVAL20_026_comm_96_U137_I4033\026_comm_96_U137_I4033_top20_per_user_recs_VR14b_COMM_DET_LN0d2_NEG2_EMB64_POS3train4test_BPR_EVAL20.csv
96,845,0xafc235E2F8ee9350889989f52ab7fFAd9E6367dC,1,5,bc66b56b085fa05c3212bd5780b710cecfba87a3dd7894dccdcdfec8d0a17166,30,0x53E2cd2641435bbCc441cA6FCE21520206fe70f5,c5792ea0313fd8d28fb923cc42f4af099867089e4049ed7c63f2565f024c15e1,D:\PHD\بابل\2024\Research Reco\الجزء الثاني\Douban Reco\4 ايصال التوصيات بضمنها العقد\03_outputs\RECOMMENDATION_DELIVERY_TOP5_V1\payloads\community_96\user_845_community_96_v1_top5_payload.json,D:\PHD\results\13 Uplift\DMF_GLOBAL_ONLY_COMMUNITIES_DETERMINISTIC\RUN_VR14b_COMM_DET_LN0d2_NEG2_EMB64_POS3train4test_BPR_EVAL20_026_comm_96_U137_I4033\026_comm_96_U137_I4033_top20_per_user_recs_VR14b_COMM_DET_LN0d2_NEG2_EMB64_POS3train4test_BPR_EVAL20.csv
96,847,0x1f9D58cEE54E7E118454Ede226d0eF588ec20AE6,1,5,6c92015b045f0fa0436a90a429fa8681d9bf940b705f07fdd49f28584c4c2a3c,30,0x53E2cd2641435bbCc441cA6FCE21520206fe70f5,516d42ebbcc3468b4c30ff98db88f0db847b6ae04bfbcacac767d1bc6c5b1413,D:\PHD\بابل\2024\Research Reco\الجزء الثاني\Douban Reco\4 ايصال التوصيات بضمنها العقد\03_outputs\RECOMMENDATION_DELIVERY_TOP5_V1\payloads\community_96\user_847_community_96_v1_top5_payload.json,D:\PHD\results\13 Uplift\DMF_GLOBAL_ONLY_COMMUNITIES_DETERMINISTIC\RUN_VR14b_COMM_DET_LN0d2_NEG2_EMB64_POS3train4test_BPR_EVAL20_026_comm_96_U137_I4033\026_comm_96_U137_I4033_top20_per_user_recs_VR14b_COMM_DET_LN0d2_NEG2_EMB64_POS3train4test_BPR_EVAL20.csv
96,850,0xE93C569d943A7F6AB9c240E7d6622732350F17b7,1,5,c380785d1843578225053443e21a92efc0d3c97babb3c9be0980389ec3af7699,30,0x53E2cd2641435bbCc441cA6FCE21520206fe70f5,68c754088ce78a1d095b49753b8ddcba4cbe1b2d406d1fcf2e6554073f309d96,D:\PHD\بابل\2024\Research Reco\الجزء الثاني\Douban Reco\4 ايصال التوصيات بضمنها العقد\03_outputs\RECOMMENDATION_DELIVERY_TOP5_V1\payloads\community_96\user_850_community_96_v1_top5_payload.json,D:\PHD\results\13 Uplift\DMF_GLOBAL_ONLY_COMMUNITIES_DETERMINISTIC\RUN_VR14b_COMM_DET_LN0d2_NEG2_EMB64_POS3train4test_BPR_EVAL20_026_comm_96_U137_I4033\026_comm_96_U137_I4033_top20_per_user_recs_VR14b_COMM_DET_LN0d2_NEG2_EMB64_POS3train4test_BPR_EVAL20.csv
96,852,0x2249FA2C96aCA6DCEf59e5d50eD48F16707234B9,1,5,31a3e29be5394dcf43ff579791fcfd443e5ed0b77cab1d7aeebb2af22540ec85,30,0x53E2cd2641435bbCc441cA6FCE21520206fe70f5,d15f8f0c0358d33015c89367f074df783840fb25d134d9a92e87204c40b831a4,D:\PHD\بابل\2024\Research Reco\الجزء الثاني\Douban Reco\4 ايصال التوصيات بضمنها العقد\03_outputs\RECOMMENDATION_DELIVERY_TOP5_V1\payloads\community_96\user_852_community_96_v1_top5_payload.json,D:\PHD\results\13 Uplift\DMF_GLOBAL_ONLY_COMMUNITIES_DETERMINISTIC\RUN_VR14b_COMM_DET_LN0d2_NEG2_EMB64_POS3train4test_BPR_EVAL20_026_comm_96_U137_I4033\026_comm_96_U137_I4033_top20_per_user_recs_VR14b_COMM_DET_LN0d2_NEG2_EMB64_POS3train4test_BPR_EVAL20.csv
96,867,0xAF1c1622F10D55Dbb265355c31df5eC6E9931f70,1,5,4a04e06e1a9fedc5f654d36cd49361449fc6325ab9663cf49792c1a0c5367185,30,0x53E2cd2641435bbCc441cA6FCE21520206fe70f5,e76ddef0caeeb18cfc5f8c109445bd9f7a3b6af4f5276ba4c9628292c0b37611,D:\PHD\بابل\2024\Research Reco\الجزء الثاني\Douban Reco\4 ايصال التوصيات بضمنها العقد\03_outputs\RECOMMENDATION_DELIVERY_TOP5_V1\payloads\community_96\user_867_community_96_v1_top5_payload.json,D:\PHD\results\13 Uplift\DMF_GLOBAL_ONLY_COMMUNITIES_DETERMINISTIC\RUN_VR14b_COMM_DET_LN0d2_NEG2_EMB64_POS3train4test_BPR_EVAL20_026_comm_96_U137_I4033\026_comm_96_U137_I4033_top20_per_user_recs_VR14b_COMM_DET_LN0d2_NEG2_EMB64_POS3train4test_BPR_EVAL20.csv
96,871,0xAF83328a243aB51fc7d1025D3Ac96De56798372b,1,5,50686d7d7374121da684175f2ad698e397e99f0257229b4a213d8e024abc74dd,30,0x53E2cd2641435bbCc441cA6FCE21520206fe70f5,a46d83fb9731624db51fe51095c22790f5a87fbc275021b017965645a3e22c4e,D:\PHD\بابل\2024\Research Reco\الجزء الثاني\Douban Reco\4 ايصال التوصيات بضمنها العقد\03_outputs\RECOMMENDATION_DELIVERY_TOP5_V1\payloads\community_96\user_871_community_96_v1_top5_payload.json,D:\PHD\results\13 Uplift\DMF_GLOBAL_ONLY_COMMUNITIES_DETERMINISTIC\RUN_VR14b_COMM_DET_LN0d2_NEG2_EMB64_POS3train4test_BPR_EVAL20_026_comm_96_U137_I4033\026_comm_96_U137_I4033_top20_per_user_recs_VR14b_COMM_DET_LN0d2_NEG2_EMB64_POS3train4test_BPR_EVAL20.csv
96,874,0x18dB823d1671113bb98a610cD1D4BeB499CB23cA,1,5,0d9ff258d741c99ed722c2890a6767fb9f7589a5e2d9c8845455c4a8f1b172f5,30,0x53E2cd2641435bbCc441cA6FCE21520206fe70f5,e21481e5dc70f9c377bf33ed87ad06a59ef1d849ff3f98b3285c87d364909431,D:\PHD\بابل\2024\Research Reco\الجزء الثاني\Douban Reco\4 ايصال التوصيات بضمنها العقد\03_outputs\RECOMMENDATION_DELIVERY_TOP5_V1\payloads\community_96\user_874_community_96_v1_top5_payload.json,D:\PHD\results\13 Uplift\DMF_GLOBAL_ONLY_COMMUNITIES_DETERMINISTIC\RUN_VR14b_COMM_DET_LN0d2_NEG2_EMB64_POS3train4test_BPR_EVAL20_026_comm_96_U137_I4033\026_comm_96_U137_I4033_top20_per_user_recs_VR14b_COMM_DET_LN0d2_NEG2_EMB64_POS3train4test_BPR_EVAL20.csv
96,895,0x6D6b76e9b213109aAa300D30E81B7bE85d593469,1,5,48976e7c762376e8e7893fd131a511a3d61f62fd55238ce12fd535c3e87c6fed,30,0x53E2cd2641435bbCc441cA6FCE21520206fe70f5,289c0c435370cc16405f43c3675ba2fd29f101745aa5e67ac3402a9e945de1ae,D:\PHD\بابل\2024\Research Reco\الجزء الثاني\Douban Reco\4 ايصال التوصيات بضمنها العقد\03_outputs\RECOMMENDATION_DELIVERY_TOP5_V1\payloads\community_96\user_895_community_96_v1_top5_payload.json,D:\PHD\results\13 Uplift\DMF_GLOBAL_ONLY_COMMUNITIES_DETERMINISTIC\RUN_VR14b_COMM_DET_LN0d2_NEG2_EMB64_POS3train4test_BPR_EVAL20_026_comm_96_U137_I4033\026_comm_96_U137_I4033_top20_per_user_recs_VR14b_COMM_DET_LN0d2_NEG2_EMB64_POS3train4test_BPR_EVAL20.csv
96,907,0xf6A689f473E9851FdDc2996d0aEe7718AA1210aE,1,5,fe95cead4e3bf931c51a1b1d13ca7354871cb29286b0da022f8fcb92731e65c7,30,0x53E2cd2641435bbCc441cA6FCE21520206fe70f5,a874f94a2d8f91513949edd2987f2c94387fe509a85f8309bf4fc3e0e65382ea,D:\PHD\بابل\2024\Research Reco\الجزء الثاني\Douban Reco\4 ايصال التوصيات بضمنها العقد\03_outputs\RECOMMENDATION_DELIVERY_TOP5_V1\payloads\community_96\user_907_community_96_v1_top5_payload.json,D:\PHD\results\13 Uplift\DMF_GLOBAL_ONLY_COMMUNITIES_DETERMINISTIC\RUN_VR14b_COMM_DET_LN0d2_NEG2_EMB64_POS3train4test_BPR_EVAL20_026_comm_96_U137_I4033\026_comm_96_U137_I4033_top20_per_user_recs_VR14b_COMM_DET_LN0d2_NEG2_EMB64_POS3train4test_BPR_EVAL20.csv
96,951,0x16A7a78189988bB7EDC7eBA39A7369fADE0f4EA3,1,5,6aa92016980a2351a3707c9ddcd017f3052bd65e65aacc9d8370dc4ff535a8c9,30,0x53E2cd2641435bbCc441cA6FCE21520206fe70f5,09efa4d981dc59659177c51f8025425884ff7bed45a78797598f73aa56f4e753,D:\PHD\بابل\2024\Research Reco\الجزء الثاني\Douban Reco\4 ايصال التوصيات بضمنها العقد\03_outputs\RECOMMENDATION_DELIVERY_TOP5_V1\payloads\community_96\user_951_community_96_v1_top5_payload.json,D:\PHD\results\13 Uplift\DMF_GLOBAL_ONLY_COMMUNITIES_DETERMINISTIC\RUN_VR14b_COMM_DET_LN0d2_NEG2_EMB64_POS3train4test_BPR_EVAL20_026_comm_96_U137_I4033\026_comm_96_U137_I4033_top20_per_user_recs_VR14b_COMM_DET_LN0d2_NEG2_EMB64_POS3train4test_BPR_EVAL20.csv
96,961,0x502C55783EA22AdcF50F070e34e8C78353F3BaAC,1,5,60dd7495d601e20abbbfe4898e650fc96ca293dffb4a2621d87b6047c430dc47,30,0x53E2cd2641435bbCc441cA6FCE21520206fe70f5,ff1c1a032d5ee8e62e40a4f228d12f74a2b376e3d32a861033b357f088bad6c2,D:\PHD\بابل\2024\Research Reco\الجزء الثاني\Douban Reco\4 ايصال التوصيات بضمنها العقد\03_outputs\RECOMMENDATION_DELIVERY_TOP5_V1\payloads\community_96\user_961_community_96_v1_top5_payload.json,D:\PHD\results\13 Uplift\DMF_GLOBAL_ONLY_COMMUNITIES_DETERMINISTIC\RUN_VR14b_COMM_DET_LN0d2_NEG2_EMB64_POS3train4test_BPR_EVAL20_026_comm_96_U137_I4033\026_comm_96_U137_I4033_top20_per_user_recs_VR14b_COMM_DET_LN0d2_NEG2_EMB64_POS3train4test_BPR_EVAL20.csv
96,973,0xa370A7Fb2ae0E32cE328Dda55B307d4F3cfe658f,1,5,55dc6cb6dfe39ff924b706c816ab648d3b2f24f926d298ed2cf644e27370266e,30,0x53E2cd2641435bbCc441cA6FCE21520206fe70f5,da3a224d58fb324d14a0ada8760a2b1e8b722d3551a107da18f8a0407e7cd0da,D:\PHD\بابل\2024\Research Reco\الجزء الثاني\Douban Reco\4 ايصال التوصيات بضمنها العقد\03_outputs\RECOMMENDATION_DELIVERY_TOP5_V1\payloads\community_96\user_973_community_96_v1_top5_payload.json,D:\PHD\results\13 Uplift\DMF_GLOBAL_ONLY_COMMUNITIES_DETERMINISTIC\RUN_VR14b_COMM_DET_LN0d2_NEG2_EMB64_POS3train4test_BPR_EVAL20_026_comm_96_U137_I4033\026_comm_96_U137_I4033_top20_per_user_recs_VR14b_COMM_DET_LN0d2_NEG2_EMB64_POS3train4test_BPR_EVAL20.csv
96,1000,0x9AA4004d540E0Ce9E7959300a38Ca22512934736,1,5,002b132a392fa9c5f19e06128e8213ea893b9b8b2f8d3aff0d02963f7713c335,30,0x53E2cd2641435bbCc441cA6FCE21520206fe70f5,9586322bb19de2c3135e9e342000f9c26479da175dd338c58320d3add20c7414,D:\PHD\بابل\2024\Research Reco\الجزء الثاني\Douban Reco\4 ايصال التوصيات بضمنها العقد\03_outputs\RECOMMENDATION_DELIVERY_TOP5_V1\payloads\community_96\user_1000_community_96_v1_top5_payload.json,D:\PHD\results\13 Uplift\DMF_GLOBAL_ONLY_COMMUNITIES_DETERMINISTIC\RUN_VR14b_COMM_DET_LN0d2_NEG2_EMB64_POS3train4test_BPR_EVAL20_026_comm_96_U137_I4033\026_comm_96_U137_I4033_top20_per_user_recs_VR14b_COMM_DET_LN0d2_NEG2_EMB64_POS3train4test_BPR_EVAL20.csv
96,1011,0xAf749C389de8661857815bcBBf5bA738E21C883D,1,5,b001321e1b9ca8198485c9a7119889c9e28a98165a187c3fc76585284ff565d7,30,0x53E2cd2641435bbCc441cA6FCE21520206fe70f5,3e01103679846339965db6fdb40e3afa565cf473a4b004dbcb8a9f850b02adc1,D:\PHD\بابل\2024\Research Reco\الجزء الثاني\Douban Reco\4 ايصال التوصيات بضمنها العقد\03_outputs\RECOMMENDATION_DELIVERY_TOP5_V1\payloads\community_96\user_1011_community_96_v1_top5_payload.json,D:\PHD\results\13 Uplift\DMF_GLOBAL_ONLY_COMMUNITIES_DETERMINISTIC\RUN_VR14b_COMM_DET_LN0d2_NEG2_EMB64_POS3train4test_BPR_EVAL20_026_comm_96_U137_I4033\026_comm_96_U137_I4033_top20_per_user_recs_VR14b_COMM_DET_LN0d2_NEG2_EMB64_POS3train4test_BPR_EVAL20.csv
96,1060,0xfED604f9b85cc15f30695Ad4cD740Ff15801aEdc,1,5,c13300738b8013c92b7c25b5381575025b5955cff15e9f66219052ef3e163d0d,30,0x53E2cd2641435bbCc441cA6FCE21520206fe70f5,dd361d266dbb986ac085dc0f8c998b18578d88d3efe08055b1d90aa899c4c8f6,D:\PHD\بابل\2024\Research Reco\الجزء الثاني\Douban Reco\4 ايصال التوصيات بضمنها العقد\03_outputs\RECOMMENDATION_DELIVERY_TOP5_V1\payloads\community_96\user_1060_community_96_v1_top5_payload.json,D:\PHD\results\13 Uplift\DMF_GLOBAL_ONLY_COMMUNITIES_DETERMINISTIC\RUN_VR14b_COMM_DET_LN0d2_NEG2_EMB64_POS3train4test_BPR_EVAL20_026_comm_96_U137_I4033\026_comm_96_U137_I4033_top20_per_user_recs_VR14b_COMM_DET_LN0d2_NEG2_EMB64_POS3train4test_BPR_EVAL20.csv
96,1069,0xc454577B327081FF2faB806ba7c23223233FA9f3,1,5,79bfad0113429b78297e6cf0f20bdab258f0dfb08f200c6decc661be42cf5ce7,30,0x53E2cd2641435bbCc441cA6FCE21520206fe70f5,02c98590ebea568a14a53ac7062f868db5fca8f7de9a0d365de6612d82857b88,D:\PHD\بابل\2024\Research Reco\الجزء الثاني\Douban Reco\4 ايصال التوصيات بضمنها العقد\03_outputs\RECOMMENDATION_DELIVERY_TOP5_V1\payloads\community_96\user_1069_community_96_v1_top5_payload.json,D:\PHD\results\13 Uplift\DMF_GLOBAL_ONLY_COMMUNITIES_DETERMINISTIC\RUN_VR14b_COMM_DET_LN0d2_NEG2_EMB64_POS3train4test_BPR_EVAL20_026_comm_96_U137_I4033\026_comm_96_U137_I4033_top20_per_user_recs_VR14b_COMM_DET_LN0d2_NEG2_EMB64_POS3train4test_BPR_EVAL20.csv
96,1085,0xa805CacCDa72556627Cb665A07eF9132AC6B7b44,1,5,3f61c76a12cd6b95e9eb85ee05fac1fbc2ee78670d2bd6610be214592d10c826,30,0x53E2cd2641435bbCc441cA6FCE21520206fe70f5,d5ddfbaecb646f11739c4947fe5fb2bbd457a8b1ee9f67c632d5ea6451d53376,D:\PHD\بابل\2024\Research Reco\الجزء الثاني\Douban Reco\4 ايصال التوصيات بضمنها العقد\03_outputs\RECOMMENDATION_DELIVERY_TOP5_V1\payloads\community_96\user_1085_community_96_v1_top5_payload.json,D:\PHD\results\13 Uplift\DMF_GLOBAL_ONLY_COMMUNITIES_DETERMINISTIC\RUN_VR14b_COMM_DET_LN0d2_NEG2_EMB64_POS3train4test_BPR_EVAL20_026_comm_96_U137_I4033\026_comm_96_U137_I4033_top20_per_user_recs_VR14b_COMM_DET_LN0d2_NEG2_EMB64_POS3train4test_BPR_EVAL20.csv
96,1088,0x874eD5D80819678433485f29CC066ae79571f341,1,5,d08b7a9eda93f7e3f0876bf4d4d4dd4fdccb3789f62cfe75b5633bb89444b8d8,30,0x53E2cd2641435bbCc441cA6FCE21520206fe70f5,512c51aa925db103454e6b1756aa643f66b0fce1367fd5f4cc6a24a0b087478e,D:\PHD\بابل\2024\Research Reco\الجزء الثاني\Douban Reco\4 ايصال التوصيات بضمنها العقد\03_outputs\RECOMMENDATION_DELIVERY_TOP5_V1\payloads\community_96\user_1088_community_96_v1_top5_payload.json,D:\PHD\results\13 Uplift\DMF_GLOBAL_ONLY_COMMUNITIES_DETERMINISTIC\RUN_VR14b_COMM_DET_LN0d2_NEG2_EMB64_POS3train4test_BPR_EVAL20_026_comm_96_U137_I4033\026_comm_96_U137_I4033_top20_per_user_recs_VR14b_COMM_DET_LN0d2_NEG2_EMB64_POS3train4test_BPR_EVAL20.csv
96,1102,0x73Dcd8E487a753C3949d18cec7Da82A1dcFb4f0E,1,5,d307faabc17c07834b7c8aff3d02633c42b09f570583c989dc03beeb258a9f34,30,0x53E2cd2641435bbCc441cA6FCE21520206fe70f5,c0fbc89ce78847533b724f09e6faae864225b8ef9a806a7c3dbca6e2b76cee31,D:\PHD\بابل\2024\Research Reco\الجزء الثاني\Douban Reco\4 ايصال التوصيات بضمنها العقد\03_outputs\RECOMMENDATION_DELIVERY_TOP5_V1\payloads\community_96\user_1102_community_96_v1_top5_payload.json,D:\PHD\results\13 Uplift\DMF_GLOBAL_ONLY_COMMUNITIES_DETERMINISTIC\RUN_VR14b_COMM_DET_LN0d2_NEG2_EMB64_POS3train4test_BPR_EVAL20_026_comm_96_U137_I4033\026_comm_96_U137_I4033_top20_per_user_recs_VR14b_COMM_DET_LN0d2_NEG2_EMB64_POS3train4test_BPR_EVAL20.csv
96,1125,0x23Fc9ECEB52c200E04Bd3dDC4B109E00b9844D57,1,5,48eb1a57143da44e8982db7b40adc054542a198d50b9b34f26b32c24502b7d24,30,0x53E2cd2641435bbCc441cA6FCE21520206fe70f5,1d4c6bbcbc3a0611a19a3670a043727b0d0576c551be593d3e713c3a94b3ced5,D:\PHD\بابل\2024\Research Reco\الجزء الثاني\Douban Reco\4 ايصال التوصيات بضمنها العقد\03_outputs\RECOMMENDATION_DELIVERY_TOP5_V1\payloads\community_96\user_1125_community_96_v1_top5_payload.json,D:\PHD\results\13 Uplift\DMF_GLOBAL_ONLY_COMMUNITIES_DETERMINISTIC\RUN_VR14b_COMM_DET_LN0d2_NEG2_EMB64_POS3train4test_BPR_EVAL20_026_comm_96_U137_I4033\026_comm_96_U137_I4033_top20_per_user_recs_VR14b_COMM_DET_LN0d2_NEG2_EMB64_POS3train4test_BPR_EVAL20.csv
96,1129,0x46eA34e682068041A0699F08efFC3D7004C84f0F,1,5,ffd9b38cd5056d0907388457c9bc5660dc65efc1fd957cbce0e718f2edeb5576,30,0x53E2cd2641435bbCc441cA6FCE21520206fe70f5,0a50b3c746fab96b7fcfcface63b0acc71dbfd25ed87893e4bbd46b967a72bf8,D:\PHD\بابل\2024\Research Reco\الجزء الثاني\Douban Reco\4 ايصال التوصيات بضمنها العقد\03_outputs\RECOMMENDATION_DELIVERY_TOP5_V1\payloads\community_96\user_1129_community_96_v1_top5_payload.json,D:\PHD\results\13 Uplift\DMF_GLOBAL_ONLY_COMMUNITIES_DETERMINISTIC\RUN_VR14b_COMM_DET_LN0d2_NEG2_EMB64_POS3train4test_BPR_EVAL20_026_comm_96_U137_I4033\026_comm_96_U137_I4033_top20_per_user_recs_VR14b_COMM_DET_LN0d2_NEG2_EMB64_POS3train4test_BPR_EVAL20.csv
96,1140,0xc7e13AD66b9872AA033554EE409D1748bEb74f8f,1,5,597055c8ed5f9e467e054c6f2dd413fb1e092d441b749079e7262ef588dea30e,30,0x53E2cd2641435bbCc441cA6FCE21520206fe70f5,dde44791641a2a8512463e5e49cad610ba3fcffc3421de93cd34494d94545ada,D:\PHD\بابل\2024\Research Reco\الجزء الثاني\Douban Reco\4 ايصال التوصيات بضمنها العقد\03_outputs\RECOMMENDATION_DELIVERY_TOP5_V1\payloads\community_96\user_1140_community_96_v1_top5_payload.json,D:\PHD\results\13 Uplift\DMF_GLOBAL_ONLY_COMMUNITIES_DETERMINISTIC\RUN_VR14b_COMM_DET_LN0d2_NEG2_EMB64_POS3train4test_BPR_EVAL20_026_comm_96_U137_I4033\026_comm_96_U137_I4033_top20_per_user_recs_VR14b_COMM_DET_LN0d2_NEG2_EMB64_POS3train4test_BPR_EVAL20.csv
96,1195,0x4C8aAD6eAdecf0b6F341c4e88ABf2e903283AdD6,1,5,9f12318beb5b7c3566ab33a0aa878c227223c70c178c1399ddc785eb818656c4,30,0x53E2cd2641435bbCc441cA6FCE21520206fe70f5,7de15a04a05e8adeb0dbc6bace65f1681d8b5c8b0518ae0efbc6083bc312831c,D:\PHD\بابل\2024\Research Reco\الجزء الثاني\Douban Reco\4 ايصال التوصيات بضمنها العقد\03_outputs\RECOMMENDATION_DELIVERY_TOP5_V1\payloads\community_96\user_1195_community_96_v1_top5_payload.json,D:\PHD\results\13 Uplift\DMF_GLOBAL_ONLY_COMMUNITIES_DETERMINISTIC\RUN_VR14b_COMM_DET_LN0d2_NEG2_EMB64_POS3train4test_BPR_EVAL20_026_comm_96_U137_I4033\026_comm_96_U137_I4033_top20_per_user_recs_VR14b_COMM_DET_LN0d2_NEG2_EMB64_POS3train4test_BPR_EVAL20.csv
96,1197,0x7885934eec9cDcC70F2dbF85162189d55E5889EC,1,5,db6f7e951c1148f4db88f34f24df61f46bd9ca0604bc9d9826b5822f151b8dc1,30,0x53E2cd2641435bbCc441cA6FCE21520206fe70f5,1f4f0cd42a755236fe0467e2afafdcd81670b7b2fa4140075758e8a362dab2ec,D:\PHD\بابل\2024\Research Reco\الجزء الثاني\Douban Reco\4 ايصال التوصيات بضمنها العقد\03_outputs\RECOMMENDATION_DELIVERY_TOP5_V1\payloads\community_96\user_1197_community_96_v1_top5_payload.json,D:\PHD\results\13 Uplift\DMF_GLOBAL_ONLY_COMMUNITIES_DETERMINISTIC\RUN_VR14b_COMM_DET_LN0d2_NEG2_EMB64_POS3train4test_BPR_EVAL20_026_comm_96_U137_I4033\026_comm_96_U137_I4033_top20_per_user_recs_VR14b_COMM_DET_LN0d2_NEG2_EMB64_POS3train4test_BPR_EVAL20.csv
96,1287,0x71cCf3faeC2dd807b2E65c0071BBc7467888DF17,1,5,7a592ff58a5df6594980ba18cb28cacc951654379c9e2cd20ceda1b95148c8fd,30,0x53E2cd2641435bbCc441cA6FCE21520206fe70f5,91a050fb62996d84f9d1533da95474aa042e817055aef4abd2e8d314289e1114,D:\PHD\بابل\2024\Research Reco\الجزء الثاني\Douban Reco\4 ايصال التوصيات بضمنها العقد\03_outputs\RECOMMENDATION_DELIVERY_TOP5_V1\payloads\community_96\user_1287_community_96_v1_top5_payload.json,D:\PHD\results\13 Uplift\DMF_GLOBAL_ONLY_COMMUNITIES_DETERMINISTIC\RUN_VR14b_COMM_DET_LN0d2_NEG2_EMB64_POS3train4test_BPR_EVAL20_026_comm_96_U137_I4033\026_comm_96_U137_I4033_top20_per_user_recs_VR14b_COMM_DET_LN0d2_NEG2_EMB64_POS3train4test_BPR_EVAL20.csv
96,1330,0x7f706303178a2250E00AA0deD57b6125925DBC9C,1,5,80224a7dfa77b173d2e49e25095e6753c85ddf4f0ac414816929a1ee68defcda,30,0x53E2cd2641435bbCc441cA6FCE21520206fe70f5,e64fc590e437502aff21dd8201f6627c0c47ef35bd44d7988fa2f9c758d19ce0,D:\PHD\بابل\2024\Research Reco\الجزء الثاني\Douban Reco\4 ايصال التوصيات بضمنها العقد\03_outputs\RECOMMENDATION_DELIVERY_TOP5_V1\payloads\community_96\user_1330_community_96_v1_top5_payload.json,D:\PHD\results\13 Uplift\DMF_GLOBAL_ONLY_COMMUNITIES_DETERMINISTIC\RUN_VR14b_COMM_DET_LN0d2_NEG2_EMB64_POS3train4test_BPR_EVAL20_026_comm_96_U137_I4033\026_comm_96_U137_I4033_top20_per_user_recs_VR14b_COMM_DET_LN0d2_NEG2_EMB64_POS3train4test_BPR_EVAL20.csv
96,1334,0x6F2611eC0860da64c8E8Cb10422860F056a056FE,1,5,f1c96e9f42fa968247d938deeacc2f8d943726d8b4ffbe8365a7456b07c0acdb,30,0x53E2cd2641435bbCc441cA6FCE21520206fe70f5,3386b6170b58dc6752ddd92304e26483d870cd9bdef9421259fde64c9a6a872d,D:\PHD\بابل\2024\Research Reco\الجزء الثاني\Douban Reco\4 ايصال التوصيات بضمنها العقد\03_outputs\RECOMMENDATION_DELIVERY_TOP5_V1\payloads\community_96\user_1334_community_96_v1_top5_payload.json,D:\PHD\results\13 Uplift\DMF_GLOBAL_ONLY_COMMUNITIES_DETERMINISTIC\RUN_VR14b_COMM_DET_LN0d2_NEG2_EMB64_POS3train4test_BPR_EVAL20_026_comm_96_U137_I4033\026_comm_96_U137_I4033_top20_per_user_recs_VR14b_COMM_DET_LN0d2_NEG2_EMB64_POS3train4test_BPR_EVAL20.csv
96,1335,0x7C12f97eDFee23F8382bb03c64197D4ebBe17851,1,5,5939ab3b5e89f0160d422a422595c8f5edc5408fcc320b3ad9c2fec764e8cc32,30,0x53E2cd2641435bbCc441cA6FCE21520206fe70f5,e5226e15ea35152cb7238ecf792dfc567484c32e12ff56921309498df2216535,D:\PHD\بابل\2024\Research Reco\الجزء الثاني\Douban Reco\4 ايصال التوصيات بضمنها العقد\03_outputs\RECOMMENDATION_DELIVERY_TOP5_V1\payloads\community_96\user_1335_community_96_v1_top5_payload.json,D:\PHD\results\13 Uplift\DMF_GLOBAL_ONLY_COMMUNITIES_DETERMINISTIC\RUN_VR14b_COMM_DET_LN0d2_NEG2_EMB64_POS3train4test_BPR_EVAL20_026_comm_96_U137_I4033\026_comm_96_U137_I4033_top20_per_user_recs_VR14b_COMM_DET_LN0d2_NEG2_EMB64_POS3train4test_BPR_EVAL20.csv
96,1374,0x9BC7e4ed67B837e3359f35099b3e340e1B148fAd,1,5,be1bb6680011b6a317f659fe5985698e05bea5a0f920383b8a0b09449c8d77f0,30,0x53E2cd2641435bbCc441cA6FCE21520206fe70f5,6337adad41261ca0c4aed3e38781bc8290a22c7b73f7638ecf7ea8764dc3882e,D:\PHD\بابل\2024\Research Reco\الجزء الثاني\Douban Reco\4 ايصال التوصيات بضمنها العقد\03_outputs\RECOMMENDATION_DELIVERY_TOP5_V1\payloads\community_96\user_1374_community_96_v1_top5_payload.json,D:\PHD\results\13 Uplift\DMF_GLOBAL_ONLY_COMMUNITIES_DETERMINISTIC\RUN_VR14b_COMM_DET_LN0d2_NEG2_EMB64_POS3train4test_BPR_EVAL20_026_comm_96_U137_I4033\026_comm_96_U137_I4033_top20_per_user_recs_VR14b_COMM_DET_LN0d2_NEG2_EMB64_POS3train4test_BPR_EVAL20.csv
96,1380,0xbAC2079Cf71CDEc55DbB39Aac356b85bEd50097f,1,5,66e30040f6e46ca5157bad05742f5a064271ff2ca8e9cfa70be53db90308d519,30,0x53E2cd2641435bbCc441cA6FCE21520206fe70f5,ec92e9569430f72e368329c528156031c9bd297ce15c954bdf0cb65952339520,D:\PHD\بابل\2024\Research Reco\الجزء الثاني\Douban Reco\4 ايصال التوصيات بضمنها العقد\03_outputs\RECOMMENDATION_DELIVERY_TOP5_V1\payloads\community_96\user_1380_community_96_v1_top5_payload.json,D:\PHD\results\13 Uplift\DMF_GLOBAL_ONLY_COMMUNITIES_DETERMINISTIC\RUN_VR14b_COMM_DET_LN0d2_NEG2_EMB64_POS3train4test_BPR_EVAL20_026_comm_96_U137_I4033\026_comm_96_U137_I4033_top20_per_user_recs_VR14b_COMM_DET_LN0d2_NEG2_EMB64_POS3train4test_BPR_EVAL20.csv
96,1384,0xa4973F896139088aA36f96FDB07a0A00623Cd8Bf,1,5,57f6727f8f258d9422538cb2b091d3ec6d01a22ecc334f7e1ed9401d53894a51,30,0x53E2cd2641435bbCc441cA6FCE21520206fe70f5,6da71faeb9b52bbac07961f73c0f80cd4a6c694c7d8c03cdc835c69530968be1,D:\PHD\بابل\2024\Research Reco\الجزء الثاني\Douban Reco\4 ايصال التوصيات بضمنها العقد\03_outputs\RECOMMENDATION_DELIVERY_TOP5_V1\payloads\community_96\user_1384_community_96_v1_top5_payload.json,D:\PHD\results\13 Uplift\DMF_GLOBAL_ONLY_COMMUNITIES_DETERMINISTIC\RUN_VR14b_COMM_DET_LN0d2_NEG2_EMB64_POS3train4test_BPR_EVAL20_026_comm_96_U137_I4033\026_comm_96_U137_I4033_top20_per_user_recs_VR14b_COMM_DET_LN0d2_NEG2_EMB64_POS3train4test_BPR_EVAL20.csv
96,1385,0xD64EF057379AaCf82f996E48CaB710a8307aA5E2,1,5,52b140c10882f84e2c21912d179a3e34a52e5ac91a651943496dfcbc1575d232,30,0x53E2cd2641435bbCc441cA6FCE21520206fe70f5,20178e8ea62af3c1ce5e96afb93f615020119799ff921d5ad0839e75ac1f2057,D:\PHD\بابل\2024\Research Reco\الجزء الثاني\Douban Reco\4 ايصال التوصيات بضمنها العقد\03_outputs\RECOMMENDATION_DELIVERY_TOP5_V1\payloads\community_96\user_1385_community_96_v1_top5_payload.json,D:\PHD\results\13 Uplift\DMF_GLOBAL_ONLY_COMMUNITIES_DETERMINISTIC\RUN_VR14b_COMM_DET_LN0d2_NEG2_EMB64_POS3train4test_BPR_EVAL20_026_comm_96_U137_I4033\026_comm_96_U137_I4033_top20_per_user_recs_VR14b_COMM_DET_LN0d2_NEG2_EMB64_POS3train4test_BPR_EVAL20.csv
96,1401,0xFC6236D4e8a29D8c1950E715d76797cAe45520d9,1,5,dc508d1d690541460a1cedf23d69814e77e03f8946465fbf4c3b284cc8dd512d,30,0x53E2cd2641435bbCc441cA6FCE21520206fe70f5,293b2c9f921ecb4a5f9c9cfd626c4fcb6eaa6ad2e1605b11343e2f9476ce2a5e,D:\PHD\بابل\2024\Research Reco\الجزء الثاني\Douban Reco\4 ايصال التوصيات بضمنها العقد\03_outputs\RECOMMENDATION_DELIVERY_TOP5_V1\payloads\community_96\user_1401_community_96_v1_top5_payload.json,D:\PHD\results\13 Uplift\DMF_GLOBAL_ONLY_COMMUNITIES_DETERMINISTIC\RUN_VR14b_COMM_DET_LN0d2_NEG2_EMB64_POS3train4test_BPR_EVAL20_026_comm_96_U137_I4033\026_comm_96_U137_I4033_top20_per_user_recs_VR14b_COMM_DET_LN0d2_NEG2_EMB64_POS3train4test_BPR_EVAL20.csv
96,1410,0x74250d4124eCD8Ede0FfE7cb88c5E7b840624288,1,5,c14a108dc7a2022e4a25eab2e907f6e51872f8943edf5d8170db9d1373233133,30,0x53E2cd2641435bbCc441cA6FCE21520206fe70f5,da91f375baa03de6ab36e62af77cb73d8d82b46e49777d687bfb6fc6ab92f1e0,D:\PHD\بابل\2024\Research Reco\الجزء الثاني\Douban Reco\4 ايصال التوصيات بضمنها العقد\03_outputs\RECOMMENDATION_DELIVERY_TOP5_V1\payloads\community_96\user_1410_community_96_v1_top5_payload.json,D:\PHD\results\13 Uplift\DMF_GLOBAL_ONLY_COMMUNITIES_DETERMINISTIC\RUN_VR14b_COMM_DET_LN0d2_NEG2_EMB64_POS3train4test_BPR_EVAL20_026_comm_96_U137_I4033\026_comm_96_U137_I4033_top20_per_user_recs_VR14b_COMM_DET_LN0d2_NEG2_EMB64_POS3train4test_BPR_EVAL20.csv
96,1448,0x1548f26e3D44C6571fE83759F2e87c63B4ba1D4B,1,5,42e5f02ce37cc08d1cfc09861863212fccde927fae850c4d431e952fc94d6c92,30,0x53E2cd2641435bbCc441cA6FCE21520206fe70f5,a8dd78a019a3f4d2177eaea8b35132a5867ecd4b8e81d8ff0d7d626ce23678b5,D:\PHD\بابل\2024\Research Reco\الجزء الثاني\Douban Reco\4 ايصال التوصيات بضمنها العقد\03_outputs\RECOMMENDATION_DELIVERY_TOP5_V1\payloads\community_96\user_1448_community_96_v1_top5_payload.json,D:\PHD\results\13 Uplift\DMF_GLOBAL_ONLY_COMMUNITIES_DETERMINISTIC\RUN_VR14b_COMM_DET_LN0d2_NEG2_EMB64_POS3train4test_BPR_EVAL20_026_comm_96_U137_I4033\026_comm_96_U137_I4033_top20_per_user_recs_VR14b_COMM_DET_LN0d2_NEG2_EMB64_POS3train4test_BPR_EVAL20.csv
96,1484,0x5fC098e117CA6B835e84D6dC7792679E81dA5549,1,5,9368913f5751092f2f7c25b4b6f3800b25e8e5a811a98c12dd8bd9817e35df75,30,0x53E2cd2641435bbCc441cA6FCE21520206fe70f5,df2d73e2796c7b381d6c493b49db90e30b31ccbc7d66f5cefea53fe8fba715b7,D:\PHD\بابل\2024\Research Reco\الجزء الثاني\Douban Reco\4 ايصال التوصيات بضمنها العقد\03_outputs\RECOMMENDATION_DELIVERY_TOP5_V1\payloads\community_96\user_1484_community_96_v1_top5_payload.json,D:\PHD\results\13 Uplift\DMF_GLOBAL_ONLY_COMMUNITIES_DETERMINISTIC\RUN_VR14b_COMM_DET_LN0d2_NEG2_EMB64_POS3train4test_BPR_EVAL20_026_comm_96_U137_I4033\026_comm_96_U137_I4033_top20_per_user_recs_VR14b_COMM_DET_LN0d2_NEG2_EMB64_POS3train4test_BPR_EVAL20.csv
96,1524,0xFC0072A905271AdF003376d650d9Dd4280f50241,1,5,124e5e4a9533b3afed7c265690426348b660a45f763fa831fc9027c1dbc0fc69,30,0x53E2cd2641435bbCc441cA6FCE21520206fe70f5,5a4066e91e081b0a477d6dbb93bdd4974c7521191a91b330daadc2c99fad37a9,D:\PHD\بابل\2024\Research Reco\الجزء الثاني\Douban Reco\4 ايصال التوصيات بضمنها العقد\03_outputs\RECOMMENDATION_DELIVERY_TOP5_V1\payloads\community_96\user_1524_community_96_v1_top5_payload.json,D:\PHD\results\13 Uplift\DMF_GLOBAL_ONLY_COMMUNITIES_DETERMINISTIC\RUN_VR14b_COMM_DET_LN0d2_NEG2_EMB64_POS3train4test_BPR_EVAL20_026_comm_96_U137_I4033\026_comm_96_U137_I4033_top20_per_user_recs_VR14b_COMM_DET_LN0d2_NEG2_EMB64_POS3train4test_BPR_EVAL20.csv
96,1586,0xD353cb9325D940Be7e6b34728e195C239a30694d,1,5,401c20454e101be3be92acf65e30e4f72c29089aaa01b476044d014296d45f37,30,0x53E2cd2641435bbCc441cA6FCE21520206fe70f5,999f4f539c01081d4f7a99419a4eaef2f89efa17b71e64673ed064b2ee0d585d,D:\PHD\بابل\2024\Research Reco\الجزء الثاني\Douban Reco\4 ايصال التوصيات بضمنها العقد\03_outputs\RECOMMENDATION_DELIVERY_TOP5_V1\payloads\community_96\user_1586_community_96_v1_top5_payload.json,D:\PHD\results\13 Uplift\DMF_GLOBAL_ONLY_COMMUNITIES_DETERMINISTIC\RUN_VR14b_COMM_DET_LN0d2_NEG2_EMB64_POS3train4test_BPR_EVAL20_026_comm_96_U137_I4033\026_comm_96_U137_I4033_top20_per_user_recs_VR14b_COMM_DET_LN0d2_NEG2_EMB64_POS3train4test_BPR_EVAL20.csv
96,1630,0x2C2215a0BCb2F43dE0314026236A1bB4DD136331,1,5,ac601464ded532cbe40dca7a24b98062120d06ee73c530ceffeb9ecb30674b94,30,0x53E2cd2641435bbCc441cA6FCE21520206fe70f5,1cc99f557545ebe114d62aa94ede4abf1e1e3ac175c595de62de84d917456287,D:\PHD\بابل\2024\Research Reco\الجزء الثاني\Douban Reco\4 ايصال التوصيات بضمنها العقد\03_outputs\RECOMMENDATION_DELIVERY_TOP5_V1\payloads\community_96\user_1630_community_96_v1_top5_payload.json,D:\PHD\results\13 Uplift\DMF_GLOBAL_ONLY_COMMUNITIES_DETERMINISTIC\RUN_VR14b_COMM_DET_LN0d2_NEG2_EMB64_POS3train4test_BPR_EVAL20_026_comm_96_U137_I4033\026_comm_96_U137_I4033_top20_per_user_recs_VR14b_COMM_DET_LN0d2_NEG2_EMB64_POS3train4test_BPR_EVAL20.csv
96,1641,0x19863c4CA0b914A5DE91f481D036081A9ecBA0Df,1,5,6586cde57a8f44992f50bf8533671c970fee3c38cf5a8daa92847c0c45cded7e,30,0x53E2cd2641435bbCc441cA6FCE21520206fe70f5,0e3d8bf5c4263b9184c77e66e97883481268f17357800d6705d1f38d0fb2dd87,D:\PHD\بابل\2024\Research Reco\الجزء الثاني\Douban Reco\4 ايصال التوصيات بضمنها العقد\03_outputs\RECOMMENDATION_DELIVERY_TOP5_V1\payloads\community_96\user_1641_community_96_v1_top5_payload.json,D:\PHD\results\13 Uplift\DMF_GLOBAL_ONLY_COMMUNITIES_DETERMINISTIC\RUN_VR14b_COMM_DET_LN0d2_NEG2_EMB64_POS3train4test_BPR_EVAL20_026_comm_96_U137_I4033\026_comm_96_U137_I4033_top20_per_user_recs_VR14b_COMM_DET_LN0d2_NEG2_EMB64_POS3train4test_BPR_EVAL20.csv
96,1647,0x09B89B5C0bEb6d718A9CAc9860BF61Ebcc61D53D,1,5,da470a364f64ae990bdeaac2342b03c8b9731410e01cb0f39f564d1958b92b78,30,0x53E2cd2641435bbCc441cA6FCE21520206fe70f5,2e28c8003cb0fade0a9f125aa0f59da84283069c40ab8acfb1ab738412a940c1,D:\PHD\بابل\2024\Research Reco\الجزء الثاني\Douban Reco\4 ايصال التوصيات بضمنها العقد\03_outputs\RECOMMENDATION_DELIVERY_TOP5_V1\payloads\community_96\user_1647_community_96_v1_top5_payload.json,D:\PHD\results\13 Uplift\DMF_GLOBAL_ONLY_COMMUNITIES_DETERMINISTIC\RUN_VR14b_COMM_DET_LN0d2_NEG2_EMB64_POS3train4test_BPR_EVAL20_026_comm_96_U137_I4033\026_comm_96_U137_I4033_top20_per_user_recs_VR14b_COMM_DET_LN0d2_NEG2_EMB64_POS3train4test_BPR_EVAL20.csv
96,1651,0x7df5dAA92f90F5bA64A14E73879B3c628595bFe4,1,5,b1338343beab14d2d007a6a9b557dd3310e8a13f1a8f73b8ffe279a88034b6bc,30,0x53E2cd2641435bbCc441cA6FCE21520206fe70f5,0effbda8e3c3c1a8fec0d7353976ff308efbaf7242137187d67450e5f1c4feea,D:\PHD\بابل\2024\Research Reco\الجزء الثاني\Douban Reco\4 ايصال التوصيات بضمنها العقد\03_outputs\RECOMMENDATION_DELIVERY_TOP5_V1\payloads\community_96\user_1651_community_96_v1_top5_payload.json,D:\PHD\results\13 Uplift\DMF_GLOBAL_ONLY_COMMUNITIES_DETERMINISTIC\RUN_VR14b_COMM_DET_LN0d2_NEG2_EMB64_POS3train4test_BPR_EVAL20_026_comm_96_U137_I4033\026_comm_96_U137_I4033_top20_per_user_recs_VR14b_COMM_DET_LN0d2_NEG2_EMB64_POS3train4test_BPR_EVAL20.csv
96,1738,0xf4216CF2f3415E15878CAd33257ddcdfec6F3e8A,1,5,8f90c245b3a524c03280f02243fc6f414ccd27aedbd2b81c7f373d102db83a2f,30,0x53E2cd2641435bbCc441cA6FCE21520206fe70f5,2b6015f1f41004f5695a18f83b0fb672a7f23ab0da36292512649c6cfb53fc39,D:\PHD\بابل\2024\Research Reco\الجزء الثاني\Douban Reco\4 ايصال التوصيات بضمنها العقد\03_outputs\RECOMMENDATION_DELIVERY_TOP5_V1\payloads\community_96\user_1738_community_96_v1_top5_payload.json,D:\PHD\results\13 Uplift\DMF_GLOBAL_ONLY_COMMUNITIES_DETERMINISTIC\RUN_VR14b_COMM_DET_LN0d2_NEG2_EMB64_POS3train4test_BPR_EVAL20_026_comm_96_U137_I4033\026_comm_96_U137_I4033_top20_per_user_recs_VR14b_COMM_DET_LN0d2_NEG2_EMB64_POS3train4test_BPR_EVAL20.csv
96,1824,0xa38F8948fC656D6827583E2C5b64315e2176527d,1,5,7e3211260c1303c46c7af1847ed9e49ed18a0e90358e2c0cb992867045e88a5e,30,0x53E2cd2641435bbCc441cA6FCE21520206fe70f5,9ffa7e3bf2cfccf46062b22c1fb4c91404edea533b869ad1f594433972afd1a6,D:\PHD\بابل\2024\Research Reco\الجزء الثاني\Douban Reco\4 ايصال التوصيات بضمنها العقد\03_outputs\RECOMMENDATION_DELIVERY_TOP5_V1\payloads\community_96\user_1824_community_96_v1_top5_payload.json,D:\PHD\results\13 Uplift\DMF_GLOBAL_ONLY_COMMUNITIES_DETERMINISTIC\RUN_VR14b_COMM_DET_LN0d2_NEG2_EMB64_POS3train4test_BPR_EVAL20_026_comm_96_U137_I4033\026_comm_96_U137_I4033_top20_per_user_recs_VR14b_COMM_DET_LN0d2_NEG2_EMB64_POS3train4test_BPR_EVAL20.csv
96,1843,0xdCaD8c2a12d25619B3A06817B4340061F8A7311D,1,5,3c759adf5bf75f1958e5183c72d6554500e4e9521edc57fa5865e880b0ca3196,30,0x53E2cd2641435bbCc441cA6FCE21520206fe70f5,d1d78ed019a6c22ece1259b89651b236c19e6cd704d084c41d597773b89b9b16,D:\PHD\بابل\2024\Research Reco\الجزء الثاني\Douban Reco\4 ايصال التوصيات بضمنها العقد\03_outputs\RECOMMENDATION_DELIVERY_TOP5_V1\payloads\community_96\user_1843_community_96_v1_top5_payload.json,D:\PHD\results\13 Uplift\DMF_GLOBAL_ONLY_COMMUNITIES_DETERMINISTIC\RUN_VR14b_COMM_DET_LN0d2_NEG2_EMB64_POS3train4test_BPR_EVAL20_026_comm_96_U137_I4033\026_comm_96_U137_I4033_top20_per_user_recs_VR14b_COMM_DET_LN0d2_NEG2_EMB64_POS3train4test_BPR_EVAL20.csv
96,1854,0xf6F5736F966E5542AD8156C84d1D5393487a0f98,1,5,2def1e8f2164129819451e3f585978945108121d2183f32a308bb508b1c284f1,30,0x53E2cd2641435bbCc441cA6FCE21520206fe70f5,d84af129a02b0d2aec87cf037c3890864334d9799d4bedc62303aede7c78a853,D:\PHD\بابل\2024\Research Reco\الجزء الثاني\Douban Reco\4 ايصال التوصيات بضمنها العقد\03_outputs\RECOMMENDATION_DELIVERY_TOP5_V1\payloads\community_96\user_1854_community_96_v1_top5_payload.json,D:\PHD\results\13 Uplift\DMF_GLOBAL_ONLY_COMMUNITIES_DETERMINISTIC\RUN_VR14b_COMM_DET_LN0d2_NEG2_EMB64_POS3train4test_BPR_EVAL20_026_comm_96_U137_I4033\026_comm_96_U137_I4033_top20_per_user_recs_VR14b_COMM_DET_LN0d2_NEG2_EMB64_POS3train4test_BPR_EVAL20.csv
96,1859,0x4d8744527935515fa9E045dB7Ca57ABc9b3E5b66,1,5,1f30111afdac3707a1c7c77116987c1f8ab69cce513a1ab212dd8b845f972f44,30,0x53E2cd2641435bbCc441cA6FCE21520206fe70f5,dfaf1d6c069c2fef3012bd755eaec51a471ab39523efd643ed3d59b65608d9d6,D:\PHD\بابل\2024\Research Reco\الجزء الثاني\Douban Reco\4 ايصال التوصيات بضمنها العقد\03_outputs\RECOMMENDATION_DELIVERY_TOP5_V1\payloads\community_96\user_1859_community_96_v1_top5_payload.json,D:\PHD\results\13 Uplift\DMF_GLOBAL_ONLY_COMMUNITIES_DETERMINISTIC\RUN_VR14b_COMM_DET_LN0d2_NEG2_EMB64_POS3train4test_BPR_EVAL20_026_comm_96_U137_I4033\026_comm_96_U137_I4033_top20_per_user_recs_VR14b_COMM_DET_LN0d2_NEG2_EMB64_POS3train4test_BPR_EVAL20.csv
96,1877,0x8d8Ecb3c1Cc347f1aA5e328A05b671bD126E0d11,1,5,4a6e984e863f4e208169fec47e1f72d75db180f87240ae25cd68b9d6cfa724bb,30,0x53E2cd2641435bbCc441cA6FCE21520206fe70f5,b92f02db67310ff9cc7ccd1cf0f574d5cd0db70496477d16cfe3dbe2417da3d2,D:\PHD\بابل\2024\Research Reco\الجزء الثاني\Douban Reco\4 ايصال التوصيات بضمنها العقد\03_outputs\RECOMMENDATION_DELIVERY_TOP5_V1\payloads\community_96\user_1877_community_96_v1_top5_payload.json,D:\PHD\results\13 Uplift\DMF_GLOBAL_ONLY_COMMUNITIES_DETERMINISTIC\RUN_VR14b_COMM_DET_LN0d2_NEG2_EMB64_POS3train4test_BPR_EVAL20_026_comm_96_U137_I4033\026_comm_96_U137_I4033_top20_per_user_recs_VR14b_COMM_DET_LN0d2_NEG2_EMB64_POS3train4test_BPR_EVAL20.csv
96,1879,0x1Ad9547EaFb53EB4C8847B1b27fe3296D9BF952c,1,5,2414cce20c1c95d2ed6a98db581de3e3db7c9fb1161c7bace38a02e8648a06e1,30,0x53E2cd2641435bbCc441cA6FCE21520206fe70f5,94d70c7ff3c3ab5c567de2700ebb0a6e28bf4763637c1a376fdafd647814f5d3,D:\PHD\بابل\2024\Research Reco\الجزء الثاني\Douban Reco\4 ايصال التوصيات بضمنها العقد\03_outputs\RECOMMENDATION_DELIVERY_TOP5_V1\payloads\community_96\user_1879_community_96_v1_top5_payload.json,D:\PHD\results\13 Uplift\DMF_GLOBAL_ONLY_COMMUNITIES_DETERMINISTIC\RUN_VR14b_COMM_DET_LN0d2_NEG2_EMB64_POS3train4test_BPR_EVAL20_026_comm_96_U137_I4033\026_comm_96_U137_I4033_top20_per_user_recs_VR14b_COMM_DET_LN0d2_NEG2_EMB64_POS3train4test_BPR_EVAL20.csv
96,1885,0xA1A2a61969837E937179367CDfe9d9Ea7B65591A,1,5,8419eff1fcb9712e172467016d56d218597ad91f3d0f9260e74f17367818aa91,30,0x53E2cd2641435bbCc441cA6FCE21520206fe70f5,c9342dd96f6d3995cb22f60b73e542f3b2fd4d33659b824a6296d4d06b499637,D:\PHD\بابل\2024\Research Reco\الجزء الثاني\Douban Reco\4 ايصال التوصيات بضمنها العقد\03_outputs\RECOMMENDATION_DELIVERY_TOP5_V1\payloads\community_96\user_1885_community_96_v1_top5_payload.json,D:\PHD\results\13 Uplift\DMF_GLOBAL_ONLY_COMMUNITIES_DETERMINISTIC\RUN_VR14b_COMM_DET_LN0d2_NEG2_EMB64_POS3train4test_BPR_EVAL20_026_comm_96_U137_I4033\026_comm_96_U137_I4033_top20_per_user_recs_VR14b_COMM_DET_LN0d2_NEG2_EMB64_POS3train4test_BPR_EVAL20.csv
96,1896,0x35BbAc69061818585953C57639c79C2d4e4Ea87E,1,5,dfc48fd28b2e48776462bb5d8a897b1f95b3b67b0a99346d890038ac5196b483,30,0x53E2cd2641435bbCc441cA6FCE21520206fe70f5,0ed119a6bbccb84cfd123f815068e999683ba280470c2849fcf98a5b681e1550,D:\PHD\بابل\2024\Research Reco\الجزء الثاني\Douban Reco\4 ايصال التوصيات بضمنها العقد\03_outputs\RECOMMENDATION_DELIVERY_TOP5_V1\payloads\community_96\user_1896_community_96_v1_top5_payload.json,D:\PHD\results\13 Uplift\DMF_GLOBAL_ONLY_COMMUNITIES_DETERMINISTIC\RUN_VR14b_COMM_DET_LN0d2_NEG2_EMB64_POS3train4test_BPR_EVAL20_026_comm_96_U137_I4033\026_comm_96_U137_I4033_top20_per_user_recs_VR14b_COMM_DET_LN0d2_NEG2_EMB64_POS3train4test_BPR_EVAL20.csv
96,1908,0x335101C7D981dE186152E64E5C1ce9d44C9A5D80,1,5,23a365c17b1418765ff18db5b05a37f8915938640a308fd3ef8e90606f088c6b,30,0x53E2cd2641435bbCc441cA6FCE21520206fe70f5,f41201a41ca6b3d605f606dbcdacfed807f20904e6313308ad78c40a684b31fc,D:\PHD\بابل\2024\Research Reco\الجزء الثاني\Douban Reco\4 ايصال التوصيات بضمنها العقد\03_outputs\RECOMMENDATION_DELIVERY_TOP5_V1\payloads\community_96\user_1908_community_96_v1_top5_payload.json,D:\PHD\results\13 Uplift\DMF_GLOBAL_ONLY_COMMUNITIES_DETERMINISTIC\RUN_VR14b_COMM_DET_LN0d2_NEG2_EMB64_POS3train4test_BPR_EVAL20_026_comm_96_U137_I4033\026_comm_96_U137_I4033_top20_per_user_recs_VR14b_COMM_DET_LN0d2_NEG2_EMB64_POS3train4test_BPR_EVAL20.csv
96,1918,0x04c76532C42a675A0A7Ca4bfC345f26f85AB93dc,1,5,b52d23f1ffbe87bdd0a9b3c1797e0cbd64b418cb44fadb881860f371647feb88,30,0x53E2cd2641435bbCc441cA6FCE21520206fe70f5,02e1ace1064e52541aa0cc8c4f181cc913a38c698ba9f28e764e095ec6d86da9,D:\PHD\بابل\2024\Research Reco\الجزء الثاني\Douban Reco\4 ايصال التوصيات بضمنها العقد\03_outputs\RECOMMENDATION_DELIVERY_TOP5_V1\payloads\community_96\user_1918_community_96_v1_top5_payload.json,D:\PHD\results\13 Uplift\DMF_GLOBAL_ONLY_COMMUNITIES_DETERMINISTIC\RUN_VR14b_COMM_DET_LN0d2_NEG2_EMB64_POS3train4test_BPR_EVAL20_026_comm_96_U137_I4033\026_comm_96_U137_I4033_top20_per_user_recs_VR14b_COMM_DET_LN0d2_NEG2_EMB64_POS3train4test_BPR_EVAL20.csv
96,1943,0x3d79F4f3C65B0Ba8a4909CCfB1bF45846f8642D0,1,5,7eeb4f8e1122eafc76852fbae6b72fcc8ce2528e764a49fd1053ba516fb0ad02,30,0x53E2cd2641435bbCc441cA6FCE21520206fe70f5,0dfff92010782c0466e7fdaceb04a38b3f38ac1e780acd69ecbdef5ef0412cda,D:\PHD\بابل\2024\Research Reco\الجزء الثاني\Douban Reco\4 ايصال التوصيات بضمنها العقد\03_outputs\RECOMMENDATION_DELIVERY_TOP5_V1\payloads\community_96\user_1943_community_96_v1_top5_payload.json,D:\PHD\results\13 Uplift\DMF_GLOBAL_ONLY_COMMUNITIES_DETERMINISTIC\RUN_VR14b_COMM_DET_LN0d2_NEG2_EMB64_POS3train4test_BPR_EVAL20_026_comm_96_U137_I4033\026_comm_96_U137_I4033_top20_per_user_recs_VR14b_COMM_DET_LN0d2_NEG2_EMB64_POS3train4test_BPR_EVAL20.csv
96,2021,0x171E42FeC2A43D42c18e9818E7c5D58bE2B428b0,1,5,5fd525ae89ac43dce084d5eae3aaf8338bba6232355eabc8fa58ef9fd28b6037,30,0x53E2cd2641435bbCc441cA6FCE21520206fe70f5,1961d95610cde14fdf1b063dc9b5cb5c4144a7088e6d3a1c34be06bd12adfa42,D:\PHD\بابل\2024\Research Reco\الجزء الثاني\Douban Reco\4 ايصال التوصيات بضمنها العقد\03_outputs\RECOMMENDATION_DELIVERY_TOP5_V1\payloads\community_96\user_2021_community_96_v1_top5_payload.json,D:\PHD\results\13 Uplift\DMF_GLOBAL_ONLY_COMMUNITIES_DETERMINISTIC\RUN_VR14b_COMM_DET_LN0d2_NEG2_EMB64_POS3train4test_BPR_EVAL20_026_comm_96_U137_I4033\026_comm_96_U137_I4033_top20_per_user_recs_VR14b_COMM_DET_LN0d2_NEG2_EMB64_POS3train4test_BPR_EVAL20.csv
96,2051,0x33eBF76aB7E8a9EC637EFc0aF1f8CB7d5A1bEd7F,1,5,49014e4e8b98ad72c175546a1d9976290322e541a24d65d57eddf8edd1fc61da,30,0x53E2cd2641435bbCc441cA6FCE21520206fe70f5,d1f92fef318cca66c25b68652b7547beb627b64268eeb8c536fa748ebbf8dc4b,D:\PHD\بابل\2024\Research Reco\الجزء الثاني\Douban Reco\4 ايصال التوصيات بضمنها العقد\03_outputs\RECOMMENDATION_DELIVERY_TOP5_V1\payloads\community_96\user_2051_community_96_v1_top5_payload.json,D:\PHD\results\13 Uplift\DMF_GLOBAL_ONLY_COMMUNITIES_DETERMINISTIC\RUN_VR14b_COMM_DET_LN0d2_NEG2_EMB64_POS3train4test_BPR_EVAL20_026_comm_96_U137_I4033\026_comm_96_U137_I4033_top20_per_user_recs_VR14b_COMM_DET_LN0d2_NEG2_EMB64_POS3train4test_BPR_EVAL20.csv
96,2061,0xDBe93231D279a6B8AB9444B3055Ff10E7380b2Ea,1,5,ab981ef11d4c5411dd2674af4973c0a3154a4708622943ca68520851ff037af1,30,0x53E2cd2641435bbCc441cA6FCE21520206fe70f5,a63cd8558c3f69c1df95b646823d7a356f30bd62d9934da691ecbecc09ed97c1,D:\PHD\بابل\2024\Research Reco\الجزء الثاني\Douban Reco\4 ايصال التوصيات بضمنها العقد\03_outputs\RECOMMENDATION_DELIVERY_TOP5_V1\payloads\community_96\user_2061_community_96_v1_top5_payload.json,D:\PHD\results\13 Uplift\DMF_GLOBAL_ONLY_COMMUNITIES_DETERMINISTIC\RUN_VR14b_COMM_DET_LN0d2_NEG2_EMB64_POS3train4test_BPR_EVAL20_026_comm_96_U137_I4033\026_comm_96_U137_I4033_top20_per_user_recs_VR14b_COMM_DET_LN0d2_NEG2_EMB64_POS3train4test_BPR_EVAL20.csv
96,2067,0xA970f5E459b226192c41Bf2d9C23adDF689DF985,1,5,95640918c93e26207a7a7fd66142559d8fa30f05341b25647aeb13f112856913,30,0x53E2cd2641435bbCc441cA6FCE21520206fe70f5,fcbae4f8717bf433df97ac6d00c822d75b79aed577d838219ef2d7df914b875a,D:\PHD\بابل\2024\Research Reco\الجزء الثاني\Douban Reco\4 ايصال التوصيات بضمنها العقد\03_outputs\RECOMMENDATION_DELIVERY_TOP5_V1\payloads\community_96\user_2067_community_96_v1_top5_payload.json,D:\PHD\results\13 Uplift\DMF_GLOBAL_ONLY_COMMUNITIES_DETERMINISTIC\RUN_VR14b_COMM_DET_LN0d2_NEG2_EMB64_POS3train4test_BPR_EVAL20_026_comm_96_U137_I4033\026_comm_96_U137_I4033_top20_per_user_recs_VR14b_COMM_DET_LN0d2_NEG2_EMB64_POS3train4test_BPR_EVAL20.csv
96,2135,0x9b8ab99F1D4406D16e43e58566186cc84D38Fbc3,1,5,2d2f0bdbadb516335983c7574be162ffc0bd226440d31099cab29541c8cfda9b,30,0x53E2cd2641435bbCc441cA6FCE21520206fe70f5,bd04a8d0b3f7283a641161f5f8b7edb03f8ff7392932e5f31215fb0acf2b32cc,D:\PHD\بابل\2024\Research Reco\الجزء الثاني\Douban Reco\4 ايصال التوصيات بضمنها العقد\03_outputs\RECOMMENDATION_DELIVERY_TOP5_V1\payloads\community_96\user_2135_community_96_v1_top5_payload.json,D:\PHD\results\13 Uplift\DMF_GLOBAL_ONLY_COMMUNITIES_DETERMINISTIC\RUN_VR14b_COMM_DET_LN0d2_NEG2_EMB64_POS3train4test_BPR_EVAL20_026_comm_96_U137_I4033\026_comm_96_U137_I4033_top20_per_user_recs_VR14b_COMM_DET_LN0d2_NEG2_EMB64_POS3train4test_BPR_EVAL20.csv
96,2166,0x26Ac83Eeb79573C1D361Ee0b0e976A9FC3619540,1,5,60d571623f81379b12e9bf234f69d5a49646636402cf79243da8183662307ca1,30,0x53E2cd2641435bbCc441cA6FCE21520206fe70f5,0c3b2b1ad17750b555f3de8c39900dc54c71ab72d1a9a29e3560e236d4ea7ab5,D:\PHD\بابل\2024\Research Reco\الجزء الثاني\Douban Reco\4 ايصال التوصيات بضمنها العقد\03_outputs\RECOMMENDATION_DELIVERY_TOP5_V1\payloads\community_96\user_2166_community_96_v1_top5_payload.json,D:\PHD\results\13 Uplift\DMF_GLOBAL_ONLY_COMMUNITIES_DETERMINISTIC\RUN_VR14b_COMM_DET_LN0d2_NEG2_EMB64_POS3train4test_BPR_EVAL20_026_comm_96_U137_I4033\026_comm_96_U137_I4033_top20_per_user_recs_VR14b_COMM_DET_LN0d2_NEG2_EMB64_POS3train4test_BPR_EVAL20.csv
96,2177,0xe5c19Ff4ec4e3BfbB80Ab01Be6a33c0285D09E61,1,5,c60abeed04cfafb52d428051899ccb1b07b6aac496d845cb237aa0bb2e7a5eb4,30,0x53E2cd2641435bbCc441cA6FCE21520206fe70f5,8f2ce407483cfb92ed8a80aa04d2df6fe618e19aba2fb81a5532f5e7463f7cb6,D:\PHD\بابل\2024\Research Reco\الجزء الثاني\Douban Reco\4 ايصال التوصيات بضمنها العقد\03_outputs\RECOMMENDATION_DELIVERY_TOP5_V1\payloads\community_96\user_2177_community_96_v1_top5_payload.json,D:\PHD\results\13 Uplift\DMF_GLOBAL_ONLY_COMMUNITIES_DETERMINISTIC\RUN_VR14b_COMM_DET_LN0d2_NEG2_EMB64_POS3train4test_BPR_EVAL20_026_comm_96_U137_I4033\026_comm_96_U137_I4033_top20_per_user_recs_VR14b_COMM_DET_LN0d2_NEG2_EMB64_POS3train4test_BPR_EVAL20.csv
96,2219,0xF8872A259e3E57c9df2C78f0337bc0858dDbe408,1,5,807e15c26b17bb976be42512ffe3153d9897ebf62c8b363d2aae46676a2ca378,30,0x53E2cd2641435bbCc441cA6FCE21520206fe70f5,b5ebfa7814a9aae0c899ff23c5c32584b0dcbe22370768ba361766ae67d52a76,D:\PHD\بابل\2024\Research Reco\الجزء الثاني\Douban Reco\4 ايصال التوصيات بضمنها العقد\03_outputs\RECOMMENDATION_DELIVERY_TOP5_V1\payloads\community_96\user_2219_community_96_v1_top5_payload.json,D:\PHD\results\13 Uplift\DMF_GLOBAL_ONLY_COMMUNITIES_DETERMINISTIC\RUN_VR14b_COMM_DET_LN0d2_NEG2_EMB64_POS3train4test_BPR_EVAL20_026_comm_96_U137_I4033\026_comm_96_U137_I4033_top20_per_user_recs_VR14b_COMM_DET_LN0d2_NEG2_EMB64_POS3train4test_BPR_EVAL20.csv
96,2237,0x8459dA804D7ae1F91B5C3AcdC9e2dB9403692285,1,5,f8d496346b9e32d64c17a2e6f16598749e43da9d0ebb52d126540ca451baf102,30,0x53E2cd2641435bbCc441cA6FCE21520206fe70f5,c899d88a14fad0e452ad3e4f37c81eed276e95604aa9e6c3d57ceb0f2a2f17c3,D:\PHD\بابل\2024\Research Reco\الجزء الثاني\Douban Reco\4 ايصال التوصيات بضمنها العقد\03_outputs\RECOMMENDATION_DELIVERY_TOP5_V1\payloads\community_96\user_2237_community_96_v1_top5_payload.json,D:\PHD\results\13 Uplift\DMF_GLOBAL_ONLY_COMMUNITIES_DETERMINISTIC\RUN_VR14b_COMM_DET_LN0d2_NEG2_EMB64_POS3train4test_BPR_EVAL20_026_comm_96_U137_I4033\026_comm_96_U137_I4033_top20_per_user_recs_VR14b_COMM_DET_LN0d2_NEG2_EMB64_POS3train4test_BPR_EVAL20.csv
96,2245,0x477b6Cf967F42fa72A918a54926eEa5C2b2045c3,1,5,6d7305e140584ff5f1679859b236d871b0857c468e9f4368b8a444f28aab0bec,30,0x53E2cd2641435bbCc441cA6FCE21520206fe70f5,f9a19f088d6dc8547d64657932138698131123e32846c536cc7c41d2764f2f48,D:\PHD\بابل\2024\Research Reco\الجزء الثاني\Douban Reco\4 ايصال التوصيات بضمنها العقد\03_outputs\RECOMMENDATION_DELIVERY_TOP5_V1\payloads\community_96\user_2245_community_96_v1_top5_payload.json,D:\PHD\results\13 Uplift\DMF_GLOBAL_ONLY_COMMUNITIES_DETERMINISTIC\RUN_VR14b_COMM_DET_LN0d2_NEG2_EMB64_POS3train4test_BPR_EVAL20_026_comm_96_U137_I4033\026_comm_96_U137_I4033_top20_per_user_recs_VR14b_COMM_DET_LN0d2_NEG2_EMB64_POS3train4test_BPR_EVAL20.csv
96,2276,0xf5a68b021BF616B5bA2061a999De900A98caC83a,1,5,b74bbca81c6942688dc1d52cd05b3bdb24b1fb2d4b74739ff7dd2b0d49adfce3,30,0x53E2cd2641435bbCc441cA6FCE21520206fe70f5,60281608ca1a2a4d48965cc0d923125b5ea800c89fab9784a17ecbe6b1b82e66,D:\PHD\بابل\2024\Research Reco\الجزء الثاني\Douban Reco\4 ايصال التوصيات بضمنها العقد\03_outputs\RECOMMENDATION_DELIVERY_TOP5_V1\payloads\community_96\user_2276_community_96_v1_top5_payload.json,D:\PHD\results\13 Uplift\DMF_GLOBAL_ONLY_COMMUNITIES_DETERMINISTIC\RUN_VR14b_COMM_DET_LN0d2_NEG2_EMB64_POS3train4test_BPR_EVAL20_026_comm_96_U137_I4033\026_comm_96_U137_I4033_top20_per_user_recs_VR14b_COMM_DET_LN0d2_NEG2_EMB64_POS3train4test_BPR_EVAL20.csv
96,2288,0x1495E59575ba96a14e6B4fA625366A531336a3E7,1,5,dec72092a2ef295cc037ed5e3dca014850c211b62f71a520493a31fafec51298,30,0x53E2cd2641435bbCc441cA6FCE21520206fe70f5,b33eb3d5ccc8b8513f2f7ed4949513e78acdd3387a36dee93fda56b7443c8eb8,D:\PHD\بابل\2024\Research Reco\الجزء الثاني\Douban Reco\4 ايصال التوصيات بضمنها العقد\03_outputs\RECOMMENDATION_DELIVERY_TOP5_V1\payloads\community_96\user_2288_community_96_v1_top5_payload.json,D:\PHD\results\13 Uplift\DMF_GLOBAL_ONLY_COMMUNITIES_DETERMINISTIC\RUN_VR14b_COMM_DET_LN0d2_NEG2_EMB64_POS3train4test_BPR_EVAL20_026_comm_96_U137_I4033\026_comm_96_U137_I4033_top20_per_user_recs_VR14b_COMM_DET_LN0d2_NEG2_EMB64_POS3train4test_BPR_EVAL20.csv
96,2331,0x0Ff4482A391CB4aa1b5A68e73086e99432b9A50A,1,5,461038fc5bbac16cf208cda28a277909dd343591febcaeb2832033322d8ba8ed,30,0x53E2cd2641435bbCc441cA6FCE21520206fe70f5,d4766c02dd0baa71874d0e239559adb520b63ed577d3b3764e4982e1a024bd8c,D:\PHD\بابل\2024\Research Reco\الجزء الثاني\Douban Reco\4 ايصال التوصيات بضمنها العقد\03_outputs\RECOMMENDATION_DELIVERY_TOP5_V1\payloads\community_96\user_2331_community_96_v1_top5_payload.json,D:\PHD\results\13 Uplift\DMF_GLOBAL_ONLY_COMMUNITIES_DETERMINISTIC\RUN_VR14b_COMM_DET_LN0d2_NEG2_EMB64_POS3train4test_BPR_EVAL20_026_comm_96_U137_I4033\026_comm_96_U137_I4033_top20_per_user_recs_VR14b_COMM_DET_LN0d2_NEG2_EMB64_POS3train4test_BPR_EVAL20.csv
96,2341,0x6F870bB06201a704D5b7Edf3c69D1949Cc745C27,1,5,ed67f4d85ae9691b729bb0c5027257f3648dd12cf541b2a9517751faeae8b970,30,0x53E2cd2641435bbCc441cA6FCE21520206fe70f5,9da6ec20ccddfb26c692ab6e7d71da2d11422b173d06cf56330e5468e8043236,D:\PHD\بابل\2024\Research Reco\الجزء الثاني\Douban Reco\4 ايصال التوصيات بضمنها العقد\03_outputs\RECOMMENDATION_DELIVERY_TOP5_V1\payloads\community_96\user_2341_community_96_v1_top5_payload.json,D:\PHD\results\13 Uplift\DMF_GLOBAL_ONLY_COMMUNITIES_DETERMINISTIC\RUN_VR14b_COMM_DET_LN0d2_NEG2_EMB64_POS3train4test_BPR_EVAL20_026_comm_96_U137_I4033\026_comm_96_U137_I4033_top20_per_user_recs_VR14b_COMM_DET_LN0d2_NEG2_EMB64_POS3train4test_BPR_EVAL20.csv
96,2359,0xe3cAF4fe62cD321d55916BC8511F41Cc52d093f8,1,5,51c674d094b61b508f6670fdcd21611f7531cbf8714f483006fc165a7a64c879,30,0x53E2cd2641435bbCc441cA6FCE21520206fe70f5,3fecbfc656647270d5ae1940850e277d24929b4590c1d9fa80d69836a2682ba7,D:\PHD\بابل\2024\Research Reco\الجزء الثاني\Douban Reco\4 ايصال التوصيات بضمنها العقد\03_outputs\RECOMMENDATION_DELIVERY_TOP5_V1\payloads\community_96\user_2359_community_96_v1_top5_payload.json,D:\PHD\results\13 Uplift\DMF_GLOBAL_ONLY_COMMUNITIES_DETERMINISTIC\RUN_VR14b_COMM_DET_LN0d2_NEG2_EMB64_POS3train4test_BPR_EVAL20_026_comm_96_U137_I4033\026_comm_96_U137_I4033_top20_per_user_recs_VR14b_COMM_DET_LN0d2_NEG2_EMB64_POS3train4test_BPR_EVAL20.csv
96,2360,0xe37DCEfc6aC29B35D0fD952f505a1A6987271b32,1,5,605e934df9e5d20116bcc34233914505c1232dfcf4c03ecad36e3e4c8ad38b68,30,0x53E2cd2641435bbCc441cA6FCE21520206fe70f5,8de54fc85a6b2145b8ed22c161391b64f3ce437e1f704ebf0e06a5e998ff79cd,D:\PHD\بابل\2024\Research Reco\الجزء الثاني\Douban Reco\4 ايصال التوصيات بضمنها العقد\03_outputs\RECOMMENDATION_DELIVERY_TOP5_V1\payloads\community_96\user_2360_community_96_v1_top5_payload.json,D:\PHD\results\13 Uplift\DMF_GLOBAL_ONLY_COMMUNITIES_DETERMINISTIC\RUN_VR14b_COMM_DET_LN0d2_NEG2_EMB64_POS3train4test_BPR_EVAL20_026_comm_96_U137_I4033\026_comm_96_U137_I4033_top20_per_user_recs_VR14b_COMM_DET_LN0d2_NEG2_EMB64_POS3train4test_BPR_EVAL20.csv
96,2364,0x71e124FD364e2246Af23bE3ACCa620DA00d475d6,1,5,08e95f523e1eb9713a3e5e1df7af207e963019bb38bbb1557929b4c7c8a98553,30,0x53E2cd2641435bbCc441cA6FCE21520206fe70f5,bcfaef30b2959daa6645abe26c0bf879bfeac4703248080842a402a0677c161c,D:\PHD\بابل\2024\Research Reco\الجزء الثاني\Douban Reco\4 ايصال التوصيات بضمنها العقد\03_outputs\RECOMMENDATION_DELIVERY_TOP5_V1\payloads\community_96\user_2364_community_96_v1_top5_payload.json,D:\PHD\results\13 Uplift\DMF_GLOBAL_ONLY_COMMUNITIES_DETERMINISTIC\RUN_VR14b_COMM_DET_LN0d2_NEG2_EMB64_POS3train4test_BPR_EVAL20_026_comm_96_U137_I4033\026_comm_96_U137_I4033_top20_per_user_recs_VR14b_COMM_DET_LN0d2_NEG2_EMB64_POS3train4test_BPR_EVAL20.csv
96,2368,0x05aA96fD9AF052333EA5C391a1Faeb22800af131,1,5,d7365ab8ac6740da5b6019c99b9ca221cc87c6b37c593cc4d7faf4d6d2b4c287,30,0x53E2cd2641435bbCc441cA6FCE21520206fe70f5,96a9fb8b1abbf3c68c782923c4203693d944c3951a86b6a237bb8b1326f43623,D:\PHD\بابل\2024\Research Reco\الجزء الثاني\Douban Reco\4 ايصال التوصيات بضمنها العقد\03_outputs\RECOMMENDATION_DELIVERY_TOP5_V1\payloads\community_96\user_2368_community_96_v1_top5_payload.json,D:\PHD\results\13 Uplift\DMF_GLOBAL_ONLY_COMMUNITIES_DETERMINISTIC\RUN_VR14b_COMM_DET_LN0d2_NEG2_EMB64_POS3train4test_BPR_EVAL20_026_comm_96_U137_I4033\026_comm_96_U137_I4033_top20_per_user_recs_VR14b_COMM_DET_LN0d2_NEG2_EMB64_POS3train4test_BPR_EVAL20.csv
96,2388,0x1DEf191d5C4CeE9662658F643c1B6D9Bf9C4f1cd,1,5,e80f74595c64771fbb82d86a761964ec1470792b62d4be1276efdf0bd948734c,30,0x53E2cd2641435bbCc441cA6FCE21520206fe70f5,7907343abdc0161722194d220e5976ebbc8947d4a7ee24269708be651d05fa4f,D:\PHD\بابل\2024\Research Reco\الجزء الثاني\Douban Reco\4 ايصال التوصيات بضمنها العقد\03_outputs\RECOMMENDATION_DELIVERY_TOP5_V1\payloads\community_96\user_2388_community_96_v1_top5_payload.json,D:\PHD\results\13 Uplift\DMF_GLOBAL_ONLY_COMMUNITIES_DETERMINISTIC\RUN_VR14b_COMM_DET_LN0d2_NEG2_EMB64_POS3train4test_BPR_EVAL20_026_comm_96_U137_I4033\026_comm_96_U137_I4033_top20_per_user_recs_VR14b_COMM_DET_LN0d2_NEG2_EMB64_POS3train4test_BPR_EVAL20.csv
96,2404,0xB2E6B4D0C10d20fb783c58aD143Bb5e03fbEEF89,1,5,f41303f7d68a1fd6a150df17e2151bf1cbfbd9f6c972b2ad84c60f8d56fe1b62,30,0x53E2cd2641435bbCc441cA6FCE21520206fe70f5,58cc4cb4214fbd154aa39ee0d8fdff82c105f971913ed3492b312169d673ea18,D:\PHD\بابل\2024\Research Reco\الجزء الثاني\Douban Reco\4 ايصال التوصيات بضمنها العقد\03_outputs\RECOMMENDATION_DELIVERY_TOP5_V1\payloads\community_96\user_2404_community_96_v1_top5_payload.json,D:\PHD\results\13 Uplift\DMF_GLOBAL_ONLY_COMMUNITIES_DETERMINISTIC\RUN_VR14b_COMM_DET_LN0d2_NEG2_EMB64_POS3train4test_BPR_EVAL20_026_comm_96_U137_I4033\026_comm_96_U137_I4033_top20_per_user_recs_VR14b_COMM_DET_LN0d2_NEG2_EMB64_POS3train4test_BPR_EVAL20.csv
96,2415,0x839Cf162932fdA8094983675d0f67f79509736b8,1,5,08d5b73560950ec319c8093070700bc21cbc19d95ea97b75860b6debdc50050f,30,0x53E2cd2641435bbCc441cA6FCE21520206fe70f5,35a1b47ec6bc472e8182b6862bf306a7bb9aab58f979a439c99a07689b12c98a,D:\PHD\بابل\2024\Research Reco\الجزء الثاني\Douban Reco\4 ايصال التوصيات بضمنها العقد\03_outputs\RECOMMENDATION_DELIVERY_TOP5_V1\payloads\community_96\user_2415_community_96_v1_top5_payload.json,D:\PHD\results\13 Uplift\DMF_GLOBAL_ONLY_COMMUNITIES_DETERMINISTIC\RUN_VR14b_COMM_DET_LN0d2_NEG2_EMB64_POS3train4test_BPR_EVAL20_026_comm_96_U137_I4033\026_comm_96_U137_I4033_top20_per_user_recs_VR14b_COMM_DET_LN0d2_NEG2_EMB64_POS3train4test_BPR_EVAL20.csv
96,2433,0x0bB00C23Dba9e5e151dde1Ec0Dd6C4Ac463Bedc5,1,5,71689ca326005d51c0848afc0117a671b7df3ac3c627d502f829fccd9ed8a910,30,0x53E2cd2641435bbCc441cA6FCE21520206fe70f5,02c85105a9550afda65f4674ad31835f4af40da1dc83bb4b9d1123220c8e2fc2,D:\PHD\بابل\2024\Research Reco\الجزء الثاني\Douban Reco\4 ايصال التوصيات بضمنها العقد\03_outputs\RECOMMENDATION_DELIVERY_TOP5_V1\payloads\community_96\user_2433_community_96_v1_top5_payload.json,D:\PHD\results\13 Uplift\DMF_GLOBAL_ONLY_COMMUNITIES_DETERMINISTIC\RUN_VR14b_COMM_DET_LN0d2_NEG2_EMB64_POS3train4test_BPR_EVAL20_026_comm_96_U137_I4033\026_comm_96_U137_I4033_top20_per_user_recs_VR14b_COMM_DET_LN0d2_NEG2_EMB64_POS3train4test_BPR_EVAL20.csv
96,2436,0x37b3a366451458C7f9Ff4E2e7F67BCd711EEBE4E,1,5,8bc8383a3c96de24f26db5a9e578e0a8be71ec5e9100857451bd9c9eca933a08,30,0x53E2cd2641435bbCc441cA6FCE21520206fe70f5,70d37f8b85842e8626034116ca3c7595db70f161b69e833c086aa6ccf1881f8b,D:\PHD\بابل\2024\Research Reco\الجزء الثاني\Douban Reco\4 ايصال التوصيات بضمنها العقد\03_outputs\RECOMMENDATION_DELIVERY_TOP5_V1\payloads\community_96\user_2436_community_96_v1_top5_payload.json,D:\PHD\results\13 Uplift\DMF_GLOBAL_ONLY_COMMUNITIES_DETERMINISTIC\RUN_VR14b_COMM_DET_LN0d2_NEG2_EMB64_POS3train4test_BPR_EVAL20_026_comm_96_U137_I4033\026_comm_96_U137_I4033_top20_per_user_recs_VR14b_COMM_DET_LN0d2_NEG2_EMB64_POS3train4test_BPR_EVAL20.csv
96,2445,0x672C1432e08b2b45d446CDb1211235E38531Ead6,1,5,85247b8a92fe441aadd2abd97a990bc886b914d8aec70b97a35f272a07ac7128,30,0x53E2cd2641435bbCc441cA6FCE21520206fe70f5,ff2e58bb199bcb6455567a31e75531826405f8e2e854c2f23654071fe7c23d3b,D:\PHD\بابل\2024\Research Reco\الجزء الثاني\Douban Reco\4 ايصال التوصيات بضمنها العقد\03_outputs\RECOMMENDATION_DELIVERY_TOP5_V1\payloads\community_96\user_2445_community_96_v1_top5_payload.json,D:\PHD\results\13 Uplift\DMF_GLOBAL_ONLY_COMMUNITIES_DETERMINISTIC\RUN_VR14b_COMM_DET_LN0d2_NEG2_EMB64_POS3train4test_BPR_EVAL20_026_comm_96_U137_I4033\026_comm_96_U137_I4033_top20_per_user_recs_VR14b_COMM_DET_LN0d2_NEG2_EMB64_POS3train4test_BPR_EVAL20.csv
96,2511,0x64063563199A9b551650460fb507A21e09bf54a2,1,5,3a48b6f7bb4ebccfe11507ffc7851d5167e0ba22b3a1f086ba646f973ccd0960,30,0x53E2cd2641435bbCc441cA6FCE21520206fe70f5,ff4027ebcf9f25fa8b234ff8034fc7ed1525b137a6a4e10e16ab316c9749fb0d,D:\PHD\بابل\2024\Research Reco\الجزء الثاني\Douban Reco\4 ايصال التوصيات بضمنها العقد\03_outputs\RECOMMENDATION_DELIVERY_TOP5_V1\payloads\community_96\user_2511_community_96_v1_top5_payload.json,D:\PHD\results\13 Uplift\DMF_GLOBAL_ONLY_COMMUNITIES_DETERMINISTIC\RUN_VR14b_COMM_DET_LN0d2_NEG2_EMB64_POS3train4test_BPR_EVAL20_026_comm_96_U137_I4033\026_comm_96_U137_I4033_top20_per_user_recs_VR14b_COMM_DET_LN0d2_NEG2_EMB64_POS3train4test_BPR_EVAL20.csv
96,2583,0xD5a50E571abd31b6802A93DCe079f4179AFF81a8,1,5,500a4be9ad471c9d0750a27f51b887b5b2b079f72482564ce7059b983a7e6555,30,0x53E2cd2641435bbCc441cA6FCE21520206fe70f5,c384f2f12410f53308af756d08b333bea72823a92aebad4d91cfd6010694e4d6,D:\PHD\بابل\2024\Research Reco\الجزء الثاني\Douban Reco\4 ايصال التوصيات بضمنها العقد\03_outputs\RECOMMENDATION_DELIVERY_TOP5_V1\payloads\community_96\user_2583_community_96_v1_top5_payload.json,D:\PHD\results\13 Uplift\DMF_GLOBAL_ONLY_COMMUNITIES_DETERMINISTIC\RUN_VR14b_COMM_DET_LN0d2_NEG2_EMB64_POS3train4test_BPR_EVAL20_026_comm_96_U137_I4033\026_comm_96_U137_I4033_top20_per_user_recs_VR14b_COMM_DET_LN0d2_NEG2_EMB64_POS3train4test_BPR_EVAL20.csv
96,2595,0x3C1b93ff0532950dce0a475A6a9d51dd284f7EED,1,5,dfcdab3dc63d414f7774e98920fb7d971949d2e6f58aa3048236181f663c0b8a,30,0x53E2cd2641435bbCc441cA6FCE21520206fe70f5,877a5234a8495d6e305d5e489927984216bcba67fa6bf6f5e2b8a0dcdf73d800,D:\PHD\بابل\2024\Research Reco\الجزء الثاني\Douban Reco\4 ايصال التوصيات بضمنها العقد\03_outputs\RECOMMENDATION_DELIVERY_TOP5_V1\payloads\community_96\user_2595_community_96_v1_top5_payload.json,D:\PHD\results\13 Uplift\DMF_GLOBAL_ONLY_COMMUNITIES_DETERMINISTIC\RUN_VR14b_COMM_DET_LN0d2_NEG2_EMB64_POS3train4test_BPR_EVAL20_026_comm_96_U137_I4033\026_comm_96_U137_I4033_top20_per_user_recs_VR14b_COMM_DET_LN0d2_NEG2_EMB64_POS3train4test_BPR_EVAL20.csv
96,2605,0x5D7fd68ca6782c752876Cff05047602651EA1aF9,1,5,7c98b25def1024952e61ab7692ef68e450de696fd1c2641f1c820b0a9b690fd6,30,0x53E2cd2641435bbCc441cA6FCE21520206fe70f5,7d337d5cb61802840dd09e3b4e356ceaa3ce87dd88eace65667513d13bc0f94d,D:\PHD\بابل\2024\Research Reco\الجزء الثاني\Douban Reco\4 ايصال التوصيات بضمنها العقد\03_outputs\RECOMMENDATION_DELIVERY_TOP5_V1\payloads\community_96\user_2605_community_96_v1_top5_payload.json,D:\PHD\results\13 Uplift\DMF_GLOBAL_ONLY_COMMUNITIES_DETERMINISTIC\RUN_VR14b_COMM_DET_LN0d2_NEG2_EMB64_POS3train4test_BPR_EVAL20_026_comm_96_U137_I4033\026_comm_96_U137_I4033_top20_per_user_recs_VR14b_COMM_DET_LN0d2_NEG2_EMB64_POS3train4test_BPR_EVAL20.csv
96,2661,0x353287f9175D4c421ea998db00241F57b9822981,1,5,dffe11f73967162eeded12247d6b467797ae98ad243b93465b0fd8cf5c44b83b,30,0x53E2cd2641435bbCc441cA6FCE21520206fe70f5,6a0160ebc546806ebf2fe275ec474c394c406d6722e9df6e71deeae9a8d1eee6,D:\PHD\بابل\2024\Research Reco\الجزء الثاني\Douban Reco\4 ايصال التوصيات بضمنها العقد\03_outputs\RECOMMENDATION_DELIVERY_TOP5_V1\payloads\community_96\user_2661_community_96_v1_top5_payload.json,D:\PHD\results\13 Uplift\DMF_GLOBAL_ONLY_COMMUNITIES_DETERMINISTIC\RUN_VR14b_COMM_DET_LN0d2_NEG2_EMB64_POS3train4test_BPR_EVAL20_026_comm_96_U137_I4033\026_comm_96_U137_I4033_top20_per_user_recs_VR14b_COMM_DET_LN0d2_NEG2_EMB64_POS3train4test_BPR_EVAL20.csv
96,2667,0xac64120443d56c304E789E27Ca1540dE3D3Df7DF,1,5,dad8c389b6cb2bfbf300539762bb6db11a9664d5e4b80233ceed4f5973628593,30,0x53E2cd2641435bbCc441cA6FCE21520206fe70f5,731f99b376ac010474888e36b5777c1e8c5b4ee820f9132d15ca53fc634b6b11,D:\PHD\بابل\2024\Research Reco\الجزء الثاني\Douban Reco\4 ايصال التوصيات بضمنها العقد\03_outputs\RECOMMENDATION_DELIVERY_TOP5_V1\payloads\community_96\user_2667_community_96_v1_top5_payload.json,D:\PHD\results\13 Uplift\DMF_GLOBAL_ONLY_COMMUNITIES_DETERMINISTIC\RUN_VR14b_COMM_DET_LN0d2_NEG2_EMB64_POS3train4test_BPR_EVAL20_026_comm_96_U137_I4033\026_comm_96_U137_I4033_top20_per_user_recs_VR14b_COMM_DET_LN0d2_NEG2_EMB64_POS3train4test_BPR_EVAL20.csv
96,2680,0x98a64f031100564e12B8D56295557927e47F38eB,1,5,559cff87850ceefe49f30623d1f34384cdd613dad4d22c95ce5c5b92860632f2,30,0x53E2cd2641435bbCc441cA6FCE21520206fe70f5,bf5d523f2803379dccabffe211516e7a9e6608e44f325a75089837d29eb5c100,D:\PHD\بابل\2024\Research Reco\الجزء الثاني\Douban Reco\4 ايصال التوصيات بضمنها العقد\03_outputs\RECOMMENDATION_DELIVERY_TOP5_V1\payloads\community_96\user_2680_community_96_v1_top5_payload.json,D:\PHD\results\13 Uplift\DMF_GLOBAL_ONLY_COMMUNITIES_DETERMINISTIC\RUN_VR14b_COMM_DET_LN0d2_NEG2_EMB64_POS3train4test_BPR_EVAL20_026_comm_96_U137_I4033\026_comm_96_U137_I4033_top20_per_user_recs_VR14b_COMM_DET_LN0d2_NEG2_EMB64_POS3train4test_BPR_EVAL20.csv
96,2703,0x27fA6bd595B425BfaF2F3AA84a15C782e7F5762d,1,5,831b2b61f97ecd14baaf022cc9cc5cf662e65f08b6c722139b9594e947f3b3d0,30,0x53E2cd2641435bbCc441cA6FCE21520206fe70f5,55663ce779a47c1856d7f4bad224b4641b45106caee46fba91df3a2c0e675d0b,D:\PHD\بابل\2024\Research Reco\الجزء الثاني\Douban Reco\4 ايصال التوصيات بضمنها العقد\03_outputs\RECOMMENDATION_DELIVERY_TOP5_V1\payloads\community_96\user_2703_community_96_v1_top5_payload.json,D:\PHD\results\13 Uplift\DMF_GLOBAL_ONLY_COMMUNITIES_DETERMINISTIC\RUN_VR14b_COMM_DET_LN0d2_NEG2_EMB64_POS3train4test_BPR_EVAL20_026_comm_96_U137_I4033\026_comm_96_U137_I4033_top20_per_user_recs_VR14b_COMM_DET_LN0d2_NEG2_EMB64_POS3train4test_BPR_EVAL20.csv
96,2709,0x06c853e56B957e341E6f76e55d0b8682e22EE55b,1,5,9ecf019e725bec449f36d843c083211961e6766d99ba9c845180ad690adade71,30,0x53E2cd2641435bbCc441cA6FCE21520206fe70f5,1d6b13dba28cb1a44a520a2f2fe18d6c8583178d1ffcd381562a0d5880e82178,D:\PHD\بابل\2024\Research Reco\الجزء الثاني\Douban Reco\4 ايصال التوصيات بضمنها العقد\03_outputs\RECOMMENDATION_DELIVERY_TOP5_V1\payloads\community_96\user_2709_community_96_v1_top5_payload.json,D:\PHD\results\13 Uplift\DMF_GLOBAL_ONLY_COMMUNITIES_DETERMINISTIC\RUN_VR14b_COMM_DET_LN0d2_NEG2_EMB64_POS3train4test_BPR_EVAL20_026_comm_96_U137_I4033\026_comm_96_U137_I4033_top20_per_user_recs_VR14b_COMM_DET_LN0d2_NEG2_EMB64_POS3train4test_BPR_EVAL20.csv
96,2731,0x76dE05c4273515b43c1b07A88cC8384FBD150755,1,5,be0788e2474f0948a4877d52feba40fd04b48a6952e2674fbcbb2882704ab378,30,0x53E2cd2641435bbCc441cA6FCE21520206fe70f5,911758f4d6ca8f57e7c74df919c91bc74a2471bf392e1540f37b437183bd832d,D:\PHD\بابل\2024\Research Reco\الجزء الثاني\Douban Reco\4 ايصال التوصيات بضمنها العقد\03_outputs\RECOMMENDATION_DELIVERY_TOP5_V1\payloads\community_96\user_2731_community_96_v1_top5_payload.json,D:\PHD\results\13 Uplift\DMF_GLOBAL_ONLY_COMMUNITIES_DETERMINISTIC\RUN_VR14b_COMM_DET_LN0d2_NEG2_EMB64_POS3train4test_BPR_EVAL20_026_comm_96_U137_I4033\026_comm_96_U137_I4033_top20_per_user_recs_VR14b_COMM_DET_LN0d2_NEG2_EMB64_POS3train4test_BPR_EVAL20.csv
96,2742,0x5B429843BE07f88CF38DfF8311f7664ba8673ed6,1,5,1b34f951cf0c9fc24e41a5c4503a00895df194116fcc2e859b6dddeda507e788,30,0x53E2cd2641435bbCc441cA6FCE21520206fe70f5,852cd06333edbae8e2eecabae63a3ef61ef0fda222387599f0c751119eafbcc5,D:\PHD\بابل\2024\Research Reco\الجزء الثاني\Douban Reco\4 ايصال التوصيات بضمنها العقد\03_outputs\RECOMMENDATION_DELIVERY_TOP5_V1\payloads\community_96\user_2742_community_96_v1_top5_payload.json,D:\PHD\results\13 Uplift\DMF_GLOBAL_ONLY_COMMUNITIES_DETERMINISTIC\RUN_VR14b_COMM_DET_LN0d2_NEG2_EMB64_POS3train4test_BPR_EVAL20_026_comm_96_U137_I4033\026_comm_96_U137_I4033_top20_per_user_recs_VR14b_COMM_DET_LN0d2_NEG2_EMB64_POS3train4test_BPR_EVAL20.csv
96,2756,0xAb664927d3F41e0818206929338ac2a59d50F3eF,1,5,8e9461fd4f03e25a9d280bca5c337b4db1e35a2edd1f2099c5d7c6a3f150dcbb,30,0x53E2cd2641435bbCc441cA6FCE21520206fe70f5,14a60a7694e330ed0d57afede712311456c997bf326a6af97c71fe05fa5a96bf,D:\PHD\بابل\2024\Research Reco\الجزء الثاني\Douban Reco\4 ايصال التوصيات بضمنها العقد\03_outputs\RECOMMENDATION_DELIVERY_TOP5_V1\payloads\community_96\user_2756_community_96_v1_top5_payload.json,D:\PHD\results\13 Uplift\DMF_GLOBAL_ONLY_COMMUNITIES_DETERMINISTIC\RUN_VR14b_COMM_DET_LN0d2_NEG2_EMB64_POS3train4test_BPR_EVAL20_026_comm_96_U137_I4033\026_comm_96_U137_I4033_top20_per_user_recs_VR14b_COMM_DET_LN0d2_NEG2_EMB64_POS3train4test_BPR_EVAL20.csv
96,2784,0xA9D8E13151C6c7D7085c7b3e93b305798159199C,1,5,20e9fa272a7606bab22e847a315b8a368c14474f32030eabd213ab7f75bf2f06,30,0x53E2cd2641435bbCc441cA6FCE21520206fe70f5,152242622c562753ebd79fb897ebc7460fac0da3b71ef32ef74bd31224e6f7bc,D:\PHD\بابل\2024\Research Reco\الجزء الثاني\Douban Reco\4 ايصال التوصيات بضمنها العقد\03_outputs\RECOMMENDATION_DELIVERY_TOP5_V1\payloads\community_96\user_2784_community_96_v1_top5_payload.json,D:\PHD\results\13 Uplift\DMF_GLOBAL_ONLY_COMMUNITIES_DETERMINISTIC\RUN_VR14b_COMM_DET_LN0d2_NEG2_EMB64_POS3train4test_BPR_EVAL20_026_comm_96_U137_I4033\026_comm_96_U137_I4033_top20_per_user_recs_VR14b_COMM_DET_LN0d2_NEG2_EMB64_POS3train4test_BPR_EVAL20.csv
96,2811,0x5BACbc60774bF75821971C0BEa2e3A5323102e83,1,5,c7a680a12a23fcd3a6e6cb5818d02715e77957b8e1c31c11a24d301dd62562f4,30,0x53E2cd2641435bbCc441cA6FCE21520206fe70f5,b3a6125b454e583c12932927032785ad09348882ce4975d0a3c1f14dfbdad3a8,D:\PHD\بابل\2024\Research Reco\الجزء الثاني\Douban Reco\4 ايصال التوصيات بضمنها العقد\03_outputs\RECOMMENDATION_DELIVERY_TOP5_V1\payloads\community_96\user_2811_community_96_v1_top5_payload.json,D:\PHD\results\13 Uplift\DMF_GLOBAL_ONLY_COMMUNITIES_DETERMINISTIC\RUN_VR14b_COMM_DET_LN0d2_NEG2_EMB64_POS3train4test_BPR_EVAL20_026_comm_96_U137_I4033\026_comm_96_U137_I4033_top20_per_user_recs_VR14b_COMM_DET_LN0d2_NEG2_EMB64_POS3train4test_BPR_EVAL20.csv
96,2863,0x1c152edAd97820d1BF5fd1A1C7d30E67df309B73,1,5,83b8bc1f259d79bc2898749100849f800913a15024dd0e0b974a4a4c84031884,30,0x53E2cd2641435bbCc441cA6FCE21520206fe70f5,117457971eba7cfc044ce2c55a780f05403d018b727fa75b0777f5e72f01b629,D:\PHD\بابل\2024\Research Reco\الجزء الثاني\Douban Reco\4 ايصال التوصيات بضمنها العقد\03_outputs\RECOMMENDATION_DELIVERY_TOP5_V1\payloads\community_96\user_2863_community_96_v1_top5_payload.json,D:\PHD\results\13 Uplift\DMF_GLOBAL_ONLY_COMMUNITIES_DETERMINISTIC\RUN_VR14b_COMM_DET_LN0d2_NEG2_EMB64_POS3train4test_BPR_EVAL20_026_comm_96_U137_I4033\026_comm_96_U137_I4033_top20_per_user_recs_VR14b_COMM_DET_LN0d2_NEG2_EMB64_POS3train4test_BPR_EVAL20.csv
96,2878,0x66A56623EF21c335f5Ca06F6A199c27db5487D8F,1,5,918bd3df49479bf265dada483054123de2ee2e2e5d2d9d616a3c0b8a9bc8f1f4,30,0x53E2cd2641435bbCc441cA6FCE21520206fe70f5,4e680b28fd8bae118b331dd2552adeb9d67fc179ee7982ec8282695cd1f250c6,D:\PHD\بابل\2024\Research Reco\الجزء الثاني\Douban Reco\4 ايصال التوصيات بضمنها العقد\03_outputs\RECOMMENDATION_DELIVERY_TOP5_V1\payloads\community_96\user_2878_community_96_v1_top5_payload.json,D:\PHD\results\13 Uplift\DMF_GLOBAL_ONLY_COMMUNITIES_DETERMINISTIC\RUN_VR14b_COMM_DET_LN0d2_NEG2_EMB64_POS3train4test_BPR_EVAL20_026_comm_96_U137_I4033\026_comm_96_U137_I4033_top20_per_user_recs_VR14b_COMM_DET_LN0d2_NEG2_EMB64_POS3train4test_BPR_EVAL20.csv
96,2883,0x66fFa3b11B6bd9512FbcA550AFc61f4Da3554785,1,5,b5c074680e97ba3725c0fde7104c3d38102fb776db577d8ac887d0a681df4bf2,30,0x53E2cd2641435bbCc441cA6FCE21520206fe70f5,cb05e54fadbd496c1ffd45ca2cb58239f914a8309c4e1e5c08761bb4ddc8c14b,D:\PHD\بابل\2024\Research Reco\الجزء الثاني\Douban Reco\4 ايصال التوصيات بضمنها العقد\03_outputs\RECOMMENDATION_DELIVERY_TOP5_V1\payloads\community_96\user_2883_community_96_v1_top5_payload.json,D:\PHD\results\13 Uplift\DMF_GLOBAL_ONLY_COMMUNITIES_DETERMINISTIC\RUN_VR14b_COMM_DET_LN0d2_NEG2_EMB64_POS3train4test_BPR_EVAL20_026_comm_96_U137_I4033\026_comm_96_U137_I4033_top20_per_user_recs_VR14b_COMM_DET_LN0d2_NEG2_EMB64_POS3train4test_BPR_EVAL20.csv
96,2891,0x9d2DF02e7ECbAd901a0049DFdE6267c18cb52aDD,1,5,35304a9a77fc3c935280193146255a4b51e82f1faf612f797a258fcbed84f9d3,30,0x53E2cd2641435bbCc441cA6FCE21520206fe70f5,903cfb0e2f0bdd8b9f11f67780b4243e73bfe2ee3143dec12009ddc4df196217,D:\PHD\بابل\2024\Research Reco\الجزء الثاني\Douban Reco\4 ايصال التوصيات بضمنها العقد\03_outputs\RECOMMENDATION_DELIVERY_TOP5_V1\payloads\community_96\user_2891_community_96_v1_top5_payload.json,D:\PHD\results\13 Uplift\DMF_GLOBAL_ONLY_COMMUNITIES_DETERMINISTIC\RUN_VR14b_COMM_DET_LN0d2_NEG2_EMB64_POS3train4test_BPR_EVAL20_026_comm_96_U137_I4033\026_comm_96_U137_I4033_top20_per_user_recs_VR14b_COMM_DET_LN0d2_NEG2_EMB64_POS3train4test_BPR_EVAL20.csv
96,2901,0xfcdD298c24D53Fc78047d845f450fB81A1D0D3d0,1,5,314779d07b033172a79cedf468307a30277cc195b1bb3d843f060a443d14cae7,30,0x53E2cd2641435bbCc441cA6FCE21520206fe70f5,ce1bbc5a41f7d97ed18a7b3522e3279543ef30c492cb19f031c08067f32c3a58,D:\PHD\بابل\2024\Research Reco\الجزء الثاني\Douban Reco\4 ايصال التوصيات بضمنها العقد\03_outputs\RECOMMENDATION_DELIVERY_TOP5_V1\payloads\community_96\user_2901_community_96_v1_top5_payload.json,D:\PHD\results\13 Uplift\DMF_GLOBAL_ONLY_COMMUNITIES_DETERMINISTIC\RUN_VR14b_COMM_DET_LN0d2_NEG2_EMB64_POS3train4test_BPR_EVAL20_026_comm_96_U137_I4033\026_comm_96_U137_I4033_top20_per_user_recs_VR14b_COMM_DET_LN0d2_NEG2_EMB64_POS3train4test_BPR_EVAL20.csv
96,2968,0x607F9D28D6fcDD441B59CC76e7d4237Cd6cB2Bd2,1,5,eb12011cbaf3e07ec21233843bf11effde504872d5ef76c5c8943c20a4121338,30,0x53E2cd2641435bbCc441cA6FCE21520206fe70f5,594483441bac160d12cacf7bd62dae59dec7c449c49dc5a4ad01a416bc6fa618,D:\PHD\بابل\2024\Research Reco\الجزء الثاني\Douban Reco\4 ايصال التوصيات بضمنها العقد\03_outputs\RECOMMENDATION_DELIVERY_TOP5_V1\payloads\community_96\user_2968_community_96_v1_top5_payload.json,D:\PHD\results\13 Uplift\DMF_GLOBAL_ONLY_COMMUNITIES_DETERMINISTIC\RUN_VR14b_COMM_DET_LN0d2_NEG2_EMB64_POS3train4test_BPR_EVAL20_026_comm_96_U137_I4033\026_comm_96_U137_I4033_top20_per_user_recs_VR14b_COMM_DET_LN0d2_NEG2_EMB64_POS3train4test_BPR_EVAL20.csv
101,16,0x2Db63d2229EE99523dDBa140d93524c2cd5335CF,1,5,1c4cfb86cb033d690a27a2ed73065415f3cc58addffee31a2bf9407458cb6c18,28,0x3a8d7830fecD095682572e09B9905da4B57E7A72,4ca49f5f60d78995029521c62f7a5fd8c4bdb1a43b0fb78d7dd68a79d7f7507f,D:\PHD\بابل\2024\Research Reco\الجزء الثاني\Douban Reco\4 ايصال التوصيات بضمنها العقد\03_outputs\RECOMMENDATION_DELIVERY_TOP5_V1\payloads\community_101\user_16_community_101_v1_top5_payload.json,D:\PHD\results\13 Uplift\DMF_GLOBAL_ONLY_COMMUNITIES_DETERMINISTIC\RUN_VR14b_COMM_DET_LN0d2_NEG2_EMB64_POS3train4test_BPR_EVAL20_028_comm_101_U80_I3034\028_comm_101_U80_I3034_top20_per_user_recs_VR14b_COMM_DET_LN0d2_NEG2_EMB64_POS3train4test_BPR_EVAL20.csv
101,66,0x9d068E8DF511Eb848f94D8cA6F18425E4Ad92A80,1,5,15abccac0f536dcecfbab74873209db3decad469cd0e9e6398500d273c5a599c,28,0x3a8d7830fecD095682572e09B9905da4B57E7A72,73353f19264d337630b785b3ab2468e93302d64c00375715b563a67ced8bc2ce,D:\PHD\بابل\2024\Research Reco\الجزء الثاني\Douban Reco\4 ايصال التوصيات بضمنها العقد\03_outputs\RECOMMENDATION_DELIVERY_TOP5_V1\payloads\community_101\user_66_community_101_v1_top5_payload.json,D:\PHD\results\13 Uplift\DMF_GLOBAL_ONLY_COMMUNITIES_DETERMINISTIC\RUN_VR14b_COMM_DET_LN0d2_NEG2_EMB64_POS3train4test_BPR_EVAL20_028_comm_101_U80_I3034\028_comm_101_U80_I3034_top20_per_user_recs_VR14b_COMM_DET_LN0d2_NEG2_EMB64_POS3train4test_BPR_EVAL20.csv
101,91,0xa4A1D6CBA1E874Fd382Fda073e627777b6D681A9,1,5,12de8e7006fc2140b3e529e58e5249e50c32217088b7ac3ed94148fd728d9c2d,28,0x3a8d7830fecD095682572e09B9905da4B57E7A72,f1d5bf8472f36b550e6652c087b1771f9ab7eec9b4dec7225db6f6bc636bf99b,D:\PHD\بابل\2024\Research Reco\الجزء الثاني\Douban Reco\4 ايصال التوصيات بضمنها العقد\03_outputs\RECOMMENDATION_DELIVERY_TOP5_V1\payloads\community_101\user_91_community_101_v1_top5_payload.json,D:\PHD\results\13 Uplift\DMF_GLOBAL_ONLY_COMMUNITIES_DETERMINISTIC\RUN_VR14b_COMM_DET_LN0d2_NEG2_EMB64_POS3train4test_BPR_EVAL20_028_comm_101_U80_I3034\028_comm_101_U80_I3034_top20_per_user_recs_VR14b_COMM_DET_LN0d2_NEG2_EMB64_POS3train4test_BPR_EVAL20.csv
101,113,0xb62f69116f6a5787f90c0F9B19A6909ADF9ACc9A,1,5,d6f0abdf9094ad15317a99212d4a741a05641e61775db4e4428ff201770eeec0,28,0x3a8d7830fecD095682572e09B9905da4B57E7A72,4de57cbd9811e07add04f55b238f636efc88a8e505e27156f6b33d72470ed01e,D:\PHD\بابل\2024\Research Reco\الجزء الثاني\Douban Reco\4 ايصال التوصيات بضمنها العقد\03_outputs\RECOMMENDATION_DELIVERY_TOP5_V1\payloads\community_101\user_113_community_101_v1_top5_payload.json,D:\PHD\results\13 Uplift\DMF_GLOBAL_ONLY_COMMUNITIES_DETERMINISTIC\RUN_VR14b_COMM_DET_LN0d2_NEG2_EMB64_POS3train4test_BPR_EVAL20_028_comm_101_U80_I3034\028_comm_101_U80_I3034_top20_per_user_recs_VR14b_COMM_DET_LN0d2_NEG2_EMB64_POS3train4test_BPR_EVAL20.csv
101,119,0x8a0887211D37dB02fAd06ed0AC7316D0ebf891f0,1,5,c359533e79892ce3093dad4524c4b46524c4cc3d851dfff4a2c718f4ae1c400a,28,0x3a8d7830fecD095682572e09B9905da4B57E7A72,052234f15e17128d6649a536f3ef13fc10e0811bf7771e15a7b9826ae554d1d7,D:\PHD\بابل\2024\Research Reco\الجزء الثاني\Douban Reco\4 ايصال التوصيات بضمنها العقد\03_outputs\RECOMMENDATION_DELIVERY_TOP5_V1\payloads\community_101\user_119_community_101_v1_top5_payload.json,D:\PHD\results\13 Uplift\DMF_GLOBAL_ONLY_COMMUNITIES_DETERMINISTIC\RUN_VR14b_COMM_DET_LN0d2_NEG2_EMB64_POS3train4test_BPR_EVAL20_028_comm_101_U80_I3034\028_comm_101_U80_I3034_top20_per_user_recs_VR14b_COMM_DET_LN0d2_NEG2_EMB64_POS3train4test_BPR_EVAL20.csv
101,125,0x9DdD73EDE2e077F00716c288Fd00C4617e74e504,1,5,30d6b20876e750384dd359bfa6f309ddee53dc1205acb6f334191ee2d46f5f58,28,0x3a8d7830fecD095682572e09B9905da4B57E7A72,7033895b2dec38fcc8b4232ac555766e75f0fe30ea3c18aad282587c0b9c6d85,D:\PHD\بابل\2024\Research Reco\الجزء الثاني\Douban Reco\4 ايصال التوصيات بضمنها العقد\03_outputs\RECOMMENDATION_DELIVERY_TOP5_V1\payloads\community_101\user_125_community_101_v1_top5_payload.json,D:\PHD\results\13 Uplift\DMF_GLOBAL_ONLY_COMMUNITIES_DETERMINISTIC\RUN_VR14b_COMM_DET_LN0d2_NEG2_EMB64_POS3train4test_BPR_EVAL20_028_comm_101_U80_I3034\028_comm_101_U80_I3034_top20_per_user_recs_VR14b_COMM_DET_LN0d2_NEG2_EMB64_POS3train4test_BPR_EVAL20.csv
101,146,0x821A130AF80D458E0121DA52718beAc9237597Cb,1,5,783bd81813270d1cbd760d7d77602dcc212495bfd5a064725dfe6a30c6247569,28,0x3a8d7830fecD095682572e09B9905da4B57E7A72,219f8073d2ea584e1efcb62595f7370e12baed0ee6a17631d715458e14fb6394,D:\PHD\بابل\2024\Research Reco\الجزء الثاني\Douban Reco\4 ايصال التوصيات بضمنها العقد\03_outputs\RECOMMENDATION_DELIVERY_TOP5_V1\payloads\community_101\user_146_community_101_v1_top5_payload.json,D:\PHD\results\13 Uplift\DMF_GLOBAL_ONLY_COMMUNITIES_DETERMINISTIC\RUN_VR14b_COMM_DET_LN0d2_NEG2_EMB64_POS3train4test_BPR_EVAL20_028_comm_101_U80_I3034\028_comm_101_U80_I3034_top20_per_user_recs_VR14b_COMM_DET_LN0d2_NEG2_EMB64_POS3train4test_BPR_EVAL20.csv
101,254,0x35432dE3Ea229Cf480A9C3C87BB062184eE3f50E,1,5,0425ab708609b6865a7472a53c1dd6b2f5b374cf4600b3397cd541ca0dc2fea9,28,0x3a8d7830fecD095682572e09B9905da4B57E7A72,6973b6c1d838ae3f14848511160f4659f879e54c7ad39e91838579941d6e2edd,D:\PHD\بابل\2024\Research Reco\الجزء الثاني\Douban Reco\4 ايصال التوصيات بضمنها العقد\03_outputs\RECOMMENDATION_DELIVERY_TOP5_V1\payloads\community_101\user_254_community_101_v1_top5_payload.json,D:\PHD\results\13 Uplift\DMF_GLOBAL_ONLY_COMMUNITIES_DETERMINISTIC\RUN_VR14b_COMM_DET_LN0d2_NEG2_EMB64_POS3train4test_BPR_EVAL20_028_comm_101_U80_I3034\028_comm_101_U80_I3034_top20_per_user_recs_VR14b_COMM_DET_LN0d2_NEG2_EMB64_POS3train4test_BPR_EVAL20.csv
101,264,0xFA58612D7456EE7Bae00721660E583ccE7BAE39C,1,5,a7ef9076045bf70af3969225c70a4115ccb70ece07a514b9931cbc164954d674,28,0x3a8d7830fecD095682572e09B9905da4B57E7A72,5a9e4f162d3547c67c32e0953825e46c8bf0c767463a28ae404d73692738b8ef,D:\PHD\بابل\2024\Research Reco\الجزء الثاني\Douban Reco\4 ايصال التوصيات بضمنها العقد\03_outputs\RECOMMENDATION_DELIVERY_TOP5_V1\payloads\community_101\user_264_community_101_v1_top5_payload.json,D:\PHD\results\13 Uplift\DMF_GLOBAL_ONLY_COMMUNITIES_DETERMINISTIC\RUN_VR14b_COMM_DET_LN0d2_NEG2_EMB64_POS3train4test_BPR_EVAL20_028_comm_101_U80_I3034\028_comm_101_U80_I3034_top20_per_user_recs_VR14b_COMM_DET_LN0d2_NEG2_EMB64_POS3train4test_BPR_EVAL20.csv
101,353,0xa6E4f42D5333ea3061b836C673aFd1Db3bc81c14,1,5,1531523fce5a4cd4296e1cd4a90dd723dce648f2bf72ee5c2ebbe826d8b1c31d,28,0x3a8d7830fecD095682572e09B9905da4B57E7A72,54f50bec873a361b287cedf879bfdaab3c59b10fdf0579103234caaa9bb0ddcc,D:\PHD\بابل\2024\Research Reco\الجزء الثاني\Douban Reco\4 ايصال التوصيات بضمنها العقد\03_outputs\RECOMMENDATION_DELIVERY_TOP5_V1\payloads\community_101\user_353_community_101_v1_top5_payload.json,D:\PHD\results\13 Uplift\DMF_GLOBAL_ONLY_COMMUNITIES_DETERMINISTIC\RUN_VR14b_COMM_DET_LN0d2_NEG2_EMB64_POS3train4test_BPR_EVAL20_028_comm_101_U80_I3034\028_comm_101_U80_I3034_top20_per_user_recs_VR14b_COMM_DET_LN0d2_NEG2_EMB64_POS3train4test_BPR_EVAL20.csv
101,379,0xB5D5CDB633AB7975DeD923C14F71C2F0B3dbeb65,1,5,075b5c15347c35d317aa096e6344dd3ab91b8e147eeca5e614b51a43d340241f,28,0x3a8d7830fecD095682572e09B9905da4B57E7A72,ff30392e88f7f01e1d474198e4fe55b7d6c7e993c19e9a667f5333b4f2d00a8c,D:\PHD\بابل\2024\Research Reco\الجزء الثاني\Douban Reco\4 ايصال التوصيات بضمنها العقد\03_outputs\RECOMMENDATION_DELIVERY_TOP5_V1\payloads\community_101\user_379_community_101_v1_top5_payload.json,D:\PHD\results\13 Uplift\DMF_GLOBAL_ONLY_COMMUNITIES_DETERMINISTIC\RUN_VR14b_COMM_DET_LN0d2_NEG2_EMB64_POS3train4test_BPR_EVAL20_028_comm_101_U80_I3034\028_comm_101_U80_I3034_top20_per_user_recs_VR14b_COMM_DET_LN0d2_NEG2_EMB64_POS3train4test_BPR_EVAL20.csv
101,398,0xD6D887f1f2b764D8f8Bd5DA69ceF380803f0Ae95,1,5,b2daf0657c14c985b703d6e50ae10b2378ca3506edd880471c61e456d885ff6d,28,0x3a8d7830fecD095682572e09B9905da4B57E7A72,96de2f0d6d2ac963f0874ecf8a8beb26618f7e1f92211b7774779b0e64154895,D:\PHD\بابل\2024\Research Reco\الجزء الثاني\Douban Reco\4 ايصال التوصيات بضمنها العقد\03_outputs\RECOMMENDATION_DELIVERY_TOP5_V1\payloads\community_101\user_398_community_101_v1_top5_payload.json,D:\PHD\results\13 Uplift\DMF_GLOBAL_ONLY_COMMUNITIES_DETERMINISTIC\RUN_VR14b_COMM_DET_LN0d2_NEG2_EMB64_POS3train4test_BPR_EVAL20_028_comm_101_U80_I3034\028_comm_101_U80_I3034_top20_per_user_recs_VR14b_COMM_DET_LN0d2_NEG2_EMB64_POS3train4test_BPR_EVAL20.csv
101,439,0x55A925Bfb3bd5FABbff1000caf35e92486195b33,1,5,aca759422c21cc579ff79b370097fc770166fa5b86d8faca587fa461c5eadf1f,28,0x3a8d7830fecD095682572e09B9905da4B57E7A72,2675f8eab841a9824c2508038816ab80ebfcd7bcdd82f1adef8818bc44e346c3,D:\PHD\بابل\2024\Research Reco\الجزء الثاني\Douban Reco\4 ايصال التوصيات بضمنها العقد\03_outputs\RECOMMENDATION_DELIVERY_TOP5_V1\payloads\community_101\user_439_community_101_v1_top5_payload.json,D:\PHD\results\13 Uplift\DMF_GLOBAL_ONLY_COMMUNITIES_DETERMINISTIC\RUN_VR14b_COMM_DET_LN0d2_NEG2_EMB64_POS3train4test_BPR_EVAL20_028_comm_101_U80_I3034\028_comm_101_U80_I3034_top20_per_user_recs_VR14b_COMM_DET_LN0d2_NEG2_EMB64_POS3train4test_BPR_EVAL20.csv
101,457,0x20D5cf21d2F87d9d6e1FAaEdCee757011c3A2FE1,1,5,66bcca6a54f4e48b713323eb04f7bcfdea24924d897f3d13071d7f650112ed78,28,0x3a8d7830fecD095682572e09B9905da4B57E7A72,233e1c125ca8fd8a8de54c1b34d0a6b2c7a9e5f08078f341add53cfa28f17f33,D:\PHD\بابل\2024\Research Reco\الجزء الثاني\Douban Reco\4 ايصال التوصيات بضمنها العقد\03_outputs\RECOMMENDATION_DELIVERY_TOP5_V1\payloads\community_101\user_457_community_101_v1_top5_payload.json,D:\PHD\results\13 Uplift\DMF_GLOBAL_ONLY_COMMUNITIES_DETERMINISTIC\RUN_VR14b_COMM_DET_LN0d2_NEG2_EMB64_POS3train4test_BPR_EVAL20_028_comm_101_U80_I3034\028_comm_101_U80_I3034_top20_per_user_recs_VR14b_COMM_DET_LN0d2_NEG2_EMB64_POS3train4test_BPR_EVAL20.csv
101,511,0x688449Dfbb6522c90E61e6BccEd96011B866851A,1,5,bc00f960f0598593f1871cbff65ad70fcd6fbd1a1cb4d5fc5d31edfddca5452c,28,0x3a8d7830fecD095682572e09B9905da4B57E7A72,11ac36455237b56806cb564b6b71dec769d9335e7d9603fa15da0b79740e5b29,D:\PHD\بابل\2024\Research Reco\الجزء الثاني\Douban Reco\4 ايصال التوصيات بضمنها العقد\03_outputs\RECOMMENDATION_DELIVERY_TOP5_V1\payloads\community_101\user_511_community_101_v1_top5_payload.json,D:\PHD\results\13 Uplift\DMF_GLOBAL_ONLY_COMMUNITIES_DETERMINISTIC\RUN_VR14b_COMM_DET_LN0d2_NEG2_EMB64_POS3train4test_BPR_EVAL20_028_comm_101_U80_I3034\028_comm_101_U80_I3034_top20_per_user_recs_VR14b_COMM_DET_LN0d2_NEG2_EMB64_POS3train4test_BPR_EVAL20.csv
101,622,0xCD012217E7067Aeb7afB66470ADc3aee7FCDF515,1,5,f69195c6661d15abfe2eb1b991fb1973024ccb49fe81e5a431478d2bfc3d9946,28,0x3a8d7830fecD095682572e09B9905da4B57E7A72,92dd62658c0c373b0bca84152eaf81027462cbfade300477303e4151f2004edb,D:\PHD\بابل\2024\Research Reco\الجزء الثاني\Douban Reco\4 ايصال التوصيات بضمنها العقد\03_outputs\RECOMMENDATION_DELIVERY_TOP5_V1\payloads\community_101\user_622_community_101_v1_top5_payload.json,D:\PHD\results\13 Uplift\DMF_GLOBAL_ONLY_COMMUNITIES_DETERMINISTIC\RUN_VR14b_COMM_DET_LN0d2_NEG2_EMB64_POS3train4test_BPR_EVAL20_028_comm_101_U80_I3034\028_comm_101_U80_I3034_top20_per_user_recs_VR14b_COMM_DET_LN0d2_NEG2_EMB64_POS3train4test_BPR_EVAL20.csv
101,721,0x3e0EF1c5A744B2512C14064AD646365848BBA54C,1,5,78d3c6a4d3085e7401b09ad5a60385aac16f753203490c78fc1b8ca840611788,28,0x3a8d7830fecD095682572e09B9905da4B57E7A72,8c0e54b6052d50887905c921b63d14afe30aff616e5af54cd4cbbf6f53265a64,D:\PHD\بابل\2024\Research Reco\الجزء الثاني\Douban Reco\4 ايصال التوصيات بضمنها العقد\03_outputs\RECOMMENDATION_DELIVERY_TOP5_V1\payloads\community_101\user_721_community_101_v1_top5_payload.json,D:\PHD\results\13 Uplift\DMF_GLOBAL_ONLY_COMMUNITIES_DETERMINISTIC\RUN_VR14b_COMM_DET_LN0d2_NEG2_EMB64_POS3train4test_BPR_EVAL20_028_comm_101_U80_I3034\028_comm_101_U80_I3034_top20_per_user_recs_VR14b_COMM_DET_LN0d2_NEG2_EMB64_POS3train4test_BPR_EVAL20.csv
101,748,0x47D1Ac78Ed070b29FB4882c4Af95A2e20830301a,1,5,990872460b3b7a03fbb0299b9543595eaec6f81bec0b17c38408f28750375cfb,28,0x3a8d7830fecD095682572e09B9905da4B57E7A72,3a09023caa529147a5381127193b4b125c8669a9a06008df0e463c3d9df7a7f9,D:\PHD\بابل\2024\Research Reco\الجزء الثاني\Douban Reco\4 ايصال التوصيات بضمنها العقد\03_outputs\RECOMMENDATION_DELIVERY_TOP5_V1\payloads\community_101\user_748_community_101_v1_top5_payload.json,D:\PHD\results\13 Uplift\DMF_GLOBAL_ONLY_COMMUNITIES_DETERMINISTIC\RUN_VR14b_COMM_DET_LN0d2_NEG2_EMB64_POS3train4test_BPR_EVAL20_028_comm_101_U80_I3034\028_comm_101_U80_I3034_top20_per_user_recs_VR14b_COMM_DET_LN0d2_NEG2_EMB64_POS3train4test_BPR_EVAL20.csv
101,785,0x0140bA71f72F5f0FA09010ab70d2AEb66F60A418,1,5,6fb4d4150f4bc6132d438e1c469a10f51b3adde9d42a80251049863438f949f3,28,0x3a8d7830fecD095682572e09B9905da4B57E7A72,0968af27f6c9c684d87983c5a4405c082752585646facd6d9ed54421da559734,D:\PHD\بابل\2024\Research Reco\الجزء الثاني\Douban Reco\4 ايصال التوصيات بضمنها العقد\03_outputs\RECOMMENDATION_DELIVERY_TOP5_V1\payloads\community_101\user_785_community_101_v1_top5_payload.json,D:\PHD\results\13 Uplift\DMF_GLOBAL_ONLY_COMMUNITIES_DETERMINISTIC\RUN_VR14b_COMM_DET_LN0d2_NEG2_EMB64_POS3train4test_BPR_EVAL20_028_comm_101_U80_I3034\028_comm_101_U80_I3034_top20_per_user_recs_VR14b_COMM_DET_LN0d2_NEG2_EMB64_POS3train4test_BPR_EVAL20.csv
101,804,0xD850B7D89847BaE9D2d50c78C0b1721a27E53165,1,5,d72315c2f1256495092172cb81c111b79819d8885b1b20b2e419777e91f93354,28,0x3a8d7830fecD095682572e09B9905da4B57E7A72,23fd017e65a68d4a364905bba918ef20dd379acdf4b656746e989d4ad6779dac,D:\PHD\بابل\2024\Research Reco\الجزء الثاني\Douban Reco\4 ايصال التوصيات بضمنها العقد\03_outputs\RECOMMENDATION_DELIVERY_TOP5_V1\payloads\community_101\user_804_community_101_v1_top5_payload.json,D:\PHD\results\13 Uplift\DMF_GLOBAL_ONLY_COMMUNITIES_DETERMINISTIC\RUN_VR14b_COMM_DET_LN0d2_NEG2_EMB64_POS3train4test_BPR_EVAL20_028_comm_101_U80_I3034\028_comm_101_U80_I3034_top20_per_user_recs_VR14b_COMM_DET_LN0d2_NEG2_EMB64_POS3train4test_BPR_EVAL20.csv
101,815,0xcd575370764E8C9089cEEcdEc7Bc176860723A62,1,5,6fc9676c8832044cc47b1b8ee3355c433243348e4e82cecde25682a23d113c26,28,0x3a8d7830fecD095682572e09B9905da4B57E7A72,0a9a9231b92650eb79b29998da74d4a3d7fccbe021664fd391876328839d210c,D:\PHD\بابل\2024\Research Reco\الجزء الثاني\Douban Reco\4 ايصال التوصيات بضمنها العقد\03_outputs\RECOMMENDATION_DELIVERY_TOP5_V1\payloads\community_101\user_815_community_101_v1_top5_payload.json,D:\PHD\results\13 Uplift\DMF_GLOBAL_ONLY_COMMUNITIES_DETERMINISTIC\RUN_VR14b_COMM_DET_LN0d2_NEG2_EMB64_POS3train4test_BPR_EVAL20_028_comm_101_U80_I3034\028_comm_101_U80_I3034_top20_per_user_recs_VR14b_COMM_DET_LN0d2_NEG2_EMB64_POS3train4test_BPR_EVAL20.csv
101,832,0x4118f71824edC656DDf282e7dd48dfF6Ff4cfB6f,1,5,64f21a67bfc86aa13b530bff90a6ec0951fc1395f6d395d0176107db20dd43fc,28,0x3a8d7830fecD095682572e09B9905da4B57E7A72,85a26832bbda9489b70445a33e13e5b77518f06e5977625f9fc46b5337bd3925,D:\PHD\بابل\2024\Research Reco\الجزء الثاني\Douban Reco\4 ايصال التوصيات بضمنها العقد\03_outputs\RECOMMENDATION_DELIVERY_TOP5_V1\payloads\community_101\user_832_community_101_v1_top5_payload.json,D:\PHD\results\13 Uplift\DMF_GLOBAL_ONLY_COMMUNITIES_DETERMINISTIC\RUN_VR14b_COMM_DET_LN0d2_NEG2_EMB64_POS3train4test_BPR_EVAL20_028_comm_101_U80_I3034\028_comm_101_U80_I3034_top20_per_user_recs_VR14b_COMM_DET_LN0d2_NEG2_EMB64_POS3train4test_BPR_EVAL20.csv
101,837,0xbC910CB9Cf6331Ad8186027D6b79Ea15CD38C41d,1,5,81ef125c85f13ad3b26318259b0b510a625a03b3cd8cd5a839974e2c75f6fb50,28,0x3a8d7830fecD095682572e09B9905da4B57E7A72,a771d9e9e9ca356aa0a77ee8331616c854e2c121059e1ed2c5a1531797018379,D:\PHD\بابل\2024\Research Reco\الجزء الثاني\Douban Reco\4 ايصال التوصيات بضمنها العقد\03_outputs\RECOMMENDATION_DELIVERY_TOP5_V1\payloads\community_101\user_837_community_101_v1_top5_payload.json,D:\PHD\results\13 Uplift\DMF_GLOBAL_ONLY_COMMUNITIES_DETERMINISTIC\RUN_VR14b_COMM_DET_LN0d2_NEG2_EMB64_POS3train4test_BPR_EVAL20_028_comm_101_U80_I3034\028_comm_101_U80_I3034_top20_per_user_recs_VR14b_COMM_DET_LN0d2_NEG2_EMB64_POS3train4test_BPR_EVAL20.csv
101,844,0x0E86bcE27c1667dC1B2c68376E4e8f02038E4277,1,5,227cff0d59026f204d6a1de5f0fab6c6a003b54098f4cbe9bec31a8a28d02989,28,0x3a8d7830fecD095682572e09B9905da4B57E7A72,260f95eb0d53e414ab91d1562d659171b334de208e513cbed10bdabc9a024ef0,D:\PHD\بابل\2024\Research Reco\الجزء الثاني\Douban Reco\4 ايصال التوصيات بضمنها العقد\03_outputs\RECOMMENDATION_DELIVERY_TOP5_V1\payloads\community_101\user_844_community_101_v1_top5_payload.json,D:\PHD\results\13 Uplift\DMF_GLOBAL_ONLY_COMMUNITIES_DETERMINISTIC\RUN_VR14b_COMM_DET_LN0d2_NEG2_EMB64_POS3train4test_BPR_EVAL20_028_comm_101_U80_I3034\028_comm_101_U80_I3034_top20_per_user_recs_VR14b_COMM_DET_LN0d2_NEG2_EMB64_POS3train4test_BPR_EVAL20.csv
101,863,0xFd70A0eBCa57E1B9F766e0D5845CF1791dEeC4dF,1,5,a061af093e0d6e370cf2b4638f56e6be7aa71291072754ad52db4e0ad15c0e07,28,0x3a8d7830fecD095682572e09B9905da4B57E7A72,e721b97e0f781c7a0466257761b78a5cbba232a5ca6bc45b4267756518fa1841,D:\PHD\بابل\2024\Research Reco\الجزء الثاني\Douban Reco\4 ايصال التوصيات بضمنها العقد\03_outputs\RECOMMENDATION_DELIVERY_TOP5_V1\payloads\community_101\user_863_community_101_v1_top5_payload.json,D:\PHD\results\13 Uplift\DMF_GLOBAL_ONLY_COMMUNITIES_DETERMINISTIC\RUN_VR14b_COMM_DET_LN0d2_NEG2_EMB64_POS3train4test_BPR_EVAL20_028_comm_101_U80_I3034\028_comm_101_U80_I3034_top20_per_user_recs_VR14b_COMM_DET_LN0d2_NEG2_EMB64_POS3train4test_BPR_EVAL20.csv
101,886,0x50c46FBa52A994Ef1b83cd93fa0ab1c4a7bE3141,1,5,cd1ddbfb10bb4760f80946ede6acc736bf687aa101e526725b0b2e6d888cd93c,28,0x3a8d7830fecD095682572e09B9905da4B57E7A72,3bf9449fb3df09fe4f3bba24d1a80a2f613a597faf3b75d3a254a49a1dd183ec,D:\PHD\بابل\2024\Research Reco\الجزء الثاني\Douban Reco\4 ايصال التوصيات بضمنها العقد\03_outputs\RECOMMENDATION_DELIVERY_TOP5_V1\payloads\community_101\user_886_community_101_v1_top5_payload.json,D:\PHD\results\13 Uplift\DMF_GLOBAL_ONLY_COMMUNITIES_DETERMINISTIC\RUN_VR14b_COMM_DET_LN0d2_NEG2_EMB64_POS3train4test_BPR_EVAL20_028_comm_101_U80_I3034\028_comm_101_U80_I3034_top20_per_user_recs_VR14b_COMM_DET_LN0d2_NEG2_EMB64_POS3train4test_BPR_EVAL20.csv
101,897,0xC5b0043Bf275f99B5AdE98cc69510fC05ed3a1ac,1,5,2de36f7abc46f5d761f039e127a1cfb165c201b62e8beea452750d0d86827a74,28,0x3a8d7830fecD095682572e09B9905da4B57E7A72,ee0e36908063e9b89084da22751751c9a2fe656b3750cc4d97d06725f1e93375,D:\PHD\بابل\2024\Research Reco\الجزء الثاني\Douban Reco\4 ايصال التوصيات بضمنها العقد\03_outputs\RECOMMENDATION_DELIVERY_TOP5_V1\payloads\community_101\user_897_community_101_v1_top5_payload.json,D:\PHD\results\13 Uplift\DMF_GLOBAL_ONLY_COMMUNITIES_DETERMINISTIC\RUN_VR14b_COMM_DET_LN0d2_NEG2_EMB64_POS3train4test_BPR_EVAL20_028_comm_101_U80_I3034\028_comm_101_U80_I3034_top20_per_user_recs_VR14b_COMM_DET_LN0d2_NEG2_EMB64_POS3train4test_BPR_EVAL20.csv
101,924,0x8efFA5BF8b4b1Dd1029c94495C8dd8Db4cf94caf,1,5,4d722fb119934d1f6e12397e32d1e51f7bc148a7f8643914d4934c2286d411e9,28,0x3a8d7830fecD095682572e09B9905da4B57E7A72,c609d07d34d8014b245a2381e08aefee40ec7b8ecb5e3badc3aa9428b324f24f,D:\PHD\بابل\2024\Research Reco\الجزء الثاني\Douban Reco\4 ايصال التوصيات بضمنها العقد\03_outputs\RECOMMENDATION_DELIVERY_TOP5_V1\payloads\community_101\user_924_community_101_v1_top5_payload.json,D:\PHD\results\13 Uplift\DMF_GLOBAL_ONLY_COMMUNITIES_DETERMINISTIC\RUN_VR14b_COMM_DET_LN0d2_NEG2_EMB64_POS3train4test_BPR_EVAL20_028_comm_101_U80_I3034\028_comm_101_U80_I3034_top20_per_user_recs_VR14b_COMM_DET_LN0d2_NEG2_EMB64_POS3train4test_BPR_EVAL20.csv
101,929,0xE231D4F4AF93005EBcd61fA63f340FC621789910,1,5,17b116c6b30e34729b729add5c81264be36ed18b6ef7804a607d7a875d61fcdf,28,0x3a8d7830fecD095682572e09B9905da4B57E7A72,836a78b8d6307316acd59decd5e23d0aeec73dbf8b58e2a88c97381d01354a9f,D:\PHD\بابل\2024\Research Reco\الجزء الثاني\Douban Reco\4 ايصال التوصيات بضمنها العقد\03_outputs\RECOMMENDATION_DELIVERY_TOP5_V1\payloads\community_101\user_929_community_101_v1_top5_payload.json,D:\PHD\results\13 Uplift\DMF_GLOBAL_ONLY_COMMUNITIES_DETERMINISTIC\RUN_VR14b_COMM_DET_LN0d2_NEG2_EMB64_POS3train4test_BPR_EVAL20_028_comm_101_U80_I3034\028_comm_101_U80_I3034_top20_per_user_recs_VR14b_COMM_DET_LN0d2_NEG2_EMB64_POS3train4test_BPR_EVAL20.csv
101,942,0x2B46976F778983E62318D92e91005261Efa054dC,1,5,d8feacd7ffa76051d2f24668b5bf834dde731137f7d24fe3f0cd1209e4bbc869,28,0x3a8d7830fecD095682572e09B9905da4B57E7A72,673cf3877e407e4855173d5b6b8997b81aefcd8c61b874e524bca9a9106702f2,D:\PHD\بابل\2024\Research Reco\الجزء الثاني\Douban Reco\4 ايصال التوصيات بضمنها العقد\03_outputs\RECOMMENDATION_DELIVERY_TOP5_V1\payloads\community_101\user_942_community_101_v1_top5_payload.json,D:\PHD\results\13 Uplift\DMF_GLOBAL_ONLY_COMMUNITIES_DETERMINISTIC\RUN_VR14b_COMM_DET_LN0d2_NEG2_EMB64_POS3train4test_BPR_EVAL20_028_comm_101_U80_I3034\028_comm_101_U80_I3034_top20_per_user_recs_VR14b_COMM_DET_LN0d2_NEG2_EMB64_POS3train4test_BPR_EVAL20.csv
101,970,0x8Aa41EE3Fe75a07C196A2FC81Fcb418AF8c27C3f,1,5,8b80d6b58715d7061f695fb9b943a963273d317b40753348c7d0db5e26fc3b95,28,0x3a8d7830fecD095682572e09B9905da4B57E7A72,92552461adbca915c14596875168e2cb2e6df486570d614d7a367e2d7f95b264,D:\PHD\بابل\2024\Research Reco\الجزء الثاني\Douban Reco\4 ايصال التوصيات بضمنها العقد\03_outputs\RECOMMENDATION_DELIVERY_TOP5_V1\payloads\community_101\user_970_community_101_v1_top5_payload.json,D:\PHD\results\13 Uplift\DMF_GLOBAL_ONLY_COMMUNITIES_DETERMINISTIC\RUN_VR14b_COMM_DET_LN0d2_NEG2_EMB64_POS3train4test_BPR_EVAL20_028_comm_101_U80_I3034\028_comm_101_U80_I3034_top20_per_user_recs_VR14b_COMM_DET_LN0d2_NEG2_EMB64_POS3train4test_BPR_EVAL20.csv
101,989,0x0306f277399e05A94f54416D1E7975B29649C1e9,1,5,cbb8329f30e99eeb15fcf8dd079c22da979755e7c7235947a7af8f8b34b7a833,28,0x3a8d7830fecD095682572e09B9905da4B57E7A72,366c83ae8b84215091729b469458605fbe57a2e5cb6b3e0bd4edb7acd095f023,D:\PHD\بابل\2024\Research Reco\الجزء الثاني\Douban Reco\4 ايصال التوصيات بضمنها العقد\03_outputs\RECOMMENDATION_DELIVERY_TOP5_V1\payloads\community_101\user_989_community_101_v1_top5_payload.json,D:\PHD\results\13 Uplift\DMF_GLOBAL_ONLY_COMMUNITIES_DETERMINISTIC\RUN_VR14b_COMM_DET_LN0d2_NEG2_EMB64_POS3train4test_BPR_EVAL20_028_comm_101_U80_I3034\028_comm_101_U80_I3034_top20_per_user_recs_VR14b_COMM_DET_LN0d2_NEG2_EMB64_POS3train4test_BPR_EVAL20.csv
101,1098,0xB714535e97D122704bF4cF9b9b29ce3C18287a71,1,5,5899aec681b8ab287ef50148367c3af771c2a7364566da8e23e77617b58c5a47,28,0x3a8d7830fecD095682572e09B9905da4B57E7A72,6cf6c99181bf22663e7518ffa33a2da8bede97126398711c657d3aab2bdc1d84,D:\PHD\بابل\2024\Research Reco\الجزء الثاني\Douban Reco\4 ايصال التوصيات بضمنها العقد\03_outputs\RECOMMENDATION_DELIVERY_TOP5_V1\payloads\community_101\user_1098_community_101_v1_top5_payload.json,D:\PHD\results\13 Uplift\DMF_GLOBAL_ONLY_COMMUNITIES_DETERMINISTIC\RUN_VR14b_COMM_DET_LN0d2_NEG2_EMB64_POS3train4test_BPR_EVAL20_028_comm_101_U80_I3034\028_comm_101_U80_I3034_top20_per_user_recs_VR14b_COMM_DET_LN0d2_NEG2_EMB64_POS3train4test_BPR_EVAL20.csv
101,1116,0xE16D105087E40E151c8cD2A5F0C990131674d721,1,5,f55f9add58ec7f91b89e2fe88bd94cccbb57117fd965b4cd8243bdb4ec55e6a5,28,0x3a8d7830fecD095682572e09B9905da4B57E7A72,2120244fd604cad2c9bb2b7efd9aea97ebcb7cb93cbab01d22315d3a4d63a3d5,D:\PHD\بابل\2024\Research Reco\الجزء الثاني\Douban Reco\4 ايصال التوصيات بضمنها العقد\03_outputs\RECOMMENDATION_DELIVERY_TOP5_V1\payloads\community_101\user_1116_community_101_v1_top5_payload.json,D:\PHD\results\13 Uplift\DMF_GLOBAL_ONLY_COMMUNITIES_DETERMINISTIC\RUN_VR14b_COMM_DET_LN0d2_NEG2_EMB64_POS3train4test_BPR_EVAL20_028_comm_101_U80_I3034\028_comm_101_U80_I3034_top20_per_user_recs_VR14b_COMM_DET_LN0d2_NEG2_EMB64_POS3train4test_BPR_EVAL20.csv
101,1130,0x8DA79eB26414B6cB476275E037191d360125C9B8,1,5,ca29fe61a4e530828371f7994a5008b427c571ba00c8584b6db10d977fbb13e9,28,0x3a8d7830fecD095682572e09B9905da4B57E7A72,3849104af340e4318e2124098f8976eb6d4d9546a22cc6beb401bde0317afdd7,D:\PHD\بابل\2024\Research Reco\الجزء الثاني\Douban Reco\4 ايصال التوصيات بضمنها العقد\03_outputs\RECOMMENDATION_DELIVERY_TOP5_V1\payloads\community_101\user_1130_community_101_v1_top5_payload.json,D:\PHD\results\13 Uplift\DMF_GLOBAL_ONLY_COMMUNITIES_DETERMINISTIC\RUN_VR14b_COMM_DET_LN0d2_NEG2_EMB64_POS3train4test_BPR_EVAL20_028_comm_101_U80_I3034\028_comm_101_U80_I3034_top20_per_user_recs_VR14b_COMM_DET_LN0d2_NEG2_EMB64_POS3train4test_BPR_EVAL20.csv
101,1143,0x2AF365a5dC124422EB26DE04843347e488d39D2a,1,5,117c32bdd247c32e6cad1f6f77d1a2e5bd97d7e492f2c78106b8618ad6751ec5,28,0x3a8d7830fecD095682572e09B9905da4B57E7A72,d6a65326d88c21ab52d92035335149c25794c9adc12b494801ef3e91385b5563,D:\PHD\بابل\2024\Research Reco\الجزء الثاني\Douban Reco\4 ايصال التوصيات بضمنها العقد\03_outputs\RECOMMENDATION_DELIVERY_TOP5_V1\payloads\community_101\user_1143_community_101_v1_top5_payload.json,D:\PHD\results\13 Uplift\DMF_GLOBAL_ONLY_COMMUNITIES_DETERMINISTIC\RUN_VR14b_COMM_DET_LN0d2_NEG2_EMB64_POS3train4test_BPR_EVAL20_028_comm_101_U80_I3034\028_comm_101_U80_I3034_top20_per_user_recs_VR14b_COMM_DET_LN0d2_NEG2_EMB64_POS3train4test_BPR_EVAL20.csv
101,1192,0x20706E2dBA58E4Eec47DE8a1CFB9389f89B0b11d,1,5,f3d1d3a7b055bcbcedae5d2d8dcdb4ec931a8972f8bceac925eea44fcae00928,28,0x3a8d7830fecD095682572e09B9905da4B57E7A72,af3a62d66cc98760eb74ee422b56d49429fd22e18ee91fe9a1e9819ba3a16451,D:\PHD\بابل\2024\Research Reco\الجزء الثاني\Douban Reco\4 ايصال التوصيات بضمنها العقد\03_outputs\RECOMMENDATION_DELIVERY_TOP5_V1\payloads\community_101\user_1192_community_101_v1_top5_payload.json,D:\PHD\results\13 Uplift\DMF_GLOBAL_ONLY_COMMUNITIES_DETERMINISTIC\RUN_VR14b_COMM_DET_LN0d2_NEG2_EMB64_POS3train4test_BPR_EVAL20_028_comm_101_U80_I3034\028_comm_101_U80_I3034_top20_per_user_recs_VR14b_COMM_DET_LN0d2_NEG2_EMB64_POS3train4test_BPR_EVAL20.csv
101,1239,0x83c472a647c19048008F6EcAC8873de0188916D4,1,5,61b0a1a1a5b5a64f051b6524d7903ffb8aac8f62f6aa34452e235befccb77d13,28,0x3a8d7830fecD095682572e09B9905da4B57E7A72,d31d9933724e031f4a928afd611f532d06f478e09a8a2551282a7e18647dea8b,D:\PHD\بابل\2024\Research Reco\الجزء الثاني\Douban Reco\4 ايصال التوصيات بضمنها العقد\03_outputs\RECOMMENDATION_DELIVERY_TOP5_V1\payloads\community_101\user_1239_community_101_v1_top5_payload.json,D:\PHD\results\13 Uplift\DMF_GLOBAL_ONLY_COMMUNITIES_DETERMINISTIC\RUN_VR14b_COMM_DET_LN0d2_NEG2_EMB64_POS3train4test_BPR_EVAL20_028_comm_101_U80_I3034\028_comm_101_U80_I3034_top20_per_user_recs_VR14b_COMM_DET_LN0d2_NEG2_EMB64_POS3train4test_BPR_EVAL20.csv
101,1319,0x3dfBf8d367F132BE0FF2eC8767f8cf44fbB989E6,1,5,90acefb4997a61bca226aafb47fdbcd9fccab3ffbec61277d0bf33feb54007a7,28,0x3a8d7830fecD095682572e09B9905da4B57E7A72,2bbe5e00fda2aaef92280fd5c329e68a5c4ddee364d4b6e426b29c0153ad1a12,D:\PHD\بابل\2024\Research Reco\الجزء الثاني\Douban Reco\4 ايصال التوصيات بضمنها العقد\03_outputs\RECOMMENDATION_DELIVERY_TOP5_V1\payloads\community_101\user_1319_community_101_v1_top5_payload.json,D:\PHD\results\13 Uplift\DMF_GLOBAL_ONLY_COMMUNITIES_DETERMINISTIC\RUN_VR14b_COMM_DET_LN0d2_NEG2_EMB64_POS3train4test_BPR_EVAL20_028_comm_101_U80_I3034\028_comm_101_U80_I3034_top20_per_user_recs_VR14b_COMM_DET_LN0d2_NEG2_EMB64_POS3train4test_BPR_EVAL20.csv
101,1322,0x252B04F1d31B8acCB345BE1AdB4E0CeF54d09fb8,1,5,9addb389dabe074a885488f3b65561aecabf1096c972b7fdef7ba901aea7babb,28,0x3a8d7830fecD095682572e09B9905da4B57E7A72,92256e78ff4d4fbcffe8bc164ecfcc982e40d1eec0fac36bd4268808e521bf2e,D:\PHD\بابل\2024\Research Reco\الجزء الثاني\Douban Reco\4 ايصال التوصيات بضمنها العقد\03_outputs\RECOMMENDATION_DELIVERY_TOP5_V1\payloads\community_101\user_1322_community_101_v1_top5_payload.json,D:\PHD\results\13 Uplift\DMF_GLOBAL_ONLY_COMMUNITIES_DETERMINISTIC\RUN_VR14b_COMM_DET_LN0d2_NEG2_EMB64_POS3train4test_BPR_EVAL20_028_comm_101_U80_I3034\028_comm_101_U80_I3034_top20_per_user_recs_VR14b_COMM_DET_LN0d2_NEG2_EMB64_POS3train4test_BPR_EVAL20.csv
101,1378,0x14D469aaf00d1812a6605d9255C035094E394650,1,5,a232abfc361b6994fc0142d8e20eb51ed9a594299e425a47343d94d8d477f27e,28,0x3a8d7830fecD095682572e09B9905da4B57E7A72,16330231a26d049bc5bdec45e920d82054c25c1c1711af093579e185325771d9,D:\PHD\بابل\2024\Research Reco\الجزء الثاني\Douban Reco\4 ايصال التوصيات بضمنها العقد\03_outputs\RECOMMENDATION_DELIVERY_TOP5_V1\payloads\community_101\user_1378_community_101_v1_top5_payload.json,D:\PHD\results\13 Uplift\DMF_GLOBAL_ONLY_COMMUNITIES_DETERMINISTIC\RUN_VR14b_COMM_DET_LN0d2_NEG2_EMB64_POS3train4test_BPR_EVAL20_028_comm_101_U80_I3034\028_comm_101_U80_I3034_top20_per_user_recs_VR14b_COMM_DET_LN0d2_NEG2_EMB64_POS3train4test_BPR_EVAL20.csv
101,1407,0x0F8b8b07d92D8B4bB22fE2C4063CC2291E64795b,1,5,01160377813900d1f89e9942620a1dc02048d894ec5877f63055989ddbe55f1e,28,0x3a8d7830fecD095682572e09B9905da4B57E7A72,59631fb74173937e583de354736577dc41ff340e4a845cce29d3d78498a1d556,D:\PHD\بابل\2024\Research Reco\الجزء الثاني\Douban Reco\4 ايصال التوصيات بضمنها العقد\03_outputs\RECOMMENDATION_DELIVERY_TOP5_V1\payloads\community_101\user_1407_community_101_v1_top5_payload.json,D:\PHD\results\13 Uplift\DMF_GLOBAL_ONLY_COMMUNITIES_DETERMINISTIC\RUN_VR14b_COMM_DET_LN0d2_NEG2_EMB64_POS3train4test_BPR_EVAL20_028_comm_101_U80_I3034\028_comm_101_U80_I3034_top20_per_user_recs_VR14b_COMM_DET_LN0d2_NEG2_EMB64_POS3train4test_BPR_EVAL20.csv
101,1429,0x325600A2dF0e9BECACfCb2fec5C408A54d891B57,1,5,0bec8f89583a74ba0ceb070e755b822db7a42945ba8f4f86e12469c5e617ce05,28,0x3a8d7830fecD095682572e09B9905da4B57E7A72,25019b747bac70f8e98352b0e02c63cb67058d2741a2a32b00f86a3223a45967,D:\PHD\بابل\2024\Research Reco\الجزء الثاني\Douban Reco\4 ايصال التوصيات بضمنها العقد\03_outputs\RECOMMENDATION_DELIVERY_TOP5_V1\payloads\community_101\user_1429_community_101_v1_top5_payload.json,D:\PHD\results\13 Uplift\DMF_GLOBAL_ONLY_COMMUNITIES_DETERMINISTIC\RUN_VR14b_COMM_DET_LN0d2_NEG2_EMB64_POS3train4test_BPR_EVAL20_028_comm_101_U80_I3034\028_comm_101_U80_I3034_top20_per_user_recs_VR14b_COMM_DET_LN0d2_NEG2_EMB64_POS3train4test_BPR_EVAL20.csv
101,1528,0x8f95C5024b491830b7baf297490b3b1083c5b2C3,1,5,b1d77d56a532ff49a74503144ea5e366f657d33251533ad403a493ca2c10ce61,28,0x3a8d7830fecD095682572e09B9905da4B57E7A72,c4445aec1fe0950de21ce663902604df0464343491369c4dd044bfbde41ec28c,D:\PHD\بابل\2024\Research Reco\الجزء الثاني\Douban Reco\4 ايصال التوصيات بضمنها العقد\03_outputs\RECOMMENDATION_DELIVERY_TOP5_V1\payloads\community_101\user_1528_community_101_v1_top5_payload.json,D:\PHD\results\13 Uplift\DMF_GLOBAL_ONLY_COMMUNITIES_DETERMINISTIC\RUN_VR14b_COMM_DET_LN0d2_NEG2_EMB64_POS3train4test_BPR_EVAL20_028_comm_101_U80_I3034\028_comm_101_U80_I3034_top20_per_user_recs_VR14b_COMM_DET_LN0d2_NEG2_EMB64_POS3train4test_BPR_EVAL20.csv
101,1535,0x0a5Cc71d4671186F4DD5dc23d906167DDa7433CD,1,5,773ec17d23e3820ea7c28195e2e5fd632b26d913731e717f2fe291419438c692,28,0x3a8d7830fecD095682572e09B9905da4B57E7A72,05aa17adc251530d3e334db5f556681499e850ddce0257a95509b8d4e88e9e56,D:\PHD\بابل\2024\Research Reco\الجزء الثاني\Douban Reco\4 ايصال التوصيات بضمنها العقد\03_outputs\RECOMMENDATION_DELIVERY_TOP5_V1\payloads\community_101\user_1535_community_101_v1_top5_payload.json,D:\PHD\results\13 Uplift\DMF_GLOBAL_ONLY_COMMUNITIES_DETERMINISTIC\RUN_VR14b_COMM_DET_LN0d2_NEG2_EMB64_POS3train4test_BPR_EVAL20_028_comm_101_U80_I3034\028_comm_101_U80_I3034_top20_per_user_recs_VR14b_COMM_DET_LN0d2_NEG2_EMB64_POS3train4test_BPR_EVAL20.csv
101,1548,0xfbf0D090448728c126fD9ecb9CCd37E8b518B7AD,1,5,3675a34badb86da1483fbf142c0936457bd81ef9003ad87597c04477295b6da0,28,0x3a8d7830fecD095682572e09B9905da4B57E7A72,3e1a5db0d00cf01c45ab046ca27cdca810e70ce47f7deb08e15928cdc4d76a59,D:\PHD\بابل\2024\Research Reco\الجزء الثاني\Douban Reco\4 ايصال التوصيات بضمنها العقد\03_outputs\RECOMMENDATION_DELIVERY_TOP5_V1\payloads\community_101\user_1548_community_101_v1_top5_payload.json,D:\PHD\results\13 Uplift\DMF_GLOBAL_ONLY_COMMUNITIES_DETERMINISTIC\RUN_VR14b_COMM_DET_LN0d2_NEG2_EMB64_POS3train4test_BPR_EVAL20_028_comm_101_U80_I3034\028_comm_101_U80_I3034_top20_per_user_recs_VR14b_COMM_DET_LN0d2_NEG2_EMB64_POS3train4test_BPR_EVAL20.csv
101,1575,0x7f7300a053A1193C69cf68450bdd50a1bccE8C49,1,5,518b815eb2791ac3ee177b58d9606731b5122d24cfa20f3ded65ffc80934701d,28,0x3a8d7830fecD095682572e09B9905da4B57E7A72,515a215dda9cf3c9dffea6909fc3b5a14b668fc70aeb1c354de60e93b5a4a7f3,D:\PHD\بابل\2024\Research Reco\الجزء الثاني\Douban Reco\4 ايصال التوصيات بضمنها العقد\03_outputs\RECOMMENDATION_DELIVERY_TOP5_V1\payloads\community_101\user_1575_community_101_v1_top5_payload.json,D:\PHD\results\13 Uplift\DMF_GLOBAL_ONLY_COMMUNITIES_DETERMINISTIC\RUN_VR14b_COMM_DET_LN0d2_NEG2_EMB64_POS3train4test_BPR_EVAL20_028_comm_101_U80_I3034\028_comm_101_U80_I3034_top20_per_user_recs_VR14b_COMM_DET_LN0d2_NEG2_EMB64_POS3train4test_BPR_EVAL20.csv
101,1689,0xBE67B1283dE523E5f31fe5F4eB5823B7Dc5FAF55,1,5,9f1cc0c1bab55f823dc3218fd1c6f06937e1c824bc5599f90131a108eb6acac4,28,0x3a8d7830fecD095682572e09B9905da4B57E7A72,bf7e2efb4034023ff6ea11c00f17edfc618fa586644cbc7f3e629aa5d92f5d72,D:\PHD\بابل\2024\Research Reco\الجزء الثاني\Douban Reco\4 ايصال التوصيات بضمنها العقد\03_outputs\RECOMMENDATION_DELIVERY_TOP5_V1\payloads\community_101\user_1689_community_101_v1_top5_payload.json,D:\PHD\results\13 Uplift\DMF_GLOBAL_ONLY_COMMUNITIES_DETERMINISTIC\RUN_VR14b_COMM_DET_LN0d2_NEG2_EMB64_POS3train4test_BPR_EVAL20_028_comm_101_U80_I3034\028_comm_101_U80_I3034_top20_per_user_recs_VR14b_COMM_DET_LN0d2_NEG2_EMB64_POS3train4test_BPR_EVAL20.csv
101,1804,0xbd800F4Fb8B35f8EB512B955c13C43B075F21dA4,1,5,87d865348dc320a9204156ba6da3c60ab5d629eb5d1517f4d0d07e61da5be383,28,0x3a8d7830fecD095682572e09B9905da4B57E7A72,2a53076b66ed4a40b324560ce1331faab005c099c5d7b10515160c274694044c,D:\PHD\بابل\2024\Research Reco\الجزء الثاني\Douban Reco\4 ايصال التوصيات بضمنها العقد\03_outputs\RECOMMENDATION_DELIVERY_TOP5_V1\payloads\community_101\user_1804_community_101_v1_top5_payload.json,D:\PHD\results\13 Uplift\DMF_GLOBAL_ONLY_COMMUNITIES_DETERMINISTIC\RUN_VR14b_COMM_DET_LN0d2_NEG2_EMB64_POS3train4test_BPR_EVAL20_028_comm_101_U80_I3034\028_comm_101_U80_I3034_top20_per_user_recs_VR14b_COMM_DET_LN0d2_NEG2_EMB64_POS3train4test_BPR_EVAL20.csv
101,1934,0x0464c261EdBf46c8F075B2f746F66d9569c57dEa,1,5,bc4ef38bd4d3dea095f180f18791be5e8f7eb8ce60ebec3241f84173e27d16de,28,0x3a8d7830fecD095682572e09B9905da4B57E7A72,2adb0314a01b99971cc3ed7c6bed5994465342bf7afb659f2dc3d35eeafdfebf,D:\PHD\بابل\2024\Research Reco\الجزء الثاني\Douban Reco\4 ايصال التوصيات بضمنها العقد\03_outputs\RECOMMENDATION_DELIVERY_TOP5_V1\payloads\community_101\user_1934_community_101_v1_top5_payload.json,D:\PHD\results\13 Uplift\DMF_GLOBAL_ONLY_COMMUNITIES_DETERMINISTIC\RUN_VR14b_COMM_DET_LN0d2_NEG2_EMB64_POS3train4test_BPR_EVAL20_028_comm_101_U80_I3034\028_comm_101_U80_I3034_top20_per_user_recs_VR14b_COMM_DET_LN0d2_NEG2_EMB64_POS3train4test_BPR_EVAL20.csv
101,1956,0x4c18F2589fDe50fca6Ea2c90441fdaFd09f3181E,1,5,4e387061f8bd00fd652dce2093fb8b4f93f656b4d43c078884c1240c3d516e5f,28,0x3a8d7830fecD095682572e09B9905da4B57E7A72,2cfe9de2f13a95cff420f914b4f36d28abbb30ed3d0481826a2ea04806c6f739,D:\PHD\بابل\2024\Research Reco\الجزء الثاني\Douban Reco\4 ايصال التوصيات بضمنها العقد\03_outputs\RECOMMENDATION_DELIVERY_TOP5_V1\payloads\community_101\user_1956_community_101_v1_top5_payload.json,D:\PHD\results\13 Uplift\DMF_GLOBAL_ONLY_COMMUNITIES_DETERMINISTIC\RUN_VR14b_COMM_DET_LN0d2_NEG2_EMB64_POS3train4test_BPR_EVAL20_028_comm_101_U80_I3034\028_comm_101_U80_I3034_top20_per_user_recs_VR14b_COMM_DET_LN0d2_NEG2_EMB64_POS3train4test_BPR_EVAL20.csv
101,2074,0xac3d62f453D1799AB3B5446865AcA1dE6362687a,1,5,18f556927946b5f45669a5a0e33c1f726c914eb5712d580eb5a86d33c079a7bb,28,0x3a8d7830fecD095682572e09B9905da4B57E7A72,9d97e77863ee00857817a735ef97b81cf4452e2fa92f1959191d242795808f1b,D:\PHD\بابل\2024\Research Reco\الجزء الثاني\Douban Reco\4 ايصال التوصيات بضمنها العقد\03_outputs\RECOMMENDATION_DELIVERY_TOP5_V1\payloads\community_101\user_2074_community_101_v1_top5_payload.json,D:\PHD\results\13 Uplift\DMF_GLOBAL_ONLY_COMMUNITIES_DETERMINISTIC\RUN_VR14b_COMM_DET_LN0d2_NEG2_EMB64_POS3train4test_BPR_EVAL20_028_comm_101_U80_I3034\028_comm_101_U80_I3034_top20_per_user_recs_VR14b_COMM_DET_LN0d2_NEG2_EMB64_POS3train4test_BPR_EVAL20.csv
101,2089,0x0eb3Cedaf8dadE1D0AFd3e95f213a13928921823,1,5,d7b098fd1bcb6a0ba506cb132af640ad7c3e98e587d7d28b98d772f8ac00d539,28,0x3a8d7830fecD095682572e09B9905da4B57E7A72,595b922293cde138d6c705ac6d078aea1f19cab52c59d9192ef2379c08241cee,D:\PHD\بابل\2024\Research Reco\الجزء الثاني\Douban Reco\4 ايصال التوصيات بضمنها العقد\03_outputs\RECOMMENDATION_DELIVERY_TOP5_V1\payloads\community_101\user_2089_community_101_v1_top5_payload.json,D:\PHD\results\13 Uplift\DMF_GLOBAL_ONLY_COMMUNITIES_DETERMINISTIC\RUN_VR14b_COMM_DET_LN0d2_NEG2_EMB64_POS3train4test_BPR_EVAL20_028_comm_101_U80_I3034\028_comm_101_U80_I3034_top20_per_user_recs_VR14b_COMM_DET_LN0d2_NEG2_EMB64_POS3train4test_BPR_EVAL20.csv
101,2095,0xe3E9A58802DCffE79AD6aA2a1a9f5e3F2575b654,1,5,3c5044c1ed723e5568b1d7e6674c0c72dc01685b6bb951e5818ea0b7637ff0dd,28,0x3a8d7830fecD095682572e09B9905da4B57E7A72,3bdc050869df588fcfb18e440c6513b44f566e8ff07bb9476774334987e74fdc,D:\PHD\بابل\2024\Research Reco\الجزء الثاني\Douban Reco\4 ايصال التوصيات بضمنها العقد\03_outputs\RECOMMENDATION_DELIVERY_TOP5_V1\payloads\community_101\user_2095_community_101_v1_top5_payload.json,D:\PHD\results\13 Uplift\DMF_GLOBAL_ONLY_COMMUNITIES_DETERMINISTIC\RUN_VR14b_COMM_DET_LN0d2_NEG2_EMB64_POS3train4test_BPR_EVAL20_028_comm_101_U80_I3034\028_comm_101_U80_I3034_top20_per_user_recs_VR14b_COMM_DET_LN0d2_NEG2_EMB64_POS3train4test_BPR_EVAL20.csv
101,2125,0x694721d906d822D4FCc890E108D004C3c3226de7,1,5,c91e9241a3cf050d8299023ddc42f2c685cf177b4d38a7b6e038703f83537f7d,28,0x3a8d7830fecD095682572e09B9905da4B57E7A72,48f060462b2022aa8d00ef3170c3e7cf85a624631209b04667969538e8ca1115,D:\PHD\بابل\2024\Research Reco\الجزء الثاني\Douban Reco\4 ايصال التوصيات بضمنها العقد\03_outputs\RECOMMENDATION_DELIVERY_TOP5_V1\payloads\community_101\user_2125_community_101_v1_top5_payload.json,D:\PHD\results\13 Uplift\DMF_GLOBAL_ONLY_COMMUNITIES_DETERMINISTIC\RUN_VR14b_COMM_DET_LN0d2_NEG2_EMB64_POS3train4test_BPR_EVAL20_028_comm_101_U80_I3034\028_comm_101_U80_I3034_top20_per_user_recs_VR14b_COMM_DET_LN0d2_NEG2_EMB64_POS3train4test_BPR_EVAL20.csv
101,2147,0x7e8f5BA0FEe6ff5220691CFFd28EdE5e34ac8B3D,1,5,6686be65969311f54c8260a5fb32872880c71dc53f6bcc2d4b6ef40a8a9a6986,28,0x3a8d7830fecD095682572e09B9905da4B57E7A72,6f427e28113477a5e1cccf3519d923717b586907b2e701eda83fd4536315e5c8,D:\PHD\بابل\2024\Research Reco\الجزء الثاني\Douban Reco\4 ايصال التوصيات بضمنها العقد\03_outputs\RECOMMENDATION_DELIVERY_TOP5_V1\payloads\community_101\user_2147_community_101_v1_top5_payload.json,D:\PHD\results\13 Uplift\DMF_GLOBAL_ONLY_COMMUNITIES_DETERMINISTIC\RUN_VR14b_COMM_DET_LN0d2_NEG2_EMB64_POS3train4test_BPR_EVAL20_028_comm_101_U80_I3034\028_comm_101_U80_I3034_top20_per_user_recs_VR14b_COMM_DET_LN0d2_NEG2_EMB64_POS3train4test_BPR_EVAL20.csv
101,2159,0x5c07f9591720dfEedF768B31bF8BA697332c6A2d,1,5,971d0550ad0d3e60966de1edbc239546154aed18c8e1f64f23893f2283af645e,28,0x3a8d7830fecD095682572e09B9905da4B57E7A72,baa5b7c96981b4f67dfee53830131c10ef70f7e3ade824d51c993352f5bd4875,D:\PHD\بابل\2024\Research Reco\الجزء الثاني\Douban Reco\4 ايصال التوصيات بضمنها العقد\03_outputs\RECOMMENDATION_DELIVERY_TOP5_V1\payloads\community_101\user_2159_community_101_v1_top5_payload.json,D:\PHD\results\13 Uplift\DMF_GLOBAL_ONLY_COMMUNITIES_DETERMINISTIC\RUN_VR14b_COMM_DET_LN0d2_NEG2_EMB64_POS3train4test_BPR_EVAL20_028_comm_101_U80_I3034\028_comm_101_U80_I3034_top20_per_user_recs_VR14b_COMM_DET_LN0d2_NEG2_EMB64_POS3train4test_BPR_EVAL20.csv
101,2174,0x6044BAcE0dF2cd03F684C3653E7b4aeFf8840072,1,5,eca2ea12941f949feeb594585ed5b6b5da20bef175a908e4a2d46580f04353f7,28,0x3a8d7830fecD095682572e09B9905da4B57E7A72,2b19792b3c3474ac95c90b922190548c156a22b448efc6052ced1f02dbe28cd8,D:\PHD\بابل\2024\Research Reco\الجزء الثاني\Douban Reco\4 ايصال التوصيات بضمنها العقد\03_outputs\RECOMMENDATION_DELIVERY_TOP5_V1\payloads\community_101\user_2174_community_101_v1_top5_payload.json,D:\PHD\results\13 Uplift\DMF_GLOBAL_ONLY_COMMUNITIES_DETERMINISTIC\RUN_VR14b_COMM_DET_LN0d2_NEG2_EMB64_POS3train4test_BPR_EVAL20_028_comm_101_U80_I3034\028_comm_101_U80_I3034_top20_per_user_recs_VR14b_COMM_DET_LN0d2_NEG2_EMB64_POS3train4test_BPR_EVAL20.csv
101,2216,0xa0E0d4F84B4F66DaD9Ff006e3726dA0616887e74,1,5,15515f5d6f8223404887e56cc5d7338c35826afb0972c9a889ea238d21ca80c6,28,0x3a8d7830fecD095682572e09B9905da4B57E7A72,98c2f1b3eef10529e0c6b38105c9bdffd8281cea13c51ec1acdc4cb5b5b63850,D:\PHD\بابل\2024\Research Reco\الجزء الثاني\Douban Reco\4 ايصال التوصيات بضمنها العقد\03_outputs\RECOMMENDATION_DELIVERY_TOP5_V1\payloads\community_101\user_2216_community_101_v1_top5_payload.json,D:\PHD\results\13 Uplift\DMF_GLOBAL_ONLY_COMMUNITIES_DETERMINISTIC\RUN_VR14b_COMM_DET_LN0d2_NEG2_EMB64_POS3train4test_BPR_EVAL20_028_comm_101_U80_I3034\028_comm_101_U80_I3034_top20_per_user_recs_VR14b_COMM_DET_LN0d2_NEG2_EMB64_POS3train4test_BPR_EVAL20.csv
101,2233,0x328D05315290c11bF2E471d8Ae6Fd6a9246c5d2b,1,5,d240143a7fab86421b2d32a510b6d78bf8cf54a9cbabc380bca1e7609fe4cfd8,28,0x3a8d7830fecD095682572e09B9905da4B57E7A72,f54fe0338a34eaea8e41053a47e88eccddef57a00e219dcbdc8165ebdc5d5882,D:\PHD\بابل\2024\Research Reco\الجزء الثاني\Douban Reco\4 ايصال التوصيات بضمنها العقد\03_outputs\RECOMMENDATION_DELIVERY_TOP5_V1\payloads\community_101\user_2233_community_101_v1_top5_payload.json,D:\PHD\results\13 Uplift\DMF_GLOBAL_ONLY_COMMUNITIES_DETERMINISTIC\RUN_VR14b_COMM_DET_LN0d2_NEG2_EMB64_POS3train4test_BPR_EVAL20_028_comm_101_U80_I3034\028_comm_101_U80_I3034_top20_per_user_recs_VR14b_COMM_DET_LN0d2_NEG2_EMB64_POS3train4test_BPR_EVAL20.csv
101,2282,0x4FE997E9D6B59393187Bd90693afCb5B209B590E,1,5,9781022018a7a52f98dfd82d5b4b6cff2f8d7d6bb3927cda5f349b966e692733,28,0x3a8d7830fecD095682572e09B9905da4B57E7A72,42834bf97bfcf3c7592a16e29ed18cb5376bf89f8aad51eeb30477c75a606738,D:\PHD\بابل\2024\Research Reco\الجزء الثاني\Douban Reco\4 ايصال التوصيات بضمنها العقد\03_outputs\RECOMMENDATION_DELIVERY_TOP5_V1\payloads\community_101\user_2282_community_101_v1_top5_payload.json,D:\PHD\results\13 Uplift\DMF_GLOBAL_ONLY_COMMUNITIES_DETERMINISTIC\RUN_VR14b_COMM_DET_LN0d2_NEG2_EMB64_POS3train4test_BPR_EVAL20_028_comm_101_U80_I3034\028_comm_101_U80_I3034_top20_per_user_recs_VR14b_COMM_DET_LN0d2_NEG2_EMB64_POS3train4test_BPR_EVAL20.csv
101,2347,0x079528392193802cdCA1664ECE763c150Cd7403c,1,5,99406f2470df2450d3b1b9a9cce38507058035fdc2c500232edaf6d81c145c23,28,0x3a8d7830fecD095682572e09B9905da4B57E7A72,f8599a8bf1994265adf7e53304e6156f9587cc8ad47cbad32bbb91f1bf2c02f6,D:\PHD\بابل\2024\Research Reco\الجزء الثاني\Douban Reco\4 ايصال التوصيات بضمنها العقد\03_outputs\RECOMMENDATION_DELIVERY_TOP5_V1\payloads\community_101\user_2347_community_101_v1_top5_payload.json,D:\PHD\results\13 Uplift\DMF_GLOBAL_ONLY_COMMUNITIES_DETERMINISTIC\RUN_VR14b_COMM_DET_LN0d2_NEG2_EMB64_POS3train4test_BPR_EVAL20_028_comm_101_U80_I3034\028_comm_101_U80_I3034_top20_per_user_recs_VR14b_COMM_DET_LN0d2_NEG2_EMB64_POS3train4test_BPR_EVAL20.csv
101,2353,0x2a1fd3F7837FB53b306ab2F95Ae2D918e8aA2353,1,5,2aadc7afc14380c86940a4a62efc0fc494b472ceee2298c416a9a3f778ad3c38,28,0x3a8d7830fecD095682572e09B9905da4B57E7A72,55de72c25a7591435a357b10605f6bfa6cdcde6922a9ca071e4e8be67ed7ed36,D:\PHD\بابل\2024\Research Reco\الجزء الثاني\Douban Reco\4 ايصال التوصيات بضمنها العقد\03_outputs\RECOMMENDATION_DELIVERY_TOP5_V1\payloads\community_101\user_2353_community_101_v1_top5_payload.json,D:\PHD\results\13 Uplift\DMF_GLOBAL_ONLY_COMMUNITIES_DETERMINISTIC\RUN_VR14b_COMM_DET_LN0d2_NEG2_EMB64_POS3train4test_BPR_EVAL20_028_comm_101_U80_I3034\028_comm_101_U80_I3034_top20_per_user_recs_VR14b_COMM_DET_LN0d2_NEG2_EMB64_POS3train4test_BPR_EVAL20.csv
101,2418,0xe5A68111Ca76ba4381A7177e0B429591eDa528DD,1,5,372c7d70a944de47896fee20ee11d16610ad06fe2311c4abcdd68dd8ba732e6b,28,0x3a8d7830fecD095682572e09B9905da4B57E7A72,cf3349ec074c745324c104994e8e619a0f2241514ac68cbb63dfe2ebcd9a2918,D:\PHD\بابل\2024\Research Reco\الجزء الثاني\Douban Reco\4 ايصال التوصيات بضمنها العقد\03_outputs\RECOMMENDATION_DELIVERY_TOP5_V1\payloads\community_101\user_2418_community_101_v1_top5_payload.json,D:\PHD\results\13 Uplift\DMF_GLOBAL_ONLY_COMMUNITIES_DETERMINISTIC\RUN_VR14b_COMM_DET_LN0d2_NEG2_EMB64_POS3train4test_BPR_EVAL20_028_comm_101_U80_I3034\028_comm_101_U80_I3034_top20_per_user_recs_VR14b_COMM_DET_LN0d2_NEG2_EMB64_POS3train4test_BPR_EVAL20.csv
101,2425,0x5BB9a47b8e183160075a38f9050725a29d3d81B0,1,5,b273610dbe54afeed7d9e413c2d7a5eab5131edb299a7f1c7f84778823b81097,28,0x3a8d7830fecD095682572e09B9905da4B57E7A72,b9c3659319d51e406977a1b43c3a0dbcdd1e83376f20b66e261a022a92d82379,D:\PHD\بابل\2024\Research Reco\الجزء الثاني\Douban Reco\4 ايصال التوصيات بضمنها العقد\03_outputs\RECOMMENDATION_DELIVERY_TOP5_V1\payloads\community_101\user_2425_community_101_v1_top5_payload.json,D:\PHD\results\13 Uplift\DMF_GLOBAL_ONLY_COMMUNITIES_DETERMINISTIC\RUN_VR14b_COMM_DET_LN0d2_NEG2_EMB64_POS3train4test_BPR_EVAL20_028_comm_101_U80_I3034\028_comm_101_U80_I3034_top20_per_user_recs_VR14b_COMM_DET_LN0d2_NEG2_EMB64_POS3train4test_BPR_EVAL20.csv
101,2462,0xfabB59173d1497FE9C67E772E33a5fB93595A1b8,1,5,aa504d2b09a1d5f8a1e49590a07c28ae4f7d7e49d99d141b81a680b5fdacb9bf,28,0x3a8d7830fecD095682572e09B9905da4B57E7A72,eb4fd0cb1c51889726210a1871419d8e1fb2b6f24dee670bad797647cfe8543a,D:\PHD\بابل\2024\Research Reco\الجزء الثاني\Douban Reco\4 ايصال التوصيات بضمنها العقد\03_outputs\RECOMMENDATION_DELIVERY_TOP5_V1\payloads\community_101\user_2462_community_101_v1_top5_payload.json,D:\PHD\results\13 Uplift\DMF_GLOBAL_ONLY_COMMUNITIES_DETERMINISTIC\RUN_VR14b_COMM_DET_LN0d2_NEG2_EMB64_POS3train4test_BPR_EVAL20_028_comm_101_U80_I3034\028_comm_101_U80_I3034_top20_per_user_recs_VR14b_COMM_DET_LN0d2_NEG2_EMB64_POS3train4test_BPR_EVAL20.csv
101,2502,0x46870623D3423845e1f97dAB9b8a6AbcE1Dc2541,1,5,47bdd656c09106dd4bc938c98d8806bd922e87d225db40582e6cb9b5f0163530,28,0x3a8d7830fecD095682572e09B9905da4B57E7A72,0f142ebd0312bcef041199e19205576aa5223bc9e30a5f0b6973f079c69a597d,D:\PHD\بابل\2024\Research Reco\الجزء الثاني\Douban Reco\4 ايصال التوصيات بضمنها العقد\03_outputs\RECOMMENDATION_DELIVERY_TOP5_V1\payloads\community_101\user_2502_community_101_v1_top5_payload.json,D:\PHD\results\13 Uplift\DMF_GLOBAL_ONLY_COMMUNITIES_DETERMINISTIC\RUN_VR14b_COMM_DET_LN0d2_NEG2_EMB64_POS3train4test_BPR_EVAL20_028_comm_101_U80_I3034\028_comm_101_U80_I3034_top20_per_user_recs_VR14b_COMM_DET_LN0d2_NEG2_EMB64_POS3train4test_BPR_EVAL20.csv
101,2554,0x062dfaD9Ed2891f00C4017C85007882fb5643D66,1,5,ae488140fc310afcea1b67d0e35f883fcffcb4fb79fcf8d37939489cdb045ebf,28,0x3a8d7830fecD095682572e09B9905da4B57E7A72,a71bc6735bb09f6d910f0edb34c1437243294b47a31a8288841a7638e1737bd9,D:\PHD\بابل\2024\Research Reco\الجزء الثاني\Douban Reco\4 ايصال التوصيات بضمنها العقد\03_outputs\RECOMMENDATION_DELIVERY_TOP5_V1\payloads\community_101\user_2554_community_101_v1_top5_payload.json,D:\PHD\results\13 Uplift\DMF_GLOBAL_ONLY_COMMUNITIES_DETERMINISTIC\RUN_VR14b_COMM_DET_LN0d2_NEG2_EMB64_POS3train4test_BPR_EVAL20_028_comm_101_U80_I3034\028_comm_101_U80_I3034_top20_per_user_recs_VR14b_COMM_DET_LN0d2_NEG2_EMB64_POS3train4test_BPR_EVAL20.csv
101,2562,0x6969D85b0EfC61F64972166E6ACA3ee7ED830718,1,5,fe2bcd03ad46318e32af659449da1b12b6e202463f3f810979e17b56d67b72c4,28,0x3a8d7830fecD095682572e09B9905da4B57E7A72,304b5349f9417d7ae00b103770d75b6b4d7bbc8d2008c3f4eea825cfedb7f64f,D:\PHD\بابل\2024\Research Reco\الجزء الثاني\Douban Reco\4 ايصال التوصيات بضمنها العقد\03_outputs\RECOMMENDATION_DELIVERY_TOP5_V1\payloads\community_101\user_2562_community_101_v1_top5_payload.json,D:\PHD\results\13 Uplift\DMF_GLOBAL_ONLY_COMMUNITIES_DETERMINISTIC\RUN_VR14b_COMM_DET_LN0d2_NEG2_EMB64_POS3train4test_BPR_EVAL20_028_comm_101_U80_I3034\028_comm_101_U80_I3034_top20_per_user_recs_VR14b_COMM_DET_LN0d2_NEG2_EMB64_POS3train4test_BPR_EVAL20.csv
101,2584,0x7a5e8Db5aD1406cbf94A399273AE0C904a562415,1,5,541ae7eaeb6761fb8850b161268ccfad1c99cd80d73bf25d6799b6d449836783,28,0x3a8d7830fecD095682572e09B9905da4B57E7A72,d85d09a3b22b569a7c9131fed25c8988a22ffade5b20f103fa93e8485b7b1792,D:\PHD\بابل\2024\Research Reco\الجزء الثاني\Douban Reco\4 ايصال التوصيات بضمنها العقد\03_outputs\RECOMMENDATION_DELIVERY_TOP5_V1\payloads\community_101\user_2584_community_101_v1_top5_payload.json,D:\PHD\results\13 Uplift\DMF_GLOBAL_ONLY_COMMUNITIES_DETERMINISTIC\RUN_VR14b_COMM_DET_LN0d2_NEG2_EMB64_POS3train4test_BPR_EVAL20_028_comm_101_U80_I3034\028_comm_101_U80_I3034_top20_per_user_recs_VR14b_COMM_DET_LN0d2_NEG2_EMB64_POS3train4test_BPR_EVAL20.csv
101,2592,0x0bb8104eC850f403236b4FaDBD78FE4ef444B728,1,5,61662dddb12f08315b32c658a86150b773148456e157f0580c13b20f2366f559,28,0x3a8d7830fecD095682572e09B9905da4B57E7A72,ba592b9a5a760c2f6ac9494909c0aae74ab2648a75dc182c7ae8a1a5de24c249,D:\PHD\بابل\2024\Research Reco\الجزء الثاني\Douban Reco\4 ايصال التوصيات بضمنها العقد\03_outputs\RECOMMENDATION_DELIVERY_TOP5_V1\payloads\community_101\user_2592_community_101_v1_top5_payload.json,D:\PHD\results\13 Uplift\DMF_GLOBAL_ONLY_COMMUNITIES_DETERMINISTIC\RUN_VR14b_COMM_DET_LN0d2_NEG2_EMB64_POS3train4test_BPR_EVAL20_028_comm_101_U80_I3034\028_comm_101_U80_I3034_top20_per_user_recs_VR14b_COMM_DET_LN0d2_NEG2_EMB64_POS3train4test_BPR_EVAL20.csv
101,2607,0xe9c1c9F8b148807C1a0A1342ed19ca1dc5Fd5967,1,5,6d68920700e889cd9a265fc581b05ea98d4e4f08e278a47e322144874390fd62,28,0x3a8d7830fecD095682572e09B9905da4B57E7A72,13b548523f3ae7af587e30ae45f43fae9d49e23598b976fcee22401da175e3bd,D:\PHD\بابل\2024\Research Reco\الجزء الثاني\Douban Reco\4 ايصال التوصيات بضمنها العقد\03_outputs\RECOMMENDATION_DELIVERY_TOP5_V1\payloads\community_101\user_2607_community_101_v1_top5_payload.json,D:\PHD\results\13 Uplift\DMF_GLOBAL_ONLY_COMMUNITIES_DETERMINISTIC\RUN_VR14b_COMM_DET_LN0d2_NEG2_EMB64_POS3train4test_BPR_EVAL20_028_comm_101_U80_I3034\028_comm_101_U80_I3034_top20_per_user_recs_VR14b_COMM_DET_LN0d2_NEG2_EMB64_POS3train4test_BPR_EVAL20.csv
101,2620,0x601F2c77E94D665fe31bCD5FD1Aa87856eABd29e,1,5,2f5df01b84b8e01226aa9c5ca70ebbe4c61b4a5f9f5c7c99a5782bbe4282002f,28,0x3a8d7830fecD095682572e09B9905da4B57E7A72,ef709dcac4737bcbd19544323b11b214a36c3361d245f377dc4be4abad2b8c30,D:\PHD\بابل\2024\Research Reco\الجزء الثاني\Douban Reco\4 ايصال التوصيات بضمنها العقد\03_outputs\RECOMMENDATION_DELIVERY_TOP5_V1\payloads\community_101\user_2620_community_101_v1_top5_payload.json,D:\PHD\results\13 Uplift\DMF_GLOBAL_ONLY_COMMUNITIES_DETERMINISTIC\RUN_VR14b_COMM_DET_LN0d2_NEG2_EMB64_POS3train4test_BPR_EVAL20_028_comm_101_U80_I3034\028_comm_101_U80_I3034_top20_per_user_recs_VR14b_COMM_DET_LN0d2_NEG2_EMB64_POS3train4test_BPR_EVAL20.csv
101,2628,0xA3b1BeFac14cA0803bE392f28f342375Bf92E10E,1,5,7ecec8d344bec85593c31618845a1b4249ee1e50139eed034d78cf234291d6da,28,0x3a8d7830fecD095682572e09B9905da4B57E7A72,a8d9ddbe9b74c79ca9bf063481a3a934b9f3d16a70b9afd44d5baa8d8d681e5f,D:\PHD\بابل\2024\Research Reco\الجزء الثاني\Douban Reco\4 ايصال التوصيات بضمنها العقد\03_outputs\RECOMMENDATION_DELIVERY_TOP5_V1\payloads\community_101\user_2628_community_101_v1_top5_payload.json,D:\PHD\results\13 Uplift\DMF_GLOBAL_ONLY_COMMUNITIES_DETERMINISTIC\RUN_VR14b_COMM_DET_LN0d2_NEG2_EMB64_POS3train4test_BPR_EVAL20_028_comm_101_U80_I3034\028_comm_101_U80_I3034_top20_per_user_recs_VR14b_COMM_DET_LN0d2_NEG2_EMB64_POS3train4test_BPR_EVAL20.csv
101,2649,0x9bBF11C35CF8BCBE4795fd876cb58cD0Ed52D78E,1,5,8fd71da4f8c7e7c0b6a0556216e8c97a018fe1f36f2d29e8e1d705e106987915,28,0x3a8d7830fecD095682572e09B9905da4B57E7A72,c49c9ab80817305c8f4d5d50db1e19e9ac6c6c316e7854be3a593a7f3c3af27d,D:\PHD\بابل\2024\Research Reco\الجزء الثاني\Douban Reco\4 ايصال التوصيات بضمنها العقد\03_outputs\RECOMMENDATION_DELIVERY_TOP5_V1\payloads\community_101\user_2649_community_101_v1_top5_payload.json,D:\PHD\results\13 Uplift\DMF_GLOBAL_ONLY_COMMUNITIES_DETERMINISTIC\RUN_VR14b_COMM_DET_LN0d2_NEG2_EMB64_POS3train4test_BPR_EVAL20_028_comm_101_U80_I3034\028_comm_101_U80_I3034_top20_per_user_recs_VR14b_COMM_DET_LN0d2_NEG2_EMB64_POS3train4test_BPR_EVAL20.csv
101,2814,0x8fAcAD50796A798b733DE97F0d0D189D845f361D,1,5,ca9b3d76c88a468b6fe5d4f975184fb4cec47a652b3be17c55483a8a32ce3765,28,0x3a8d7830fecD095682572e09B9905da4B57E7A72,66efbb49ae2993dd1a77828bf30d1ad1c4c91cdd7525e97ee6a4d8a142371de5,D:\PHD\بابل\2024\Research Reco\الجزء الثاني\Douban Reco\4 ايصال التوصيات بضمنها العقد\03_outputs\RECOMMENDATION_DELIVERY_TOP5_V1\payloads\community_101\user_2814_community_101_v1_top5_payload.json,D:\PHD\results\13 Uplift\DMF_GLOBAL_ONLY_COMMUNITIES_DETERMINISTIC\RUN_VR14b_COMM_DET_LN0d2_NEG2_EMB64_POS3train4test_BPR_EVAL20_028_comm_101_U80_I3034\028_comm_101_U80_I3034_top20_per_user_recs_VR14b_COMM_DET_LN0d2_NEG2_EMB64_POS3train4test_BPR_EVAL20.csv
101,2832,0xc73cB4b7C82A3dF7A5e85AdF368e48206f56320c,1,5,a6f56edd91c159ca4be55f8261b7636c5a888454bb9b53bfa2e6b909808ee15d,28,0x3a8d7830fecD095682572e09B9905da4B57E7A72,8470e2306387b12b4fb30e1f14ef3d645ddc562b34706751c9b740dd2d10a6ec,D:\PHD\بابل\2024\Research Reco\الجزء الثاني\Douban Reco\4 ايصال التوصيات بضمنها العقد\03_outputs\RECOMMENDATION_DELIVERY_TOP5_V1\payloads\community_101\user_2832_community_101_v1_top5_payload.json,D:\PHD\results\13 Uplift\DMF_GLOBAL_ONLY_COMMUNITIES_DETERMINISTIC\RUN_VR14b_COMM_DET_LN0d2_NEG2_EMB64_POS3train4test_BPR_EVAL20_028_comm_101_U80_I3034\028_comm_101_U80_I3034_top20_per_user_recs_VR14b_COMM_DET_LN0d2_NEG2_EMB64_POS3train4test_BPR_EVAL20.csv
101,2870,0x904cF3451ceBA763b9fc5d3175275ec63E3d2caA,1,5,894a438ff38e190b4dd8b1c17676999fa23768cd7568adc30bdb445ea3d987cd,28,0x3a8d7830fecD095682572e09B9905da4B57E7A72,2abe9a813c1cd80c00e560d3827f4c001f63cc5043c8bc8ae637c5ff3ad72cb9,D:\PHD\بابل\2024\Research Reco\الجزء الثاني\Douban Reco\4 ايصال التوصيات بضمنها العقد\03_outputs\RECOMMENDATION_DELIVERY_TOP5_V1\payloads\community_101\user_2870_community_101_v1_top5_payload.json,D:\PHD\results\13 Uplift\DMF_GLOBAL_ONLY_COMMUNITIES_DETERMINISTIC\RUN_VR14b_COMM_DET_LN0d2_NEG2_EMB64_POS3train4test_BPR_EVAL20_028_comm_101_U80_I3034\028_comm_101_U80_I3034_top20_per_user_recs_VR14b_COMM_DET_LN0d2_NEG2_EMB64_POS3train4test_BPR_EVAL20.csv
101,2955,0x23ABee464CcDb49c0fC5e3782ee128B087FE513D,1,5,57edb9b103af2b635cab5e0da1cd96041e872e9fb353761f781475f311ca3b1b,28,0x3a8d7830fecD095682572e09B9905da4B57E7A72,8a869193f35d1827404f7ec0dc8951f351298e83a8143c0ff809b365eaeda49d,D:\PHD\بابل\2024\Research Reco\الجزء الثاني\Douban Reco\4 ايصال التوصيات بضمنها العقد\03_outputs\RECOMMENDATION_DELIVERY_TOP5_V1\payloads\community_101\user_2955_community_101_v1_top5_payload.json,D:\PHD\results\13 Uplift\DMF_GLOBAL_ONLY_COMMUNITIES_DETERMINISTIC\RUN_VR14b_COMM_DET_LN0d2_NEG2_EMB64_POS3train4test_BPR_EVAL20_028_comm_101_U80_I3034\028_comm_101_U80_I3034_top20_per_user_recs_VR14b_COMM_DET_LN0d2_NEG2_EMB64_POS3train4test_BPR_EVAL20.csv
101,2982,0x52F39B6359B583B5d9D1041e321e536A51481c63,1,5,81716a1d3c2ac033dc0c7905433db379b0a8ffc2d79893efa103239f8340d243,28,0x3a8d7830fecD095682572e09B9905da4B57E7A72,48914e161cd3099fb491f0cbe7e18c40999ff5fec0a82cbfdfdfcf48617509d7,D:\PHD\بابل\2024\Research Reco\الجزء الثاني\Douban Reco\4 ايصال التوصيات بضمنها العقد\03_outputs\RECOMMENDATION_DELIVERY_TOP5_V1\payloads\community_101\user_2982_community_101_v1_top5_payload.json,D:\PHD\results\13 Uplift\DMF_GLOBAL_ONLY_COMMUNITIES_DETERMINISTIC\RUN_VR14b_COMM_DET_LN0d2_NEG2_EMB64_POS3train4test_BPR_EVAL20_028_comm_101_U80_I3034\028_comm_101_U80_I3034_top20_per_user_recs_VR14b_COMM_DET_LN0d2_NEG2_EMB64_POS3train4test_BPR_EVAL20.csv
287,1,0xFA17D9fB2c192d677fAdDDBdBbc8f4Fdc58e6C4c,1,5,e958b707721f5854b02e39ce7bcf2602c2f3f5a71e6e0f5f43d9a64fbf9f74f4,460,0xE98b036e15318D1bd89A933eED33Bee42692cF43,573e9e97d83496e5cebc3a8dac4462681823cef69b7a78c56c01e9f9dd59d870,D:\PHD\بابل\2024\Research Reco\الجزء الثاني\Douban Reco\4 ايصال التوصيات بضمنها العقد\03_outputs\RECOMMENDATION_DELIVERY_TOP5_V1\payloads\community_287\user_1_community_287_v1_top5_payload.json,D:\PHD\results\13 Uplift\DMF_GLOBAL_ONLY_COMMUNITIES_DETERMINISTIC\RUN_VR14b_COMM_DET_LN0d2_NEG2_EMB64_POS3train4test_BPR_EVAL20_045_comm_287_U118_I2606\045_comm_287_U118_I2606_top20_per_user_recs_VR14b_COMM_DET_LN0d2_NEG2_EMB64_POS3train4test_BPR_EVAL20.csv
287,9,0xB7c452539Fdd21120F4EbE4f74d642897E968Ffb,1,5,5d1535b51feb6e45c1c3ef3ed38e438fec5158cbaed2dc8c52b089843e124b03,460,0xE98b036e15318D1bd89A933eED33Bee42692cF43,087cce8d819f70f757292d3025dd97790d26878615c7af056394e985f42c9b7a,D:\PHD\بابل\2024\Research Reco\الجزء الثاني\Douban Reco\4 ايصال التوصيات بضمنها العقد\03_outputs\RECOMMENDATION_DELIVERY_TOP5_V1\payloads\community_287\user_9_community_287_v1_top5_payload.json,D:\PHD\results\13 Uplift\DMF_GLOBAL_ONLY_COMMUNITIES_DETERMINISTIC\RUN_VR14b_COMM_DET_LN0d2_NEG2_EMB64_POS3train4test_BPR_EVAL20_045_comm_287_U118_I2606\045_comm_287_U118_I2606_top20_per_user_recs_VR14b_COMM_DET_LN0d2_NEG2_EMB64_POS3train4test_BPR_EVAL20.csv
287,56,0x0D017de5bC4344090Ef947706b68f2C583669445,1,5,c779e36e0b9ec9ea40a2bc9674fa4d846a9d0ab0d030af1372fe372b16e65032,460,0xE98b036e15318D1bd89A933eED33Bee42692cF43,1f4926f0650dec654b21a26917409763bc3f5514328a17f87c08854116141659,D:\PHD\بابل\2024\Research Reco\الجزء الثاني\Douban Reco\4 ايصال التوصيات بضمنها العقد\03_outputs\RECOMMENDATION_DELIVERY_TOP5_V1\payloads\community_287\user_56_community_287_v1_top5_payload.json,D:\PHD\results\13 Uplift\DMF_GLOBAL_ONLY_COMMUNITIES_DETERMINISTIC\RUN_VR14b_COMM_DET_LN0d2_NEG2_EMB64_POS3train4test_BPR_EVAL20_045_comm_287_U118_I2606\045_comm_287_U118_I2606_top20_per_user_recs_VR14b_COMM_DET_LN0d2_NEG2_EMB64_POS3train4test_BPR_EVAL20.csv
287,74,0x8cbfC5037337d6338BC5B11A55E58C896f17294b,1,5,58b093a96ad39f7b120d3410377864bfa7ef910590744c6f29ff62e658546dc3,460,0xE98b036e15318D1bd89A933eED33Bee42692cF43,f09512087d057dd88694e0cde2551793127fbe56998c29d26a9e75bf57631bf5,D:\PHD\بابل\2024\Research Reco\الجزء الثاني\Douban Reco\4 ايصال التوصيات بضمنها العقد\03_outputs\RECOMMENDATION_DELIVERY_TOP5_V1\payloads\community_287\user_74_community_287_v1_top5_payload.json,D:\PHD\results\13 Uplift\DMF_GLOBAL_ONLY_COMMUNITIES_DETERMINISTIC\RUN_VR14b_COMM_DET_LN0d2_NEG2_EMB64_POS3train4test_BPR_EVAL20_045_comm_287_U118_I2606\045_comm_287_U118_I2606_top20_per_user_recs_VR14b_COMM_DET_LN0d2_NEG2_EMB64_POS3train4test_BPR_EVAL20.csv
287,84,0xA4c383C30F697AFAf6a56B58B8fb3528EB1358bB,1,5,e2b6137a80df1fffbff79831bd9b0948cfd2d473f5bd035a1edbdf0ce54c8e0a,460,0xE98b036e15318D1bd89A933eED33Bee42692cF43,3b3433d3cb05d48e5b2ed2a811a9994ae598eb533d1d32ab1fe614c06c8aee21,D:\PHD\بابل\2024\Research Reco\الجزء الثاني\Douban Reco\4 ايصال التوصيات بضمنها العقد\03_outputs\RECOMMENDATION_DELIVERY_TOP5_V1\payloads\community_287\user_84_community_287_v1_top5_payload.json,D:\PHD\results\13 Uplift\DMF_GLOBAL_ONLY_COMMUNITIES_DETERMINISTIC\RUN_VR14b_COMM_DET_LN0d2_NEG2_EMB64_POS3train4test_BPR_EVAL20_045_comm_287_U118_I2606\045_comm_287_U118_I2606_top20_per_user_recs_VR14b_COMM_DET_LN0d2_NEG2_EMB64_POS3train4test_BPR_EVAL20.csv
287,108,0x003e2f1683990DB38C194FbD8C011F6e58Eb534f,1,5,b7bc8ed83663224a99c3ece1ce3c56dd495224f21e3d2dbc253c26b87e9cb6be,460,0xE98b036e15318D1bd89A933eED33Bee42692cF43,6a0bb83dce1a0c1a8aa3819e94058ec732f3939654a04425abb90e74c8bff2ad,D:\PHD\بابل\2024\Research Reco\الجزء الثاني\Douban Reco\4 ايصال التوصيات بضمنها العقد\03_outputs\RECOMMENDATION_DELIVERY_TOP5_V1\payloads\community_287\user_108_community_287_v1_top5_payload.json,D:\PHD\results\13 Uplift\DMF_GLOBAL_ONLY_COMMUNITIES_DETERMINISTIC\RUN_VR14b_COMM_DET_LN0d2_NEG2_EMB64_POS3train4test_BPR_EVAL20_045_comm_287_U118_I2606\045_comm_287_U118_I2606_top20_per_user_recs_VR14b_COMM_DET_LN0d2_NEG2_EMB64_POS3train4test_BPR_EVAL20.csv
287,184,0xDd876203AC1FB3FeEf9b5Bc2d7b1dE4021A4d2E6,1,5,3909c169a5064e4c20d81db3f34009f69df21a3863e81f2a535d06b44fcc4c9e,460,0xE98b036e15318D1bd89A933eED33Bee42692cF43,bc21cbc058ef4e8a926f905fff82dce941692cc6ef224ccea1fc7149f30a89e5,D:\PHD\بابل\2024\Research Reco\الجزء الثاني\Douban Reco\4 ايصال التوصيات بضمنها العقد\03_outputs\RECOMMENDATION_DELIVERY_TOP5_V1\payloads\community_287\user_184_community_287_v1_top5_payload.json,D:\PHD\results\13 Uplift\DMF_GLOBAL_ONLY_COMMUNITIES_DETERMINISTIC\RUN_VR14b_COMM_DET_LN0d2_NEG2_EMB64_POS3train4test_BPR_EVAL20_045_comm_287_U118_I2606\045_comm_287_U118_I2606_top20_per_user_recs_VR14b_COMM_DET_LN0d2_NEG2_EMB64_POS3train4test_BPR_EVAL20.csv
287,193,0xd63EBfE15f9C434fB9877838567c493e5bfA716f,1,5,dbdaf5748d8292f9cf9d3f9f139196f21b9c636a0981394b28f8952882ac8a21,460,0xE98b036e15318D1bd89A933eED33Bee42692cF43,3a9a20bfc2d628bc841ccdfcfa93fb2ddac2357a24a934752214853c4c4c23e9,D:\PHD\بابل\2024\Research Reco\الجزء الثاني\Douban Reco\4 ايصال التوصيات بضمنها العقد\03_outputs\RECOMMENDATION_DELIVERY_TOP5_V1\payloads\community_287\user_193_community_287_v1_top5_payload.json,D:\PHD\results\13 Uplift\DMF_GLOBAL_ONLY_COMMUNITIES_DETERMINISTIC\RUN_VR14b_COMM_DET_LN0d2_NEG2_EMB64_POS3train4test_BPR_EVAL20_045_comm_287_U118_I2606\045_comm_287_U118_I2606_top20_per_user_recs_VR14b_COMM_DET_LN0d2_NEG2_EMB64_POS3train4test_BPR_EVAL20.csv
287,205,0xB464b801Ce9bCe3e2f1F92eAED7677F4080d0fC7,1,5,5035b747a34844b215c5972f3672471de32ca3f114159553623340d7933041cf,460,0xE98b036e15318D1bd89A933eED33Bee42692cF43,bef3e7122896951ebb76bdb93b60e7968b0e5fc5abf7ff05fb5fbc365795b9ee,D:\PHD\بابل\2024\Research Reco\الجزء الثاني\Douban Reco\4 ايصال التوصيات بضمنها العقد\03_outputs\RECOMMENDATION_DELIVERY_TOP5_V1\payloads\community_287\user_205_community_287_v1_top5_payload.json,D:\PHD\results\13 Uplift\DMF_GLOBAL_ONLY_COMMUNITIES_DETERMINISTIC\RUN_VR14b_COMM_DET_LN0d2_NEG2_EMB64_POS3train4test_BPR_EVAL20_045_comm_287_U118_I2606\045_comm_287_U118_I2606_top20_per_user_recs_VR14b_COMM_DET_LN0d2_NEG2_EMB64_POS3train4test_BPR_EVAL20.csv
287,212,0x10214D02C8a14487298E6fc1E7461797dE1Cd2f2,1,5,22e48a8ddf1b4be2a394856ca4ead40ca75f87f1c51633694f928e1e635dfb3a,460,0xE98b036e15318D1bd89A933eED33Bee42692cF43,89d97d36f6b105c631c9e54f24a8bde9d28b8a67dd5789b3daa82d8e2b821826,D:\PHD\بابل\2024\Research Reco\الجزء الثاني\Douban Reco\4 ايصال التوصيات بضمنها العقد\03_outputs\RECOMMENDATION_DELIVERY_TOP5_V1\payloads\community_287\user_212_community_287_v1_top5_payload.json,D:\PHD\results\13 Uplift\DMF_GLOBAL_ONLY_COMMUNITIES_DETERMINISTIC\RUN_VR14b_COMM_DET_LN0d2_NEG2_EMB64_POS3train4test_BPR_EVAL20_045_comm_287_U118_I2606\045_comm_287_U118_I2606_top20_per_user_recs_VR14b_COMM_DET_LN0d2_NEG2_EMB64_POS3train4test_BPR_EVAL20.csv
287,226,0x4cf955843305a47A249B5E67181e13dcA7889b4F,1,5,4b544bf42c9972415a45e1c4dc16b5c40a94e1f48a68194ec3db3c0c277fbd76,460,0xE98b036e15318D1bd89A933eED33Bee42692cF43,677a9f8633a4e39ddf7ad7db7036dc8e9ffb2d6cfa069b2de65e653c3a7734f7,D:\PHD\بابل\2024\Research Reco\الجزء الثاني\Douban Reco\4 ايصال التوصيات بضمنها العقد\03_outputs\RECOMMENDATION_DELIVERY_TOP5_V1\payloads\community_287\user_226_community_287_v1_top5_payload.json,D:\PHD\results\13 Uplift\DMF_GLOBAL_ONLY_COMMUNITIES_DETERMINISTIC\RUN_VR14b_COMM_DET_LN0d2_NEG2_EMB64_POS3train4test_BPR_EVAL20_045_comm_287_U118_I2606\045_comm_287_U118_I2606_top20_per_user_recs_VR14b_COMM_DET_LN0d2_NEG2_EMB64_POS3train4test_BPR_EVAL20.csv
287,255,0xF98d473DF35f48CE3b649b4DC280a32993eE09Df,1,5,64a641c7fb7c658a85c45cb8302719f40cdada5b316b1a55d1d71e5f1f2db560,460,0xE98b036e15318D1bd89A933eED33Bee42692cF43,999960b35b219a222535c85edb8fc08f3a2d7f7890ee17f629e5df12b0fdab40,D:\PHD\بابل\2024\Research Reco\الجزء الثاني\Douban Reco\4 ايصال التوصيات بضمنها العقد\03_outputs\RECOMMENDATION_DELIVERY_TOP5_V1\payloads\community_287\user_255_community_287_v1_top5_payload.json,D:\PHD\results\13 Uplift\DMF_GLOBAL_ONLY_COMMUNITIES_DETERMINISTIC\RUN_VR14b_COMM_DET_LN0d2_NEG2_EMB64_POS3train4test_BPR_EVAL20_045_comm_287_U118_I2606\045_comm_287_U118_I2606_top20_per_user_recs_VR14b_COMM_DET_LN0d2_NEG2_EMB64_POS3train4test_BPR_EVAL20.csv
287,294,0x436e3CDc40f95aDBdf2dC57387188E0655cD2279,1,5,2aa0be13b7eef3bd170c1c40ca97b1230e448de54fa3907f79e5a0459036ea8a,460,0xE98b036e15318D1bd89A933eED33Bee42692cF43,e699cd4cc3743b851c63b312e201288a7f3dcbf84fd4adc2dd30003c90c7e5ca,D:\PHD\بابل\2024\Research Reco\الجزء الثاني\Douban Reco\4 ايصال التوصيات بضمنها العقد\03_outputs\RECOMMENDATION_DELIVERY_TOP5_V1\payloads\community_287\user_294_community_287_v1_top5_payload.json,D:\PHD\results\13 Uplift\DMF_GLOBAL_ONLY_COMMUNITIES_DETERMINISTIC\RUN_VR14b_COMM_DET_LN0d2_NEG2_EMB64_POS3train4test_BPR_EVAL20_045_comm_287_U118_I2606\045_comm_287_U118_I2606_top20_per_user_recs_VR14b_COMM_DET_LN0d2_NEG2_EMB64_POS3train4test_BPR_EVAL20.csv
287,297,0x1932207Fd419E99813C41d421377Dd111D7771e1,1,5,74ee5b96bca2a432f505560cc1b51d1bc525439bdeee4bc371affb3eff2e12f1,460,0xE98b036e15318D1bd89A933eED33Bee42692cF43,a8c8a766ed29935651e6a70e14a7c81f0679abd298d26ec6aa2fb6f796e12e39,D:\PHD\بابل\2024\Research Reco\الجزء الثاني\Douban Reco\4 ايصال التوصيات بضمنها العقد\03_outputs\RECOMMENDATION_DELIVERY_TOP5_V1\payloads\community_287\user_297_community_287_v1_top5_payload.json,D:\PHD\results\13 Uplift\DMF_GLOBAL_ONLY_COMMUNITIES_DETERMINISTIC\RUN_VR14b_COMM_DET_LN0d2_NEG2_EMB64_POS3train4test_BPR_EVAL20_045_comm_287_U118_I2606\045_comm_287_U118_I2606_top20_per_user_recs_VR14b_COMM_DET_LN0d2_NEG2_EMB64_POS3train4test_BPR_EVAL20.csv
287,334,0x34527625789d645AFE2d9C8a13f86B45D5e92E7d,1,5,0aeb55daca33d2ee3e0dfa39433a9f25ec74eec67f4f3101c8798e58ad558aaa,460,0xE98b036e15318D1bd89A933eED33Bee42692cF43,14a5111509ac67f92bc725cb24492192b16f359bc6ff7fcc7ae8ea38792539fc,D:\PHD\بابل\2024\Research Reco\الجزء الثاني\Douban Reco\4 ايصال التوصيات بضمنها العقد\03_outputs\RECOMMENDATION_DELIVERY_TOP5_V1\payloads\community_287\user_334_community_287_v1_top5_payload.json,D:\PHD\results\13 Uplift\DMF_GLOBAL_ONLY_COMMUNITIES_DETERMINISTIC\RUN_VR14b_COMM_DET_LN0d2_NEG2_EMB64_POS3train4test_BPR_EVAL20_045_comm_287_U118_I2606\045_comm_287_U118_I2606_top20_per_user_recs_VR14b_COMM_DET_LN0d2_NEG2_EMB64_POS3train4test_BPR_EVAL20.csv
287,335,0x8402aF5D0626C1fbe95a7901aABe334801B06C72,1,5,489ac91ee609d868b978bd82f56a677bf20dd1d5219a2dd7a6f6b8ffabb57431,460,0xE98b036e15318D1bd89A933eED33Bee42692cF43,923a0c6c9fe2e145a3b711b375655b9017efb4441792ff8050bf26dca2ad4587,D:\PHD\بابل\2024\Research Reco\الجزء الثاني\Douban Reco\4 ايصال التوصيات بضمنها العقد\03_outputs\RECOMMENDATION_DELIVERY_TOP5_V1\payloads\community_287\user_335_community_287_v1_top5_payload.json,D:\PHD\results\13 Uplift\DMF_GLOBAL_ONLY_COMMUNITIES_DETERMINISTIC\RUN_VR14b_COMM_DET_LN0d2_NEG2_EMB64_POS3train4test_BPR_EVAL20_045_comm_287_U118_I2606\045_comm_287_U118_I2606_top20_per_user_recs_VR14b_COMM_DET_LN0d2_NEG2_EMB64_POS3train4test_BPR_EVAL20.csv
287,337,0x1580026DE2fCfDf2Eb42b55B178bf81771e67F99,1,5,fd0b85d221046561f7f860150ae608640084b8c6470387f2fd95540f652b6769,460,0xE98b036e15318D1bd89A933eED33Bee42692cF43,8e07aa056ebea61f3ec29bb3283d87365d2c6fedec1a745cfe89a52080f7ccd6,D:\PHD\بابل\2024\Research Reco\الجزء الثاني\Douban Reco\4 ايصال التوصيات بضمنها العقد\03_outputs\RECOMMENDATION_DELIVERY_TOP5_V1\payloads\community_287\user_337_community_287_v1_top5_payload.json,D:\PHD\results\13 Uplift\DMF_GLOBAL_ONLY_COMMUNITIES_DETERMINISTIC\RUN_VR14b_COMM_DET_LN0d2_NEG2_EMB64_POS3train4test_BPR_EVAL20_045_comm_287_U118_I2606\045_comm_287_U118_I2606_top20_per_user_recs_VR14b_COMM_DET_LN0d2_NEG2_EMB64_POS3train4test_BPR_EVAL20.csv
287,378,0xf1667a0c3907c5Ce4b53E38490E1Db2A4357D9d4,1,5,a7130a1992d5da6f76c997806089052a6e3c11194aec227da214141bf9e0dece,460,0xE98b036e15318D1bd89A933eED33Bee42692cF43,2a876f8f12fcc20d82ddf2e61479fc2ff688791139e6beb5c767834716406ba2,D:\PHD\بابل\2024\Research Reco\الجزء الثاني\Douban Reco\4 ايصال التوصيات بضمنها العقد\03_outputs\RECOMMENDATION_DELIVERY_TOP5_V1\payloads\community_287\user_378_community_287_v1_top5_payload.json,D:\PHD\results\13 Uplift\DMF_GLOBAL_ONLY_COMMUNITIES_DETERMINISTIC\RUN_VR14b_COMM_DET_LN0d2_NEG2_EMB64_POS3train4test_BPR_EVAL20_045_comm_287_U118_I2606\045_comm_287_U118_I2606_top20_per_user_recs_VR14b_COMM_DET_LN0d2_NEG2_EMB64_POS3train4test_BPR_EVAL20.csv
287,383,0x86dDb9c804fa2B9C84D6947E093D9d1B9B1C7768,1,5,1018313648f906b2fdb3c0ac630f9f884c5aeb3d623da10f839aa9e4627e7c39,460,0xE98b036e15318D1bd89A933eED33Bee42692cF43,4a95831d63854eb2340937d031b4b2c1c777ab01e0e1a034a61a9214190ec34a,D:\PHD\بابل\2024\Research Reco\الجزء الثاني\Douban Reco\4 ايصال التوصيات بضمنها العقد\03_outputs\RECOMMENDATION_DELIVERY_TOP5_V1\payloads\community_287\user_383_community_287_v1_top5_payload.json,D:\PHD\results\13 Uplift\DMF_GLOBAL_ONLY_COMMUNITIES_DETERMINISTIC\RUN_VR14b_COMM_DET_LN0d2_NEG2_EMB64_POS3train4test_BPR_EVAL20_045_comm_287_U118_I2606\045_comm_287_U118_I2606_top20_per_user_recs_VR14b_COMM_DET_LN0d2_NEG2_EMB64_POS3train4test_BPR_EVAL20.csv
287,441,0x6AB8C8E422A56A2ccdd0e25850c16A5c48Bf3522,1,5,ca73b116e33b99052eed61ecbec0bbbc436bd11cea1e8a40d6a47f8c8ea8344b,460,0xE98b036e15318D1bd89A933eED33Bee42692cF43,57896f01930bd1957a0a24c22ddada45b0b013054b64aba5919a87245a6571e0,D:\PHD\بابل\2024\Research Reco\الجزء الثاني\Douban Reco\4 ايصال التوصيات بضمنها العقد\03_outputs\RECOMMENDATION_DELIVERY_TOP5_V1\payloads\community_287\user_441_community_287_v1_top5_payload.json,D:\PHD\results\13 Uplift\DMF_GLOBAL_ONLY_COMMUNITIES_DETERMINISTIC\RUN_VR14b_COMM_DET_LN0d2_NEG2_EMB64_POS3train4test_BPR_EVAL20_045_comm_287_U118_I2606\045_comm_287_U118_I2606_top20_per_user_recs_VR14b_COMM_DET_LN0d2_NEG2_EMB64_POS3train4test_BPR_EVAL20.csv
287,446,0x3C3B358C4Cf741a653E56dec31026eD17bAa425a,1,5,2c74bdc49761fac55e55b239de377ea8b9c2c723948e126596e2b2f7a3c61154,460,0xE98b036e15318D1bd89A933eED33Bee42692cF43,0c70ddad3ffe4289610b449e4f05bb493936e379c91cd69f5ac8b3ef8a174412,D:\PHD\بابل\2024\Research Reco\الجزء الثاني\Douban Reco\4 ايصال التوصيات بضمنها العقد\03_outputs\RECOMMENDATION_DELIVERY_TOP5_V1\payloads\community_287\user_446_community_287_v1_top5_payload.json,D:\PHD\results\13 Uplift\DMF_GLOBAL_ONLY_COMMUNITIES_DETERMINISTIC\RUN_VR14b_COMM_DET_LN0d2_NEG2_EMB64_POS3train4test_BPR_EVAL20_045_comm_287_U118_I2606\045_comm_287_U118_I2606_top20_per_user_recs_VR14b_COMM_DET_LN0d2_NEG2_EMB64_POS3train4test_BPR_EVAL20.csv
287,461,0x8663aAe1b8EA6F7E01C71528674D92DDcC6F87f4,1,5,5b837ab6632a5d5870f0a5d385960080ff9fc0cadf02eccd11505b32e5ac6939,460,0xE98b036e15318D1bd89A933eED33Bee42692cF43,e626a512ab1e1b72cf6bebf2f5ed549e350ec2ebd1089ca3fd1422e7340bebd1,D:\PHD\بابل\2024\Research Reco\الجزء الثاني\Douban Reco\4 ايصال التوصيات بضمنها العقد\03_outputs\RECOMMENDATION_DELIVERY_TOP5_V1\payloads\community_287\user_461_community_287_v1_top5_payload.json,D:\PHD\results\13 Uplift\DMF_GLOBAL_ONLY_COMMUNITIES_DETERMINISTIC\RUN_VR14b_COMM_DET_LN0d2_NEG2_EMB64_POS3train4test_BPR_EVAL20_045_comm_287_U118_I2606\045_comm_287_U118_I2606_top20_per_user_recs_VR14b_COMM_DET_LN0d2_NEG2_EMB64_POS3train4test_BPR_EVAL20.csv
287,507,0xe67c6b061FfeFbEC1d4b29b6c8BbC2C7B69beA5C,1,5,ac50c1d51f57c1eadc686114ed868f001c77e834c92690fbc3d1f6a373778c16,460,0xE98b036e15318D1bd89A933eED33Bee42692cF43,e3ea6694c646638c829bf7e554bf9743ff9115e56bcdd717e24b47a9289c0d61,D:\PHD\بابل\2024\Research Reco\الجزء الثاني\Douban Reco\4 ايصال التوصيات بضمنها العقد\03_outputs\RECOMMENDATION_DELIVERY_TOP5_V1\payloads\community_287\user_507_community_287_v1_top5_payload.json,D:\PHD\results\13 Uplift\DMF_GLOBAL_ONLY_COMMUNITIES_DETERMINISTIC\RUN_VR14b_COMM_DET_LN0d2_NEG2_EMB64_POS3train4test_BPR_EVAL20_045_comm_287_U118_I2606\045_comm_287_U118_I2606_top20_per_user_recs_VR14b_COMM_DET_LN0d2_NEG2_EMB64_POS3train4test_BPR_EVAL20.csv
287,509,0x47A0a248e2156179FDbBe0504713872F44319Ba7,1,5,d83d24fe8a6deca1ae85506ebc1444dae458c9ed200752c1caf8bc1ee6f488cd,460,0xE98b036e15318D1bd89A933eED33Bee42692cF43,7b59028448a794a3f6a0498eb44f56437875ea9371b8e39ff771e967406a6f64,D:\PHD\بابل\2024\Research Reco\الجزء الثاني\Douban Reco\4 ايصال التوصيات بضمنها العقد\03_outputs\RECOMMENDATION_DELIVERY_TOP5_V1\payloads\community_287\user_509_community_287_v1_top5_payload.json,D:\PHD\results\13 Uplift\DMF_GLOBAL_ONLY_COMMUNITIES_DETERMINISTIC\RUN_VR14b_COMM_DET_LN0d2_NEG2_EMB64_POS3train4test_BPR_EVAL20_045_comm_287_U118_I2606\045_comm_287_U118_I2606_top20_per_user_recs_VR14b_COMM_DET_LN0d2_NEG2_EMB64_POS3train4test_BPR_EVAL20.csv
287,520,0x77bF6d85Be463bbEEE47F6cEb1cbd320FEBdc335,1,5,c0a431769b2c9ebfeb03df6da9e505db216a989fd304640bee9bf71303064f3c,460,0xE98b036e15318D1bd89A933eED33Bee42692cF43,f5f1fd78b64c0184b3c8532010969cdd36d4fd6a0544ec235fcf1ea82cf5cb2a,D:\PHD\بابل\2024\Research Reco\الجزء الثاني\Douban Reco\4 ايصال التوصيات بضمنها العقد\03_outputs\RECOMMENDATION_DELIVERY_TOP5_V1\payloads\community_287\user_520_community_287_v1_top5_payload.json,D:\PHD\results\13 Uplift\DMF_GLOBAL_ONLY_COMMUNITIES_DETERMINISTIC\RUN_VR14b_COMM_DET_LN0d2_NEG2_EMB64_POS3train4test_BPR_EVAL20_045_comm_287_U118_I2606\045_comm_287_U118_I2606_top20_per_user_recs_VR14b_COMM_DET_LN0d2_NEG2_EMB64_POS3train4test_BPR_EVAL20.csv
287,592,0x9627de86D6E66DdfD1e9Db207460e30134Bac2D9,1,5,151e03d70d51629853d3585b97c1cb9fa328723b122f795056ad1493f6c80d54,460,0xE98b036e15318D1bd89A933eED33Bee42692cF43,b78c36937ff33e64d2d6ea31579f2e27d39e8e273fc8827902369780233e2e67,D:\PHD\بابل\2024\Research Reco\الجزء الثاني\Douban Reco\4 ايصال التوصيات بضمنها العقد\03_outputs\RECOMMENDATION_DELIVERY_TOP5_V1\payloads\community_287\user_592_community_287_v1_top5_payload.json,D:\PHD\results\13 Uplift\DMF_GLOBAL_ONLY_COMMUNITIES_DETERMINISTIC\RUN_VR14b_COMM_DET_LN0d2_NEG2_EMB64_POS3train4test_BPR_EVAL20_045_comm_287_U118_I2606\045_comm_287_U118_I2606_top20_per_user_recs_VR14b_COMM_DET_LN0d2_NEG2_EMB64_POS3train4test_BPR_EVAL20.csv
287,650,0x504682c31Af690E3e00c2F529842a3eadB2719a8,1,5,0b462732d5cf4ddb7aef9c2d277910d8bc15ed3c3e1f2a058cec74d38601b2e3,460,0xE98b036e15318D1bd89A933eED33Bee42692cF43,383c10c6e69909b907e08a06cbfff78973a381ffd2c0824cdbf98ce55f1a1627,D:\PHD\بابل\2024\Research Reco\الجزء الثاني\Douban Reco\4 ايصال التوصيات بضمنها العقد\03_outputs\RECOMMENDATION_DELIVERY_TOP5_V1\payloads\community_287\user_650_community_287_v1_top5_payload.json,D:\PHD\results\13 Uplift\DMF_GLOBAL_ONLY_COMMUNITIES_DETERMINISTIC\RUN_VR14b_COMM_DET_LN0d2_NEG2_EMB64_POS3train4test_BPR_EVAL20_045_comm_287_U118_I2606\045_comm_287_U118_I2606_top20_per_user_recs_VR14b_COMM_DET_LN0d2_NEG2_EMB64_POS3train4test_BPR_EVAL20.csv
287,717,0x7bDFB6Cb0Ff23a50e9357BF60c056D734d612486,1,5,508319384c430b55934c93e11d143915b74781e398c95116b2036dd45066f10f,460,0xE98b036e15318D1bd89A933eED33Bee42692cF43,8f5ed6a4db9d40026d7d27a07302461f19445d7c362cfd07c126dad19ff655f2,D:\PHD\بابل\2024\Research Reco\الجزء الثاني\Douban Reco\4 ايصال التوصيات بضمنها العقد\03_outputs\RECOMMENDATION_DELIVERY_TOP5_V1\payloads\community_287\user_717_community_287_v1_top5_payload.json,D:\PHD\results\13 Uplift\DMF_GLOBAL_ONLY_COMMUNITIES_DETERMINISTIC\RUN_VR14b_COMM_DET_LN0d2_NEG2_EMB64_POS3train4test_BPR_EVAL20_045_comm_287_U118_I2606\045_comm_287_U118_I2606_top20_per_user_recs_VR14b_COMM_DET_LN0d2_NEG2_EMB64_POS3train4test_BPR_EVAL20.csv
287,724,0x11f8cE50A3Cc51c19807186a1D8a90185c16D62F,1,5,3add837ed107d095e866c1ccce0ef6d6f7236654b6dad719ff43889e0d2d1a76,460,0xE98b036e15318D1bd89A933eED33Bee42692cF43,6349f8dfb138477f8554f0c66266cdcc2d156073f6ab93e010aa7e0f6d488785,D:\PHD\بابل\2024\Research Reco\الجزء الثاني\Douban Reco\4 ايصال التوصيات بضمنها العقد\03_outputs\RECOMMENDATION_DELIVERY_TOP5_V1\payloads\community_287\user_724_community_287_v1_top5_payload.json,D:\PHD\results\13 Uplift\DMF_GLOBAL_ONLY_COMMUNITIES_DETERMINISTIC\RUN_VR14b_COMM_DET_LN0d2_NEG2_EMB64_POS3train4test_BPR_EVAL20_045_comm_287_U118_I2606\045_comm_287_U118_I2606_top20_per_user_recs_VR14b_COMM_DET_LN0d2_NEG2_EMB64_POS3train4test_BPR_EVAL20.csv
287,727,0x9797D2325e93440F8de9AeA10A9bcf9ef8FF8d72,1,5,244b5622fee509e223755263697f6ce7ef6c542bb5a64691f4289340efc27add,460,0xE98b036e15318D1bd89A933eED33Bee42692cF43,ccd789fd64f876fed069da881e76bf72282658467e82bb797b6c23fc7f8f4d34,D:\PHD\بابل\2024\Research Reco\الجزء الثاني\Douban Reco\4 ايصال التوصيات بضمنها العقد\03_outputs\RECOMMENDATION_DELIVERY_TOP5_V1\payloads\community_287\user_727_community_287_v1_top5_payload.json,D:\PHD\results\13 Uplift\DMF_GLOBAL_ONLY_COMMUNITIES_DETERMINISTIC\RUN_VR14b_COMM_DET_LN0d2_NEG2_EMB64_POS3train4test_BPR_EVAL20_045_comm_287_U118_I2606\045_comm_287_U118_I2606_top20_per_user_recs_VR14b_COMM_DET_LN0d2_NEG2_EMB64_POS3train4test_BPR_EVAL20.csv
287,757,0x1FA706E047DF96B96ca038338F8aeDe549E673F7,1,5,d0f820c2d26e468efc6c28779a7664e22736dee2647f8efd5a2bf4a488c679aa,460,0xE98b036e15318D1bd89A933eED33Bee42692cF43,610fabe066dfb9cda349c4a13830b323622954a36c5ca383d6e69d911c99a78f,D:\PHD\بابل\2024\Research Reco\الجزء الثاني\Douban Reco\4 ايصال التوصيات بضمنها العقد\03_outputs\RECOMMENDATION_DELIVERY_TOP5_V1\payloads\community_287\user_757_community_287_v1_top5_payload.json,D:\PHD\results\13 Uplift\DMF_GLOBAL_ONLY_COMMUNITIES_DETERMINISTIC\RUN_VR14b_COMM_DET_LN0d2_NEG2_EMB64_POS3train4test_BPR_EVAL20_045_comm_287_U118_I2606\045_comm_287_U118_I2606_top20_per_user_recs_VR14b_COMM_DET_LN0d2_NEG2_EMB64_POS3train4test_BPR_EVAL20.csv
287,759,0x8478e6c6E19f3d08b61Bd73c07f17307EF51beF8,1,5,ca1e4d5ce2ed831ed492b001e7b4df60e28552084f000f0bafe9764750ee0ecd,460,0xE98b036e15318D1bd89A933eED33Bee42692cF43,e91c523eec460b8eca7808d33f2f20580a16886920639c63c16f4cb57208314b,D:\PHD\بابل\2024\Research Reco\الجزء الثاني\Douban Reco\4 ايصال التوصيات بضمنها العقد\03_outputs\RECOMMENDATION_DELIVERY_TOP5_V1\payloads\community_287\user_759_community_287_v1_top5_payload.json,D:\PHD\results\13 Uplift\DMF_GLOBAL_ONLY_COMMUNITIES_DETERMINISTIC\RUN_VR14b_COMM_DET_LN0d2_NEG2_EMB64_POS3train4test_BPR_EVAL20_045_comm_287_U118_I2606\045_comm_287_U118_I2606_top20_per_user_recs_VR14b_COMM_DET_LN0d2_NEG2_EMB64_POS3train4test_BPR_EVAL20.csv
287,824,0xedeF80770D06C3042BCd37eB07C24448534ea00e,1,5,2acd0ebcaf30558a479929721c0675baac9ab117cc6f8dbe6c50cd6d6b53c933,460,0xE98b036e15318D1bd89A933eED33Bee42692cF43,4acc8c764f89e7e30da2ea1e31d608c13dbd86686da69689d592386aae54d0f2,D:\PHD\بابل\2024\Research Reco\الجزء الثاني\Douban Reco\4 ايصال التوصيات بضمنها العقد\03_outputs\RECOMMENDATION_DELIVERY_TOP5_V1\payloads\community_287\user_824_community_287_v1_top5_payload.json,D:\PHD\results\13 Uplift\DMF_GLOBAL_ONLY_COMMUNITIES_DETERMINISTIC\RUN_VR14b_COMM_DET_LN0d2_NEG2_EMB64_POS3train4test_BPR_EVAL20_045_comm_287_U118_I2606\045_comm_287_U118_I2606_top20_per_user_recs_VR14b_COMM_DET_LN0d2_NEG2_EMB64_POS3train4test_BPR_EVAL20.csv
287,870,0x348691fE2a80710c10Ccf41818f42D232765149d,1,5,063f66b10c10f32fcff02d543ac7e401fc30197e69c9e3cf0f6a6b59458a9f88,460,0xE98b036e15318D1bd89A933eED33Bee42692cF43,e233efb1da0eb583d913cb3cdab1a422ce21ff5cd1d6c70673eec2cbf21c2926,D:\PHD\بابل\2024\Research Reco\الجزء الثاني\Douban Reco\4 ايصال التوصيات بضمنها العقد\03_outputs\RECOMMENDATION_DELIVERY_TOP5_V1\payloads\community_287\user_870_community_287_v1_top5_payload.json,D:\PHD\results\13 Uplift\DMF_GLOBAL_ONLY_COMMUNITIES_DETERMINISTIC\RUN_VR14b_COMM_DET_LN0d2_NEG2_EMB64_POS3train4test_BPR_EVAL20_045_comm_287_U118_I2606\045_comm_287_U118_I2606_top20_per_user_recs_VR14b_COMM_DET_LN0d2_NEG2_EMB64_POS3train4test_BPR_EVAL20.csv
287,875,0x1acD2DfCFcd054BcDb4600355C2c717396069Fa1,1,5,73c158addf5aeab20ab0d63d3d0e0720494dd14dd3055c293b714be07fc713e8,460,0xE98b036e15318D1bd89A933eED33Bee42692cF43,16066dfeaefa01f149aa5c19a4b132ccf5330fd14b68070cfc025e2c0e34e836,D:\PHD\بابل\2024\Research Reco\الجزء الثاني\Douban Reco\4 ايصال التوصيات بضمنها العقد\03_outputs\RECOMMENDATION_DELIVERY_TOP5_V1\payloads\community_287\user_875_community_287_v1_top5_payload.json,D:\PHD\results\13 Uplift\DMF_GLOBAL_ONLY_COMMUNITIES_DETERMINISTIC\RUN_VR14b_COMM_DET_LN0d2_NEG2_EMB64_POS3train4test_BPR_EVAL20_045_comm_287_U118_I2606\045_comm_287_U118_I2606_top20_per_user_recs_VR14b_COMM_DET_LN0d2_NEG2_EMB64_POS3train4test_BPR_EVAL20.csv
287,888,0x64d94429d0Ef0E941CA4E4a78C05F0E514F2d5E7,1,5,50168659e82b68c9fe83aabac4572ad5856b4c49fd19e2572d5f8228c9c2bea2,460,0xE98b036e15318D1bd89A933eED33Bee42692cF43,885b23a7ad42c2f039d316a0f8160a2d652e29ff6cff3293147fbfc2d34863d2,D:\PHD\بابل\2024\Research Reco\الجزء الثاني\Douban Reco\4 ايصال التوصيات بضمنها العقد\03_outputs\RECOMMENDATION_DELIVERY_TOP5_V1\payloads\community_287\user_888_community_287_v1_top5_payload.json,D:\PHD\results\13 Uplift\DMF_GLOBAL_ONLY_COMMUNITIES_DETERMINISTIC\RUN_VR14b_COMM_DET_LN0d2_NEG2_EMB64_POS3train4test_BPR_EVAL20_045_comm_287_U118_I2606\045_comm_287_U118_I2606_top20_per_user_recs_VR14b_COMM_DET_LN0d2_NEG2_EMB64_POS3train4test_BPR_EVAL20.csv
287,899,0x79ca3cA7B3Cdf6742CeC5784ca30cEe5dE8b94b7,1,5,e84d436b5b60068de89896a96557890f0fcf6858c50d96ead1f02b8695169593,460,0xE98b036e15318D1bd89A933eED33Bee42692cF43,a514cccf6080151718b7eba6aab0bf69a2d87cd981d7cff75e8fed40d4787daa,D:\PHD\بابل\2024\Research Reco\الجزء الثاني\Douban Reco\4 ايصال التوصيات بضمنها العقد\03_outputs\RECOMMENDATION_DELIVERY_TOP5_V1\payloads\community_287\user_899_community_287_v1_top5_payload.json,D:\PHD\results\13 Uplift\DMF_GLOBAL_ONLY_COMMUNITIES_DETERMINISTIC\RUN_VR14b_COMM_DET_LN0d2_NEG2_EMB64_POS3train4test_BPR_EVAL20_045_comm_287_U118_I2606\045_comm_287_U118_I2606_top20_per_user_recs_VR14b_COMM_DET_LN0d2_NEG2_EMB64_POS3train4test_BPR_EVAL20.csv
287,954,0xEf8b73Ec1Ccdf5B9D94153BBa3B598d1Bb81f72a,1,5,aeb3f23a3fe89da0838fda769da1a8d604bc4a10becf2e8b7fc52b48e50a3deb,460,0xE98b036e15318D1bd89A933eED33Bee42692cF43,dd18b0bbacc18bbd43c939e35beaef6c7fb6c0c455146087aaef563c9783b02d,D:\PHD\بابل\2024\Research Reco\الجزء الثاني\Douban Reco\4 ايصال التوصيات بضمنها العقد\03_outputs\RECOMMENDATION_DELIVERY_TOP5_V1\payloads\community_287\user_954_community_287_v1_top5_payload.json,D:\PHD\results\13 Uplift\DMF_GLOBAL_ONLY_COMMUNITIES_DETERMINISTIC\RUN_VR14b_COMM_DET_LN0d2_NEG2_EMB64_POS3train4test_BPR_EVAL20_045_comm_287_U118_I2606\045_comm_287_U118_I2606_top20_per_user_recs_VR14b_COMM_DET_LN0d2_NEG2_EMB64_POS3train4test_BPR_EVAL20.csv
287,1050,0xc7D08088de9399f59aE9Afd56B1C99bab4bdA43E,1,5,04d937d1d2f277c0002566d75c55d1429604abf69f80a8c736c6b6af36f2c8af,460,0xE98b036e15318D1bd89A933eED33Bee42692cF43,edcef309c3bac50027ee3f96480d0b8465b4e28128898799574473d4705cb443,D:\PHD\بابل\2024\Research Reco\الجزء الثاني\Douban Reco\4 ايصال التوصيات بضمنها العقد\03_outputs\RECOMMENDATION_DELIVERY_TOP5_V1\payloads\community_287\user_1050_community_287_v1_top5_payload.json,D:\PHD\results\13 Uplift\DMF_GLOBAL_ONLY_COMMUNITIES_DETERMINISTIC\RUN_VR14b_COMM_DET_LN0d2_NEG2_EMB64_POS3train4test_BPR_EVAL20_045_comm_287_U118_I2606\045_comm_287_U118_I2606_top20_per_user_recs_VR14b_COMM_DET_LN0d2_NEG2_EMB64_POS3train4test_BPR_EVAL20.csv
287,1113,0x282f98Aa3B3a73688FD285dfB4a7CA4fd0983E57,1,5,428fea41e8a7e57d85c107854a725c6e16238dd7ca32b97b50854d575b89e4ec,460,0xE98b036e15318D1bd89A933eED33Bee42692cF43,76125c9854a1a5761c744f98905e645931e03f00de0983ac1138fc4f4d56d18a,D:\PHD\بابل\2024\Research Reco\الجزء الثاني\Douban Reco\4 ايصال التوصيات بضمنها العقد\03_outputs\RECOMMENDATION_DELIVERY_TOP5_V1\payloads\community_287\user_1113_community_287_v1_top5_payload.json,D:\PHD\results\13 Uplift\DMF_GLOBAL_ONLY_COMMUNITIES_DETERMINISTIC\RUN_VR14b_COMM_DET_LN0d2_NEG2_EMB64_POS3train4test_BPR_EVAL20_045_comm_287_U118_I2606\045_comm_287_U118_I2606_top20_per_user_recs_VR14b_COMM_DET_LN0d2_NEG2_EMB64_POS3train4test_BPR_EVAL20.csv
287,1161,0x58781FD01428157A96cC0Cab9824832e768d623e,1,5,dd083d17a5398e3d3d17fa725082e6ab48f2413dd4468607267103463785e32a,460,0xE98b036e15318D1bd89A933eED33Bee42692cF43,c3edf0d3204790f7e523cff32836d46a47a6381a7aa484760192994c311bf19d,D:\PHD\بابل\2024\Research Reco\الجزء الثاني\Douban Reco\4 ايصال التوصيات بضمنها العقد\03_outputs\RECOMMENDATION_DELIVERY_TOP5_V1\payloads\community_287\user_1161_community_287_v1_top5_payload.json,D:\PHD\results\13 Uplift\DMF_GLOBAL_ONLY_COMMUNITIES_DETERMINISTIC\RUN_VR14b_COMM_DET_LN0d2_NEG2_EMB64_POS3train4test_BPR_EVAL20_045_comm_287_U118_I2606\045_comm_287_U118_I2606_top20_per_user_recs_VR14b_COMM_DET_LN0d2_NEG2_EMB64_POS3train4test_BPR_EVAL20.csv
287,1191,0x3DA23eaEf0E5d74B50284915Bce2C12dA8C0D72e,1,5,a29a484cc3ca065d5b43bdba8013dd9f841f7b5a61d09db9b4ff52c2966cbe47,460,0xE98b036e15318D1bd89A933eED33Bee42692cF43,838e6986c41bde778235189983c1562ec2e0b686162b9873e5a4e34661a11a4c,D:\PHD\بابل\2024\Research Reco\الجزء الثاني\Douban Reco\4 ايصال التوصيات بضمنها العقد\03_outputs\RECOMMENDATION_DELIVERY_TOP5_V1\payloads\community_287\user_1191_community_287_v1_top5_payload.json,D:\PHD\results\13 Uplift\DMF_GLOBAL_ONLY_COMMUNITIES_DETERMINISTIC\RUN_VR14b_COMM_DET_LN0d2_NEG2_EMB64_POS3train4test_BPR_EVAL20_045_comm_287_U118_I2606\045_comm_287_U118_I2606_top20_per_user_recs_VR14b_COMM_DET_LN0d2_NEG2_EMB64_POS3train4test_BPR_EVAL20.csv
287,1244,0xFefef1D3Ae81E0195cBfa7fCC6788eAD9a807B45,1,5,0433f47dc3fbcc24f06192ac4adaea5584aead0b8d078f6a14350ae77799f042,460,0xE98b036e15318D1bd89A933eED33Bee42692cF43,f2bc022f79a75c5863f1d36ef928f704e4062b8845b01b473ff4f0dc3ce17cc2,D:\PHD\بابل\2024\Research Reco\الجزء الثاني\Douban Reco\4 ايصال التوصيات بضمنها العقد\03_outputs\RECOMMENDATION_DELIVERY_TOP5_V1\payloads\community_287\user_1244_community_287_v1_top5_payload.json,D:\PHD\results\13 Uplift\DMF_GLOBAL_ONLY_COMMUNITIES_DETERMINISTIC\RUN_VR14b_COMM_DET_LN0d2_NEG2_EMB64_POS3train4test_BPR_EVAL20_045_comm_287_U118_I2606\045_comm_287_U118_I2606_top20_per_user_recs_VR14b_COMM_DET_LN0d2_NEG2_EMB64_POS3train4test_BPR_EVAL20.csv
287,1246,0xe2281B037FECBD61110084d7844C8d8EB8AB915F,1,5,1ff2848b0078e0ff3885ca68ce79b360c2b689385de464204e72ce015e521b73,460,0xE98b036e15318D1bd89A933eED33Bee42692cF43,1d0b72d5d267ff3c2e0be6845847fd27b79a21621946c024e7a2e41f0039b938,D:\PHD\بابل\2024\Research Reco\الجزء الثاني\Douban Reco\4 ايصال التوصيات بضمنها العقد\03_outputs\RECOMMENDATION_DELIVERY_TOP5_V1\payloads\community_287\user_1246_community_287_v1_top5_payload.json,D:\PHD\results\13 Uplift\DMF_GLOBAL_ONLY_COMMUNITIES_DETERMINISTIC\RUN_VR14b_COMM_DET_LN0d2_NEG2_EMB64_POS3train4test_BPR_EVAL20_045_comm_287_U118_I2606\045_comm_287_U118_I2606_top20_per_user_recs_VR14b_COMM_DET_LN0d2_NEG2_EMB64_POS3train4test_BPR_EVAL20.csv
287,1259,0x1F43ce6a54338e325038342B391C301F0Cf65B3a,1,5,80759a36a1fc77fc1bdf76031ff0de355ce374b720d9201f6aa9b88ebd1160ec,460,0xE98b036e15318D1bd89A933eED33Bee42692cF43,711f13a0fd297a913b7faad9d470a8a0954d295e3ff184f83f24a41fb2f00acb,D:\PHD\بابل\2024\Research Reco\الجزء الثاني\Douban Reco\4 ايصال التوصيات بضمنها العقد\03_outputs\RECOMMENDATION_DELIVERY_TOP5_V1\payloads\community_287\user_1259_community_287_v1_top5_payload.json,D:\PHD\results\13 Uplift\DMF_GLOBAL_ONLY_COMMUNITIES_DETERMINISTIC\RUN_VR14b_COMM_DET_LN0d2_NEG2_EMB64_POS3train4test_BPR_EVAL20_045_comm_287_U118_I2606\045_comm_287_U118_I2606_top20_per_user_recs_VR14b_COMM_DET_LN0d2_NEG2_EMB64_POS3train4test_BPR_EVAL20.csv
287,1270,0xF36c9157f60f21E849EfD003172B70509099746f,1,5,745776d41e51355aacf94c48c4e667d1f68badb72bcbbd580d9aaa562a2d44b9,460,0xE98b036e15318D1bd89A933eED33Bee42692cF43,c9e4d6b23e6cd22aa684d178b0e74f19216b04f657eb7bcf9faa1209233ef915,D:\PHD\بابل\2024\Research Reco\الجزء الثاني\Douban Reco\4 ايصال التوصيات بضمنها العقد\03_outputs\RECOMMENDATION_DELIVERY_TOP5_V1\payloads\community_287\user_1270_community_287_v1_top5_payload.json,D:\PHD\results\13 Uplift\DMF_GLOBAL_ONLY_COMMUNITIES_DETERMINISTIC\RUN_VR14b_COMM_DET_LN0d2_NEG2_EMB64_POS3train4test_BPR_EVAL20_045_comm_287_U118_I2606\045_comm_287_U118_I2606_top20_per_user_recs_VR14b_COMM_DET_LN0d2_NEG2_EMB64_POS3train4test_BPR_EVAL20.csv
287,1280,0xf04a17AF0896A92593d65cD6bE131779c436D986,1,5,6f1d68114c1a561c08e5f814e614886eb36b33c09ed657c114d4ea048755a6b0,460,0xE98b036e15318D1bd89A933eED33Bee42692cF43,aaaf4b912ae0d06d282ea85677e0976ffec676203e81c679e2a529cc7b75ba21,D:\PHD\بابل\2024\Research Reco\الجزء الثاني\Douban Reco\4 ايصال التوصيات بضمنها العقد\03_outputs\RECOMMENDATION_DELIVERY_TOP5_V1\payloads\community_287\user_1280_community_287_v1_top5_payload.json,D:\PHD\results\13 Uplift\DMF_GLOBAL_ONLY_COMMUNITIES_DETERMINISTIC\RUN_VR14b_COMM_DET_LN0d2_NEG2_EMB64_POS3train4test_BPR_EVAL20_045_comm_287_U118_I2606\045_comm_287_U118_I2606_top20_per_user_recs_VR14b_COMM_DET_LN0d2_NEG2_EMB64_POS3train4test_BPR_EVAL20.csv
287,1290,0x542e40Db3DDec9ce434604bB3CAf3D8d73b6aca2,1,5,67f5e3c0d438de859ec58a8d61ae1e73318456fea6f60916233c8c3197e50af4,460,0xE98b036e15318D1bd89A933eED33Bee42692cF43,c1570a12fa4edf4f2cbcb888b4a22c235885c7f507797f50a56aa5d368f51e7a,D:\PHD\بابل\2024\Research Reco\الجزء الثاني\Douban Reco\4 ايصال التوصيات بضمنها العقد\03_outputs\RECOMMENDATION_DELIVERY_TOP5_V1\payloads\community_287\user_1290_community_287_v1_top5_payload.json,D:\PHD\results\13 Uplift\DMF_GLOBAL_ONLY_COMMUNITIES_DETERMINISTIC\RUN_VR14b_COMM_DET_LN0d2_NEG2_EMB64_POS3train4test_BPR_EVAL20_045_comm_287_U118_I2606\045_comm_287_U118_I2606_top20_per_user_recs_VR14b_COMM_DET_LN0d2_NEG2_EMB64_POS3train4test_BPR_EVAL20.csv
287,1331,0xb31731906fA37741a1A4b0Aa2d4F802046E69169,1,5,1facf26ceed1a9a33dc1bcfed0851b65946007349ed1e51dd2c0eedcb67ea74c,460,0xE98b036e15318D1bd89A933eED33Bee42692cF43,cf779fdb965ee3811552b6f154d9463900ca5539f6d90ef6b50a60a2e0ec66ea,D:\PHD\بابل\2024\Research Reco\الجزء الثاني\Douban Reco\4 ايصال التوصيات بضمنها العقد\03_outputs\RECOMMENDATION_DELIVERY_TOP5_V1\payloads\community_287\user_1331_community_287_v1_top5_payload.json,D:\PHD\results\13 Uplift\DMF_GLOBAL_ONLY_COMMUNITIES_DETERMINISTIC\RUN_VR14b_COMM_DET_LN0d2_NEG2_EMB64_POS3train4test_BPR_EVAL20_045_comm_287_U118_I2606\045_comm_287_U118_I2606_top20_per_user_recs_VR14b_COMM_DET_LN0d2_NEG2_EMB64_POS3train4test_BPR_EVAL20.csv
287,1346,0x6893113F3Dd8c9557eC5Bcf181F0253C105CD369,1,5,2e9270026e81165c75170553f1a7f8a0a1ad61572f3bf3b40e08649efa1e74c3,460,0xE98b036e15318D1bd89A933eED33Bee42692cF43,456c33bd0f6a1f241e732e9e372c905607318cdc7a230d7a9f400a96cb24daa7,D:\PHD\بابل\2024\Research Reco\الجزء الثاني\Douban Reco\4 ايصال التوصيات بضمنها العقد\03_outputs\RECOMMENDATION_DELIVERY_TOP5_V1\payloads\community_287\user_1346_community_287_v1_top5_payload.json,D:\PHD\results\13 Uplift\DMF_GLOBAL_ONLY_COMMUNITIES_DETERMINISTIC\RUN_VR14b_COMM_DET_LN0d2_NEG2_EMB64_POS3train4test_BPR_EVAL20_045_comm_287_U118_I2606\045_comm_287_U118_I2606_top20_per_user_recs_VR14b_COMM_DET_LN0d2_NEG2_EMB64_POS3train4test_BPR_EVAL20.csv
287,1360,0xec850Bc316Cd4685EBad18565b8E696124E887D4,1,5,2081a3aabfad7c0531ca0865248669131af6c353e96f3087464855c0048ee3b0,460,0xE98b036e15318D1bd89A933eED33Bee42692cF43,a3a446d41b874a1d1c1fb97975fbd2540740c16a0b30ed0e1ed1744b66430208,D:\PHD\بابل\2024\Research Reco\الجزء الثاني\Douban Reco\4 ايصال التوصيات بضمنها العقد\03_outputs\RECOMMENDATION_DELIVERY_TOP5_V1\payloads\community_287\user_1360_community_287_v1_top5_payload.json,D:\PHD\results\13 Uplift\DMF_GLOBAL_ONLY_COMMUNITIES_DETERMINISTIC\RUN_VR14b_COMM_DET_LN0d2_NEG2_EMB64_POS3train4test_BPR_EVAL20_045_comm_287_U118_I2606\045_comm_287_U118_I2606_top20_per_user_recs_VR14b_COMM_DET_LN0d2_NEG2_EMB64_POS3train4test_BPR_EVAL20.csv
287,1393,0x951f11B739c10645724d8763abD2b49d07c23371,1,5,a9d2837684c5e700c46e44ede75a1db3d62e0d7f256472e3318a7a00135b7165,460,0xE98b036e15318D1bd89A933eED33Bee42692cF43,5fdcc5d6ad06a56e2d09202e5af3da4be1b3e3f53b7c032efe070453ba951c20,D:\PHD\بابل\2024\Research Reco\الجزء الثاني\Douban Reco\4 ايصال التوصيات بضمنها العقد\03_outputs\RECOMMENDATION_DELIVERY_TOP5_V1\payloads\community_287\user_1393_community_287_v1_top5_payload.json,D:\PHD\results\13 Uplift\DMF_GLOBAL_ONLY_COMMUNITIES_DETERMINISTIC\RUN_VR14b_COMM_DET_LN0d2_NEG2_EMB64_POS3train4test_BPR_EVAL20_045_comm_287_U118_I2606\045_comm_287_U118_I2606_top20_per_user_recs_VR14b_COMM_DET_LN0d2_NEG2_EMB64_POS3train4test_BPR_EVAL20.csv
287,1397,0xE8246955407760Ab509c801735C88851dF780ee6,1,5,9aefa45b4061dd28446cc8c6edfe4da32580369d4583118fd7f03314beafe54a,460,0xE98b036e15318D1bd89A933eED33Bee42692cF43,87e3c39a142d4362c0dbbfbf38c1fdada5a0ffad08cd2157d72d08dfb85ef41f,D:\PHD\بابل\2024\Research Reco\الجزء الثاني\Douban Reco\4 ايصال التوصيات بضمنها العقد\03_outputs\RECOMMENDATION_DELIVERY_TOP5_V1\payloads\community_287\user_1397_community_287_v1_top5_payload.json,D:\PHD\results\13 Uplift\DMF_GLOBAL_ONLY_COMMUNITIES_DETERMINISTIC\RUN_VR14b_COMM_DET_LN0d2_NEG2_EMB64_POS3train4test_BPR_EVAL20_045_comm_287_U118_I2606\045_comm_287_U118_I2606_top20_per_user_recs_VR14b_COMM_DET_LN0d2_NEG2_EMB64_POS3train4test_BPR_EVAL20.csv
287,1428,0xc7B5FC1c563a732f83D6f5e177C2acE014617cc4,1,5,6ad175badf83d44ba550bb9c71c534109dd7d261aca03b64bf4ae521b2933343,460,0xE98b036e15318D1bd89A933eED33Bee42692cF43,ab898493a0a2ca28f9707f7e2a7f52d2631910361df07001ec6b04674105058d,D:\PHD\بابل\2024\Research Reco\الجزء الثاني\Douban Reco\4 ايصال التوصيات بضمنها العقد\03_outputs\RECOMMENDATION_DELIVERY_TOP5_V1\payloads\community_287\user_1428_community_287_v1_top5_payload.json,D:\PHD\results\13 Uplift\DMF_GLOBAL_ONLY_COMMUNITIES_DETERMINISTIC\RUN_VR14b_COMM_DET_LN0d2_NEG2_EMB64_POS3train4test_BPR_EVAL20_045_comm_287_U118_I2606\045_comm_287_U118_I2606_top20_per_user_recs_VR14b_COMM_DET_LN0d2_NEG2_EMB64_POS3train4test_BPR_EVAL20.csv
287,1430,0xbbd8f188E6f506ebb61193359737830F3c7EaE9D,1,5,e589bfd8a145ff3b73b29e75592ccb3e20b98e012671a507c523d4454376cfc2,460,0xE98b036e15318D1bd89A933eED33Bee42692cF43,5dcae22b689f4e88b47508ac0c58f532af4010f847ea857adbe0e767c1fdd4fc,D:\PHD\بابل\2024\Research Reco\الجزء الثاني\Douban Reco\4 ايصال التوصيات بضمنها العقد\03_outputs\RECOMMENDATION_DELIVERY_TOP5_V1\payloads\community_287\user_1430_community_287_v1_top5_payload.json,D:\PHD\results\13 Uplift\DMF_GLOBAL_ONLY_COMMUNITIES_DETERMINISTIC\RUN_VR14b_COMM_DET_LN0d2_NEG2_EMB64_POS3train4test_BPR_EVAL20_045_comm_287_U118_I2606\045_comm_287_U118_I2606_top20_per_user_recs_VR14b_COMM_DET_LN0d2_NEG2_EMB64_POS3train4test_BPR_EVAL20.csv
287,1503,0xd5Cd5D32b67F767D3CB6FFf90BD1C49FA996392A,1,5,7bb0f678ea0518bf9b4e702a6090c6233c75c4726593efc14ac88035565571dd,460,0xE98b036e15318D1bd89A933eED33Bee42692cF43,2c517722760e32e02b94c700de8f88be1dd56f1a5369f5b16061ce6b71c35d8e,D:\PHD\بابل\2024\Research Reco\الجزء الثاني\Douban Reco\4 ايصال التوصيات بضمنها العقد\03_outputs\RECOMMENDATION_DELIVERY_TOP5_V1\payloads\community_287\user_1503_community_287_v1_top5_payload.json,D:\PHD\results\13 Uplift\DMF_GLOBAL_ONLY_COMMUNITIES_DETERMINISTIC\RUN_VR14b_COMM_DET_LN0d2_NEG2_EMB64_POS3train4test_BPR_EVAL20_045_comm_287_U118_I2606\045_comm_287_U118_I2606_top20_per_user_recs_VR14b_COMM_DET_LN0d2_NEG2_EMB64_POS3train4test_BPR_EVAL20.csv
287,1514,0xd08DB4A8b8449A4e1c2E2d25Ebb490a2518ffa14,1,5,122619c329108ecbfb3591d806ea9f34323a9b1b548de8cfdd29b0152f279c60,460,0xE98b036e15318D1bd89A933eED33Bee42692cF43,b528e6e8368c14033d623caa2473afb508afa3c912085416cc3c3b63598f071f,D:\PHD\بابل\2024\Research Reco\الجزء الثاني\Douban Reco\4 ايصال التوصيات بضمنها العقد\03_outputs\RECOMMENDATION_DELIVERY_TOP5_V1\payloads\community_287\user_1514_community_287_v1_top5_payload.json,D:\PHD\results\13 Uplift\DMF_GLOBAL_ONLY_COMMUNITIES_DETERMINISTIC\RUN_VR14b_COMM_DET_LN0d2_NEG2_EMB64_POS3train4test_BPR_EVAL20_045_comm_287_U118_I2606\045_comm_287_U118_I2606_top20_per_user_recs_VR14b_COMM_DET_LN0d2_NEG2_EMB64_POS3train4test_BPR_EVAL20.csv
287,1601,0x17d0373cCa040eA5cBD043C339B2296A384C2984,1,5,a95a9dc5a67f1a335a5b1ece1bf6faa5b3a257508003da9bd952d2beb3584bbc,460,0xE98b036e15318D1bd89A933eED33Bee42692cF43,3f0bf3fd9d76f13005ac820938510dbcd8ba749b7e3bc6c8af6ac7f531d5cdea,D:\PHD\بابل\2024\Research Reco\الجزء الثاني\Douban Reco\4 ايصال التوصيات بضمنها العقد\03_outputs\RECOMMENDATION_DELIVERY_TOP5_V1\payloads\community_287\user_1601_community_287_v1_top5_payload.json,D:\PHD\results\13 Uplift\DMF_GLOBAL_ONLY_COMMUNITIES_DETERMINISTIC\RUN_VR14b_COMM_DET_LN0d2_NEG2_EMB64_POS3train4test_BPR_EVAL20_045_comm_287_U118_I2606\045_comm_287_U118_I2606_top20_per_user_recs_VR14b_COMM_DET_LN0d2_NEG2_EMB64_POS3train4test_BPR_EVAL20.csv
287,1686,0xBE10643582c406998bbD04464586Db6551FFf009,1,5,940f1e0424b0b93b8da6281ca5ab02985e81aec61821f9d512abe9ca5465840a,460,0xE98b036e15318D1bd89A933eED33Bee42692cF43,0f242b89604c4f09fa52e335a57c023fb836e932328c396d28d90a06ece67640,D:\PHD\بابل\2024\Research Reco\الجزء الثاني\Douban Reco\4 ايصال التوصيات بضمنها العقد\03_outputs\RECOMMENDATION_DELIVERY_TOP5_V1\payloads\community_287\user_1686_community_287_v1_top5_payload.json,D:\PHD\results\13 Uplift\DMF_GLOBAL_ONLY_COMMUNITIES_DETERMINISTIC\RUN_VR14b_COMM_DET_LN0d2_NEG2_EMB64_POS3train4test_BPR_EVAL20_045_comm_287_U118_I2606\045_comm_287_U118_I2606_top20_per_user_recs_VR14b_COMM_DET_LN0d2_NEG2_EMB64_POS3train4test_BPR_EVAL20.csv
287,1694,0x12033087CB1b06d30699f82CF2F953E6af69073D,1,5,d9ab7b466cefd400d1d2db1e4f7283be993e24c79db486eb4924dbdbd8259f67,460,0xE98b036e15318D1bd89A933eED33Bee42692cF43,6051fff057208552bea34528ea32ccc1d54b79009df973edf6ee432254ab6adc,D:\PHD\بابل\2024\Research Reco\الجزء الثاني\Douban Reco\4 ايصال التوصيات بضمنها العقد\03_outputs\RECOMMENDATION_DELIVERY_TOP5_V1\payloads\community_287\user_1694_community_287_v1_top5_payload.json,D:\PHD\results\13 Uplift\DMF_GLOBAL_ONLY_COMMUNITIES_DETERMINISTIC\RUN_VR14b_COMM_DET_LN0d2_NEG2_EMB64_POS3train4test_BPR_EVAL20_045_comm_287_U118_I2606\045_comm_287_U118_I2606_top20_per_user_recs_VR14b_COMM_DET_LN0d2_NEG2_EMB64_POS3train4test_BPR_EVAL20.csv
287,1780,0x0a0C46ce4Ed7b9bAcEcc2f6f991933b3CD072FC3,1,5,5204dad3f4a98a58eafcd5ca6e45d29144224eb0569be65b833af6efbda0dafe,460,0xE98b036e15318D1bd89A933eED33Bee42692cF43,354a8dd582b579f3331602bb3a1504161aa2cdb13d521c72773e3fade5e56a1b,D:\PHD\بابل\2024\Research Reco\الجزء الثاني\Douban Reco\4 ايصال التوصيات بضمنها العقد\03_outputs\RECOMMENDATION_DELIVERY_TOP5_V1\payloads\community_287\user_1780_community_287_v1_top5_payload.json,D:\PHD\results\13 Uplift\DMF_GLOBAL_ONLY_COMMUNITIES_DETERMINISTIC\RUN_VR14b_COMM_DET_LN0d2_NEG2_EMB64_POS3train4test_BPR_EVAL20_045_comm_287_U118_I2606\045_comm_287_U118_I2606_top20_per_user_recs_VR14b_COMM_DET_LN0d2_NEG2_EMB64_POS3train4test_BPR_EVAL20.csv
287,1792,0xaDF456B8488a6226860ED3cF7D56f7Ac10869a99,1,5,3828f789dff083c431024692a519ff34ddeaa4a478ab3112f4f5fcbd6c278fd9,460,0xE98b036e15318D1bd89A933eED33Bee42692cF43,99db69030fe3212968302110e5bd42959fa26e4c22697b9e6c03fff581c2fb8a,D:\PHD\بابل\2024\Research Reco\الجزء الثاني\Douban Reco\4 ايصال التوصيات بضمنها العقد\03_outputs\RECOMMENDATION_DELIVERY_TOP5_V1\payloads\community_287\user_1792_community_287_v1_top5_payload.json,D:\PHD\results\13 Uplift\DMF_GLOBAL_ONLY_COMMUNITIES_DETERMINISTIC\RUN_VR14b_COMM_DET_LN0d2_NEG2_EMB64_POS3train4test_BPR_EVAL20_045_comm_287_U118_I2606\045_comm_287_U118_I2606_top20_per_user_recs_VR14b_COMM_DET_LN0d2_NEG2_EMB64_POS3train4test_BPR_EVAL20.csv
287,1802,0x1f2682DddeCBb5DcbFda8B7559Ae432A169a4000,1,5,17bf730e26449e23f177ee417c8aebd8f6a6e2d1f76ca93899e2d7c6e2d45635,460,0xE98b036e15318D1bd89A933eED33Bee42692cF43,247625c123970f5de0294db0aff8745bc2a4ef9ef1fd2e54faaf24dacc4752ae,D:\PHD\بابل\2024\Research Reco\الجزء الثاني\Douban Reco\4 ايصال التوصيات بضمنها العقد\03_outputs\RECOMMENDATION_DELIVERY_TOP5_V1\payloads\community_287\user_1802_community_287_v1_top5_payload.json,D:\PHD\results\13 Uplift\DMF_GLOBAL_ONLY_COMMUNITIES_DETERMINISTIC\RUN_VR14b_COMM_DET_LN0d2_NEG2_EMB64_POS3train4test_BPR_EVAL20_045_comm_287_U118_I2606\045_comm_287_U118_I2606_top20_per_user_recs_VR14b_COMM_DET_LN0d2_NEG2_EMB64_POS3train4test_BPR_EVAL20.csv
287,1818,0x4900f31F0367e63e084d8A0C080A0E0a5C0FdFA0,1,5,c42249da7f49a29fcbe25c825ad4eae8acfa35e37e9bc758e439b6fa1b13d6ec,460,0xE98b036e15318D1bd89A933eED33Bee42692cF43,1ba100280f6d65e09abbe9f4ec10279557a777cd213401fe31677f86013915e1,D:\PHD\بابل\2024\Research Reco\الجزء الثاني\Douban Reco\4 ايصال التوصيات بضمنها العقد\03_outputs\RECOMMENDATION_DELIVERY_TOP5_V1\payloads\community_287\user_1818_community_287_v1_top5_payload.json,D:\PHD\results\13 Uplift\DMF_GLOBAL_ONLY_COMMUNITIES_DETERMINISTIC\RUN_VR14b_COMM_DET_LN0d2_NEG2_EMB64_POS3train4test_BPR_EVAL20_045_comm_287_U118_I2606\045_comm_287_U118_I2606_top20_per_user_recs_VR14b_COMM_DET_LN0d2_NEG2_EMB64_POS3train4test_BPR_EVAL20.csv
287,1830,0x465117475ee1718b86e66Cd962643ECECd956c34,1,5,bacf5a37bcf64d047fbec86779ccf4b67250bdf95ce243a3728b5e9ceb35fcbd,460,0xE98b036e15318D1bd89A933eED33Bee42692cF43,1f5225a229eb91a06e4bbcd17679e085c9b23efd1f4a630319bbdabc9af33203,D:\PHD\بابل\2024\Research Reco\الجزء الثاني\Douban Reco\4 ايصال التوصيات بضمنها العقد\03_outputs\RECOMMENDATION_DELIVERY_TOP5_V1\payloads\community_287\user_1830_community_287_v1_top5_payload.json,D:\PHD\results\13 Uplift\DMF_GLOBAL_ONLY_COMMUNITIES_DETERMINISTIC\RUN_VR14b_COMM_DET_LN0d2_NEG2_EMB64_POS3train4test_BPR_EVAL20_045_comm_287_U118_I2606\045_comm_287_U118_I2606_top20_per_user_recs_VR14b_COMM_DET_LN0d2_NEG2_EMB64_POS3train4test_BPR_EVAL20.csv
287,1860,0x77d1F5E9D322C30E86856b5832D9C871bf89D514,1,5,8db11dca41d5606bcbcdaf5f701613b9d219f62884d9263a9e973813469cef70,460,0xE98b036e15318D1bd89A933eED33Bee42692cF43,1b3683386f6766574948a76f58048a418354c272475993019b57ad524b078cc4,D:\PHD\بابل\2024\Research Reco\الجزء الثاني\Douban Reco\4 ايصال التوصيات بضمنها العقد\03_outputs\RECOMMENDATION_DELIVERY_TOP5_V1\payloads\community_287\user_1860_community_287_v1_top5_payload.json,D:\PHD\results\13 Uplift\DMF_GLOBAL_ONLY_COMMUNITIES_DETERMINISTIC\RUN_VR14b_COMM_DET_LN0d2_NEG2_EMB64_POS3train4test_BPR_EVAL20_045_comm_287_U118_I2606\045_comm_287_U118_I2606_top20_per_user_recs_VR14b_COMM_DET_LN0d2_NEG2_EMB64_POS3train4test_BPR_EVAL20.csv
287,1907,0xA6A7aAe98cC0DF4226e92DA10dc4c14ba30a0F6A,1,5,2fbb748930275f11a2264791bf4ce5907f5e948182eabebcf9df6a1f01b01c6a,460,0xE98b036e15318D1bd89A933eED33Bee42692cF43,843efb80bde358bec78be40e7e20527eb5938890fcb542cec808971f6411c916,D:\PHD\بابل\2024\Research Reco\الجزء الثاني\Douban Reco\4 ايصال التوصيات بضمنها العقد\03_outputs\RECOMMENDATION_DELIVERY_TOP5_V1\payloads\community_287\user_1907_community_287_v1_top5_payload.json,D:\PHD\results\13 Uplift\DMF_GLOBAL_ONLY_COMMUNITIES_DETERMINISTIC\RUN_VR14b_COMM_DET_LN0d2_NEG2_EMB64_POS3train4test_BPR_EVAL20_045_comm_287_U118_I2606\045_comm_287_U118_I2606_top20_per_user_recs_VR14b_COMM_DET_LN0d2_NEG2_EMB64_POS3train4test_BPR_EVAL20.csv
287,1924,0x63235307DFA545c87c73b180C7c63ED9163cf8dC,1,5,bacf00c38ab12f896c75a876a2db66ac66ad5fe5ef6bd6692211cd5d09ba5930,460,0xE98b036e15318D1bd89A933eED33Bee42692cF43,ad4fca104f20e607bd9b1f3a8b77036d8f82365d3e8ab53f6c6847ad5d3ab1b3,D:\PHD\بابل\2024\Research Reco\الجزء الثاني\Douban Reco\4 ايصال التوصيات بضمنها العقد\03_outputs\RECOMMENDATION_DELIVERY_TOP5_V1\payloads\community_287\user_1924_community_287_v1_top5_payload.json,D:\PHD\results\13 Uplift\DMF_GLOBAL_ONLY_COMMUNITIES_DETERMINISTIC\RUN_VR14b_COMM_DET_LN0d2_NEG2_EMB64_POS3train4test_BPR_EVAL20_045_comm_287_U118_I2606\045_comm_287_U118_I2606_top20_per_user_recs_VR14b_COMM_DET_LN0d2_NEG2_EMB64_POS3train4test_BPR_EVAL20.csv
287,1939,0xCB451698B097ac2a00cc52eE726cB5E9a5bF9932,1,5,b3f10e9a8cb560cc7932f8563950007df38e83339149e50176820ff1cfdb824d,460,0xE98b036e15318D1bd89A933eED33Bee42692cF43,328ed553d8bd9b47f5008ac11cea760ae8c2620df373643134d6edb1fd5e550c,D:\PHD\بابل\2024\Research Reco\الجزء الثاني\Douban Reco\4 ايصال التوصيات بضمنها العقد\03_outputs\RECOMMENDATION_DELIVERY_TOP5_V1\payloads\community_287\user_1939_community_287_v1_top5_payload.json,D:\PHD\results\13 Uplift\DMF_GLOBAL_ONLY_COMMUNITIES_DETERMINISTIC\RUN_VR14b_COMM_DET_LN0d2_NEG2_EMB64_POS3train4test_BPR_EVAL20_045_comm_287_U118_I2606\045_comm_287_U118_I2606_top20_per_user_recs_VR14b_COMM_DET_LN0d2_NEG2_EMB64_POS3train4test_BPR_EVAL20.csv
287,2011,0x7bAc5cB7Db84A17DC35Dc8aF1ec6AA384184e7F4,1,5,dd75fc911f8befc8b6ed12378c7403db4072433614b7bceb974c8ef84342161d,460,0xE98b036e15318D1bd89A933eED33Bee42692cF43,175a765e2d8b1c065d73dc021f24a3f85b4559a5e973b862df02d090740a198e,D:\PHD\بابل\2024\Research Reco\الجزء الثاني\Douban Reco\4 ايصال التوصيات بضمنها العقد\03_outputs\RECOMMENDATION_DELIVERY_TOP5_V1\payloads\community_287\user_2011_community_287_v1_top5_payload.json,D:\PHD\results\13 Uplift\DMF_GLOBAL_ONLY_COMMUNITIES_DETERMINISTIC\RUN_VR14b_COMM_DET_LN0d2_NEG2_EMB64_POS3train4test_BPR_EVAL20_045_comm_287_U118_I2606\045_comm_287_U118_I2606_top20_per_user_recs_VR14b_COMM_DET_LN0d2_NEG2_EMB64_POS3train4test_BPR_EVAL20.csv
287,2024,0x52c574C0d33A307aFf7E1f9c9075C67fcf459E77,1,5,751e92b49a1171a25729157fb4132854ade3f2864f780c8aa61f577c59cfaadc,460,0xE98b036e15318D1bd89A933eED33Bee42692cF43,ab4fa89ce1073932cd5bb2b44ad3e8c783666d8e37499619e1c72a4677b717e6,D:\PHD\بابل\2024\Research Reco\الجزء الثاني\Douban Reco\4 ايصال التوصيات بضمنها العقد\03_outputs\RECOMMENDATION_DELIVERY_TOP5_V1\payloads\community_287\user_2024_community_287_v1_top5_payload.json,D:\PHD\results\13 Uplift\DMF_GLOBAL_ONLY_COMMUNITIES_DETERMINISTIC\RUN_VR14b_COMM_DET_LN0d2_NEG2_EMB64_POS3train4test_BPR_EVAL20_045_comm_287_U118_I2606\045_comm_287_U118_I2606_top20_per_user_recs_VR14b_COMM_DET_LN0d2_NEG2_EMB64_POS3train4test_BPR_EVAL20.csv
287,2032,0x097F721Bd3E54CFB55340A36d9ba4093fb31BA73,1,5,b98df8c1b9fe945f1c1082530dc029a8b8317937a2b028b1079d26f9000ab79e,460,0xE98b036e15318D1bd89A933eED33Bee42692cF43,bb5a713a250cee2e31a56e46a5bfb67d7c12be760a6cb87c1a06c97465217667,D:\PHD\بابل\2024\Research Reco\الجزء الثاني\Douban Reco\4 ايصال التوصيات بضمنها العقد\03_outputs\RECOMMENDATION_DELIVERY_TOP5_V1\payloads\community_287\user_2032_community_287_v1_top5_payload.json,D:\PHD\results\13 Uplift\DMF_GLOBAL_ONLY_COMMUNITIES_DETERMINISTIC\RUN_VR14b_COMM_DET_LN0d2_NEG2_EMB64_POS3train4test_BPR_EVAL20_045_comm_287_U118_I2606\045_comm_287_U118_I2606_top20_per_user_recs_VR14b_COMM_DET_LN0d2_NEG2_EMB64_POS3train4test_BPR_EVAL20.csv
287,2042,0xcF128981ecc46757e565E2FBB5fa634F182A8d5E,1,5,670696694afe8e74670a85c6d6e0855d472b796829e5d4aa52329f4bf64cd9ee,460,0xE98b036e15318D1bd89A933eED33Bee42692cF43,3b59a681a3494f3434f868dc8b617517b07363dc59cbdddee9eeb34e7bed7b06,D:\PHD\بابل\2024\Research Reco\الجزء الثاني\Douban Reco\4 ايصال التوصيات بضمنها العقد\03_outputs\RECOMMENDATION_DELIVERY_TOP5_V1\payloads\community_287\user_2042_community_287_v1_top5_payload.json,D:\PHD\results\13 Uplift\DMF_GLOBAL_ONLY_COMMUNITIES_DETERMINISTIC\RUN_VR14b_COMM_DET_LN0d2_NEG2_EMB64_POS3train4test_BPR_EVAL20_045_comm_287_U118_I2606\045_comm_287_U118_I2606_top20_per_user_recs_VR14b_COMM_DET_LN0d2_NEG2_EMB64_POS3train4test_BPR_EVAL20.csv
287,2069,0xfF1C24717644A80F9971E73a38A8d281fc86f263,1,5,a6dcfe77444808558b697927fefd156e4f4cb7e9b3df9932c48fa3a0cf439759,460,0xE98b036e15318D1bd89A933eED33Bee42692cF43,946b1e97b3a23f16de4a0a72fd86a3b6d82677b9011827ffd72987e09bfdf846,D:\PHD\بابل\2024\Research Reco\الجزء الثاني\Douban Reco\4 ايصال التوصيات بضمنها العقد\03_outputs\RECOMMENDATION_DELIVERY_TOP5_V1\payloads\community_287\user_2069_community_287_v1_top5_payload.json,D:\PHD\results\13 Uplift\DMF_GLOBAL_ONLY_COMMUNITIES_DETERMINISTIC\RUN_VR14b_COMM_DET_LN0d2_NEG2_EMB64_POS3train4test_BPR_EVAL20_045_comm_287_U118_I2606\045_comm_287_U118_I2606_top20_per_user_recs_VR14b_COMM_DET_LN0d2_NEG2_EMB64_POS3train4test_BPR_EVAL20.csv
287,2079,0x0F8779a75bba8718a3B898696D321cB4D1EC6200,1,5,c985ddad8fcc85f47c40f61a0e3f9632615feeab67cdda569ce177787f971a8c,460,0xE98b036e15318D1bd89A933eED33Bee42692cF43,b75086354a5f943d62f88e753674660cc3f61e540c080f4602c69f7c43d446c2,D:\PHD\بابل\2024\Research Reco\الجزء الثاني\Douban Reco\4 ايصال التوصيات بضمنها العقد\03_outputs\RECOMMENDATION_DELIVERY_TOP5_V1\payloads\community_287\user_2079_community_287_v1_top5_payload.json,D:\PHD\results\13 Uplift\DMF_GLOBAL_ONLY_COMMUNITIES_DETERMINISTIC\RUN_VR14b_COMM_DET_LN0d2_NEG2_EMB64_POS3train4test_BPR_EVAL20_045_comm_287_U118_I2606\045_comm_287_U118_I2606_top20_per_user_recs_VR14b_COMM_DET_LN0d2_NEG2_EMB64_POS3train4test_BPR_EVAL20.csv
287,2097,0x267DBa904f75d645B859c2e708E267276d30fc70,1,5,1f725f6be1e920ee7b46308155590dfe1495a06b76c3fd18ad29d0d39d373025,460,0xE98b036e15318D1bd89A933eED33Bee42692cF43,42066553cf4696f2dbcb9b98d3dfc29b86afb0b8ef22fa88a9569df72b32ba07,D:\PHD\بابل\2024\Research Reco\الجزء الثاني\Douban Reco\4 ايصال التوصيات بضمنها العقد\03_outputs\RECOMMENDATION_DELIVERY_TOP5_V1\payloads\community_287\user_2097_community_287_v1_top5_payload.json,D:\PHD\results\13 Uplift\DMF_GLOBAL_ONLY_COMMUNITIES_DETERMINISTIC\RUN_VR14b_COMM_DET_LN0d2_NEG2_EMB64_POS3train4test_BPR_EVAL20_045_comm_287_U118_I2606\045_comm_287_U118_I2606_top20_per_user_recs_VR14b_COMM_DET_LN0d2_NEG2_EMB64_POS3train4test_BPR_EVAL20.csv
287,2108,0x59774D8EB14CBc8a3956DCA96443563B5EA62186,1,5,a5d0d1ae8709d60657b33fa771e111dde50b4b77768c400d21f2d7f72c2b3c7e,460,0xE98b036e15318D1bd89A933eED33Bee42692cF43,febfb34030ec9ae02662dca1329116012e1ed2256a663ad6d69745c90cbe4b08,D:\PHD\بابل\2024\Research Reco\الجزء الثاني\Douban Reco\4 ايصال التوصيات بضمنها العقد\03_outputs\RECOMMENDATION_DELIVERY_TOP5_V1\payloads\community_287\user_2108_community_287_v1_top5_payload.json,D:\PHD\results\13 Uplift\DMF_GLOBAL_ONLY_COMMUNITIES_DETERMINISTIC\RUN_VR14b_COMM_DET_LN0d2_NEG2_EMB64_POS3train4test_BPR_EVAL20_045_comm_287_U118_I2606\045_comm_287_U118_I2606_top20_per_user_recs_VR14b_COMM_DET_LN0d2_NEG2_EMB64_POS3train4test_BPR_EVAL20.csv
287,2141,0x574C9ae4CC511f550435E8Eb3827C13E2A1F481E,1,5,9e6f7621bf62e4efb1e4611cd3455c4186134579f3757926106f340c538626c8,460,0xE98b036e15318D1bd89A933eED33Bee42692cF43,3ea040c55b756acfcf26fc5280b8635a3f71125ed86c99d99ef50f73b387602e,D:\PHD\بابل\2024\Research Reco\الجزء الثاني\Douban Reco\4 ايصال التوصيات بضمنها العقد\03_outputs\RECOMMENDATION_DELIVERY_TOP5_V1\payloads\community_287\user_2141_community_287_v1_top5_payload.json,D:\PHD\results\13 Uplift\DMF_GLOBAL_ONLY_COMMUNITIES_DETERMINISTIC\RUN_VR14b_COMM_DET_LN0d2_NEG2_EMB64_POS3train4test_BPR_EVAL20_045_comm_287_U118_I2606\045_comm_287_U118_I2606_top20_per_user_recs_VR14b_COMM_DET_LN0d2_NEG2_EMB64_POS3train4test_BPR_EVAL20.csv
287,2143,0xe757c5E4BeF6ef00852A396C20f05e2eE64769b4,1,5,03fbc8221be3e3353940e5b887be983df94df82b9485e13c1cfb686dc1d48393,460,0xE98b036e15318D1bd89A933eED33Bee42692cF43,e29e6737d4801cc5ef341ed6f30877b5f238a504531b68ac01d90ba55feddc1f,D:\PHD\بابل\2024\Research Reco\الجزء الثاني\Douban Reco\4 ايصال التوصيات بضمنها العقد\03_outputs\RECOMMENDATION_DELIVERY_TOP5_V1\payloads\community_287\user_2143_community_287_v1_top5_payload.json,D:\PHD\results\13 Uplift\DMF_GLOBAL_ONLY_COMMUNITIES_DETERMINISTIC\RUN_VR14b_COMM_DET_LN0d2_NEG2_EMB64_POS3train4test_BPR_EVAL20_045_comm_287_U118_I2606\045_comm_287_U118_I2606_top20_per_user_recs_VR14b_COMM_DET_LN0d2_NEG2_EMB64_POS3train4test_BPR_EVAL20.csv
287,2192,0xB8CD88263A60fb31A0FAC3485B02E01701260980,1,5,65069a8837fb3a2579a05187dac3920f44a268e25a04df19c5c2057e54f80949,460,0xE98b036e15318D1bd89A933eED33Bee42692cF43,00b8b21818464937a6a6b6773367b3d57f5d69193571ab503ac321023ab3b7e7,D:\PHD\بابل\2024\Research Reco\الجزء الثاني\Douban Reco\4 ايصال التوصيات بضمنها العقد\03_outputs\RECOMMENDATION_DELIVERY_TOP5_V1\payloads\community_287\user_2192_community_287_v1_top5_payload.json,D:\PHD\results\13 Uplift\DMF_GLOBAL_ONLY_COMMUNITIES_DETERMINISTIC\RUN_VR14b_COMM_DET_LN0d2_NEG2_EMB64_POS3train4test_BPR_EVAL20_045_comm_287_U118_I2606\045_comm_287_U118_I2606_top20_per_user_recs_VR14b_COMM_DET_LN0d2_NEG2_EMB64_POS3train4test_BPR_EVAL20.csv
287,2210,0xa033FB892a6f805b8D232c4ADd0D0EF526E37480,1,5,85eebd45b556ed2ac7be56e662721be673ef73dbcd81cbd1115285915ac8d8cc,460,0xE98b036e15318D1bd89A933eED33Bee42692cF43,14b59ff708ccf00a17933c44b0b03a6b65736932ac96d213086d7764df305efa,D:\PHD\بابل\2024\Research Reco\الجزء الثاني\Douban Reco\4 ايصال التوصيات بضمنها العقد\03_outputs\RECOMMENDATION_DELIVERY_TOP5_V1\payloads\community_287\user_2210_community_287_v1_top5_payload.json,D:\PHD\results\13 Uplift\DMF_GLOBAL_ONLY_COMMUNITIES_DETERMINISTIC\RUN_VR14b_COMM_DET_LN0d2_NEG2_EMB64_POS3train4test_BPR_EVAL20_045_comm_287_U118_I2606\045_comm_287_U118_I2606_top20_per_user_recs_VR14b_COMM_DET_LN0d2_NEG2_EMB64_POS3train4test_BPR_EVAL20.csv
287,2211,0x77c1f18e53417722D8Cf8725641b6B8C1d97Ee64,1,5,cc4cfa845f406a82386851cd98606bf141dd85dce56f76da9d2dfe9c60325003,460,0xE98b036e15318D1bd89A933eED33Bee42692cF43,a1b93df84fd0568ae9c115c0d89e3c25cba910d707d84ed24ef100326747be7d,D:\PHD\بابل\2024\Research Reco\الجزء الثاني\Douban Reco\4 ايصال التوصيات بضمنها العقد\03_outputs\RECOMMENDATION_DELIVERY_TOP5_V1\payloads\community_287\user_2211_community_287_v1_top5_payload.json,D:\PHD\results\13 Uplift\DMF_GLOBAL_ONLY_COMMUNITIES_DETERMINISTIC\RUN_VR14b_COMM_DET_LN0d2_NEG2_EMB64_POS3train4test_BPR_EVAL20_045_comm_287_U118_I2606\045_comm_287_U118_I2606_top20_per_user_recs_VR14b_COMM_DET_LN0d2_NEG2_EMB64_POS3train4test_BPR_EVAL20.csv
287,2215,0x91cFD263A2934ef529cbF507319dFC2ce94f3A9f,1,5,eb2dc236c37127a5dd58d9e273455a969e350b0984993dfbff85723d14bdf685,460,0xE98b036e15318D1bd89A933eED33Bee42692cF43,1ff0e13bef301d9921a7e07a9fbdbf0828ce2d0cb1643ea4e384675e30ba9d71,D:\PHD\بابل\2024\Research Reco\الجزء الثاني\Douban Reco\4 ايصال التوصيات بضمنها العقد\03_outputs\RECOMMENDATION_DELIVERY_TOP5_V1\payloads\community_287\user_2215_community_287_v1_top5_payload.json,D:\PHD\results\13 Uplift\DMF_GLOBAL_ONLY_COMMUNITIES_DETERMINISTIC\RUN_VR14b_COMM_DET_LN0d2_NEG2_EMB64_POS3train4test_BPR_EVAL20_045_comm_287_U118_I2606\045_comm_287_U118_I2606_top20_per_user_recs_VR14b_COMM_DET_LN0d2_NEG2_EMB64_POS3train4test_BPR_EVAL20.csv
287,2273,0x76Bab73AeaE3ab00EB892Bd2c56974332C4FDE21,1,5,989866cd9910f6868e740a9e775d1579fc10b6546a56c7cef20a9fa8a4cbdadf,460,0xE98b036e15318D1bd89A933eED33Bee42692cF43,3995f0174b9374b5f84c18b16452eda5c3880c4c5765fcecfd632b35be13078b,D:\PHD\بابل\2024\Research Reco\الجزء الثاني\Douban Reco\4 ايصال التوصيات بضمنها العقد\03_outputs\RECOMMENDATION_DELIVERY_TOP5_V1\payloads\community_287\user_2273_community_287_v1_top5_payload.json,D:\PHD\results\13 Uplift\DMF_GLOBAL_ONLY_COMMUNITIES_DETERMINISTIC\RUN_VR14b_COMM_DET_LN0d2_NEG2_EMB64_POS3train4test_BPR_EVAL20_045_comm_287_U118_I2606\045_comm_287_U118_I2606_top20_per_user_recs_VR14b_COMM_DET_LN0d2_NEG2_EMB64_POS3train4test_BPR_EVAL20.csv
287,2300,0x9AD6C785b852d1D9AbE1128D68f7150e2d3fdDef,1,5,ad2908d37aa6e13353590f03011fe30fa346d497a7390c308e0b247730da2622,460,0xE98b036e15318D1bd89A933eED33Bee42692cF43,7b65a0527813981dd4a029aacf3a2df6d55cdbefdb6b7381afdef7dd770da6f1,D:\PHD\بابل\2024\Research Reco\الجزء الثاني\Douban Reco\4 ايصال التوصيات بضمنها العقد\03_outputs\RECOMMENDATION_DELIVERY_TOP5_V1\payloads\community_287\user_2300_community_287_v1_top5_payload.json,D:\PHD\results\13 Uplift\DMF_GLOBAL_ONLY_COMMUNITIES_DETERMINISTIC\RUN_VR14b_COMM_DET_LN0d2_NEG2_EMB64_POS3train4test_BPR_EVAL20_045_comm_287_U118_I2606\045_comm_287_U118_I2606_top20_per_user_recs_VR14b_COMM_DET_LN0d2_NEG2_EMB64_POS3train4test_BPR_EVAL20.csv
287,2305,0xd5B26BBae38bE968A8c8CB015217556E30F81aEE,1,5,e27667f4806147400fde8e32fa781845f5bf5bc7b5655c56bb5dc63c57af608a,460,0xE98b036e15318D1bd89A933eED33Bee42692cF43,60631dffe438c1b6fd26dbb9954d695e0f19d40fe3270aa1416f9cc30617fbea,D:\PHD\بابل\2024\Research Reco\الجزء الثاني\Douban Reco\4 ايصال التوصيات بضمنها العقد\03_outputs\RECOMMENDATION_DELIVERY_TOP5_V1\payloads\community_287\user_2305_community_287_v1_top5_payload.json,D:\PHD\results\13 Uplift\DMF_GLOBAL_ONLY_COMMUNITIES_DETERMINISTIC\RUN_VR14b_COMM_DET_LN0d2_NEG2_EMB64_POS3train4test_BPR_EVAL20_045_comm_287_U118_I2606\045_comm_287_U118_I2606_top20_per_user_recs_VR14b_COMM_DET_LN0d2_NEG2_EMB64_POS3train4test_BPR_EVAL20.csv
287,2349,0x54440555d71a2B9b96b03c71672aA3D7E83D61dC,1,5,51b965b4f0107282fcb2051199889f7afe516bfdc0cf455fd69650a5387dc603,460,0xE98b036e15318D1bd89A933eED33Bee42692cF43,a52b7242dec4286b45c914b33b2aedf2d8a8ca9be226738c03590bf3cea594d3,D:\PHD\بابل\2024\Research Reco\الجزء الثاني\Douban Reco\4 ايصال التوصيات بضمنها العقد\03_outputs\RECOMMENDATION_DELIVERY_TOP5_V1\payloads\community_287\user_2349_community_287_v1_top5_payload.json,D:\PHD\results\13 Uplift\DMF_GLOBAL_ONLY_COMMUNITIES_DETERMINISTIC\RUN_VR14b_COMM_DET_LN0d2_NEG2_EMB64_POS3train4test_BPR_EVAL20_045_comm_287_U118_I2606\045_comm_287_U118_I2606_top20_per_user_recs_VR14b_COMM_DET_LN0d2_NEG2_EMB64_POS3train4test_BPR_EVAL20.csv
287,2377,0x4883C30077F458BbCd796a275cd05Bc17E415821,1,5,f17102efc7fe985eb73151264b4c00ccd85229bd6909cd8048735eae1b7ec501,460,0xE98b036e15318D1bd89A933eED33Bee42692cF43,c215358e1d757858ae9f822b2b0c19e4ee46626844eefbdf9c23666d4e70dde1,D:\PHD\بابل\2024\Research Reco\الجزء الثاني\Douban Reco\4 ايصال التوصيات بضمنها العقد\03_outputs\RECOMMENDATION_DELIVERY_TOP5_V1\payloads\community_287\user_2377_community_287_v1_top5_payload.json,D:\PHD\results\13 Uplift\DMF_GLOBAL_ONLY_COMMUNITIES_DETERMINISTIC\RUN_VR14b_COMM_DET_LN0d2_NEG2_EMB64_POS3train4test_BPR_EVAL20_045_comm_287_U118_I2606\045_comm_287_U118_I2606_top20_per_user_recs_VR14b_COMM_DET_LN0d2_NEG2_EMB64_POS3train4test_BPR_EVAL20.csv
287,2456,0xcE0013152d1ddfDF2782af9Cb26F949732536053,1,5,d639c714ef116d4f7e5eb7d3487c33e56013519bc2d42a178eb6e601749f66b5,460,0xE98b036e15318D1bd89A933eED33Bee42692cF43,290172f803868b530bc5fd6ded42c34fc350ee50335e5678027c739a7e6394bd,D:\PHD\بابل\2024\Research Reco\الجزء الثاني\Douban Reco\4 ايصال التوصيات بضمنها العقد\03_outputs\RECOMMENDATION_DELIVERY_TOP5_V1\payloads\community_287\user_2456_community_287_v1_top5_payload.json,D:\PHD\results\13 Uplift\DMF_GLOBAL_ONLY_COMMUNITIES_DETERMINISTIC\RUN_VR14b_COMM_DET_LN0d2_NEG2_EMB64_POS3train4test_BPR_EVAL20_045_comm_287_U118_I2606\045_comm_287_U118_I2606_top20_per_user_recs_VR14b_COMM_DET_LN0d2_NEG2_EMB64_POS3train4test_BPR_EVAL20.csv
287,2460,0x202B5844918556cf80187f52Ec40daebB6306c42,1,5,6ce32d7114dc0830bd57ff3ff24db01bf04c8eec4a7c5a9e2982b9419ac72ca9,460,0xE98b036e15318D1bd89A933eED33Bee42692cF43,40fd3d6492e75ded55547cef158797c16b3a1be44c034fbf97a36d713e7cdea6,D:\PHD\بابل\2024\Research Reco\الجزء الثاني\Douban Reco\4 ايصال التوصيات بضمنها العقد\03_outputs\RECOMMENDATION_DELIVERY_TOP5_V1\payloads\community_287\user_2460_community_287_v1_top5_payload.json,D:\PHD\results\13 Uplift\DMF_GLOBAL_ONLY_COMMUNITIES_DETERMINISTIC\RUN_VR14b_COMM_DET_LN0d2_NEG2_EMB64_POS3train4test_BPR_EVAL20_045_comm_287_U118_I2606\045_comm_287_U118_I2606_top20_per_user_recs_VR14b_COMM_DET_LN0d2_NEG2_EMB64_POS3train4test_BPR_EVAL20.csv
287,2482,0xDc7A6974a9Ff2C36C70F2629ff86B3B397A6DE75,1,5,86e30bf99f4385633f195783da89524d390b9cc380cbe8bc2b3495243c77aaca,460,0xE98b036e15318D1bd89A933eED33Bee42692cF43,870ea07df85e74039547954a0646eec042e723a04af2e63b272f5ed70bcccd2e,D:\PHD\بابل\2024\Research Reco\الجزء الثاني\Douban Reco\4 ايصال التوصيات بضمنها العقد\03_outputs\RECOMMENDATION_DELIVERY_TOP5_V1\payloads\community_287\user_2482_community_287_v1_top5_payload.json,D:\PHD\results\13 Uplift\DMF_GLOBAL_ONLY_COMMUNITIES_DETERMINISTIC\RUN_VR14b_COMM_DET_LN0d2_NEG2_EMB64_POS3train4test_BPR_EVAL20_045_comm_287_U118_I2606\045_comm_287_U118_I2606_top20_per_user_recs_VR14b_COMM_DET_LN0d2_NEG2_EMB64_POS3train4test_BPR_EVAL20.csv
287,2493,0xb70B66132aD23a2aa8961984DC2be2d7bef505C3,1,5,5934c38544ee6e4df37628f99da4495bdc4fd8a7ad1ed6b360bb21d9889a52d6,460,0xE98b036e15318D1bd89A933eED33Bee42692cF43,6b25047665df4b9180eca8b5d6661e9d843565184e5749fdff25a788668ea51f,D:\PHD\بابل\2024\Research Reco\الجزء الثاني\Douban Reco\4 ايصال التوصيات بضمنها العقد\03_outputs\RECOMMENDATION_DELIVERY_TOP5_V1\payloads\community_287\user_2493_community_287_v1_top5_payload.json,D:\PHD\results\13 Uplift\DMF_GLOBAL_ONLY_COMMUNITIES_DETERMINISTIC\RUN_VR14b_COMM_DET_LN0d2_NEG2_EMB64_POS3train4test_BPR_EVAL20_045_comm_287_U118_I2606\045_comm_287_U118_I2606_top20_per_user_recs_VR14b_COMM_DET_LN0d2_NEG2_EMB64_POS3train4test_BPR_EVAL20.csv
287,2525,0x2eF5fa4B3eBF787bD422A06476f2999B5f904127,1,5,74ca6e319114957658a1d572d8f488f29885a446d7ff34444c2d3788ae7aedf5,460,0xE98b036e15318D1bd89A933eED33Bee42692cF43,400c5773d8e8290d07d5957b8440422f5403611e954032e6e7d0f82b9c9dff58,D:\PHD\بابل\2024\Research Reco\الجزء الثاني\Douban Reco\4 ايصال التوصيات بضمنها العقد\03_outputs\RECOMMENDATION_DELIVERY_TOP5_V1\payloads\community_287\user_2525_community_287_v1_top5_payload.json,D:\PHD\results\13 Uplift\DMF_GLOBAL_ONLY_COMMUNITIES_DETERMINISTIC\RUN_VR14b_COMM_DET_LN0d2_NEG2_EMB64_POS3train4test_BPR_EVAL20_045_comm_287_U118_I2606\045_comm_287_U118_I2606_top20_per_user_recs_VR14b_COMM_DET_LN0d2_NEG2_EMB64_POS3train4test_BPR_EVAL20.csv
287,2543,0xAFccC1B5c14207CdE501316BD1029654E3B7ffc7,1,5,3c7cb0e94f8345565f05f94e996b4bbfb80dadb14576fbe5b1e96bdf65c2ac4f,460,0xE98b036e15318D1bd89A933eED33Bee42692cF43,c8800194f2b87fa27d5d5ac3c5903a52d2695c0b344683e8f6d531fd4109a615,D:\PHD\بابل\2024\Research Reco\الجزء الثاني\Douban Reco\4 ايصال التوصيات بضمنها العقد\03_outputs\RECOMMENDATION_DELIVERY_TOP5_V1\payloads\community_287\user_2543_community_287_v1_top5_payload.json,D:\PHD\results\13 Uplift\DMF_GLOBAL_ONLY_COMMUNITIES_DETERMINISTIC\RUN_VR14b_COMM_DET_LN0d2_NEG2_EMB64_POS3train4test_BPR_EVAL20_045_comm_287_U118_I2606\045_comm_287_U118_I2606_top20_per_user_recs_VR14b_COMM_DET_LN0d2_NEG2_EMB64_POS3train4test_BPR_EVAL20.csv
287,2573,0xA63Ed447D3014E55B21900777042a13f5f79eB75,1,5,e62941c2257c620350e2b9cb768aace6622c6db0011cf238f9d95d47b4a12f82,460,0xE98b036e15318D1bd89A933eED33Bee42692cF43,9e11d67249022607e12888ab7d051b7e0351157dd14c17b2ababdc564676cb48,D:\PHD\بابل\2024\Research Reco\الجزء الثاني\Douban Reco\4 ايصال التوصيات بضمنها العقد\03_outputs\RECOMMENDATION_DELIVERY_TOP5_V1\payloads\community_287\user_2573_community_287_v1_top5_payload.json,D:\PHD\results\13 Uplift\DMF_GLOBAL_ONLY_COMMUNITIES_DETERMINISTIC\RUN_VR14b_COMM_DET_LN0d2_NEG2_EMB64_POS3train4test_BPR_EVAL20_045_comm_287_U118_I2606\045_comm_287_U118_I2606_top20_per_user_recs_VR14b_COMM_DET_LN0d2_NEG2_EMB64_POS3train4test_BPR_EVAL20.csv
287,2579,0x2715b0bBA5e51a2d3Dd701d4A7C1F93F7A364583,1,5,bc6c080443fdb41afcdeeaa0b4d47204e44ac026915b94187b4359c9c8aaef69,460,0xE98b036e15318D1bd89A933eED33Bee42692cF43,a92ae640cbb6b077e115491d5e4b440751f7fd8dccaeadd346cc8bcf9153e6ff,D:\PHD\بابل\2024\Research Reco\الجزء الثاني\Douban Reco\4 ايصال التوصيات بضمنها العقد\03_outputs\RECOMMENDATION_DELIVERY_TOP5_V1\payloads\community_287\user_2579_community_287_v1_top5_payload.json,D:\PHD\results\13 Uplift\DMF_GLOBAL_ONLY_COMMUNITIES_DETERMINISTIC\RUN_VR14b_COMM_DET_LN0d2_NEG2_EMB64_POS3train4test_BPR_EVAL20_045_comm_287_U118_I2606\045_comm_287_U118_I2606_top20_per_user_recs_VR14b_COMM_DET_LN0d2_NEG2_EMB64_POS3train4test_BPR_EVAL20.csv
287,2589,0x7d29F39F4ef65bf5fEEAeAE47fC5f13F278f0Aa2,1,5,e614e73b913b4de030a796fa727ba66c89dff0ed8b9c7b31b7417778eac23bc2,460,0xE98b036e15318D1bd89A933eED33Bee42692cF43,1aee318b86900c4826e0458147d52c4991410a106efed4a390eaf2efc5d95ec5,D:\PHD\بابل\2024\Research Reco\الجزء الثاني\Douban Reco\4 ايصال التوصيات بضمنها العقد\03_outputs\RECOMMENDATION_DELIVERY_TOP5_V1\payloads\community_287\user_2589_community_287_v1_top5_payload.json,D:\PHD\results\13 Uplift\DMF_GLOBAL_ONLY_COMMUNITIES_DETERMINISTIC\RUN_VR14b_COMM_DET_LN0d2_NEG2_EMB64_POS3train4test_BPR_EVAL20_045_comm_287_U118_I2606\045_comm_287_U118_I2606_top20_per_user_recs_VR14b_COMM_DET_LN0d2_NEG2_EMB64_POS3train4test_BPR_EVAL20.csv
287,2603,0xC37b21Ab651fb91A7aa2D87AAC88dBd02e58c549,1,5,1187cc759fb2b812a734b3d38be5db65b2ec7eb8ebd8f6830b657afa7f43147b,460,0xE98b036e15318D1bd89A933eED33Bee42692cF43,90897d7dcfdef77f2888abe15d431e92408616c4d2a55588b6d8c83f85292213,D:\PHD\بابل\2024\Research Reco\الجزء الثاني\Douban Reco\4 ايصال التوصيات بضمنها العقد\03_outputs\RECOMMENDATION_DELIVERY_TOP5_V1\payloads\community_287\user_2603_community_287_v1_top5_payload.json,D:\PHD\results\13 Uplift\DMF_GLOBAL_ONLY_COMMUNITIES_DETERMINISTIC\RUN_VR14b_COMM_DET_LN0d2_NEG2_EMB64_POS3train4test_BPR_EVAL20_045_comm_287_U118_I2606\045_comm_287_U118_I2606_top20_per_user_recs_VR14b_COMM_DET_LN0d2_NEG2_EMB64_POS3train4test_BPR_EVAL20.csv
287,2613,0xDa1F48c78B785474D45E033d6f554AA486Ca278c,1,5,0f4489b0bb12372ec371c0eafb25c80e6b1a0757c0aefd2cc50aefa5ad7417a9,460,0xE98b036e15318D1bd89A933eED33Bee42692cF43,45f3d5b8779822f17d9ae60ebbd4e3c8e40de903e8a25af42cfd21c7434d861d,D:\PHD\بابل\2024\Research Reco\الجزء الثاني\Douban Reco\4 ايصال التوصيات بضمنها العقد\03_outputs\RECOMMENDATION_DELIVERY_TOP5_V1\payloads\community_287\user_2613_community_287_v1_top5_payload.json,D:\PHD\results\13 Uplift\DMF_GLOBAL_ONLY_COMMUNITIES_DETERMINISTIC\RUN_VR14b_COMM_DET_LN0d2_NEG2_EMB64_POS3train4test_BPR_EVAL20_045_comm_287_U118_I2606\045_comm_287_U118_I2606_top20_per_user_recs_VR14b_COMM_DET_LN0d2_NEG2_EMB64_POS3train4test_BPR_EVAL20.csv
287,2619,0x4F8D94881146De268dE07BF6647762cFCD09C504,1,5,6d443e630434a115ce2463de4516a204db9a642ccca379be94cfebdb615d287b,460,0xE98b036e15318D1bd89A933eED33Bee42692cF43,19ea47e239727b518060d2cc982af4ff7047d62cbc541fc556ba4987f31a0607,D:\PHD\بابل\2024\Research Reco\الجزء الثاني\Douban Reco\4 ايصال التوصيات بضمنها العقد\03_outputs\RECOMMENDATION_DELIVERY_TOP5_V1\payloads\community_287\user_2619_community_287_v1_top5_payload.json,D:\PHD\results\13 Uplift\DMF_GLOBAL_ONLY_COMMUNITIES_DETERMINISTIC\RUN_VR14b_COMM_DET_LN0d2_NEG2_EMB64_POS3train4test_BPR_EVAL20_045_comm_287_U118_I2606\045_comm_287_U118_I2606_top20_per_user_recs_VR14b_COMM_DET_LN0d2_NEG2_EMB64_POS3train4test_BPR_EVAL20.csv
287,2633,0xe456DA25D27ceae83fD3c027d5E78d26909D4553,1,5,f66f82bc61394d2af41ab41af1e815982f4efe90db1c3279b0ba28f102bf1c5f,460,0xE98b036e15318D1bd89A933eED33Bee42692cF43,c0bda9c32ebca67475da34575e4b89e6456d0bd19fdd98c9dafae53a34be29e2,D:\PHD\بابل\2024\Research Reco\الجزء الثاني\Douban Reco\4 ايصال التوصيات بضمنها العقد\03_outputs\RECOMMENDATION_DELIVERY_TOP5_V1\payloads\community_287\user_2633_community_287_v1_top5_payload.json,D:\PHD\results\13 Uplift\DMF_GLOBAL_ONLY_COMMUNITIES_DETERMINISTIC\RUN_VR14b_COMM_DET_LN0d2_NEG2_EMB64_POS3train4test_BPR_EVAL20_045_comm_287_U118_I2606\045_comm_287_U118_I2606_top20_per_user_recs_VR14b_COMM_DET_LN0d2_NEG2_EMB64_POS3train4test_BPR_EVAL20.csv
287,2646,0x405825618202933FcDFe6101790FD32F826f8DD9,1,5,b9b269e342a30a0911d393f4ed1fa7804dc61d0868063edac21493dfee5f8852,460,0xE98b036e15318D1bd89A933eED33Bee42692cF43,215ce316f6e730bfa80a2b0c6c77df34e7e532f4c365dd88e0e12fee354157dd,D:\PHD\بابل\2024\Research Reco\الجزء الثاني\Douban Reco\4 ايصال التوصيات بضمنها العقد\03_outputs\RECOMMENDATION_DELIVERY_TOP5_V1\payloads\community_287\user_2646_community_287_v1_top5_payload.json,D:\PHD\results\13 Uplift\DMF_GLOBAL_ONLY_COMMUNITIES_DETERMINISTIC\RUN_VR14b_COMM_DET_LN0d2_NEG2_EMB64_POS3train4test_BPR_EVAL20_045_comm_287_U118_I2606\045_comm_287_U118_I2606_top20_per_user_recs_VR14b_COMM_DET_LN0d2_NEG2_EMB64_POS3train4test_BPR_EVAL20.csv
287,2650,0xe893FA7512AFdBb7B391DF0DecceD3BB02473C0d,1,5,ed9c11f9f8a3dd11bb2a7abb7fadd5735f1de0531fc551fc4bdb49c17d6e4130,460,0xE98b036e15318D1bd89A933eED33Bee42692cF43,34b56bc56e367c442b96ef4130b25731c51508b9afaca95dd67b0e8fb59e985e,D:\PHD\بابل\2024\Research Reco\الجزء الثاني\Douban Reco\4 ايصال التوصيات بضمنها العقد\03_outputs\RECOMMENDATION_DELIVERY_TOP5_V1\payloads\community_287\user_2650_community_287_v1_top5_payload.json,D:\PHD\results\13 Uplift\DMF_GLOBAL_ONLY_COMMUNITIES_DETERMINISTIC\RUN_VR14b_COMM_DET_LN0d2_NEG2_EMB64_POS3train4test_BPR_EVAL20_045_comm_287_U118_I2606\045_comm_287_U118_I2606_top20_per_user_recs_VR14b_COMM_DET_LN0d2_NEG2_EMB64_POS3train4test_BPR_EVAL20.csv
287,2694,0xb60749863Baa498A3654b914d941C5C2c04781d1,1,5,7907b0f98fa1c579a60b4a2e1e8e1cf7fd6fa6932bb7cd5ccc3d079692d30e98,460,0xE98b036e15318D1bd89A933eED33Bee42692cF43,f2568e6322d03772deaa15838610162d693b4d74119a2d1946677dadbe387bb8,D:\PHD\بابل\2024\Research Reco\الجزء الثاني\Douban Reco\4 ايصال التوصيات بضمنها العقد\03_outputs\RECOMMENDATION_DELIVERY_TOP5_V1\payloads\community_287\user_2694_community_287_v1_top5_payload.json,D:\PHD\results\13 Uplift\DMF_GLOBAL_ONLY_COMMUNITIES_DETERMINISTIC\RUN_VR14b_COMM_DET_LN0d2_NEG2_EMB64_POS3train4test_BPR_EVAL20_045_comm_287_U118_I2606\045_comm_287_U118_I2606_top20_per_user_recs_VR14b_COMM_DET_LN0d2_NEG2_EMB64_POS3train4test_BPR_EVAL20.csv
287,2700,0x8D495267F1bD9a702C6Fc2b0De66d5A1F018D0e4,1,5,8501b8e5e85e4280f016cf82660a71960d646ea58b26c935e0fd60cc8902adf6,460,0xE98b036e15318D1bd89A933eED33Bee42692cF43,21e353f974030827031f69d2f279de9302c3cf9a32ef8453b52f95c03023d586,D:\PHD\بابل\2024\Research Reco\الجزء الثاني\Douban Reco\4 ايصال التوصيات بضمنها العقد\03_outputs\RECOMMENDATION_DELIVERY_TOP5_V1\payloads\community_287\user_2700_community_287_v1_top5_payload.json,D:\PHD\results\13 Uplift\DMF_GLOBAL_ONLY_COMMUNITIES_DETERMINISTIC\RUN_VR14b_COMM_DET_LN0d2_NEG2_EMB64_POS3train4test_BPR_EVAL20_045_comm_287_U118_I2606\045_comm_287_U118_I2606_top20_per_user_recs_VR14b_COMM_DET_LN0d2_NEG2_EMB64_POS3train4test_BPR_EVAL20.csv
287,2734,0xF245695752D26ff43a7AD0B54E7A8B3E859CAEdd,1,5,eeaf6bd9bb5e64b6315a508f5e0700b58f7f37a3f4f75af8e2bce964e0f5f53d,460,0xE98b036e15318D1bd89A933eED33Bee42692cF43,e3c14285362d8e671694e20414e26454e9dade985e1884eafea157e121194876,D:\PHD\بابل\2024\Research Reco\الجزء الثاني\Douban Reco\4 ايصال التوصيات بضمنها العقد\03_outputs\RECOMMENDATION_DELIVERY_TOP5_V1\payloads\community_287\user_2734_community_287_v1_top5_payload.json,D:\PHD\results\13 Uplift\DMF_GLOBAL_ONLY_COMMUNITIES_DETERMINISTIC\RUN_VR14b_COMM_DET_LN0d2_NEG2_EMB64_POS3train4test_BPR_EVAL20_045_comm_287_U118_I2606\045_comm_287_U118_I2606_top20_per_user_recs_VR14b_COMM_DET_LN0d2_NEG2_EMB64_POS3train4test_BPR_EVAL20.csv
287,2739,0xC455A7421ede4023a0171F9E3E43fD2bc9B9B0Ab,1,5,76576f8bd26e4b861946a0bf357798455b5b87cfae57e78ec95b67c6ed8151ad,460,0xE98b036e15318D1bd89A933eED33Bee42692cF43,31e11d570916a736ae4cdc94a6756c9ad9d49c20ddd0a9a61b0ea0ced621f58b,D:\PHD\بابل\2024\Research Reco\الجزء الثاني\Douban Reco\4 ايصال التوصيات بضمنها العقد\03_outputs\RECOMMENDATION_DELIVERY_TOP5_V1\payloads\community_287\user_2739_community_287_v1_top5_payload.json,D:\PHD\results\13 Uplift\DMF_GLOBAL_ONLY_COMMUNITIES_DETERMINISTIC\RUN_VR14b_COMM_DET_LN0d2_NEG2_EMB64_POS3train4test_BPR_EVAL20_045_comm_287_U118_I2606\045_comm_287_U118_I2606_top20_per_user_recs_VR14b_COMM_DET_LN0d2_NEG2_EMB64_POS3train4test_BPR_EVAL20.csv
287,2744,0xEdfDeF5DE5D8afF559d5c0b4A64d2Bfa76f01734,1,5,f868926e7daf8574afa9f4463bfac86f2fe344d7274a081a7f1615a8f149ac28,460,0xE98b036e15318D1bd89A933eED33Bee42692cF43,79e23ad4656bb132ae313e3c1826af28815ce3a6aceb96eb33993a2acf4ba954,D:\PHD\بابل\2024\Research Reco\الجزء الثاني\Douban Reco\4 ايصال التوصيات بضمنها العقد\03_outputs\RECOMMENDATION_DELIVERY_TOP5_V1\payloads\community_287\user_2744_community_287_v1_top5_payload.json,D:\PHD\results\13 Uplift\DMF_GLOBAL_ONLY_COMMUNITIES_DETERMINISTIC\RUN_VR14b_COMM_DET_LN0d2_NEG2_EMB64_POS3train4test_BPR_EVAL20_045_comm_287_U118_I2606\045_comm_287_U118_I2606_top20_per_user_recs_VR14b_COMM_DET_LN0d2_NEG2_EMB64_POS3train4test_BPR_EVAL20.csv
287,2764,0x9BE1396A9444a908eA00BA9111584Bf17bb705C4,1,5,7a27e991281aa436490530d60bf24d9e3093e0ae43ffabcbf5fe2baa2fbe4b27,460,0xE98b036e15318D1bd89A933eED33Bee42692cF43,b59ed416217883d8142944b3e5693a9e5791ad44f7b32b98d70f3c3667cb52e0,D:\PHD\بابل\2024\Research Reco\الجزء الثاني\Douban Reco\4 ايصال التوصيات بضمنها العقد\03_outputs\RECOMMENDATION_DELIVERY_TOP5_V1\payloads\community_287\user_2764_community_287_v1_top5_payload.json,D:\PHD\results\13 Uplift\DMF_GLOBAL_ONLY_COMMUNITIES_DETERMINISTIC\RUN_VR14b_COMM_DET_LN0d2_NEG2_EMB64_POS3train4test_BPR_EVAL20_045_comm_287_U118_I2606\045_comm_287_U118_I2606_top20_per_user_recs_VR14b_COMM_DET_LN0d2_NEG2_EMB64_POS3train4test_BPR_EVAL20.csv
287,2802,0x76F17254dEb995F0F16Dd4AB400ACcF928c6e370,1,5,f8b9f6c833420672222d883bf3274f010c2ab6036034fed37271175de550cbf7,460,0xE98b036e15318D1bd89A933eED33Bee42692cF43,6924498ddb5599eb8a5ad9f0459e5a2fb7d59593605e5f1b4a52d85c38b1284d,D:\PHD\بابل\2024\Research Reco\الجزء الثاني\Douban Reco\4 ايصال التوصيات بضمنها العقد\03_outputs\RECOMMENDATION_DELIVERY_TOP5_V1\payloads\community_287\user_2802_community_287_v1_top5_payload.json,D:\PHD\results\13 Uplift\DMF_GLOBAL_ONLY_COMMUNITIES_DETERMINISTIC\RUN_VR14b_COMM_DET_LN0d2_NEG2_EMB64_POS3train4test_BPR_EVAL20_045_comm_287_U118_I2606\045_comm_287_U118_I2606_top20_per_user_recs_VR14b_COMM_DET_LN0d2_NEG2_EMB64_POS3train4test_BPR_EVAL20.csv
287,2808,0xBfE3f42F2512e7fe339bED12f7632232C51a044f,1,5,8545ee3db523fee596772b457d005d5c1c297d6b6f464f3f3b8b63a4bd73837a,460,0xE98b036e15318D1bd89A933eED33Bee42692cF43,6591e4226b6d79ec84132be6ff21a11810f75613f513cf45b2b1476d5a87ffaf,D:\PHD\بابل\2024\Research Reco\الجزء الثاني\Douban Reco\4 ايصال التوصيات بضمنها العقد\03_outputs\RECOMMENDATION_DELIVERY_TOP5_V1\payloads\community_287\user_2808_community_287_v1_top5_payload.json,D:\PHD\results\13 Uplift\DMF_GLOBAL_ONLY_COMMUNITIES_DETERMINISTIC\RUN_VR14b_COMM_DET_LN0d2_NEG2_EMB64_POS3train4test_BPR_EVAL20_045_comm_287_U118_I2606\045_comm_287_U118_I2606_top20_per_user_recs_VR14b_COMM_DET_LN0d2_NEG2_EMB64_POS3train4test_BPR_EVAL20.csv
287,2813,0x945d573e88dF3a52DB8c9d2d5dfA80e9A9423161,1,5,78f2d958d97db533829a8d64ddde513e895f5c0b7a9658d1acd4a158719382ba,460,0xE98b036e15318D1bd89A933eED33Bee42692cF43,80c15a13506d1ee2338a5e1572be16735955697150d1735ea1b4c34af4af8e0a,D:\PHD\بابل\2024\Research Reco\الجزء الثاني\Douban Reco\4 ايصال التوصيات بضمنها العقد\03_outputs\RECOMMENDATION_DELIVERY_TOP5_V1\payloads\community_287\user_2813_community_287_v1_top5_payload.json,D:\PHD\results\13 Uplift\DMF_GLOBAL_ONLY_COMMUNITIES_DETERMINISTIC\RUN_VR14b_COMM_DET_LN0d2_NEG2_EMB64_POS3train4test_BPR_EVAL20_045_comm_287_U118_I2606\045_comm_287_U118_I2606_top20_per_user_recs_VR14b_COMM_DET_LN0d2_NEG2_EMB64_POS3train4test_BPR_EVAL20.csv
287,2876,0xf06C6Daf4F4ec4C1E28D9Ca104BDb7a1Ff9eFF57,1,5,e2b02f5c4c1389038ed97f38a6d1afe677864203dc1dafb81fbf95686098116f,460,0xE98b036e15318D1bd89A933eED33Bee42692cF43,f825f1e88aff1fdaec2e17b9acef290034510d256049aa19ea0a4b8e8136605e,D:\PHD\بابل\2024\Research Reco\الجزء الثاني\Douban Reco\4 ايصال التوصيات بضمنها العقد\03_outputs\RECOMMENDATION_DELIVERY_TOP5_V1\payloads\community_287\user_2876_community_287_v1_top5_payload.json,D:\PHD\results\13 Uplift\DMF_GLOBAL_ONLY_COMMUNITIES_DETERMINISTIC\RUN_VR14b_COMM_DET_LN0d2_NEG2_EMB64_POS3train4test_BPR_EVAL20_045_comm_287_U118_I2606\045_comm_287_U118_I2606_top20_per_user_recs_VR14b_COMM_DET_LN0d2_NEG2_EMB64_POS3train4test_BPR_EVAL20.csv
287,2895,0xBD076127C06D66Dcf6AE07437c7F8b39c2E5E4eB,1,5,7cc72838227975cca96e918e208e80504f1f9b222299be4a0c754ab85cc2d42c,460,0xE98b036e15318D1bd89A933eED33Bee42692cF43,f0efdf0747761fb9780a2af3041e82765dcb40e533bd6b88fa4c018e731666e0,D:\PHD\بابل\2024\Research Reco\الجزء الثاني\Douban Reco\4 ايصال التوصيات بضمنها العقد\03_outputs\RECOMMENDATION_DELIVERY_TOP5_V1\payloads\community_287\user_2895_community_287_v1_top5_payload.json,D:\PHD\results\13 Uplift\DMF_GLOBAL_ONLY_COMMUNITIES_DETERMINISTIC\RUN_VR14b_COMM_DET_LN0d2_NEG2_EMB64_POS3train4test_BPR_EVAL20_045_comm_287_U118_I2606\045_comm_287_U118_I2606_top20_per_user_recs_VR14b_COMM_DET_LN0d2_NEG2_EMB64_POS3train4test_BPR_EVAL20.csv
287,2911,0x83a77a6cE16E3A54Bb2D83219A8f526c6AeAfb60,1,5,370970746b1960260f3ae625dc233c086aa8f9014c1fd1577741a8c96fc90552,460,0xE98b036e15318D1bd89A933eED33Bee42692cF43,2a0ee4ea92b02c545f52bc292036b094b48ed542233831cc7b11f94c1f1d6360,D:\PHD\بابل\2024\Research Reco\الجزء الثاني\Douban Reco\4 ايصال التوصيات بضمنها العقد\03_outputs\RECOMMENDATION_DELIVERY_TOP5_V1\payloads\community_287\user_2911_community_287_v1_top5_payload.json,D:\PHD\results\13 Uplift\DMF_GLOBAL_ONLY_COMMUNITIES_DETERMINISTIC\RUN_VR14b_COMM_DET_LN0d2_NEG2_EMB64_POS3train4test_BPR_EVAL20_045_comm_287_U118_I2606\045_comm_287_U118_I2606_top20_per_user_recs_VR14b_COMM_DET_LN0d2_NEG2_EMB64_POS3train4test_BPR_EVAL20.csv
287,2931,0xDb3a44e5a49dbA9DD2F729d4EE10Fd322a8aC17F,1,5,096e5ecbe7bc593f9a3d03ba7e1fc006291457b45b6bfd0bd30908b0b8db6e29,460,0xE98b036e15318D1bd89A933eED33Bee42692cF43,205fb856ea5eb286bc685d8cddefdf243137c85e8b222674094231b57efcc18e,D:\PHD\بابل\2024\Research Reco\الجزء الثاني\Douban Reco\4 ايصال التوصيات بضمنها العقد\03_outputs\RECOMMENDATION_DELIVERY_TOP5_V1\payloads\community_287\user_2931_community_287_v1_top5_payload.json,D:\PHD\results\13 Uplift\DMF_GLOBAL_ONLY_COMMUNITIES_DETERMINISTIC\RUN_VR14b_COMM_DET_LN0d2_NEG2_EMB64_POS3train4test_BPR_EVAL20_045_comm_287_U118_I2606\045_comm_287_U118_I2606_top20_per_user_recs_VR14b_COMM_DET_LN0d2_NEG2_EMB64_POS3train4test_BPR_EVAL20.csv
287,2970,0xFE5C48fc063c1e014fb32939d5cA133e1D39DD1b,1,5,d000db8f540afcb0fcacb61e8f3cee1004e98a8a727a227419f41f0b1ecb0470,460,0xE98b036e15318D1bd89A933eED33Bee42692cF43,570468d6bcc6247f8e2846ee7a0bf82af6479519204484f88df432f82c21b5a7,D:\PHD\بابل\2024\Research Reco\الجزء الثاني\Douban Reco\4 ايصال التوصيات بضمنها العقد\03_outputs\RECOMMENDATION_DELIVERY_TOP5_V1\payloads\community_287\user_2970_community_287_v1_top5_payload.json,D:\PHD\results\13 Uplift\DMF_GLOBAL_ONLY_COMMUNITIES_DETERMINISTIC\RUN_VR14b_COMM_DET_LN0d2_NEG2_EMB64_POS3train4test_BPR_EVAL20_045_comm_287_U118_I2606\045_comm_287_U118_I2606_top20_per_user_recs_VR14b_COMM_DET_LN0d2_NEG2_EMB64_POS3train4test_BPR_EVAL20.csv
287,2986,0xc48f22026E7410984600D23Ec3200f5F949831FA,1,5,dd67ea9367be7fbcb8bf870c8ffb8dbf558e9bdc8475070365346b0ae42f42a5,460,0xE98b036e15318D1bd89A933eED33Bee42692cF43,4c414e2f821200101a4b1d4b467d15cac2622bf6a410982d4702717c52b3986f,D:\PHD\بابل\2024\Research Reco\الجزء الثاني\Douban Reco\4 ايصال التوصيات بضمنها العقد\03_outputs\RECOMMENDATION_DELIVERY_TOP5_V1\payloads\community_287\user_2986_community_287_v1_top5_payload.json,D:\PHD\results\13 Uplift\DMF_GLOBAL_ONLY_COMMUNITIES_DETERMINISTIC\RUN_VR14b_COMM_DET_LN0d2_NEG2_EMB64_POS3train4test_BPR_EVAL20_045_comm_287_U118_I2606\045_comm_287_U118_I2606_top20_per_user_recs_VR14b_COMM_DET_LN0d2_NEG2_EMB64_POS3train4test_BPR_EVAL20.csv
