payload_path,community_id,user_address,version,top_n,local_hash,verified
D:\PHD\بابل\2024\Research Reco\الجزء الثاني\Douban Reco\4 ايصال التوصيات بضمنها العقد\03_outputs\RECOMMENDATION_DELIVERY_TOP5_V1\payloads\community_101\user_1098_community_101_v1_top5_payload.json,101,0xB714535e97D122704bF4cF9b9b29ce3C18287a71,1,5,5899aec681b8ab287ef50148367c3af771c2a7364566da8e23e77617b58c5a47,True
D:\PHD\بابل\2024\Research Reco\الجزء الثاني\Douban Reco\4 ايصال التوصيات بضمنها العقد\03_outputs\RECOMMENDATION_DELIVERY_TOP5_V1\payloads\community_101\user_1116_community_101_v1_top5_payload.json,101,0xE16D105087E40E151c8cD2A5F0C990131674d721,1,5,f55f9add58ec7f91b89e2fe88bd94cccbb57117fd965b4cd8243bdb4ec55e6a5,True
D:\PHD\بابل\2024\Research Reco\الجزء الثاني\Douban Reco\4 ايصال التوصيات بضمنها العقد\03_outputs\RECOMMENDATION_DELIVERY_TOP5_V1\payloads\community_101\user_1130_community_101_v1_top5_payload.json,101,0x8DA79eB26414B6cB476275E037191d360125C9B8,1,5,ca29fe61a4e530828371f7994a5008b427c571ba00c8584b6db10d977fbb13e9,True
D:\PHD\بابل\2024\Research Reco\الجزء الثاني\Douban Reco\4 ايصال التوصيات بضمنها العقد\03_outputs\RECOMMENDATION_DELIVERY_TOP5_V1\payloads\community_101\user_113_community_101_v1_top5_payload.json,101,0xb62f69116f6a5787f90c0F9B19A6909ADF9ACc9A,1,5,d6f0abdf9094ad15317a99212d4a741a05641e61775db4e4428ff201770eeec0,True
D:\PHD\بابل\2024\Research Reco\الجزء الثاني\Douban Reco\4 ايصال التوصيات بضمنها العقد\03_outputs\RECOMMENDATION_DELIVERY_TOP5_V1\payloads\community_101\user_1143_community_101_v1_top5_payload.json,101,0x2AF365a5dC124422EB26DE04843347e488d39D2a,1,5,117c32bdd247c32e6cad1f6f77d1a2e5bd97d7e492f2c78106b8618ad6751ec5,True
D:\PHD\بابل\2024\Research Reco\الجزء الثاني\Douban Reco\4 ايصال التوصيات بضمنها العقد\03_outputs\RECOMMENDATION_DELIVERY_TOP5_V1\payloads\community_101\user_1192_community_101_v1_top5_payload.json,101,0x20706E2dBA58E4Eec47DE8a1CFB9389f89B0b11d,1,5,f3d1d3a7b055bcbcedae5d2d8dcdb4ec931a8972f8bceac925eea44fcae00928,True
D:\PHD\بابل\2024\Research Reco\الجزء الثاني\Douban Reco\4 ايصال التوصيات بضمنها العقد\03_outputs\RECOMMENDATION_DELIVERY_TOP5_V1\payloads\community_101\user_119_community_101_v1_top5_payload.json,101,0x8a0887211D37dB02fAd06ed0AC7316D0ebf891f0,1,5,c359533e79892ce3093dad4524c4b46524c4cc3d851dfff4a2c718f4ae1c400a,True
D:\PHD\بابل\2024\Research Reco\الجزء الثاني\Douban Reco\4 ايصال التوصيات بضمنها العقد\03_outputs\RECOMMENDATION_DELIVERY_TOP5_V1\payloads\community_101\user_1239_community_101_v1_top5_payload.json,101,0x83c472a647c19048008F6EcAC8873de0188916D4,1,5,61b0a1a1a5b5a64f051b6524d7903ffb8aac8f62f6aa34452e235befccb77d13,True
D:\PHD\بابل\2024\Research Reco\الجزء الثاني\Douban Reco\4 ايصال التوصيات بضمنها العقد\03_outputs\RECOMMENDATION_DELIVERY_TOP5_V1\payloads\community_101\user_125_community_101_v1_top5_payload.json,101,0x9DdD73EDE2e077F00716c288Fd00C4617e74e504,1,5,30d6b20876e750384dd359bfa6f309ddee53dc1205acb6f334191ee2d46f5f58,True
D:\PHD\بابل\2024\Research Reco\الجزء الثاني\Douban Reco\4 ايصال التوصيات بضمنها العقد\03_outputs\RECOMMENDATION_DELIVERY_TOP5_V1\payloads\community_101\user_1319_community_101_v1_top5_payload.json,101,0x3dfBf8d367F132BE0FF2eC8767f8cf44fbB989E6,1,5,90acefb4997a61bca226aafb47fdbcd9fccab3ffbec61277d0bf33feb54007a7,True
D:\PHD\بابل\2024\Research Reco\الجزء الثاني\Douban Reco\4 ايصال التوصيات بضمنها العقد\03_outputs\RECOMMENDATION_DELIVERY_TOP5_V1\payloads\community_101\user_1322_community_101_v1_top5_payload.json,101,0x252B04F1d31B8acCB345BE1AdB4E0CeF54d09fb8,1,5,9addb389dabe074a885488f3b65561aecabf1096c972b7fdef7ba901aea7babb,True
D:\PHD\بابل\2024\Research Reco\الجزء الثاني\Douban Reco\4 ايصال التوصيات بضمنها العقد\03_outputs\RECOMMENDATION_DELIVERY_TOP5_V1\payloads\community_101\user_1378_community_101_v1_top5_payload.json,101,0x14D469aaf00d1812a6605d9255C035094E394650,1,5,a232abfc361b6994fc0142d8e20eb51ed9a594299e425a47343d94d8d477f27e,True
D:\PHD\بابل\2024\Research Reco\الجزء الثاني\Douban Reco\4 ايصال التوصيات بضمنها العقد\03_outputs\RECOMMENDATION_DELIVERY_TOP5_V1\payloads\community_101\user_1407_community_101_v1_top5_payload.json,101,0x0F8b8b07d92D8B4bB22fE2C4063CC2291E64795b,1,5,01160377813900d1f89e9942620a1dc02048d894ec5877f63055989ddbe55f1e,True
D:\PHD\بابل\2024\Research Reco\الجزء الثاني\Douban Reco\4 ايصال التوصيات بضمنها العقد\03_outputs\RECOMMENDATION_DELIVERY_TOP5_V1\payloads\community_101\user_1429_community_101_v1_top5_payload.json,101,0x325600A2dF0e9BECACfCb2fec5C408A54d891B57,1,5,0bec8f89583a74ba0ceb070e755b822db7a42945ba8f4f86e12469c5e617ce05,True
D:\PHD\بابل\2024\Research Reco\الجزء الثاني\Douban Reco\4 ايصال التوصيات بضمنها العقد\03_outputs\RECOMMENDATION_DELIVERY_TOP5_V1\payloads\community_101\user_146_community_101_v1_top5_payload.json,101,0x821A130AF80D458E0121DA52718beAc9237597Cb,1,5,783bd81813270d1cbd760d7d77602dcc212495bfd5a064725dfe6a30c6247569,True
D:\PHD\بابل\2024\Research Reco\الجزء الثاني\Douban Reco\4 ايصال التوصيات بضمنها العقد\03_outputs\RECOMMENDATION_DELIVERY_TOP5_V1\payloads\community_101\user_1528_community_101_v1_top5_payload.json,101,0x8f95C5024b491830b7baf297490b3b1083c5b2C3,1,5,b1d77d56a532ff49a74503144ea5e366f657d33251533ad403a493ca2c10ce61,True
D:\PHD\بابل\2024\Research Reco\الجزء الثاني\Douban Reco\4 ايصال التوصيات بضمنها العقد\03_outputs\RECOMMENDATION_DELIVERY_TOP5_V1\payloads\community_101\user_1535_community_101_v1_top5_payload.json,101,0x0a5Cc71d4671186F4DD5dc23d906167DDa7433CD,1,5,773ec17d23e3820ea7c28195e2e5fd632b26d913731e717f2fe291419438c692,True
D:\PHD\بابل\2024\Research Reco\الجزء الثاني\Douban Reco\4 ايصال التوصيات بضمنها العقد\03_outputs\RECOMMENDATION_DELIVERY_TOP5_V1\payloads\community_101\user_1548_community_101_v1_top5_payload.json,101,0xfbf0D090448728c126fD9ecb9CCd37E8b518B7AD,1,5,3675a34badb86da1483fbf142c0936457bd81ef9003ad87597c04477295b6da0,True
D:\PHD\بابل\2024\Research Reco\الجزء الثاني\Douban Reco\4 ايصال التوصيات بضمنها العقد\03_outputs\RECOMMENDATION_DELIVERY_TOP5_V1\payloads\community_101\user_1575_community_101_v1_top5_payload.json,101,0x7f7300a053A1193C69cf68450bdd50a1bccE8C49,1,5,518b815eb2791ac3ee177b58d9606731b5122d24cfa20f3ded65ffc80934701d,True
D:\PHD\بابل\2024\Research Reco\الجزء الثاني\Douban Reco\4 ايصال التوصيات بضمنها العقد\03_outputs\RECOMMENDATION_DELIVERY_TOP5_V1\payloads\community_101\user_1689_community_101_v1_top5_payload.json,101,0xBE67B1283dE523E5f31fe5F4eB5823B7Dc5FAF55,1,5,9f1cc0c1bab55f823dc3218fd1c6f06937e1c824bc5599f90131a108eb6acac4,True
D:\PHD\بابل\2024\Research Reco\الجزء الثاني\Douban Reco\4 ايصال التوصيات بضمنها العقد\03_outputs\RECOMMENDATION_DELIVERY_TOP5_V1\payloads\community_101\user_16_community_101_v1_top5_payload.json,101,0x2Db63d2229EE99523dDBa140d93524c2cd5335CF,1,5,1c4cfb86cb033d690a27a2ed73065415f3cc58addffee31a2bf9407458cb6c18,True
D:\PHD\بابل\2024\Research Reco\الجزء الثاني\Douban Reco\4 ايصال التوصيات بضمنها العقد\03_outputs\RECOMMENDATION_DELIVERY_TOP5_V1\payloads\community_101\user_1804_community_101_v1_top5_payload.json,101,0xbd800F4Fb8B35f8EB512B955c13C43B075F21dA4,1,5,87d865348dc320a9204156ba6da3c60ab5d629eb5d1517f4d0d07e61da5be383,True
D:\PHD\بابل\2024\Research Reco\الجزء الثاني\Douban Reco\4 ايصال التوصيات بضمنها العقد\03_outputs\RECOMMENDATION_DELIVERY_TOP5_V1\payloads\community_101\user_1934_community_101_v1_top5_payload.json,101,0x0464c261EdBf46c8F075B2f746F66d9569c57dEa,1,5,bc4ef38bd4d3dea095f180f18791be5e8f7eb8ce60ebec3241f84173e27d16de,True
D:\PHD\بابل\2024\Research Reco\الجزء الثاني\Douban Reco\4 ايصال التوصيات بضمنها العقد\03_outputs\RECOMMENDATION_DELIVERY_TOP5_V1\payloads\community_101\user_1956_community_101_v1_top5_payload.json,101,0x4c18F2589fDe50fca6Ea2c90441fdaFd09f3181E,1,5,4e387061f8bd00fd652dce2093fb8b4f93f656b4d43c078884c1240c3d516e5f,True
D:\PHD\بابل\2024\Research Reco\الجزء الثاني\Douban Reco\4 ايصال التوصيات بضمنها العقد\03_outputs\RECOMMENDATION_DELIVERY_TOP5_V1\payloads\community_101\user_2074_community_101_v1_top5_payload.json,101,0xac3d62f453D1799AB3B5446865AcA1dE6362687a,1,5,18f556927946b5f45669a5a0e33c1f726c914eb5712d580eb5a86d33c079a7bb,True
D:\PHD\بابل\2024\Research Reco\الجزء الثاني\Douban Reco\4 ايصال التوصيات بضمنها العقد\03_outputs\RECOMMENDATION_DELIVERY_TOP5_V1\payloads\community_101\user_2089_community_101_v1_top5_payload.json,101,0x0eb3Cedaf8dadE1D0AFd3e95f213a13928921823,1,5,d7b098fd1bcb6a0ba506cb132af640ad7c3e98e587d7d28b98d772f8ac00d539,True
D:\PHD\بابل\2024\Research Reco\الجزء الثاني\Douban Reco\4 ايصال التوصيات بضمنها العقد\03_outputs\RECOMMENDATION_DELIVERY_TOP5_V1\payloads\community_101\user_2095_community_101_v1_top5_payload.json,101,0xe3E9A58802DCffE79AD6aA2a1a9f5e3F2575b654,1,5,3c5044c1ed723e5568b1d7e6674c0c72dc01685b6bb951e5818ea0b7637ff0dd,True
D:\PHD\بابل\2024\Research Reco\الجزء الثاني\Douban Reco\4 ايصال التوصيات بضمنها العقد\03_outputs\RECOMMENDATION_DELIVERY_TOP5_V1\payloads\community_101\user_2125_community_101_v1_top5_payload.json,101,0x694721d906d822D4FCc890E108D004C3c3226de7,1,5,c91e9241a3cf050d8299023ddc42f2c685cf177b4d38a7b6e038703f83537f7d,True
D:\PHD\بابل\2024\Research Reco\الجزء الثاني\Douban Reco\4 ايصال التوصيات بضمنها العقد\03_outputs\RECOMMENDATION_DELIVERY_TOP5_V1\payloads\community_101\user_2147_community_101_v1_top5_payload.json,101,0x7e8f5BA0FEe6ff5220691CFFd28EdE5e34ac8B3D,1,5,6686be65969311f54c8260a5fb32872880c71dc53f6bcc2d4b6ef40a8a9a6986,True
D:\PHD\بابل\2024\Research Reco\الجزء الثاني\Douban Reco\4 ايصال التوصيات بضمنها العقد\03_outputs\RECOMMENDATION_DELIVERY_TOP5_V1\payloads\community_101\user_2159_community_101_v1_top5_payload.json,101,0x5c07f9591720dfEedF768B31bF8BA697332c6A2d,1,5,971d0550ad0d3e60966de1edbc239546154aed18c8e1f64f23893f2283af645e,True
D:\PHD\بابل\2024\Research Reco\الجزء الثاني\Douban Reco\4 ايصال التوصيات بضمنها العقد\03_outputs\RECOMMENDATION_DELIVERY_TOP5_V1\payloads\community_101\user_2174_community_101_v1_top5_payload.json,101,0x6044BAcE0dF2cd03F684C3653E7b4aeFf8840072,1,5,eca2ea12941f949feeb594585ed5b6b5da20bef175a908e4a2d46580f04353f7,True
D:\PHD\بابل\2024\Research Reco\الجزء الثاني\Douban Reco\4 ايصال التوصيات بضمنها العقد\03_outputs\RECOMMENDATION_DELIVERY_TOP5_V1\payloads\community_101\user_2216_community_101_v1_top5_payload.json,101,0xa0E0d4F84B4F66DaD9Ff006e3726dA0616887e74,1,5,15515f5d6f8223404887e56cc5d7338c35826afb0972c9a889ea238d21ca80c6,True
D:\PHD\بابل\2024\Research Reco\الجزء الثاني\Douban Reco\4 ايصال التوصيات بضمنها العقد\03_outputs\RECOMMENDATION_DELIVERY_TOP5_V1\payloads\community_101\user_2233_community_101_v1_top5_payload.json,101,0x328D05315290c11bF2E471d8Ae6Fd6a9246c5d2b,1,5,d240143a7fab86421b2d32a510b6d78bf8cf54a9cbabc380bca1e7609fe4cfd8,True
D:\PHD\بابل\2024\Research Reco\الجزء الثاني\Douban Reco\4 ايصال التوصيات بضمنها العقد\03_outputs\RECOMMENDATION_DELIVERY_TOP5_V1\payloads\community_101\user_2282_community_101_v1_top5_payload.json,101,0x4FE997E9D6B59393187Bd90693afCb5B209B590E,1,5,9781022018a7a52f98dfd82d5b4b6cff2f8d7d6bb3927cda5f349b966e692733,True
D:\PHD\بابل\2024\Research Reco\الجزء الثاني\Douban Reco\4 ايصال التوصيات بضمنها العقد\03_outputs\RECOMMENDATION_DELIVERY_TOP5_V1\payloads\community_101\user_2347_community_101_v1_top5_payload.json,101,0x079528392193802cdCA1664ECE763c150Cd7403c,1,5,99406f2470df2450d3b1b9a9cce38507058035fdc2c500232edaf6d81c145c23,True
D:\PHD\بابل\2024\Research Reco\الجزء الثاني\Douban Reco\4 ايصال التوصيات بضمنها العقد\03_outputs\RECOMMENDATION_DELIVERY_TOP5_V1\payloads\community_101\user_2353_community_101_v1_top5_payload.json,101,0x2a1fd3F7837FB53b306ab2F95Ae2D918e8aA2353,1,5,2aadc7afc14380c86940a4a62efc0fc494b472ceee2298c416a9a3f778ad3c38,True
D:\PHD\بابل\2024\Research Reco\الجزء الثاني\Douban Reco\4 ايصال التوصيات بضمنها العقد\03_outputs\RECOMMENDATION_DELIVERY_TOP5_V1\payloads\community_101\user_2418_community_101_v1_top5_payload.json,101,0xe5A68111Ca76ba4381A7177e0B429591eDa528DD,1,5,372c7d70a944de47896fee20ee11d16610ad06fe2311c4abcdd68dd8ba732e6b,True
D:\PHD\بابل\2024\Research Reco\الجزء الثاني\Douban Reco\4 ايصال التوصيات بضمنها العقد\03_outputs\RECOMMENDATION_DELIVERY_TOP5_V1\payloads\community_101\user_2425_community_101_v1_top5_payload.json,101,0x5BB9a47b8e183160075a38f9050725a29d3d81B0,1,5,b273610dbe54afeed7d9e413c2d7a5eab5131edb299a7f1c7f84778823b81097,True
D:\PHD\بابل\2024\Research Reco\الجزء الثاني\Douban Reco\4 ايصال التوصيات بضمنها العقد\03_outputs\RECOMMENDATION_DELIVERY_TOP5_V1\payloads\community_101\user_2462_community_101_v1_top5_payload.json,101,0xfabB59173d1497FE9C67E772E33a5fB93595A1b8,1,5,aa504d2b09a1d5f8a1e49590a07c28ae4f7d7e49d99d141b81a680b5fdacb9bf,True
D:\PHD\بابل\2024\Research Reco\الجزء الثاني\Douban Reco\4 ايصال التوصيات بضمنها العقد\03_outputs\RECOMMENDATION_DELIVERY_TOP5_V1\payloads\community_101\user_2502_community_101_v1_top5_payload.json,101,0x46870623D3423845e1f97dAB9b8a6AbcE1Dc2541,1,5,47bdd656c09106dd4bc938c98d8806bd922e87d225db40582e6cb9b5f0163530,True
D:\PHD\بابل\2024\Research Reco\الجزء الثاني\Douban Reco\4 ايصال التوصيات بضمنها العقد\03_outputs\RECOMMENDATION_DELIVERY_TOP5_V1\payloads\community_101\user_254_community_101_v1_top5_payload.json,101,0x35432dE3Ea229Cf480A9C3C87BB062184eE3f50E,1,5,0425ab708609b6865a7472a53c1dd6b2f5b374cf4600b3397cd541ca0dc2fea9,True
D:\PHD\بابل\2024\Research Reco\الجزء الثاني\Douban Reco\4 ايصال التوصيات بضمنها العقد\03_outputs\RECOMMENDATION_DELIVERY_TOP5_V1\payloads\community_101\user_2554_community_101_v1_top5_payload.json,101,0x062dfaD9Ed2891f00C4017C85007882fb5643D66,1,5,ae488140fc310afcea1b67d0e35f883fcffcb4fb79fcf8d37939489cdb045ebf,True
D:\PHD\بابل\2024\Research Reco\الجزء الثاني\Douban Reco\4 ايصال التوصيات بضمنها العقد\03_outputs\RECOMMENDATION_DELIVERY_TOP5_V1\payloads\community_101\user_2562_community_101_v1_top5_payload.json,101,0x6969D85b0EfC61F64972166E6ACA3ee7ED830718,1,5,fe2bcd03ad46318e32af659449da1b12b6e202463f3f810979e17b56d67b72c4,True
D:\PHD\بابل\2024\Research Reco\الجزء الثاني\Douban Reco\4 ايصال التوصيات بضمنها العقد\03_outputs\RECOMMENDATION_DELIVERY_TOP5_V1\payloads\community_101\user_2584_community_101_v1_top5_payload.json,101,0x7a5e8Db5aD1406cbf94A399273AE0C904a562415,1,5,541ae7eaeb6761fb8850b161268ccfad1c99cd80d73bf25d6799b6d449836783,True
D:\PHD\بابل\2024\Research Reco\الجزء الثاني\Douban Reco\4 ايصال التوصيات بضمنها العقد\03_outputs\RECOMMENDATION_DELIVERY_TOP5_V1\payloads\community_101\user_2592_community_101_v1_top5_payload.json,101,0x0bb8104eC850f403236b4FaDBD78FE4ef444B728,1,5,61662dddb12f08315b32c658a86150b773148456e157f0580c13b20f2366f559,True
D:\PHD\بابل\2024\Research Reco\الجزء الثاني\Douban Reco\4 ايصال التوصيات بضمنها العقد\03_outputs\RECOMMENDATION_DELIVERY_TOP5_V1\payloads\community_101\user_2607_community_101_v1_top5_payload.json,101,0xe9c1c9F8b148807C1a0A1342ed19ca1dc5Fd5967,1,5,6d68920700e889cd9a265fc581b05ea98d4e4f08e278a47e322144874390fd62,True
D:\PHD\بابل\2024\Research Reco\الجزء الثاني\Douban Reco\4 ايصال التوصيات بضمنها العقد\03_outputs\RECOMMENDATION_DELIVERY_TOP5_V1\payloads\community_101\user_2620_community_101_v1_top5_payload.json,101,0x601F2c77E94D665fe31bCD5FD1Aa87856eABd29e,1,5,2f5df01b84b8e01226aa9c5ca70ebbe4c61b4a5f9f5c7c99a5782bbe4282002f,True
D:\PHD\بابل\2024\Research Reco\الجزء الثاني\Douban Reco\4 ايصال التوصيات بضمنها العقد\03_outputs\RECOMMENDATION_DELIVERY_TOP5_V1\payloads\community_101\user_2628_community_101_v1_top5_payload.json,101,0xA3b1BeFac14cA0803bE392f28f342375Bf92E10E,1,5,7ecec8d344bec85593c31618845a1b4249ee1e50139eed034d78cf234291d6da,True
D:\PHD\بابل\2024\Research Reco\الجزء الثاني\Douban Reco\4 ايصال التوصيات بضمنها العقد\03_outputs\RECOMMENDATION_DELIVERY_TOP5_V1\payloads\community_101\user_2649_community_101_v1_top5_payload.json,101,0x9bBF11C35CF8BCBE4795fd876cb58cD0Ed52D78E,1,5,8fd71da4f8c7e7c0b6a0556216e8c97a018fe1f36f2d29e8e1d705e106987915,True
D:\PHD\بابل\2024\Research Reco\الجزء الثاني\Douban Reco\4 ايصال التوصيات بضمنها العقد\03_outputs\RECOMMENDATION_DELIVERY_TOP5_V1\payloads\community_101\user_264_community_101_v1_top5_payload.json,101,0xFA58612D7456EE7Bae00721660E583ccE7BAE39C,1,5,a7ef9076045bf70af3969225c70a4115ccb70ece07a514b9931cbc164954d674,True
D:\PHD\بابل\2024\Research Reco\الجزء الثاني\Douban Reco\4 ايصال التوصيات بضمنها العقد\03_outputs\RECOMMENDATION_DELIVERY_TOP5_V1\payloads\community_101\user_2814_community_101_v1_top5_payload.json,101,0x8fAcAD50796A798b733DE97F0d0D189D845f361D,1,5,ca9b3d76c88a468b6fe5d4f975184fb4cec47a652b3be17c55483a8a32ce3765,True
D:\PHD\بابل\2024\Research Reco\الجزء الثاني\Douban Reco\4 ايصال التوصيات بضمنها العقد\03_outputs\RECOMMENDATION_DELIVERY_TOP5_V1\payloads\community_101\user_2832_community_101_v1_top5_payload.json,101,0xc73cB4b7C82A3dF7A5e85AdF368e48206f56320c,1,5,a6f56edd91c159ca4be55f8261b7636c5a888454bb9b53bfa2e6b909808ee15d,True
D:\PHD\بابل\2024\Research Reco\الجزء الثاني\Douban Reco\4 ايصال التوصيات بضمنها العقد\03_outputs\RECOMMENDATION_DELIVERY_TOP5_V1\payloads\community_101\user_2870_community_101_v1_top5_payload.json,101,0x904cF3451ceBA763b9fc5d3175275ec63E3d2caA,1,5,894a438ff38e190b4dd8b1c17676999fa23768cd7568adc30bdb445ea3d987cd,True
D:\PHD\بابل\2024\Research Reco\الجزء الثاني\Douban Reco\4 ايصال التوصيات بضمنها العقد\03_outputs\RECOMMENDATION_DELIVERY_TOP5_V1\payloads\community_101\user_2955_community_101_v1_top5_payload.json,101,0x23ABee464CcDb49c0fC5e3782ee128B087FE513D,1,5,57edb9b103af2b635cab5e0da1cd96041e872e9fb353761f781475f311ca3b1b,True
D:\PHD\بابل\2024\Research Reco\الجزء الثاني\Douban Reco\4 ايصال التوصيات بضمنها العقد\03_outputs\RECOMMENDATION_DELIVERY_TOP5_V1\payloads\community_101\user_2982_community_101_v1_top5_payload.json,101,0x52F39B6359B583B5d9D1041e321e536A51481c63,1,5,81716a1d3c2ac033dc0c7905433db379b0a8ffc2d79893efa103239f8340d243,True
D:\PHD\بابل\2024\Research Reco\الجزء الثاني\Douban Reco\4 ايصال التوصيات بضمنها العقد\03_outputs\RECOMMENDATION_DELIVERY_TOP5_V1\payloads\community_101\user_353_community_101_v1_top5_payload.json,101,0xa6E4f42D5333ea3061b836C673aFd1Db3bc81c14,1,5,1531523fce5a4cd4296e1cd4a90dd723dce648f2bf72ee5c2ebbe826d8b1c31d,True
D:\PHD\بابل\2024\Research Reco\الجزء الثاني\Douban Reco\4 ايصال التوصيات بضمنها العقد\03_outputs\RECOMMENDATION_DELIVERY_TOP5_V1\payloads\community_101\user_379_community_101_v1_top5_payload.json,101,0xB5D5CDB633AB7975DeD923C14F71C2F0B3dbeb65,1,5,075b5c15347c35d317aa096e6344dd3ab91b8e147eeca5e614b51a43d340241f,True
D:\PHD\بابل\2024\Research Reco\الجزء الثاني\Douban Reco\4 ايصال التوصيات بضمنها العقد\03_outputs\RECOMMENDATION_DELIVERY_TOP5_V1\payloads\community_101\user_398_community_101_v1_top5_payload.json,101,0xD6D887f1f2b764D8f8Bd5DA69ceF380803f0Ae95,1,5,b2daf0657c14c985b703d6e50ae10b2378ca3506edd880471c61e456d885ff6d,True
D:\PHD\بابل\2024\Research Reco\الجزء الثاني\Douban Reco\4 ايصال التوصيات بضمنها العقد\03_outputs\RECOMMENDATION_DELIVERY_TOP5_V1\payloads\community_101\user_439_community_101_v1_top5_payload.json,101,0x55A925Bfb3bd5FABbff1000caf35e92486195b33,1,5,aca759422c21cc579ff79b370097fc770166fa5b86d8faca587fa461c5eadf1f,True
D:\PHD\بابل\2024\Research Reco\الجزء الثاني\Douban Reco\4 ايصال التوصيات بضمنها العقد\03_outputs\RECOMMENDATION_DELIVERY_TOP5_V1\payloads\community_101\user_457_community_101_v1_top5_payload.json,101,0x20D5cf21d2F87d9d6e1FAaEdCee757011c3A2FE1,1,5,66bcca6a54f4e48b713323eb04f7bcfdea24924d897f3d13071d7f650112ed78,True
D:\PHD\بابل\2024\Research Reco\الجزء الثاني\Douban Reco\4 ايصال التوصيات بضمنها العقد\03_outputs\RECOMMENDATION_DELIVERY_TOP5_V1\payloads\community_101\user_511_community_101_v1_top5_payload.json,101,0x688449Dfbb6522c90E61e6BccEd96011B866851A,1,5,bc00f960f0598593f1871cbff65ad70fcd6fbd1a1cb4d5fc5d31edfddca5452c,True
D:\PHD\بابل\2024\Research Reco\الجزء الثاني\Douban Reco\4 ايصال التوصيات بضمنها العقد\03_outputs\RECOMMENDATION_DELIVERY_TOP5_V1\payloads\community_101\user_622_community_101_v1_top5_payload.json,101,0xCD012217E7067Aeb7afB66470ADc3aee7FCDF515,1,5,f69195c6661d15abfe2eb1b991fb1973024ccb49fe81e5a431478d2bfc3d9946,True
D:\PHD\بابل\2024\Research Reco\الجزء الثاني\Douban Reco\4 ايصال التوصيات بضمنها العقد\03_outputs\RECOMMENDATION_DELIVERY_TOP5_V1\payloads\community_101\user_66_community_101_v1_top5_payload.json,101,0x9d068E8DF511Eb848f94D8cA6F18425E4Ad92A80,1,5,15abccac0f536dcecfbab74873209db3decad469cd0e9e6398500d273c5a599c,True
D:\PHD\بابل\2024\Research Reco\الجزء الثاني\Douban Reco\4 ايصال التوصيات بضمنها العقد\03_outputs\RECOMMENDATION_DELIVERY_TOP5_V1\payloads\community_101\user_721_community_101_v1_top5_payload.json,101,0x3e0EF1c5A744B2512C14064AD646365848BBA54C,1,5,78d3c6a4d3085e7401b09ad5a60385aac16f753203490c78fc1b8ca840611788,True
D:\PHD\بابل\2024\Research Reco\الجزء الثاني\Douban Reco\4 ايصال التوصيات بضمنها العقد\03_outputs\RECOMMENDATION_DELIVERY_TOP5_V1\payloads\community_101\user_748_community_101_v1_top5_payload.json,101,0x47D1Ac78Ed070b29FB4882c4Af95A2e20830301a,1,5,990872460b3b7a03fbb0299b9543595eaec6f81bec0b17c38408f28750375cfb,True
D:\PHD\بابل\2024\Research Reco\الجزء الثاني\Douban Reco\4 ايصال التوصيات بضمنها العقد\03_outputs\RECOMMENDATION_DELIVERY_TOP5_V1\payloads\community_101\user_785_community_101_v1_top5_payload.json,101,0x0140bA71f72F5f0FA09010ab70d2AEb66F60A418,1,5,6fb4d4150f4bc6132d438e1c469a10f51b3adde9d42a80251049863438f949f3,True
D:\PHD\بابل\2024\Research Reco\الجزء الثاني\Douban Reco\4 ايصال التوصيات بضمنها العقد\03_outputs\RECOMMENDATION_DELIVERY_TOP5_V1\payloads\community_101\user_804_community_101_v1_top5_payload.json,101,0xD850B7D89847BaE9D2d50c78C0b1721a27E53165,1,5,d72315c2f1256495092172cb81c111b79819d8885b1b20b2e419777e91f93354,True
D:\PHD\بابل\2024\Research Reco\الجزء الثاني\Douban Reco\4 ايصال التوصيات بضمنها العقد\03_outputs\RECOMMENDATION_DELIVERY_TOP5_V1\payloads\community_101\user_815_community_101_v1_top5_payload.json,101,0xcd575370764E8C9089cEEcdEc7Bc176860723A62,1,5,6fc9676c8832044cc47b1b8ee3355c433243348e4e82cecde25682a23d113c26,True
D:\PHD\بابل\2024\Research Reco\الجزء الثاني\Douban Reco\4 ايصال التوصيات بضمنها العقد\03_outputs\RECOMMENDATION_DELIVERY_TOP5_V1\payloads\community_101\user_832_community_101_v1_top5_payload.json,101,0x4118f71824edC656DDf282e7dd48dfF6Ff4cfB6f,1,5,64f21a67bfc86aa13b530bff90a6ec0951fc1395f6d395d0176107db20dd43fc,True
D:\PHD\بابل\2024\Research Reco\الجزء الثاني\Douban Reco\4 ايصال التوصيات بضمنها العقد\03_outputs\RECOMMENDATION_DELIVERY_TOP5_V1\payloads\community_101\user_837_community_101_v1_top5_payload.json,101,0xbC910CB9Cf6331Ad8186027D6b79Ea15CD38C41d,1,5,81ef125c85f13ad3b26318259b0b510a625a03b3cd8cd5a839974e2c75f6fb50,True
D:\PHD\بابل\2024\Research Reco\الجزء الثاني\Douban Reco\4 ايصال التوصيات بضمنها العقد\03_outputs\RECOMMENDATION_DELIVERY_TOP5_V1\payloads\community_101\user_844_community_101_v1_top5_payload.json,101,0x0E86bcE27c1667dC1B2c68376E4e8f02038E4277,1,5,227cff0d59026f204d6a1de5f0fab6c6a003b54098f4cbe9bec31a8a28d02989,True
D:\PHD\بابل\2024\Research Reco\الجزء الثاني\Douban Reco\4 ايصال التوصيات بضمنها العقد\03_outputs\RECOMMENDATION_DELIVERY_TOP5_V1\payloads\community_101\user_863_community_101_v1_top5_payload.json,101,0xFd70A0eBCa57E1B9F766e0D5845CF1791dEeC4dF,1,5,a061af093e0d6e370cf2b4638f56e6be7aa71291072754ad52db4e0ad15c0e07,True
D:\PHD\بابل\2024\Research Reco\الجزء الثاني\Douban Reco\4 ايصال التوصيات بضمنها العقد\03_outputs\RECOMMENDATION_DELIVERY_TOP5_V1\payloads\community_101\user_886_community_101_v1_top5_payload.json,101,0x50c46FBa52A994Ef1b83cd93fa0ab1c4a7bE3141,1,5,cd1ddbfb10bb4760f80946ede6acc736bf687aa101e526725b0b2e6d888cd93c,True
D:\PHD\بابل\2024\Research Reco\الجزء الثاني\Douban Reco\4 ايصال التوصيات بضمنها العقد\03_outputs\RECOMMENDATION_DELIVERY_TOP5_V1\payloads\community_101\user_897_community_101_v1_top5_payload.json,101,0xC5b0043Bf275f99B5AdE98cc69510fC05ed3a1ac,1,5,2de36f7abc46f5d761f039e127a1cfb165c201b62e8beea452750d0d86827a74,True
D:\PHD\بابل\2024\Research Reco\الجزء الثاني\Douban Reco\4 ايصال التوصيات بضمنها العقد\03_outputs\RECOMMENDATION_DELIVERY_TOP5_V1\payloads\community_101\user_91_community_101_v1_top5_payload.json,101,0xa4A1D6CBA1E874Fd382Fda073e627777b6D681A9,1,5,12de8e7006fc2140b3e529e58e5249e50c32217088b7ac3ed94148fd728d9c2d,True
D:\PHD\بابل\2024\Research Reco\الجزء الثاني\Douban Reco\4 ايصال التوصيات بضمنها العقد\03_outputs\RECOMMENDATION_DELIVERY_TOP5_V1\payloads\community_101\user_924_community_101_v1_top5_payload.json,101,0x8efFA5BF8b4b1Dd1029c94495C8dd8Db4cf94caf,1,5,4d722fb119934d1f6e12397e32d1e51f7bc148a7f8643914d4934c2286d411e9,True
D:\PHD\بابل\2024\Research Reco\الجزء الثاني\Douban Reco\4 ايصال التوصيات بضمنها العقد\03_outputs\RECOMMENDATION_DELIVERY_TOP5_V1\payloads\community_101\user_929_community_101_v1_top5_payload.json,101,0xE231D4F4AF93005EBcd61fA63f340FC621789910,1,5,17b116c6b30e34729b729add5c81264be36ed18b6ef7804a607d7a875d61fcdf,True
D:\PHD\بابل\2024\Research Reco\الجزء الثاني\Douban Reco\4 ايصال التوصيات بضمنها العقد\03_outputs\RECOMMENDATION_DELIVERY_TOP5_V1\payloads\community_101\user_942_community_101_v1_top5_payload.json,101,0x2B46976F778983E62318D92e91005261Efa054dC,1,5,d8feacd7ffa76051d2f24668b5bf834dde731137f7d24fe3f0cd1209e4bbc869,True
D:\PHD\بابل\2024\Research Reco\الجزء الثاني\Douban Reco\4 ايصال التوصيات بضمنها العقد\03_outputs\RECOMMENDATION_DELIVERY_TOP5_V1\payloads\community_101\user_970_community_101_v1_top5_payload.json,101,0x8Aa41EE3Fe75a07C196A2FC81Fcb418AF8c27C3f,1,5,8b80d6b58715d7061f695fb9b943a963273d317b40753348c7d0db5e26fc3b95,True
D:\PHD\بابل\2024\Research Reco\الجزء الثاني\Douban Reco\4 ايصال التوصيات بضمنها العقد\03_outputs\RECOMMENDATION_DELIVERY_TOP5_V1\payloads\community_101\user_989_community_101_v1_top5_payload.json,101,0x0306f277399e05A94f54416D1E7975B29649C1e9,1,5,cbb8329f30e99eeb15fcf8dd079c22da979755e7c7235947a7af8f8b34b7a833,True
D:\PHD\بابل\2024\Research Reco\الجزء الثاني\Douban Reco\4 ايصال التوصيات بضمنها العقد\03_outputs\RECOMMENDATION_DELIVERY_TOP5_V1\payloads\community_14\user_1012_community_14_v1_top5_payload.json,14,0x6a10b9a6D2aDA3930Ba6D138c3e1604A1FE614A0,1,5,4e6169a02f15ceb8007960369207dc06c69fb4fc4c8b86ef74b055aa0dc68489,True
D:\PHD\بابل\2024\Research Reco\الجزء الثاني\Douban Reco\4 ايصال التوصيات بضمنها العقد\03_outputs\RECOMMENDATION_DELIVERY_TOP5_V1\payloads\community_14\user_1020_community_14_v1_top5_payload.json,14,0x27656144D20A5bF71c87C34b9420b4F9631AeB4d,1,5,aae9907434f379142032656c6e54969d8c0ad183ac0213f2e407d6eb3b5f26d0,True
D:\PHD\بابل\2024\Research Reco\الجزء الثاني\Douban Reco\4 ايصال التوصيات بضمنها العقد\03_outputs\RECOMMENDATION_DELIVERY_TOP5_V1\payloads\community_14\user_1040_community_14_v1_top5_payload.json,14,0x5f04D728365CCa018BAF50C4E178c39B86E50bDB,1,5,63302dd0a8990921e6e344aed61bbe3269b7a4e7f502b3fd68d92c6ebcc547c8,True
D:\PHD\بابل\2024\Research Reco\الجزء الثاني\Douban Reco\4 ايصال التوصيات بضمنها العقد\03_outputs\RECOMMENDATION_DELIVERY_TOP5_V1\payloads\community_14\user_1048_community_14_v1_top5_payload.json,14,0x9cCA4f4CA467F85FB16C6cc668E144B583793b08,1,5,f57552bba60531e377486941c6981e76e70e61b92d40a5569e56bf074b8df184,True
D:\PHD\بابل\2024\Research Reco\الجزء الثاني\Douban Reco\4 ايصال التوصيات بضمنها العقد\03_outputs\RECOMMENDATION_DELIVERY_TOP5_V1\payloads\community_14\user_104_community_14_v1_top5_payload.json,14,0x8348B86615bdB4d94C54703DF6bDa006753D2689,1,5,310590b1900ccaad40db2e63c94a06b06cd969a8e58e1cd40d30a9aa7faea197,True
D:\PHD\بابل\2024\Research Reco\الجزء الثاني\Douban Reco\4 ايصال التوصيات بضمنها العقد\03_outputs\RECOMMENDATION_DELIVERY_TOP5_V1\payloads\community_14\user_1055_community_14_v1_top5_payload.json,14,0x9Baa2234C822957030C74a104EE50B8Cd8Fc71bc,1,5,202cf2602a22d056333603af9fa78146ac68fbb330eb708451222f42afe9fe34,True
D:\PHD\بابل\2024\Research Reco\الجزء الثاني\Douban Reco\4 ايصال التوصيات بضمنها العقد\03_outputs\RECOMMENDATION_DELIVERY_TOP5_V1\payloads\community_14\user_1066_community_14_v1_top5_payload.json,14,0x375DB1F414ff0887201def00577C10aC0C94711b,1,5,6a14616e08ce5f8e9aab765576424d0ff91c5aeeb3537239a1498703b24424c7,True
D:\PHD\بابل\2024\Research Reco\الجزء الثاني\Douban Reco\4 ايصال التوصيات بضمنها العقد\03_outputs\RECOMMENDATION_DELIVERY_TOP5_V1\payloads\community_14\user_106_community_14_v1_top5_payload.json,14,0x955D19E923D38Ffc6C595F904B0B51FeF780f4Cb,1,5,f5f66a4823375ed143328fbd9d26df7e692bfd539a055601d438dd61b2a7b7f2,True
D:\PHD\بابل\2024\Research Reco\الجزء الثاني\Douban Reco\4 ايصال التوصيات بضمنها العقد\03_outputs\RECOMMENDATION_DELIVERY_TOP5_V1\payloads\community_14\user_1082_community_14_v1_top5_payload.json,14,0x23b73ebeA3eEBED45838E98E7a3636c71742dE9A,1,5,90423d61b82d42a3377805c6ca2a8edc246c3c5c3f3ac621e877ede566d116c3,True
D:\PHD\بابل\2024\Research Reco\الجزء الثاني\Douban Reco\4 ايصال التوصيات بضمنها العقد\03_outputs\RECOMMENDATION_DELIVERY_TOP5_V1\payloads\community_14\user_1128_community_14_v1_top5_payload.json,14,0x4fe8565aB0773809d01911E37ebDdD1B64145D7E,1,5,07799e452072d42c9f4f59afc90d742d8eb4d023930d5603cab393b36654fa58,True
D:\PHD\بابل\2024\Research Reco\الجزء الثاني\Douban Reco\4 ايصال التوصيات بضمنها العقد\03_outputs\RECOMMENDATION_DELIVERY_TOP5_V1\payloads\community_14\user_1151_community_14_v1_top5_payload.json,14,0xCaD948B64746aFC5E5bfb7575858C64bCdD6956a,1,5,5efd30e4b6f5a317b726a447abe85224efdcd952956147c57558d6b50330b1e9,True
D:\PHD\بابل\2024\Research Reco\الجزء الثاني\Douban Reco\4 ايصال التوصيات بضمنها العقد\03_outputs\RECOMMENDATION_DELIVERY_TOP5_V1\payloads\community_14\user_1162_community_14_v1_top5_payload.json,14,0x15710dd0270cdA81046Cee3cAb65185ac2DE9a90,1,5,1854235daa58f8b2ab09fc2fb4be1f857a6f1e8e729b909b3d52b2d354a4f2a9,True
D:\PHD\بابل\2024\Research Reco\الجزء الثاني\Douban Reco\4 ايصال التوصيات بضمنها العقد\03_outputs\RECOMMENDATION_DELIVERY_TOP5_V1\payloads\community_14\user_1170_community_14_v1_top5_payload.json,14,0x6Dd0c4247cFAB1dcdd1323A00bFeA4CF997a5137,1,5,6157ae098a37e0e1956ba00e6e9e1b7142453a8217445dd09bd6bf0bc1db7855,True
D:\PHD\بابل\2024\Research Reco\الجزء الثاني\Douban Reco\4 ايصال التوصيات بضمنها العقد\03_outputs\RECOMMENDATION_DELIVERY_TOP5_V1\payloads\community_14\user_1189_community_14_v1_top5_payload.json,14,0x190aE3aa67737f6b4d9847284B2B959f51357197,1,5,b5b8ec57d351188a20d62fa954898280f05faef6be7723a91b09c1ffda0d5b3d,True
D:\PHD\بابل\2024\Research Reco\الجزء الثاني\Douban Reco\4 ايصال التوصيات بضمنها العقد\03_outputs\RECOMMENDATION_DELIVERY_TOP5_V1\payloads\community_14\user_1224_community_14_v1_top5_payload.json,14,0x78955c05336253E54882F478D94c8cAF741826fe,1,5,128643a9eaa70fa56e3f8b4ae55ef50515b9348d53f70c303d9f0778d97e35df,True
D:\PHD\بابل\2024\Research Reco\الجزء الثاني\Douban Reco\4 ايصال التوصيات بضمنها العقد\03_outputs\RECOMMENDATION_DELIVERY_TOP5_V1\payloads\community_14\user_1255_community_14_v1_top5_payload.json,14,0x20FD6998AFF99E539923B239ca2030E5E849cfB4,1,5,516981b37f146e562e47b333544401a283be91d1d20cb6981b5a7221b13a033a,True
D:\PHD\بابل\2024\Research Reco\الجزء الثاني\Douban Reco\4 ايصال التوصيات بضمنها العقد\03_outputs\RECOMMENDATION_DELIVERY_TOP5_V1\payloads\community_14\user_1257_community_14_v1_top5_payload.json,14,0xCc39Db5Ef7a848400066697cb2e20C79c37a028a,1,5,a298bb2ce29de699d3db1e9c7ff72e3c0f3ba92cc52d4de784a711366202dd78,True
D:\PHD\بابل\2024\Research Reco\الجزء الثاني\Douban Reco\4 ايصال التوصيات بضمنها العقد\03_outputs\RECOMMENDATION_DELIVERY_TOP5_V1\payloads\community_14\user_1260_community_14_v1_top5_payload.json,14,0x6a6E93D4c99efB63731E076509d862d1328355F7,1,5,720b75b2e1e8236a7b6a4cdbee2878b098b2d4839b5ff25d1b80ed0fa81e37fc,True
D:\PHD\بابل\2024\Research Reco\الجزء الثاني\Douban Reco\4 ايصال التوصيات بضمنها العقد\03_outputs\RECOMMENDATION_DELIVERY_TOP5_V1\payloads\community_14\user_1273_community_14_v1_top5_payload.json,14,0xD82eed8D67279159C38F2834E23c8E8fAbb19fb4,1,5,e5a982272d6768dfe610b3f43b270ac174cb894da124c846754facfd3363036e,True
D:\PHD\بابل\2024\Research Reco\الجزء الثاني\Douban Reco\4 ايصال التوصيات بضمنها العقد\03_outputs\RECOMMENDATION_DELIVERY_TOP5_V1\payloads\community_14\user_1281_community_14_v1_top5_payload.json,14,0x0639b1aEA3e614C14d01BBf4E5662028CBd8Ab73,1,5,957794e36f5d9260dcc301ae647012d52a73623c8a0d4cd909c0451a1e128a9b,True
D:\PHD\بابل\2024\Research Reco\الجزء الثاني\Douban Reco\4 ايصال التوصيات بضمنها العقد\03_outputs\RECOMMENDATION_DELIVERY_TOP5_V1\payloads\community_14\user_1293_community_14_v1_top5_payload.json,14,0x80BDa875B8111C81bfb70d6a45fFDD5b66C63B14,1,5,860d5e3fed733fca4f4d1c39c06365d4ae24a08f2299fd1aef4ce407c88bc225,True
D:\PHD\بابل\2024\Research Reco\الجزء الثاني\Douban Reco\4 ايصال التوصيات بضمنها العقد\03_outputs\RECOMMENDATION_DELIVERY_TOP5_V1\payloads\community_14\user_1368_community_14_v1_top5_payload.json,14,0x28De42F7958e363AB8493081a030200D6256C7B0,1,5,a1ae8d7d566ff814c047a3eabc5a1a97d426ee1a4c5fd65e147548dbbe7d5c89,True
D:\PHD\بابل\2024\Research Reco\الجزء الثاني\Douban Reco\4 ايصال التوصيات بضمنها العقد\03_outputs\RECOMMENDATION_DELIVERY_TOP5_V1\payloads\community_14\user_1375_community_14_v1_top5_payload.json,14,0xf86C5E0E5beFC66120fE989Fbe9c032F000E35ae,1,5,fe6f6910b3a52508266cb272238b1fe64cab762d791cf2cad17ffd955c302b96,True
D:\PHD\بابل\2024\Research Reco\الجزء الثاني\Douban Reco\4 ايصال التوصيات بضمنها العقد\03_outputs\RECOMMENDATION_DELIVERY_TOP5_V1\payloads\community_14\user_1404_community_14_v1_top5_payload.json,14,0xa55dde842Dba7a8c998Ec25dc8a5deD297e5109B,1,5,a4e63f1d58a02c57c366c84257e8065920787e5b20bfad8aca1032ac19430bf3,True
D:\PHD\بابل\2024\Research Reco\الجزء الثاني\Douban Reco\4 ايصال التوصيات بضمنها العقد\03_outputs\RECOMMENDATION_DELIVERY_TOP5_V1\payloads\community_14\user_1405_community_14_v1_top5_payload.json,14,0x9b4292b54e9A2d31C6aB718e37B6fF25d8485261,1,5,597f7760d94e47a47e461cf6f0fc61142131a7e815dd7c82ae23ca5b8985db94,True
D:\PHD\بابل\2024\Research Reco\الجزء الثاني\Douban Reco\4 ايصال التوصيات بضمنها العقد\03_outputs\RECOMMENDATION_DELIVERY_TOP5_V1\payloads\community_14\user_1411_community_14_v1_top5_payload.json,14,0x90acbD0A2d1d6dd8c84dDE8a9A4960D102027Ff2,1,5,df69d169695c12ad793e16084ecef1a9ee296050974f304eb7b2738cca3028f0,True
D:\PHD\بابل\2024\Research Reco\الجزء الثاني\Douban Reco\4 ايصال التوصيات بضمنها العقد\03_outputs\RECOMMENDATION_DELIVERY_TOP5_V1\payloads\community_14\user_1447_community_14_v1_top5_payload.json,14,0xC5399D29c9882aBf77e7E93Df9e3Da3e4D5C84C0,1,5,dd4a68eae8e8ea22ab40da9ae99b00546d553527f5ddadeda485b199811de33a,True
D:\PHD\بابل\2024\Research Reco\الجزء الثاني\Douban Reco\4 ايصال التوصيات بضمنها العقد\03_outputs\RECOMMENDATION_DELIVERY_TOP5_V1\payloads\community_14\user_1457_community_14_v1_top5_payload.json,14,0x0caB080aDC4A84E8f9e07dd114Cc398A4d831a85,1,5,5959ed02dd2ce10ca000f36a0c9ddb97286f3b69dc7389768f8f4f7d1be1d340,True
D:\PHD\بابل\2024\Research Reco\الجزء الثاني\Douban Reco\4 ايصال التوصيات بضمنها العقد\03_outputs\RECOMMENDATION_DELIVERY_TOP5_V1\payloads\community_14\user_1464_community_14_v1_top5_payload.json,14,0xCe7Cc286d8561A84dC76dBF5eAC76314A08eD4b8,1,5,8a69d75bd725d80ef3264f0771f708cdf03d6a4ff4aa287ce41f1b1bc437a545,True
D:\PHD\بابل\2024\Research Reco\الجزء الثاني\Douban Reco\4 ايصال التوصيات بضمنها العقد\03_outputs\RECOMMENDATION_DELIVERY_TOP5_V1\payloads\community_14\user_1481_community_14_v1_top5_payload.json,14,0x124E7370c2bEAd0A45f1965b921CF9a7E4e27483,1,5,ace9761996b2289bb9d51ad2cd72c6b959a2fd2619d3e8ca9c2346d93fb94f55,True
D:\PHD\بابل\2024\Research Reco\الجزء الثاني\Douban Reco\4 ايصال التوصيات بضمنها العقد\03_outputs\RECOMMENDATION_DELIVERY_TOP5_V1\payloads\community_14\user_1523_community_14_v1_top5_payload.json,14,0x5D804E75bda64669dfB1a0BAcb6aE8510Def9aAf,1,5,d3a6b0dde1262bd31d1ead2deb4f8169f8735593ba2b7dace7889c2174da76da,True
D:\PHD\بابل\2024\Research Reco\الجزء الثاني\Douban Reco\4 ايصال التوصيات بضمنها العقد\03_outputs\RECOMMENDATION_DELIVERY_TOP5_V1\payloads\community_14\user_152_community_14_v1_top5_payload.json,14,0x05E7D780DdE4A67E38b8B1FAC03042F2E0E31aaA,1,5,da050f125d0fdb85a484316463649444d4e0bae1a6e2c3ae374fb753bd6ee14e,True
D:\PHD\بابل\2024\Research Reco\الجزء الثاني\Douban Reco\4 ايصال التوصيات بضمنها العقد\03_outputs\RECOMMENDATION_DELIVERY_TOP5_V1\payloads\community_14\user_155_community_14_v1_top5_payload.json,14,0x7311B63F2C91ec2F8e6e82B3D185f939788781dC,1,5,9f11792ef6a97dd2be745cb810e1c3655b19826122393d85c0efabb099d60fc3,True
D:\PHD\بابل\2024\Research Reco\الجزء الثاني\Douban Reco\4 ايصال التوصيات بضمنها العقد\03_outputs\RECOMMENDATION_DELIVERY_TOP5_V1\payloads\community_14\user_1569_community_14_v1_top5_payload.json,14,0x2e869De22d85b9A09A1D84d87b961c1E3c456Bd7,1,5,744de309b12ec5d182265ea35a560b5a65f59400cd6baeb803305ddb3841900b,True
D:\PHD\بابل\2024\Research Reco\الجزء الثاني\Douban Reco\4 ايصال التوصيات بضمنها العقد\03_outputs\RECOMMENDATION_DELIVERY_TOP5_V1\payloads\community_14\user_158_community_14_v1_top5_payload.json,14,0x6056599201F33D19d9724C50b6815c4e506F733f,1,5,b07b95c568bdcc4eaa332aeb1f9d5ad127c21c649028f781b52d464997b08383,True
D:\PHD\بابل\2024\Research Reco\الجزء الثاني\Douban Reco\4 ايصال التوصيات بضمنها العقد\03_outputs\RECOMMENDATION_DELIVERY_TOP5_V1\payloads\community_14\user_160_community_14_v1_top5_payload.json,14,0xF906201458C75D1003e940B9c4F1fC6C6b7e4f6A,1,5,0404dda4ac553093476c3c281355e1d114d4b46814ce93cda792fa4da15fb75e,True
D:\PHD\بابل\2024\Research Reco\الجزء الثاني\Douban Reco\4 ايصال التوصيات بضمنها العقد\03_outputs\RECOMMENDATION_DELIVERY_TOP5_V1\payloads\community_14\user_1696_community_14_v1_top5_payload.json,14,0x26FdC9e58A2D05c075137b6Fe1BB5bC8f4E0194e,1,5,932ccae6ac32e7478223bef73e5467760bb205f9431f7f0fdd6ecae93ec247dc,True
D:\PHD\بابل\2024\Research Reco\الجزء الثاني\Douban Reco\4 ايصال التوصيات بضمنها العقد\03_outputs\RECOMMENDATION_DELIVERY_TOP5_V1\payloads\community_14\user_1700_community_14_v1_top5_payload.json,14,0xb7f7CC22F584CC70A22886eC96e73AF073B70634,1,5,3ea06b73691f73f02ddd7365978bf0c1ec39d05855fb8fbdca45632048c698d1,True
D:\PHD\بابل\2024\Research Reco\الجزء الثاني\Douban Reco\4 ايصال التوصيات بضمنها العقد\03_outputs\RECOMMENDATION_DELIVERY_TOP5_V1\payloads\community_14\user_1746_community_14_v1_top5_payload.json,14,0xC07B669C1d66Eb6EFE64fCFc9216b260350dEafE,1,5,01ae26091f2d9cbeaccfd7ffc35c4ebb4972950696e9a8fef2163b91a1d661ae,True
D:\PHD\بابل\2024\Research Reco\الجزء الثاني\Douban Reco\4 ايصال التوصيات بضمنها العقد\03_outputs\RECOMMENDATION_DELIVERY_TOP5_V1\payloads\community_14\user_1766_community_14_v1_top5_payload.json,14,0x1Fe08b9d0F493Bf45afEAAB12Fa4b77615a77cDC,1,5,955df5ddf11361560c987bc16b664b76102e48e11282b3a116e352a248dc63a6,True
D:\PHD\بابل\2024\Research Reco\الجزء الثاني\Douban Reco\4 ايصال التوصيات بضمنها العقد\03_outputs\RECOMMENDATION_DELIVERY_TOP5_V1\payloads\community_14\user_1850_community_14_v1_top5_payload.json,14,0xE32CE36A2156793F960771cF2Ba4d5336CA1fDDd,1,5,5b0306f749246e5750edfeaff0839ab43675f7acad83183782b0883a0b59d89d,True
D:\PHD\بابل\2024\Research Reco\الجزء الثاني\Douban Reco\4 ايصال التوصيات بضمنها العقد\03_outputs\RECOMMENDATION_DELIVERY_TOP5_V1\payloads\community_14\user_1856_community_14_v1_top5_payload.json,14,0x6fcF6bC54d913Bf6478Aa7b45199e659dc8391E2,1,5,f7167539d6d89ddc9cee5c275fc1b37c1d616cb4bbac64c94cef637287245b19,True
D:\PHD\بابل\2024\Research Reco\الجزء الثاني\Douban Reco\4 ايصال التوصيات بضمنها العقد\03_outputs\RECOMMENDATION_DELIVERY_TOP5_V1\payloads\community_14\user_1897_community_14_v1_top5_payload.json,14,0xB2C129E088E7322e549F9cF2B09c6fA92686ff6a,1,5,90cd40a72c318b4886c6981d3123f728063949e5602c099a6e4e423f60e3de23,True
D:\PHD\بابل\2024\Research Reco\الجزء الثاني\Douban Reco\4 ايصال التوصيات بضمنها العقد\03_outputs\RECOMMENDATION_DELIVERY_TOP5_V1\payloads\community_14\user_1906_community_14_v1_top5_payload.json,14,0xD84cFE2449250c7E1512cF5cE08A51791818BF97,1,5,8e1afcf6237b18b0d8c2cc4ddd272ed4847dee794db34970023b80f03acb769b,True
D:\PHD\بابل\2024\Research Reco\الجزء الثاني\Douban Reco\4 ايصال التوصيات بضمنها العقد\03_outputs\RECOMMENDATION_DELIVERY_TOP5_V1\payloads\community_14\user_1930_community_14_v1_top5_payload.json,14,0x6D3Dc7fC836195850fC58C8717f5E17bdA055863,1,5,e5e1d4c59bc9bc4dff02c1cbd524596ae2ed645c31888fec1ae8bf05b70a5310,True
D:\PHD\بابل\2024\Research Reco\الجزء الثاني\Douban Reco\4 ايصال التوصيات بضمنها العقد\03_outputs\RECOMMENDATION_DELIVERY_TOP5_V1\payloads\community_14\user_200_community_14_v1_top5_payload.json,14,0xec338FC17ec6D1d7319eD865C19823e870550B25,1,5,78eaf687bba3c43cd33a5318d9b2b1c4b44a3ac36d7eb0af7af51b1dd8809c8f,True
D:\PHD\بابل\2024\Research Reco\الجزء الثاني\Douban Reco\4 ايصال التوصيات بضمنها العقد\03_outputs\RECOMMENDATION_DELIVERY_TOP5_V1\payloads\community_14\user_2038_community_14_v1_top5_payload.json,14,0x37C0225981dAfCa1c3A0283720873a8740beB29C,1,5,919fddfda8da010c5bf77eb59965b5323716838391ddacefc2eea4646e8c0a3f,True
D:\PHD\بابل\2024\Research Reco\الجزء الثاني\Douban Reco\4 ايصال التوصيات بضمنها العقد\03_outputs\RECOMMENDATION_DELIVERY_TOP5_V1\payloads\community_14\user_2062_community_14_v1_top5_payload.json,14,0x95F274789Af86b09E98898d9B399564E95567977,1,5,b52232e25938720904860b21ce131e50831dc1abc457452f1521c8cca93e9569,True
D:\PHD\بابل\2024\Research Reco\الجزء الثاني\Douban Reco\4 ايصال التوصيات بضمنها العقد\03_outputs\RECOMMENDATION_DELIVERY_TOP5_V1\payloads\community_14\user_2083_community_14_v1_top5_payload.json,14,0x4619b7D2cD5fe00f67B38B3f55AFE9D31B18756E,1,5,8d9e9eb7b1510cd1924e39061876045d1b7d7012762d407328e8f38edd69cffd,True
D:\PHD\بابل\2024\Research Reco\الجزء الثاني\Douban Reco\4 ايصال التوصيات بضمنها العقد\03_outputs\RECOMMENDATION_DELIVERY_TOP5_V1\payloads\community_14\user_2090_community_14_v1_top5_payload.json,14,0x7725A93063804f16E4F4Ca83Be6bD0f1fa33cFD2,1,5,e373efc295f0f901b2a9485b05578c02fc694966fc843391c2539677efe693be,True
D:\PHD\بابل\2024\Research Reco\الجزء الثاني\Douban Reco\4 ايصال التوصيات بضمنها العقد\03_outputs\RECOMMENDATION_DELIVERY_TOP5_V1\payloads\community_14\user_2104_community_14_v1_top5_payload.json,14,0x34225DB932D5d5AfC83b435e1e227d4baA171cCA,1,5,247219886531fc02f9e6e427397915a86ed89bbceae6f710b9a7a61c34d35c29,True
D:\PHD\بابل\2024\Research Reco\الجزء الثاني\Douban Reco\4 ايصال التوصيات بضمنها العقد\03_outputs\RECOMMENDATION_DELIVERY_TOP5_V1\payloads\community_14\user_217_community_14_v1_top5_payload.json,14,0xa4238B4029eB479fC475C0343fF8BF0BECCfeA82,1,5,55bcda54c45aedbc692f43c75268f188c82d4f1faf6e72c58094bbaee704a98c,True
D:\PHD\بابل\2024\Research Reco\الجزء الثاني\Douban Reco\4 ايصال التوصيات بضمنها العقد\03_outputs\RECOMMENDATION_DELIVERY_TOP5_V1\payloads\community_14\user_2185_community_14_v1_top5_payload.json,14,0xb97e9ffd85bDff419caA7951c9B5122143362cD9,1,5,94e3b9110cc6399b4b25ca3f7bdb2a3d5ba5b29b080e68c767af400e5dae1a96,True
D:\PHD\بابل\2024\Research Reco\الجزء الثاني\Douban Reco\4 ايصال التوصيات بضمنها العقد\03_outputs\RECOMMENDATION_DELIVERY_TOP5_V1\payloads\community_14\user_2214_community_14_v1_top5_payload.json,14,0x8E68c044e4D865a4bdA2021Bd38f89F31e569da5,1,5,3cbfb172a8f14db9bb47740f1b60e425a5d07f5de804f934b98f13c3af6fd2fc,True
D:\PHD\بابل\2024\Research Reco\الجزء الثاني\Douban Reco\4 ايصال التوصيات بضمنها العقد\03_outputs\RECOMMENDATION_DELIVERY_TOP5_V1\payloads\community_14\user_2227_community_14_v1_top5_payload.json,14,0x2e0c08ecaE29B46b62384ec813b31A4Af054cc70,1,5,8107a3e479b750f9ee86ccc1fe0f971c3f07d7b9fa1672d9e7f72c31997714a2,True
D:\PHD\بابل\2024\Research Reco\الجزء الثاني\Douban Reco\4 ايصال التوصيات بضمنها العقد\03_outputs\RECOMMENDATION_DELIVERY_TOP5_V1\payloads\community_14\user_2247_community_14_v1_top5_payload.json,14,0x30488406Ec10dC32b9B74B67Fe82bEA3d8113f3A,1,5,90246f49cfcfa7074fd326a4811452de57b8f158c8480d4d4bb8624d18e689fe,True
D:\PHD\بابل\2024\Research Reco\الجزء الثاني\Douban Reco\4 ايصال التوصيات بضمنها العقد\03_outputs\RECOMMENDATION_DELIVERY_TOP5_V1\payloads\community_14\user_2249_community_14_v1_top5_payload.json,14,0xb8539e6ea4609293b1ADB340c5b2418D88fedE7D,1,5,7ed0a00fd6a64a4b0bfcabe7f08b5bfe4d9e60b7488d7984f78eb5236bc41ace,True
D:\PHD\بابل\2024\Research Reco\الجزء الثاني\Douban Reco\4 ايصال التوصيات بضمنها العقد\03_outputs\RECOMMENDATION_DELIVERY_TOP5_V1\payloads\community_14\user_2264_community_14_v1_top5_payload.json,14,0x655a19358283cF3c795C7fd8e6CE9d130326C621,1,5,f314d6ec7f0426c4664c0981008d2440671e9decf94dd761be6671995a726b99,True
D:\PHD\بابل\2024\Research Reco\الجزء الثاني\Douban Reco\4 ايصال التوصيات بضمنها العقد\03_outputs\RECOMMENDATION_DELIVERY_TOP5_V1\payloads\community_14\user_227_community_14_v1_top5_payload.json,14,0xC2131BD564315B03996583551428a4Fad7bce828,1,5,1ff1421e1f8e72fdc89916a6ed91330c715d34abe5e2507d1ec0188d358a6c91,True
D:\PHD\بابل\2024\Research Reco\الجزء الثاني\Douban Reco\4 ايصال التوصيات بضمنها العقد\03_outputs\RECOMMENDATION_DELIVERY_TOP5_V1\payloads\community_14\user_2397_community_14_v1_top5_payload.json,14,0x0B79695A6f2EF2c945A6adbcD05cc4b99af7d0C7,1,5,d6c0517e12e539dafd7755bc16dc27923a459f780082b19b32e2d9ec441ac214,True
D:\PHD\بابل\2024\Research Reco\الجزء الثاني\Douban Reco\4 ايصال التوصيات بضمنها العقد\03_outputs\RECOMMENDATION_DELIVERY_TOP5_V1\payloads\community_14\user_2405_community_14_v1_top5_payload.json,14,0xc7066127CB224C22361390EAC11D7Ab3968835Cc,1,5,0e747e86f831ad4f6d8bb98fa5269e936f8a170889b7d66afe4a68f67d09086e,True
D:\PHD\بابل\2024\Research Reco\الجزء الثاني\Douban Reco\4 ايصال التوصيات بضمنها العقد\03_outputs\RECOMMENDATION_DELIVERY_TOP5_V1\payloads\community_14\user_2417_community_14_v1_top5_payload.json,14,0x8bf4f93eD09aCaD889579EDBF5049D40339a8679,1,5,7b5a730d656e7618b8701258b0d820aa014ab42abd9d891f79b81e92b7345648,True
D:\PHD\بابل\2024\Research Reco\الجزء الثاني\Douban Reco\4 ايصال التوصيات بضمنها العقد\03_outputs\RECOMMENDATION_DELIVERY_TOP5_V1\payloads\community_14\user_2432_community_14_v1_top5_payload.json,14,0x00a7adD9B38bD400FDd5ED9f735EE3487E5E1946,1,5,5850bb07af7630613ce2abe0b5ec3eb739668316eedb1ae727e870569545dce7,True
D:\PHD\بابل\2024\Research Reco\الجزء الثاني\Douban Reco\4 ايصال التوصيات بضمنها العقد\03_outputs\RECOMMENDATION_DELIVERY_TOP5_V1\payloads\community_14\user_2443_community_14_v1_top5_payload.json,14,0x2f1DAB04C11D3267D25Da8d4B11a2063456203C5,1,5,049b4b8dbf4aff36cb0b80f6ee7d284188da6d6035dfdb9f949d0c9cbbc3f228,True
D:\PHD\بابل\2024\Research Reco\الجزء الثاني\Douban Reco\4 ايصال التوصيات بضمنها العقد\03_outputs\RECOMMENDATION_DELIVERY_TOP5_V1\payloads\community_14\user_2475_community_14_v1_top5_payload.json,14,0x8A438A40405dEFBBeD6dd92e63F3942cC3Dc3D55,1,5,e20a7146ccf5dd2062dbafa9054163709f31d1c4ae67d027967b1ae7a40793e8,True
D:\PHD\بابل\2024\Research Reco\الجزء الثاني\Douban Reco\4 ايصال التوصيات بضمنها العقد\03_outputs\RECOMMENDATION_DELIVERY_TOP5_V1\payloads\community_14\user_251_community_14_v1_top5_payload.json,14,0xc4aDAe1A63463aD49D926E5060527C8Ef61E14a5,1,5,931542bbce8ccdf343cd0567f97bf4a47876d976f580bb6ec4a62fce4607eae9,True
D:\PHD\بابل\2024\Research Reco\الجزء الثاني\Douban Reco\4 ايصال التوصيات بضمنها العقد\03_outputs\RECOMMENDATION_DELIVERY_TOP5_V1\payloads\community_14\user_2564_community_14_v1_top5_payload.json,14,0xa1a72df0F1f2853204Eb582b3c45AA94b5E509E9,1,5,fc5f432824a2f3daae37a3136697247044facd9028f72f41be8ccd617f56f720,True
D:\PHD\بابل\2024\Research Reco\الجزء الثاني\Douban Reco\4 ايصال التوصيات بضمنها العقد\03_outputs\RECOMMENDATION_DELIVERY_TOP5_V1\payloads\community_14\user_2597_community_14_v1_top5_payload.json,14,0x4158147eD6c8E1615DccBCF190da2a2dFbc939a3,1,5,61df5bd294a6fb71756eb2519b8cb42411ebce13cf0fe1704b75c4f8b52e8bb9,True
D:\PHD\بابل\2024\Research Reco\الجزء الثاني\Douban Reco\4 ايصال التوصيات بضمنها العقد\03_outputs\RECOMMENDATION_DELIVERY_TOP5_V1\payloads\community_14\user_2604_community_14_v1_top5_payload.json,14,0x4f894E19A823Aa667cEB69edf176A28779CB85Ab,1,5,d7a7fafd2983af5daf13506d264c4de64ef252ce978bffc25c78b2de52e37d79,True
D:\PHD\بابل\2024\Research Reco\الجزء الثاني\Douban Reco\4 ايصال التوصيات بضمنها العقد\03_outputs\RECOMMENDATION_DELIVERY_TOP5_V1\payloads\community_14\user_2610_community_14_v1_top5_payload.json,14,0x75FA2314c6EED048c0973E569CC5619c3d0BFb7F,1,5,0b212a737df2f0459696d27e837d73ecceae18ba6f6e1665f24979d13e7bebd2,True
D:\PHD\بابل\2024\Research Reco\الجزء الثاني\Douban Reco\4 ايصال التوصيات بضمنها العقد\03_outputs\RECOMMENDATION_DELIVERY_TOP5_V1\payloads\community_14\user_2617_community_14_v1_top5_payload.json,14,0xb7bF497ac2024f629Fb00b53d759B3B08Daa5e00,1,5,7ff49192d702a50338fd97c57a1e35e1945f11b78297b89a145d8f4a71170dd4,True
D:\PHD\بابل\2024\Research Reco\الجزء الثاني\Douban Reco\4 ايصال التوصيات بضمنها العقد\03_outputs\RECOMMENDATION_DELIVERY_TOP5_V1\payloads\community_14\user_2618_community_14_v1_top5_payload.json,14,0x293Dc14509ECBB44deFc870f707D4d7E5d1bA183,1,5,7d7667c0257005f5beef32ee5945bbf29aa787d12cf3034d261817677bbdd8de,True
D:\PHD\بابل\2024\Research Reco\الجزء الثاني\Douban Reco\4 ايصال التوصيات بضمنها العقد\03_outputs\RECOMMENDATION_DELIVERY_TOP5_V1\payloads\community_14\user_2622_community_14_v1_top5_payload.json,14,0x5D34aA1Da2a69De659092Fa2777F611515664Eb8,1,5,7a634f1272a6b52a1ef99b8310c151a89f61303be8b9aaad2d99e401bc93d27c,True
D:\PHD\بابل\2024\Research Reco\الجزء الثاني\Douban Reco\4 ايصال التوصيات بضمنها العقد\03_outputs\RECOMMENDATION_DELIVERY_TOP5_V1\payloads\community_14\user_2640_community_14_v1_top5_payload.json,14,0xE1F0232e39c0b84638691d271D47B592E4b74D51,1,5,066206c7027cc7036b14f500ebaf5c3761f44c130aefd6be87d9bbc9861c544e,True
D:\PHD\بابل\2024\Research Reco\الجزء الثاني\Douban Reco\4 ايصال التوصيات بضمنها العقد\03_outputs\RECOMMENDATION_DELIVERY_TOP5_V1\payloads\community_14\user_266_community_14_v1_top5_payload.json,14,0x8F66acFcF438cD18251e20E2E18C73ec85F2ab4E,1,5,2b425b6f55be447e315352a551f2ed0591dcd6293a20216c79afb03ca4c49d51,True
D:\PHD\بابل\2024\Research Reco\الجزء الثاني\Douban Reco\4 ايصال التوصيات بضمنها العقد\03_outputs\RECOMMENDATION_DELIVERY_TOP5_V1\payloads\community_14\user_2675_community_14_v1_top5_payload.json,14,0xd61513A23b038f5ccD3815C57A41901EB0d5C208,1,5,d0bbaf3efd397b556bae9708e5e9cc50e608cd14be7ef610735abaebac61ea1b,True
D:\PHD\بابل\2024\Research Reco\الجزء الثاني\Douban Reco\4 ايصال التوصيات بضمنها العقد\03_outputs\RECOMMENDATION_DELIVERY_TOP5_V1\payloads\community_14\user_2690_community_14_v1_top5_payload.json,14,0xae28c2A94f2e5449A14c3cc9Ad351874d98Cfb5a,1,5,0de4541a387333320c1466488f3858f500333b9c033137dec1787d22fe37f350,True
D:\PHD\بابل\2024\Research Reco\الجزء الثاني\Douban Reco\4 ايصال التوصيات بضمنها العقد\03_outputs\RECOMMENDATION_DELIVERY_TOP5_V1\payloads\community_14\user_2697_community_14_v1_top5_payload.json,14,0x566a00a7A3D16cBf80928eDD29556CF703A9B9Eb,1,5,5e0d0ebac99a3bfd26b250139243ba8208b10b975fa33d506fd4bf54b2b04a6e,True
D:\PHD\بابل\2024\Research Reco\الجزء الثاني\Douban Reco\4 ايصال التوصيات بضمنها العقد\03_outputs\RECOMMENDATION_DELIVERY_TOP5_V1\payloads\community_14\user_2738_community_14_v1_top5_payload.json,14,0xfC3AE9Ab5Ea86FF44de4CF757049a2D2bF5cbc97,1,5,eb3bf7a1afa4d5eae2cb114741054997360fa8d046e2d5cd3ccabac76760779a,True
D:\PHD\بابل\2024\Research Reco\الجزء الثاني\Douban Reco\4 ايصال التوصيات بضمنها العقد\03_outputs\RECOMMENDATION_DELIVERY_TOP5_V1\payloads\community_14\user_2747_community_14_v1_top5_payload.json,14,0x62FfE18de2dd5650942cf4CdC98176a328021066,1,5,30f8ed2dcd283e0172bb161572b6099f592e2189a75669f8a3489123f6d94936,True
D:\PHD\بابل\2024\Research Reco\الجزء الثاني\Douban Reco\4 ايصال التوصيات بضمنها العقد\03_outputs\RECOMMENDATION_DELIVERY_TOP5_V1\payloads\community_14\user_2755_community_14_v1_top5_payload.json,14,0x9bf92ee3c38E86CD6f4A0ED6e937b35C1D8bAd59,1,5,14bd09a076f47fdc7627d71f5151c401a6612b60dd04513afbdee9deca77867a,True
D:\PHD\بابل\2024\Research Reco\الجزء الثاني\Douban Reco\4 ايصال التوصيات بضمنها العقد\03_outputs\RECOMMENDATION_DELIVERY_TOP5_V1\payloads\community_14\user_2767_community_14_v1_top5_payload.json,14,0xD98d1fBB24842d5B4d0B00E4ee98382052433EC1,1,5,8956adfad10c3d7970ce5b8778d2e808829f2906af3b49fe9a1abb37f91fcd54,True
D:\PHD\بابل\2024\Research Reco\الجزء الثاني\Douban Reco\4 ايصال التوصيات بضمنها العقد\03_outputs\RECOMMENDATION_DELIVERY_TOP5_V1\payloads\community_14\user_2783_community_14_v1_top5_payload.json,14,0x0A60428797f4f0F9C83F1aA26D5a2D6c3d0158a4,1,5,09ff4ac3d7244e9e06bff64aa1ec0c29867a6ca4a9460bb6edf9ecde45e1756e,True
D:\PHD\بابل\2024\Research Reco\الجزء الثاني\Douban Reco\4 ايصال التوصيات بضمنها العقد\03_outputs\RECOMMENDATION_DELIVERY_TOP5_V1\payloads\community_14\user_2793_community_14_v1_top5_payload.json,14,0x61C26CaF5AfCd574f436BA417a041d395Ed757DA,1,5,697acfaa1b8f349aadf6f99305e2f145df00f56ff896b37fb542ec131d9c0b7a,True
D:\PHD\بابل\2024\Research Reco\الجزء الثاني\Douban Reco\4 ايصال التوصيات بضمنها العقد\03_outputs\RECOMMENDATION_DELIVERY_TOP5_V1\payloads\community_14\user_2794_community_14_v1_top5_payload.json,14,0xd450C5829E86620C980440d47C37C1b53eeb1aAC,1,5,292d115aa2c463c744875f87140735b32bcef4445d3a8cf7755bbd542b44a3dd,True
D:\PHD\بابل\2024\Research Reco\الجزء الثاني\Douban Reco\4 ايصال التوصيات بضمنها العقد\03_outputs\RECOMMENDATION_DELIVERY_TOP5_V1\payloads\community_14\user_2795_community_14_v1_top5_payload.json,14,0x836a3b630578C012591c898b25c58eBb689b69a9,1,5,a30ffbe01b3aaa9e36bb2c6747337e2c8408f0fb92dacf4f843704936af0f363,True
D:\PHD\بابل\2024\Research Reco\الجزء الثاني\Douban Reco\4 ايصال التوصيات بضمنها العقد\03_outputs\RECOMMENDATION_DELIVERY_TOP5_V1\payloads\community_14\user_279_community_14_v1_top5_payload.json,14,0x0FcE0B49F36B1ec54D7437edf44A72E19103af9a,1,5,07db9214d5ef645122464444594ad820cfbb0acccfa5a9dc11b9c9b195ba3d3c,True
D:\PHD\بابل\2024\Research Reco\الجزء الثاني\Douban Reco\4 ايصال التوصيات بضمنها العقد\03_outputs\RECOMMENDATION_DELIVERY_TOP5_V1\payloads\community_14\user_2803_community_14_v1_top5_payload.json,14,0x2e16a498cF40eC9C5DcE4c19c42A467A4460FFE0,1,5,650a3433e3f4dc1fc5c83dcf02d3358d8c62acd386337ef3c40f1278c88d3cc1,True
D:\PHD\بابل\2024\Research Reco\الجزء الثاني\Douban Reco\4 ايصال التوصيات بضمنها العقد\03_outputs\RECOMMENDATION_DELIVERY_TOP5_V1\payloads\community_14\user_2827_community_14_v1_top5_payload.json,14,0xd4085Fda40B2426145874626687960Dcf85f8CE1,1,5,4b7d91ecded910b6a1de60b275440d5918de62a1c43584b90c61a0e5bddfe961,True
D:\PHD\بابل\2024\Research Reco\الجزء الثاني\Douban Reco\4 ايصال التوصيات بضمنها العقد\03_outputs\RECOMMENDATION_DELIVERY_TOP5_V1\payloads\community_14\user_2833_community_14_v1_top5_payload.json,14,0x5145364c5664951c1095CA5247c4cDd2b0c56584,1,5,e64d9387efa81648984ab3f6a94e671c38c502add40ead02006014a22e62c170,True
D:\PHD\بابل\2024\Research Reco\الجزء الثاني\Douban Reco\4 ايصال التوصيات بضمنها العقد\03_outputs\RECOMMENDATION_DELIVERY_TOP5_V1\payloads\community_14\user_284_community_14_v1_top5_payload.json,14,0x24821D144EAbf803eCac4De057E3ccA889fd5558,1,5,8ae93422595b6d6a3d4c0ffe0fc63a6d9f09cf80d1d0015f8d46a2efd703d990,True
D:\PHD\بابل\2024\Research Reco\الجزء الثاني\Douban Reco\4 ايصال التوصيات بضمنها العقد\03_outputs\RECOMMENDATION_DELIVERY_TOP5_V1\payloads\community_14\user_2868_community_14_v1_top5_payload.json,14,0xC8c0DaD63e3eb2B43E062e30a3AEE15e238B9c43,1,5,23930b94c9557297ac82f8fe89515a49781094f664ad667450f44160fa4592a3,True
D:\PHD\بابل\2024\Research Reco\الجزء الثاني\Douban Reco\4 ايصال التوصيات بضمنها العقد\03_outputs\RECOMMENDATION_DELIVERY_TOP5_V1\payloads\community_14\user_2869_community_14_v1_top5_payload.json,14,0x6170553078C825E23f823b5e1dc4553791cD3474,1,5,8d0d7629bce06886726b67fd610a1ea547010273ee5cd1e0798d69b36990e71d,True
D:\PHD\بابل\2024\Research Reco\الجزء الثاني\Douban Reco\4 ايصال التوصيات بضمنها العقد\03_outputs\RECOMMENDATION_DELIVERY_TOP5_V1\payloads\community_14\user_2872_community_14_v1_top5_payload.json,14,0xaE4F510eE3d8Aaf74Cc05e3f38808d9F0B84E0CE,1,5,7f8fb233f4d82e780d8637c15f8bd7e5c976aa90bf277d5d61615c364e79846d,True
D:\PHD\بابل\2024\Research Reco\الجزء الثاني\Douban Reco\4 ايصال التوصيات بضمنها العقد\03_outputs\RECOMMENDATION_DELIVERY_TOP5_V1\payloads\community_14\user_2898_community_14_v1_top5_payload.json,14,0xe24F1Caefdb846164f7A1ED6806a711011a5FCD3,1,5,e4e5239d5bd2f6507a95487f8ee3a9454320dcc3ac2fc95fe712565271505999,True
D:\PHD\بابل\2024\Research Reco\الجزء الثاني\Douban Reco\4 ايصال التوصيات بضمنها العقد\03_outputs\RECOMMENDATION_DELIVERY_TOP5_V1\payloads\community_14\user_2910_community_14_v1_top5_payload.json,14,0x27B27f0510aD8cA030F64114754362fE8cBA561e,1,5,f222a975ad2556596a7137a67266952593bce93d70752918fa589234fecc2e13,True
D:\PHD\بابل\2024\Research Reco\الجزء الثاني\Douban Reco\4 ايصال التوصيات بضمنها العقد\03_outputs\RECOMMENDATION_DELIVERY_TOP5_V1\payloads\community_14\user_2914_community_14_v1_top5_payload.json,14,0x365a00F5450e004Ac8bEEC0C38cE73CFFb62c24a,1,5,5825d15e1d280b22911d8494facc87f329cafa01d8b23ea568b72162b8b7b2ef,True
D:\PHD\بابل\2024\Research Reco\الجزء الثاني\Douban Reco\4 ايصال التوصيات بضمنها العقد\03_outputs\RECOMMENDATION_DELIVERY_TOP5_V1\payloads\community_14\user_2928_community_14_v1_top5_payload.json,14,0xf03d1D1305fabD242Bf720Be6ca0f5b65F71b10A,1,5,644a3146943b5551713265b2715146786a27290f5af2f5b8591e4c142856ed2f,True
D:\PHD\بابل\2024\Research Reco\الجزء الثاني\Douban Reco\4 ايصال التوصيات بضمنها العقد\03_outputs\RECOMMENDATION_DELIVERY_TOP5_V1\payloads\community_14\user_2972_community_14_v1_top5_payload.json,14,0xeFD3d35F335fFE009D035aA2b5325a1Ab884C594,1,5,64f37911646bfe03faf129fba378130a9793f61a1b830fb5831347210fc3e3a4,True
D:\PHD\بابل\2024\Research Reco\الجزء الثاني\Douban Reco\4 ايصال التوصيات بضمنها العقد\03_outputs\RECOMMENDATION_DELIVERY_TOP5_V1\payloads\community_14\user_2992_community_14_v1_top5_payload.json,14,0x4173578b208eb64947e3A3076A085b36D40207aE,1,5,67e3214779106b10deaae7aa81ac45656c4cb77185e444a39a23ecb7834fe739,True
D:\PHD\بابل\2024\Research Reco\الجزء الثاني\Douban Reco\4 ايصال التوصيات بضمنها العقد\03_outputs\RECOMMENDATION_DELIVERY_TOP5_V1\payloads\community_14\user_2994_community_14_v1_top5_payload.json,14,0x6EE51C72F0c2fcAcD6DdB9fc12a368C5e44D8ee0,1,5,11123c76e674cac2d2d0dd0b085307a630dde6cea7f58609d7268848ac21de64,True
D:\PHD\بابل\2024\Research Reco\الجزء الثاني\Douban Reco\4 ايصال التوصيات بضمنها العقد\03_outputs\RECOMMENDATION_DELIVERY_TOP5_V1\payloads\community_14\user_3003_community_14_v1_top5_payload.json,14,0xe88f6035b4bf589dDf5A1D74E1D9D656f1b711A9,1,5,cc54440c751dfc9ab400aaad89729d8c29bbfdaa10a337f0ad65552b9aac7ce2,True
D:\PHD\بابل\2024\Research Reco\الجزء الثاني\Douban Reco\4 ايصال التوصيات بضمنها العقد\03_outputs\RECOMMENDATION_DELIVERY_TOP5_V1\payloads\community_14\user_3020_community_14_v1_top5_payload.json,14,0x1d15a4B6f39A4F72CcfBe9a79627FC08e04486BE,1,5,dda6568554c90cb11dfd59cd7dc1bfd206fc1c41bffd29e66b50ea86ab3126de,True
D:\PHD\بابل\2024\Research Reco\الجزء الثاني\Douban Reco\4 ايصال التوصيات بضمنها العقد\03_outputs\RECOMMENDATION_DELIVERY_TOP5_V1\payloads\community_14\user_304_community_14_v1_top5_payload.json,14,0x529F4faFf4069570bBbDcDCdb636e21c73B3DC20,1,5,975044979c14b0a7d98ad14a2e7896c22a05c26dc2bdc0b0d3f3ca0ceefe0f42,True
D:\PHD\بابل\2024\Research Reco\الجزء الثاني\Douban Reco\4 ايصال التوصيات بضمنها العقد\03_outputs\RECOMMENDATION_DELIVERY_TOP5_V1\payloads\community_14\user_308_community_14_v1_top5_payload.json,14,0x171302d156D0288ABBC8b6E788c0e76133D7d29f,1,5,88b331ef64aa89fecd0b99f88537a964dbbe252b1f2fcaacacda422818564754,True
D:\PHD\بابل\2024\Research Reco\الجزء الثاني\Douban Reco\4 ايصال التوصيات بضمنها العقد\03_outputs\RECOMMENDATION_DELIVERY_TOP5_V1\payloads\community_14\user_344_community_14_v1_top5_payload.json,14,0x4C91aaa0B130BB722a50cB77BB21C3116123E823,1,5,acc0b0d101e88a6caaf9195d04da97b9e38e16a0cff2ec36e70050e185531046,True
D:\PHD\بابل\2024\Research Reco\الجزء الثاني\Douban Reco\4 ايصال التوصيات بضمنها العقد\03_outputs\RECOMMENDATION_DELIVERY_TOP5_V1\payloads\community_14\user_404_community_14_v1_top5_payload.json,14,0xf17C800C2771A77685fcd9708B4a87fD48bB3B9D,1,5,8e7c811378aad6e08cb0cea667f5df0b0e76f1727f3fa7bdfd4d68f7fd14c841,True
D:\PHD\بابل\2024\Research Reco\الجزء الثاني\Douban Reco\4 ايصال التوصيات بضمنها العقد\03_outputs\RECOMMENDATION_DELIVERY_TOP5_V1\payloads\community_14\user_429_community_14_v1_top5_payload.json,14,0x827DB746512cC03FcCdCdd5A0A73230379e58677,1,5,e470040d19f1f40d664bf9293326d96c6ca85e0eaff9cf5e43605655ed369c82,True
D:\PHD\بابل\2024\Research Reco\الجزء الثاني\Douban Reco\4 ايصال التوصيات بضمنها العقد\03_outputs\RECOMMENDATION_DELIVERY_TOP5_V1\payloads\community_14\user_456_community_14_v1_top5_payload.json,14,0xfa52F03E9b0E23277fBEf3bcF5B843D1aAACB8E5,1,5,76e7f482c6c79e4a6f96c06b49195b9e9087eb3a9e1a4923fe5492b3d6ffc5d6,True
D:\PHD\بابل\2024\Research Reco\الجزء الثاني\Douban Reco\4 ايصال التوصيات بضمنها العقد\03_outputs\RECOMMENDATION_DELIVERY_TOP5_V1\payloads\community_14\user_477_community_14_v1_top5_payload.json,14,0x8BeF2Ba3a236345915E6B954176E361e8DA095a4,1,5,de11ddb11d4fc470949738c8611e28c48b86cb7c7a48f3e395c2d710733490ae,True
D:\PHD\بابل\2024\Research Reco\الجزء الثاني\Douban Reco\4 ايصال التوصيات بضمنها العقد\03_outputs\RECOMMENDATION_DELIVERY_TOP5_V1\payloads\community_14\user_490_community_14_v1_top5_payload.json,14,0x5A00797220924d69258007292Bc6642ee897F4A4,1,5,22e6238a3c65f8bc3f8fde164eb8e1082e221fa55faaeeac547eb728ac14e869,True
D:\PHD\بابل\2024\Research Reco\الجزء الثاني\Douban Reco\4 ايصال التوصيات بضمنها العقد\03_outputs\RECOMMENDATION_DELIVERY_TOP5_V1\payloads\community_14\user_512_community_14_v1_top5_payload.json,14,0x7B2Ff4FB61E89c8982bF26Ae5c93f8c531e15e6B,1,5,fb4c8f02cea04de1a1d5f7f3cdbe1a535b2f26b431978b7ad268d5c8c078a204,True
D:\PHD\بابل\2024\Research Reco\الجزء الثاني\Douban Reco\4 ايصال التوصيات بضمنها العقد\03_outputs\RECOMMENDATION_DELIVERY_TOP5_V1\payloads\community_14\user_523_community_14_v1_top5_payload.json,14,0x6354581bf7D61459aF3bd67dab8a44037Bf9d227,1,5,e0abaabfecd7209bc4c514ba3ea67698916c42638e7653909db3e96617dd404e,True
D:\PHD\بابل\2024\Research Reco\الجزء الثاني\Douban Reco\4 ايصال التوصيات بضمنها العقد\03_outputs\RECOMMENDATION_DELIVERY_TOP5_V1\payloads\community_14\user_546_community_14_v1_top5_payload.json,14,0x8C44a0938391ED43826d986fEfCF777A407c01e3,1,5,50fc3edd9e1619a967a51beeda26a6f84d750be946fe8720d6065d45ba0c47ca,True
D:\PHD\بابل\2024\Research Reco\الجزء الثاني\Douban Reco\4 ايصال التوصيات بضمنها العقد\03_outputs\RECOMMENDATION_DELIVERY_TOP5_V1\payloads\community_14\user_54_community_14_v1_top5_payload.json,14,0x622D27558F2064B66E7CCaA5D586d99E2BAA5246,1,5,10bdabe5bd28b115a8875defa01215d29af970cfc39407e831d9c85f103dfe7f,True
D:\PHD\بابل\2024\Research Reco\الجزء الثاني\Douban Reco\4 ايصال التوصيات بضمنها العقد\03_outputs\RECOMMENDATION_DELIVERY_TOP5_V1\payloads\community_14\user_555_community_14_v1_top5_payload.json,14,0xdf445ED9A94a1D4FA836fa4990c20D4B448561D4,1,5,03fab553abf3e2aecaa33d3a6358b2f8e2d229b2c46a75393cfe94b8e94bef7f,True
D:\PHD\بابل\2024\Research Reco\الجزء الثاني\Douban Reco\4 ايصال التوصيات بضمنها العقد\03_outputs\RECOMMENDATION_DELIVERY_TOP5_V1\payloads\community_14\user_573_community_14_v1_top5_payload.json,14,0x7Ff728601A014B12E58e8b99D84f434D079aeF36,1,5,5570b084bc4587443c0bb0d8f8baf769c7c7d1cbdc0d5ad8eff8f6259f2e23d3,True
D:\PHD\بابل\2024\Research Reco\الجزء الثاني\Douban Reco\4 ايصال التوصيات بضمنها العقد\03_outputs\RECOMMENDATION_DELIVERY_TOP5_V1\payloads\community_14\user_589_community_14_v1_top5_payload.json,14,0x43aE9c47C2a6B048469631e1C836D7D384f28efE,1,5,d34d4a8662cc6bd7e12a602370bd747c4273b6b35769dac78e23a27fd2720d0e,True
D:\PHD\بابل\2024\Research Reco\الجزء الثاني\Douban Reco\4 ايصال التوصيات بضمنها العقد\03_outputs\RECOMMENDATION_DELIVERY_TOP5_V1\payloads\community_14\user_5_community_14_v1_top5_payload.json,14,0x962EeC40Be03e767E62e5d29495062F110fC192D,1,5,833e2a9672c4409826372e4ab7773857bd01215d2e1b7d2cf78d3b028273b924,True
D:\PHD\بابل\2024\Research Reco\الجزء الثاني\Douban Reco\4 ايصال التوصيات بضمنها العقد\03_outputs\RECOMMENDATION_DELIVERY_TOP5_V1\payloads\community_14\user_628_community_14_v1_top5_payload.json,14,0xc99f3B2eE046Ebc5586322f90cF68De29F2c171F,1,5,54e13412fe4790696eb6c6a819f1cd0b9bfa5db0d5232c2b75af6bc62209e56e,True
D:\PHD\بابل\2024\Research Reco\الجزء الثاني\Douban Reco\4 ايصال التوصيات بضمنها العقد\03_outputs\RECOMMENDATION_DELIVERY_TOP5_V1\payloads\community_14\user_636_community_14_v1_top5_payload.json,14,0x2240EC9438C00F4E863b5222CD92337796E6933b,1,5,67cb0f4b3a9ee215a025cdbdddf3e1123119d7b28351be58250638117f4e4c2b,True
D:\PHD\بابل\2024\Research Reco\الجزء الثاني\Douban Reco\4 ايصال التوصيات بضمنها العقد\03_outputs\RECOMMENDATION_DELIVERY_TOP5_V1\payloads\community_14\user_640_community_14_v1_top5_payload.json,14,0x1052b36E5b18aBe279996c140cFdc8Ad71A0b33F,1,5,91bb75e833fe7ebb96b7f7e46526da59d40363f0ea77df8965d49ba66d13722c,True
D:\PHD\بابل\2024\Research Reco\الجزء الثاني\Douban Reco\4 ايصال التوصيات بضمنها العقد\03_outputs\RECOMMENDATION_DELIVERY_TOP5_V1\payloads\community_14\user_643_community_14_v1_top5_payload.json,14,0xCa1295d8DEC55e3AC965CE2266F5B62DA653E0C4,1,5,ad7fdaf0ceca3329b0daa7c254ae20dec8dcb6abd71eba88002de5d4653bd26f,True
D:\PHD\بابل\2024\Research Reco\الجزء الثاني\Douban Reco\4 ايصال التوصيات بضمنها العقد\03_outputs\RECOMMENDATION_DELIVERY_TOP5_V1\payloads\community_14\user_71_community_14_v1_top5_payload.json,14,0x5b4fDbcfb4850a03F3141e91b88360BfaDe265f5,1,5,81e8acca24f084cbca40d08ea8ee5d034a0a5720631172f3895075b6e01e1564,True
D:\PHD\بابل\2024\Research Reco\الجزء الثاني\Douban Reco\4 ايصال التوصيات بضمنها العقد\03_outputs\RECOMMENDATION_DELIVERY_TOP5_V1\payloads\community_14\user_728_community_14_v1_top5_payload.json,14,0xb9710Cb58399ee1e222B0e68d5c9b27813E40eDB,1,5,9796c2c9dd5af22a61e743ea56e01c914850a1590f3d64284ac4706e1114cb22,True
D:\PHD\بابل\2024\Research Reco\الجزء الثاني\Douban Reco\4 ايصال التوصيات بضمنها العقد\03_outputs\RECOMMENDATION_DELIVERY_TOP5_V1\payloads\community_14\user_743_community_14_v1_top5_payload.json,14,0x5aff50F6D468eA073981DF4B5fc2467d4953c689,1,5,1a08e285c2e68354cc4af5c1a070be5f27861b35aaab88069f2b5a4997728bf2,True
D:\PHD\بابل\2024\Research Reco\الجزء الثاني\Douban Reco\4 ايصال التوصيات بضمنها العقد\03_outputs\RECOMMENDATION_DELIVERY_TOP5_V1\payloads\community_14\user_770_community_14_v1_top5_payload.json,14,0x383857B98075D1E4856d5acb1761e879e37c5731,1,5,0d9f4920c19ddb3bd46b5213d9895f19720aa8e1b4f7d452e7e435d98118cf11,True
D:\PHD\بابل\2024\Research Reco\الجزء الثاني\Douban Reco\4 ايصال التوصيات بضمنها العقد\03_outputs\RECOMMENDATION_DELIVERY_TOP5_V1\payloads\community_14\user_781_community_14_v1_top5_payload.json,14,0xE7cc92dD390dF8B4c1095901A6c8AC7B9681858f,1,5,689cb665f7f2459466e391f5fa8f9e3a8590f4a2479f3c8917a2c601f5253e09,True
D:\PHD\بابل\2024\Research Reco\الجزء الثاني\Douban Reco\4 ايصال التوصيات بضمنها العقد\03_outputs\RECOMMENDATION_DELIVERY_TOP5_V1\payloads\community_14\user_786_community_14_v1_top5_payload.json,14,0xE77F6700cb68af0681C3374eB3bc7B8c890c3509,1,5,023ab31cb147ae65bbfeb404c769ecaa982493cb7813bc9bec999454c8bc35b3,True
D:\PHD\بابل\2024\Research Reco\الجزء الثاني\Douban Reco\4 ايصال التوصيات بضمنها العقد\03_outputs\RECOMMENDATION_DELIVERY_TOP5_V1\payloads\community_14\user_818_community_14_v1_top5_payload.json,14,0xf70C63d7d4b603690810673d90b4089310b0B73A,1,5,c45837dae2bca1f3399f6d4ff3c446b5a44cbf464dd2348f774d5d730294d63d,True
D:\PHD\بابل\2024\Research Reco\الجزء الثاني\Douban Reco\4 ايصال التوصيات بضمنها العقد\03_outputs\RECOMMENDATION_DELIVERY_TOP5_V1\payloads\community_14\user_855_community_14_v1_top5_payload.json,14,0xdaF363f994D7416246E9BA39bb10ca0396f94d28,1,5,6ad139ce9a6b73408d6711a252320006c232f72e20ebb6277415e4ac893c63f4,True
D:\PHD\بابل\2024\Research Reco\الجزء الثاني\Douban Reco\4 ايصال التوصيات بضمنها العقد\03_outputs\RECOMMENDATION_DELIVERY_TOP5_V1\payloads\community_14\user_857_community_14_v1_top5_payload.json,14,0xD1373c94d12A00832D17e5710E52335Cc3AB2D1f,1,5,9b506c2147cd550b246320509ea71a858d954dea4665793a0c0945ca65f32f50,True
D:\PHD\بابل\2024\Research Reco\الجزء الثاني\Douban Reco\4 ايصال التوصيات بضمنها العقد\03_outputs\RECOMMENDATION_DELIVERY_TOP5_V1\payloads\community_14\user_892_community_14_v1_top5_payload.json,14,0x38C3a1F65Ee1dfFa588af1875855A07b3332547f,1,5,65a81e43d94db3a05c677dff2e14748f77c9fea07be73709c1af0ec913984a9b,True
D:\PHD\بابل\2024\Research Reco\الجزء الثاني\Douban Reco\4 ايصال التوصيات بضمنها العقد\03_outputs\RECOMMENDATION_DELIVERY_TOP5_V1\payloads\community_14\user_920_community_14_v1_top5_payload.json,14,0x3dfa2eDE7111E242d9F24DEe3E9c42Cd684a3434,1,5,42b827769319990d9d20123db6388a6bf75942a7cc02f655f5653d0f74258140,True
D:\PHD\بابل\2024\Research Reco\الجزء الثاني\Douban Reco\4 ايصال التوصيات بضمنها العقد\03_outputs\RECOMMENDATION_DELIVERY_TOP5_V1\payloads\community_14\user_960_community_14_v1_top5_payload.json,14,0x0c3cBF5A2B6953172Cc86705cBE8144275dE1833,1,5,93f29d37b5eb613cbc1151a19efeffbc4db5ad3dec27cf96ef7791c55bafec5c,True
D:\PHD\بابل\2024\Research Reco\الجزء الثاني\Douban Reco\4 ايصال التوصيات بضمنها العقد\03_outputs\RECOMMENDATION_DELIVERY_TOP5_V1\payloads\community_14\user_967_community_14_v1_top5_payload.json,14,0x6e57b443542faDD5673D8Ef7514891BA72700190,1,5,69726037995e1b731373e5b25e8a8220d348ab09e7a925d457ced4f0efb74721,True
D:\PHD\بابل\2024\Research Reco\الجزء الثاني\Douban Reco\4 ايصال التوصيات بضمنها العقد\03_outputs\RECOMMENDATION_DELIVERY_TOP5_V1\payloads\community_14\user_993_community_14_v1_top5_payload.json,14,0xb1f7eEfB56903B483ee722ABCB8f385b3aBBd641,1,5,5e84262a78d2dbedb255480babff9b730eaf528dde5493402d67b470892a61de,True
D:\PHD\بابل\2024\Research Reco\الجزء الثاني\Douban Reco\4 ايصال التوصيات بضمنها العقد\03_outputs\RECOMMENDATION_DELIVERY_TOP5_V1\payloads\community_287\user_1050_community_287_v1_top5_payload.json,287,0xc7D08088de9399f59aE9Afd56B1C99bab4bdA43E,1,5,04d937d1d2f277c0002566d75c55d1429604abf69f80a8c736c6b6af36f2c8af,True
D:\PHD\بابل\2024\Research Reco\الجزء الثاني\Douban Reco\4 ايصال التوصيات بضمنها العقد\03_outputs\RECOMMENDATION_DELIVERY_TOP5_V1\payloads\community_287\user_108_community_287_v1_top5_payload.json,287,0x003e2f1683990DB38C194FbD8C011F6e58Eb534f,1,5,b7bc8ed83663224a99c3ece1ce3c56dd495224f21e3d2dbc253c26b87e9cb6be,True
D:\PHD\بابل\2024\Research Reco\الجزء الثاني\Douban Reco\4 ايصال التوصيات بضمنها العقد\03_outputs\RECOMMENDATION_DELIVERY_TOP5_V1\payloads\community_287\user_1113_community_287_v1_top5_payload.json,287,0x282f98Aa3B3a73688FD285dfB4a7CA4fd0983E57,1,5,428fea41e8a7e57d85c107854a725c6e16238dd7ca32b97b50854d575b89e4ec,True
D:\PHD\بابل\2024\Research Reco\الجزء الثاني\Douban Reco\4 ايصال التوصيات بضمنها العقد\03_outputs\RECOMMENDATION_DELIVERY_TOP5_V1\payloads\community_287\user_1161_community_287_v1_top5_payload.json,287,0x58781FD01428157A96cC0Cab9824832e768d623e,1,5,dd083d17a5398e3d3d17fa725082e6ab48f2413dd4468607267103463785e32a,True
D:\PHD\بابل\2024\Research Reco\الجزء الثاني\Douban Reco\4 ايصال التوصيات بضمنها العقد\03_outputs\RECOMMENDATION_DELIVERY_TOP5_V1\payloads\community_287\user_1191_community_287_v1_top5_payload.json,287,0x3DA23eaEf0E5d74B50284915Bce2C12dA8C0D72e,1,5,a29a484cc3ca065d5b43bdba8013dd9f841f7b5a61d09db9b4ff52c2966cbe47,True
D:\PHD\بابل\2024\Research Reco\الجزء الثاني\Douban Reco\4 ايصال التوصيات بضمنها العقد\03_outputs\RECOMMENDATION_DELIVERY_TOP5_V1\payloads\community_287\user_1244_community_287_v1_top5_payload.json,287,0xFefef1D3Ae81E0195cBfa7fCC6788eAD9a807B45,1,5,0433f47dc3fbcc24f06192ac4adaea5584aead0b8d078f6a14350ae77799f042,True
D:\PHD\بابل\2024\Research Reco\الجزء الثاني\Douban Reco\4 ايصال التوصيات بضمنها العقد\03_outputs\RECOMMENDATION_DELIVERY_TOP5_V1\payloads\community_287\user_1246_community_287_v1_top5_payload.json,287,0xe2281B037FECBD61110084d7844C8d8EB8AB915F,1,5,1ff2848b0078e0ff3885ca68ce79b360c2b689385de464204e72ce015e521b73,True
D:\PHD\بابل\2024\Research Reco\الجزء الثاني\Douban Reco\4 ايصال التوصيات بضمنها العقد\03_outputs\RECOMMENDATION_DELIVERY_TOP5_V1\payloads\community_287\user_1259_community_287_v1_top5_payload.json,287,0x1F43ce6a54338e325038342B391C301F0Cf65B3a,1,5,80759a36a1fc77fc1bdf76031ff0de355ce374b720d9201f6aa9b88ebd1160ec,True
D:\PHD\بابل\2024\Research Reco\الجزء الثاني\Douban Reco\4 ايصال التوصيات بضمنها العقد\03_outputs\RECOMMENDATION_DELIVERY_TOP5_V1\payloads\community_287\user_1270_community_287_v1_top5_payload.json,287,0xF36c9157f60f21E849EfD003172B70509099746f,1,5,745776d41e51355aacf94c48c4e667d1f68badb72bcbbd580d9aaa562a2d44b9,True
D:\PHD\بابل\2024\Research Reco\الجزء الثاني\Douban Reco\4 ايصال التوصيات بضمنها العقد\03_outputs\RECOMMENDATION_DELIVERY_TOP5_V1\payloads\community_287\user_1280_community_287_v1_top5_payload.json,287,0xf04a17AF0896A92593d65cD6bE131779c436D986,1,5,6f1d68114c1a561c08e5f814e614886eb36b33c09ed657c114d4ea048755a6b0,True
D:\PHD\بابل\2024\Research Reco\الجزء الثاني\Douban Reco\4 ايصال التوصيات بضمنها العقد\03_outputs\RECOMMENDATION_DELIVERY_TOP5_V1\payloads\community_287\user_1290_community_287_v1_top5_payload.json,287,0x542e40Db3DDec9ce434604bB3CAf3D8d73b6aca2,1,5,67f5e3c0d438de859ec58a8d61ae1e73318456fea6f60916233c8c3197e50af4,True
D:\PHD\بابل\2024\Research Reco\الجزء الثاني\Douban Reco\4 ايصال التوصيات بضمنها العقد\03_outputs\RECOMMENDATION_DELIVERY_TOP5_V1\payloads\community_287\user_1331_community_287_v1_top5_payload.json,287,0xb31731906fA37741a1A4b0Aa2d4F802046E69169,1,5,1facf26ceed1a9a33dc1bcfed0851b65946007349ed1e51dd2c0eedcb67ea74c,True
D:\PHD\بابل\2024\Research Reco\الجزء الثاني\Douban Reco\4 ايصال التوصيات بضمنها العقد\03_outputs\RECOMMENDATION_DELIVERY_TOP5_V1\payloads\community_287\user_1346_community_287_v1_top5_payload.json,287,0x6893113F3Dd8c9557eC5Bcf181F0253C105CD369,1,5,2e9270026e81165c75170553f1a7f8a0a1ad61572f3bf3b40e08649efa1e74c3,True
D:\PHD\بابل\2024\Research Reco\الجزء الثاني\Douban Reco\4 ايصال التوصيات بضمنها العقد\03_outputs\RECOMMENDATION_DELIVERY_TOP5_V1\payloads\community_287\user_1360_community_287_v1_top5_payload.json,287,0xec850Bc316Cd4685EBad18565b8E696124E887D4,1,5,2081a3aabfad7c0531ca0865248669131af6c353e96f3087464855c0048ee3b0,True
D:\PHD\بابل\2024\Research Reco\الجزء الثاني\Douban Reco\4 ايصال التوصيات بضمنها العقد\03_outputs\RECOMMENDATION_DELIVERY_TOP5_V1\payloads\community_287\user_1393_community_287_v1_top5_payload.json,287,0x951f11B739c10645724d8763abD2b49d07c23371,1,5,a9d2837684c5e700c46e44ede75a1db3d62e0d7f256472e3318a7a00135b7165,True
D:\PHD\بابل\2024\Research Reco\الجزء الثاني\Douban Reco\4 ايصال التوصيات بضمنها العقد\03_outputs\RECOMMENDATION_DELIVERY_TOP5_V1\payloads\community_287\user_1397_community_287_v1_top5_payload.json,287,0xE8246955407760Ab509c801735C88851dF780ee6,1,5,9aefa45b4061dd28446cc8c6edfe4da32580369d4583118fd7f03314beafe54a,True
D:\PHD\بابل\2024\Research Reco\الجزء الثاني\Douban Reco\4 ايصال التوصيات بضمنها العقد\03_outputs\RECOMMENDATION_DELIVERY_TOP5_V1\payloads\community_287\user_1428_community_287_v1_top5_payload.json,287,0xc7B5FC1c563a732f83D6f5e177C2acE014617cc4,1,5,6ad175badf83d44ba550bb9c71c534109dd7d261aca03b64bf4ae521b2933343,True
D:\PHD\بابل\2024\Research Reco\الجزء الثاني\Douban Reco\4 ايصال التوصيات بضمنها العقد\03_outputs\RECOMMENDATION_DELIVERY_TOP5_V1\payloads\community_287\user_1430_community_287_v1_top5_payload.json,287,0xbbd8f188E6f506ebb61193359737830F3c7EaE9D,1,5,e589bfd8a145ff3b73b29e75592ccb3e20b98e012671a507c523d4454376cfc2,True
D:\PHD\بابل\2024\Research Reco\الجزء الثاني\Douban Reco\4 ايصال التوصيات بضمنها العقد\03_outputs\RECOMMENDATION_DELIVERY_TOP5_V1\payloads\community_287\user_1503_community_287_v1_top5_payload.json,287,0xd5Cd5D32b67F767D3CB6FFf90BD1C49FA996392A,1,5,7bb0f678ea0518bf9b4e702a6090c6233c75c4726593efc14ac88035565571dd,True
D:\PHD\بابل\2024\Research Reco\الجزء الثاني\Douban Reco\4 ايصال التوصيات بضمنها العقد\03_outputs\RECOMMENDATION_DELIVERY_TOP5_V1\payloads\community_287\user_1514_community_287_v1_top5_payload.json,287,0xd08DB4A8b8449A4e1c2E2d25Ebb490a2518ffa14,1,5,122619c329108ecbfb3591d806ea9f34323a9b1b548de8cfdd29b0152f279c60,True
D:\PHD\بابل\2024\Research Reco\الجزء الثاني\Douban Reco\4 ايصال التوصيات بضمنها العقد\03_outputs\RECOMMENDATION_DELIVERY_TOP5_V1\payloads\community_287\user_1601_community_287_v1_top5_payload.json,287,0x17d0373cCa040eA5cBD043C339B2296A384C2984,1,5,a95a9dc5a67f1a335a5b1ece1bf6faa5b3a257508003da9bd952d2beb3584bbc,True
D:\PHD\بابل\2024\Research Reco\الجزء الثاني\Douban Reco\4 ايصال التوصيات بضمنها العقد\03_outputs\RECOMMENDATION_DELIVERY_TOP5_V1\payloads\community_287\user_1686_community_287_v1_top5_payload.json,287,0xBE10643582c406998bbD04464586Db6551FFf009,1,5,940f1e0424b0b93b8da6281ca5ab02985e81aec61821f9d512abe9ca5465840a,True
D:\PHD\بابل\2024\Research Reco\الجزء الثاني\Douban Reco\4 ايصال التوصيات بضمنها العقد\03_outputs\RECOMMENDATION_DELIVERY_TOP5_V1\payloads\community_287\user_1694_community_287_v1_top5_payload.json,287,0x12033087CB1b06d30699f82CF2F953E6af69073D,1,5,d9ab7b466cefd400d1d2db1e4f7283be993e24c79db486eb4924dbdbd8259f67,True
D:\PHD\بابل\2024\Research Reco\الجزء الثاني\Douban Reco\4 ايصال التوصيات بضمنها العقد\03_outputs\RECOMMENDATION_DELIVERY_TOP5_V1\payloads\community_287\user_1780_community_287_v1_top5_payload.json,287,0x0a0C46ce4Ed7b9bAcEcc2f6f991933b3CD072FC3,1,5,5204dad3f4a98a58eafcd5ca6e45d29144224eb0569be65b833af6efbda0dafe,True
D:\PHD\بابل\2024\Research Reco\الجزء الثاني\Douban Reco\4 ايصال التوصيات بضمنها العقد\03_outputs\RECOMMENDATION_DELIVERY_TOP5_V1\payloads\community_287\user_1792_community_287_v1_top5_payload.json,287,0xaDF456B8488a6226860ED3cF7D56f7Ac10869a99,1,5,3828f789dff083c431024692a519ff34ddeaa4a478ab3112f4f5fcbd6c278fd9,True
D:\PHD\بابل\2024\Research Reco\الجزء الثاني\Douban Reco\4 ايصال التوصيات بضمنها العقد\03_outputs\RECOMMENDATION_DELIVERY_TOP5_V1\payloads\community_287\user_1802_community_287_v1_top5_payload.json,287,0x1f2682DddeCBb5DcbFda8B7559Ae432A169a4000,1,5,17bf730e26449e23f177ee417c8aebd8f6a6e2d1f76ca93899e2d7c6e2d45635,True
D:\PHD\بابل\2024\Research Reco\الجزء الثاني\Douban Reco\4 ايصال التوصيات بضمنها العقد\03_outputs\RECOMMENDATION_DELIVERY_TOP5_V1\payloads\community_287\user_1818_community_287_v1_top5_payload.json,287,0x4900f31F0367e63e084d8A0C080A0E0a5C0FdFA0,1,5,c42249da7f49a29fcbe25c825ad4eae8acfa35e37e9bc758e439b6fa1b13d6ec,True
D:\PHD\بابل\2024\Research Reco\الجزء الثاني\Douban Reco\4 ايصال التوصيات بضمنها العقد\03_outputs\RECOMMENDATION_DELIVERY_TOP5_V1\payloads\community_287\user_1830_community_287_v1_top5_payload.json,287,0x465117475ee1718b86e66Cd962643ECECd956c34,1,5,bacf5a37bcf64d047fbec86779ccf4b67250bdf95ce243a3728b5e9ceb35fcbd,True
D:\PHD\بابل\2024\Research Reco\الجزء الثاني\Douban Reco\4 ايصال التوصيات بضمنها العقد\03_outputs\RECOMMENDATION_DELIVERY_TOP5_V1\payloads\community_287\user_184_community_287_v1_top5_payload.json,287,0xDd876203AC1FB3FeEf9b5Bc2d7b1dE4021A4d2E6,1,5,3909c169a5064e4c20d81db3f34009f69df21a3863e81f2a535d06b44fcc4c9e,True
D:\PHD\بابل\2024\Research Reco\الجزء الثاني\Douban Reco\4 ايصال التوصيات بضمنها العقد\03_outputs\RECOMMENDATION_DELIVERY_TOP5_V1\payloads\community_287\user_1860_community_287_v1_top5_payload.json,287,0x77d1F5E9D322C30E86856b5832D9C871bf89D514,1,5,8db11dca41d5606bcbcdaf5f701613b9d219f62884d9263a9e973813469cef70,True
D:\PHD\بابل\2024\Research Reco\الجزء الثاني\Douban Reco\4 ايصال التوصيات بضمنها العقد\03_outputs\RECOMMENDATION_DELIVERY_TOP5_V1\payloads\community_287\user_1907_community_287_v1_top5_payload.json,287,0xA6A7aAe98cC0DF4226e92DA10dc4c14ba30a0F6A,1,5,2fbb748930275f11a2264791bf4ce5907f5e948182eabebcf9df6a1f01b01c6a,True
D:\PHD\بابل\2024\Research Reco\الجزء الثاني\Douban Reco\4 ايصال التوصيات بضمنها العقد\03_outputs\RECOMMENDATION_DELIVERY_TOP5_V1\payloads\community_287\user_1924_community_287_v1_top5_payload.json,287,0x63235307DFA545c87c73b180C7c63ED9163cf8dC,1,5,bacf00c38ab12f896c75a876a2db66ac66ad5fe5ef6bd6692211cd5d09ba5930,True
D:\PHD\بابل\2024\Research Reco\الجزء الثاني\Douban Reco\4 ايصال التوصيات بضمنها العقد\03_outputs\RECOMMENDATION_DELIVERY_TOP5_V1\payloads\community_287\user_1939_community_287_v1_top5_payload.json,287,0xCB451698B097ac2a00cc52eE726cB5E9a5bF9932,1,5,b3f10e9a8cb560cc7932f8563950007df38e83339149e50176820ff1cfdb824d,True
D:\PHD\بابل\2024\Research Reco\الجزء الثاني\Douban Reco\4 ايصال التوصيات بضمنها العقد\03_outputs\RECOMMENDATION_DELIVERY_TOP5_V1\payloads\community_287\user_193_community_287_v1_top5_payload.json,287,0xd63EBfE15f9C434fB9877838567c493e5bfA716f,1,5,dbdaf5748d8292f9cf9d3f9f139196f21b9c636a0981394b28f8952882ac8a21,True
D:\PHD\بابل\2024\Research Reco\الجزء الثاني\Douban Reco\4 ايصال التوصيات بضمنها العقد\03_outputs\RECOMMENDATION_DELIVERY_TOP5_V1\payloads\community_287\user_1_community_287_v1_top5_payload.json,287,0xFA17D9fB2c192d677fAdDDBdBbc8f4Fdc58e6C4c,1,5,e958b707721f5854b02e39ce7bcf2602c2f3f5a71e6e0f5f43d9a64fbf9f74f4,True
D:\PHD\بابل\2024\Research Reco\الجزء الثاني\Douban Reco\4 ايصال التوصيات بضمنها العقد\03_outputs\RECOMMENDATION_DELIVERY_TOP5_V1\payloads\community_287\user_2011_community_287_v1_top5_payload.json,287,0x7bAc5cB7Db84A17DC35Dc8aF1ec6AA384184e7F4,1,5,dd75fc911f8befc8b6ed12378c7403db4072433614b7bceb974c8ef84342161d,True
D:\PHD\بابل\2024\Research Reco\الجزء الثاني\Douban Reco\4 ايصال التوصيات بضمنها العقد\03_outputs\RECOMMENDATION_DELIVERY_TOP5_V1\payloads\community_287\user_2024_community_287_v1_top5_payload.json,287,0x52c574C0d33A307aFf7E1f9c9075C67fcf459E77,1,5,751e92b49a1171a25729157fb4132854ade3f2864f780c8aa61f577c59cfaadc,True
D:\PHD\بابل\2024\Research Reco\الجزء الثاني\Douban Reco\4 ايصال التوصيات بضمنها العقد\03_outputs\RECOMMENDATION_DELIVERY_TOP5_V1\payloads\community_287\user_2032_community_287_v1_top5_payload.json,287,0x097F721Bd3E54CFB55340A36d9ba4093fb31BA73,1,5,b98df8c1b9fe945f1c1082530dc029a8b8317937a2b028b1079d26f9000ab79e,True
D:\PHD\بابل\2024\Research Reco\الجزء الثاني\Douban Reco\4 ايصال التوصيات بضمنها العقد\03_outputs\RECOMMENDATION_DELIVERY_TOP5_V1\payloads\community_287\user_2042_community_287_v1_top5_payload.json,287,0xcF128981ecc46757e565E2FBB5fa634F182A8d5E,1,5,670696694afe8e74670a85c6d6e0855d472b796829e5d4aa52329f4bf64cd9ee,True
D:\PHD\بابل\2024\Research Reco\الجزء الثاني\Douban Reco\4 ايصال التوصيات بضمنها العقد\03_outputs\RECOMMENDATION_DELIVERY_TOP5_V1\payloads\community_287\user_205_community_287_v1_top5_payload.json,287,0xB464b801Ce9bCe3e2f1F92eAED7677F4080d0fC7,1,5,5035b747a34844b215c5972f3672471de32ca3f114159553623340d7933041cf,True
D:\PHD\بابل\2024\Research Reco\الجزء الثاني\Douban Reco\4 ايصال التوصيات بضمنها العقد\03_outputs\RECOMMENDATION_DELIVERY_TOP5_V1\payloads\community_287\user_2069_community_287_v1_top5_payload.json,287,0xfF1C24717644A80F9971E73a38A8d281fc86f263,1,5,a6dcfe77444808558b697927fefd156e4f4cb7e9b3df9932c48fa3a0cf439759,True
D:\PHD\بابل\2024\Research Reco\الجزء الثاني\Douban Reco\4 ايصال التوصيات بضمنها العقد\03_outputs\RECOMMENDATION_DELIVERY_TOP5_V1\payloads\community_287\user_2079_community_287_v1_top5_payload.json,287,0x0F8779a75bba8718a3B898696D321cB4D1EC6200,1,5,c985ddad8fcc85f47c40f61a0e3f9632615feeab67cdda569ce177787f971a8c,True
D:\PHD\بابل\2024\Research Reco\الجزء الثاني\Douban Reco\4 ايصال التوصيات بضمنها العقد\03_outputs\RECOMMENDATION_DELIVERY_TOP5_V1\payloads\community_287\user_2097_community_287_v1_top5_payload.json,287,0x267DBa904f75d645B859c2e708E267276d30fc70,1,5,1f725f6be1e920ee7b46308155590dfe1495a06b76c3fd18ad29d0d39d373025,True
D:\PHD\بابل\2024\Research Reco\الجزء الثاني\Douban Reco\4 ايصال التوصيات بضمنها العقد\03_outputs\RECOMMENDATION_DELIVERY_TOP5_V1\payloads\community_287\user_2108_community_287_v1_top5_payload.json,287,0x59774D8EB14CBc8a3956DCA96443563B5EA62186,1,5,a5d0d1ae8709d60657b33fa771e111dde50b4b77768c400d21f2d7f72c2b3c7e,True
D:\PHD\بابل\2024\Research Reco\الجزء الثاني\Douban Reco\4 ايصال التوصيات بضمنها العقد\03_outputs\RECOMMENDATION_DELIVERY_TOP5_V1\payloads\community_287\user_212_community_287_v1_top5_payload.json,287,0x10214D02C8a14487298E6fc1E7461797dE1Cd2f2,1,5,22e48a8ddf1b4be2a394856ca4ead40ca75f87f1c51633694f928e1e635dfb3a,True
D:\PHD\بابل\2024\Research Reco\الجزء الثاني\Douban Reco\4 ايصال التوصيات بضمنها العقد\03_outputs\RECOMMENDATION_DELIVERY_TOP5_V1\payloads\community_287\user_2141_community_287_v1_top5_payload.json,287,0x574C9ae4CC511f550435E8Eb3827C13E2A1F481E,1,5,9e6f7621bf62e4efb1e4611cd3455c4186134579f3757926106f340c538626c8,True
D:\PHD\بابل\2024\Research Reco\الجزء الثاني\Douban Reco\4 ايصال التوصيات بضمنها العقد\03_outputs\RECOMMENDATION_DELIVERY_TOP5_V1\payloads\community_287\user_2143_community_287_v1_top5_payload.json,287,0xe757c5E4BeF6ef00852A396C20f05e2eE64769b4,1,5,03fbc8221be3e3353940e5b887be983df94df82b9485e13c1cfb686dc1d48393,True
D:\PHD\بابل\2024\Research Reco\الجزء الثاني\Douban Reco\4 ايصال التوصيات بضمنها العقد\03_outputs\RECOMMENDATION_DELIVERY_TOP5_V1\payloads\community_287\user_2192_community_287_v1_top5_payload.json,287,0xB8CD88263A60fb31A0FAC3485B02E01701260980,1,5,65069a8837fb3a2579a05187dac3920f44a268e25a04df19c5c2057e54f80949,True
D:\PHD\بابل\2024\Research Reco\الجزء الثاني\Douban Reco\4 ايصال التوصيات بضمنها العقد\03_outputs\RECOMMENDATION_DELIVERY_TOP5_V1\payloads\community_287\user_2210_community_287_v1_top5_payload.json,287,0xa033FB892a6f805b8D232c4ADd0D0EF526E37480,1,5,85eebd45b556ed2ac7be56e662721be673ef73dbcd81cbd1115285915ac8d8cc,True
D:\PHD\بابل\2024\Research Reco\الجزء الثاني\Douban Reco\4 ايصال التوصيات بضمنها العقد\03_outputs\RECOMMENDATION_DELIVERY_TOP5_V1\payloads\community_287\user_2211_community_287_v1_top5_payload.json,287,0x77c1f18e53417722D8Cf8725641b6B8C1d97Ee64,1,5,cc4cfa845f406a82386851cd98606bf141dd85dce56f76da9d2dfe9c60325003,True
D:\PHD\بابل\2024\Research Reco\الجزء الثاني\Douban Reco\4 ايصال التوصيات بضمنها العقد\03_outputs\RECOMMENDATION_DELIVERY_TOP5_V1\payloads\community_287\user_2215_community_287_v1_top5_payload.json,287,0x91cFD263A2934ef529cbF507319dFC2ce94f3A9f,1,5,eb2dc236c37127a5dd58d9e273455a969e350b0984993dfbff85723d14bdf685,True
D:\PHD\بابل\2024\Research Reco\الجزء الثاني\Douban Reco\4 ايصال التوصيات بضمنها العقد\03_outputs\RECOMMENDATION_DELIVERY_TOP5_V1\payloads\community_287\user_226_community_287_v1_top5_payload.json,287,0x4cf955843305a47A249B5E67181e13dcA7889b4F,1,5,4b544bf42c9972415a45e1c4dc16b5c40a94e1f48a68194ec3db3c0c277fbd76,True
D:\PHD\بابل\2024\Research Reco\الجزء الثاني\Douban Reco\4 ايصال التوصيات بضمنها العقد\03_outputs\RECOMMENDATION_DELIVERY_TOP5_V1\payloads\community_287\user_2273_community_287_v1_top5_payload.json,287,0x76Bab73AeaE3ab00EB892Bd2c56974332C4FDE21,1,5,989866cd9910f6868e740a9e775d1579fc10b6546a56c7cef20a9fa8a4cbdadf,True
D:\PHD\بابل\2024\Research Reco\الجزء الثاني\Douban Reco\4 ايصال التوصيات بضمنها العقد\03_outputs\RECOMMENDATION_DELIVERY_TOP5_V1\payloads\community_287\user_2300_community_287_v1_top5_payload.json,287,0x9AD6C785b852d1D9AbE1128D68f7150e2d3fdDef,1,5,ad2908d37aa6e13353590f03011fe30fa346d497a7390c308e0b247730da2622,True
D:\PHD\بابل\2024\Research Reco\الجزء الثاني\Douban Reco\4 ايصال التوصيات بضمنها العقد\03_outputs\RECOMMENDATION_DELIVERY_TOP5_V1\payloads\community_287\user_2305_community_287_v1_top5_payload.json,287,0xd5B26BBae38bE968A8c8CB015217556E30F81aEE,1,5,e27667f4806147400fde8e32fa781845f5bf5bc7b5655c56bb5dc63c57af608a,True
D:\PHD\بابل\2024\Research Reco\الجزء الثاني\Douban Reco\4 ايصال التوصيات بضمنها العقد\03_outputs\RECOMMENDATION_DELIVERY_TOP5_V1\payloads\community_287\user_2349_community_287_v1_top5_payload.json,287,0x54440555d71a2B9b96b03c71672aA3D7E83D61dC,1,5,51b965b4f0107282fcb2051199889f7afe516bfdc0cf455fd69650a5387dc603,True
D:\PHD\بابل\2024\Research Reco\الجزء الثاني\Douban Reco\4 ايصال التوصيات بضمنها العقد\03_outputs\RECOMMENDATION_DELIVERY_TOP5_V1\payloads\community_287\user_2377_community_287_v1_top5_payload.json,287,0x4883C30077F458BbCd796a275cd05Bc17E415821,1,5,f17102efc7fe985eb73151264b4c00ccd85229bd6909cd8048735eae1b7ec501,True
D:\PHD\بابل\2024\Research Reco\الجزء الثاني\Douban Reco\4 ايصال التوصيات بضمنها العقد\03_outputs\RECOMMENDATION_DELIVERY_TOP5_V1\payloads\community_287\user_2456_community_287_v1_top5_payload.json,287,0xcE0013152d1ddfDF2782af9Cb26F949732536053,1,5,d639c714ef116d4f7e5eb7d3487c33e56013519bc2d42a178eb6e601749f66b5,True
D:\PHD\بابل\2024\Research Reco\الجزء الثاني\Douban Reco\4 ايصال التوصيات بضمنها العقد\03_outputs\RECOMMENDATION_DELIVERY_TOP5_V1\payloads\community_287\user_2460_community_287_v1_top5_payload.json,287,0x202B5844918556cf80187f52Ec40daebB6306c42,1,5,6ce32d7114dc0830bd57ff3ff24db01bf04c8eec4a7c5a9e2982b9419ac72ca9,True
D:\PHD\بابل\2024\Research Reco\الجزء الثاني\Douban Reco\4 ايصال التوصيات بضمنها العقد\03_outputs\RECOMMENDATION_DELIVERY_TOP5_V1\payloads\community_287\user_2482_community_287_v1_top5_payload.json,287,0xDc7A6974a9Ff2C36C70F2629ff86B3B397A6DE75,1,5,86e30bf99f4385633f195783da89524d390b9cc380cbe8bc2b3495243c77aaca,True
D:\PHD\بابل\2024\Research Reco\الجزء الثاني\Douban Reco\4 ايصال التوصيات بضمنها العقد\03_outputs\RECOMMENDATION_DELIVERY_TOP5_V1\payloads\community_287\user_2493_community_287_v1_top5_payload.json,287,0xb70B66132aD23a2aa8961984DC2be2d7bef505C3,1,5,5934c38544ee6e4df37628f99da4495bdc4fd8a7ad1ed6b360bb21d9889a52d6,True
D:\PHD\بابل\2024\Research Reco\الجزء الثاني\Douban Reco\4 ايصال التوصيات بضمنها العقد\03_outputs\RECOMMENDATION_DELIVERY_TOP5_V1\payloads\community_287\user_2525_community_287_v1_top5_payload.json,287,0x2eF5fa4B3eBF787bD422A06476f2999B5f904127,1,5,74ca6e319114957658a1d572d8f488f29885a446d7ff34444c2d3788ae7aedf5,True
D:\PHD\بابل\2024\Research Reco\الجزء الثاني\Douban Reco\4 ايصال التوصيات بضمنها العقد\03_outputs\RECOMMENDATION_DELIVERY_TOP5_V1\payloads\community_287\user_2543_community_287_v1_top5_payload.json,287,0xAFccC1B5c14207CdE501316BD1029654E3B7ffc7,1,5,3c7cb0e94f8345565f05f94e996b4bbfb80dadb14576fbe5b1e96bdf65c2ac4f,True
D:\PHD\بابل\2024\Research Reco\الجزء الثاني\Douban Reco\4 ايصال التوصيات بضمنها العقد\03_outputs\RECOMMENDATION_DELIVERY_TOP5_V1\payloads\community_287\user_255_community_287_v1_top5_payload.json,287,0xF98d473DF35f48CE3b649b4DC280a32993eE09Df,1,5,64a641c7fb7c658a85c45cb8302719f40cdada5b316b1a55d1d71e5f1f2db560,True
D:\PHD\بابل\2024\Research Reco\الجزء الثاني\Douban Reco\4 ايصال التوصيات بضمنها العقد\03_outputs\RECOMMENDATION_DELIVERY_TOP5_V1\payloads\community_287\user_2573_community_287_v1_top5_payload.json,287,0xA63Ed447D3014E55B21900777042a13f5f79eB75,1,5,e62941c2257c620350e2b9cb768aace6622c6db0011cf238f9d95d47b4a12f82,True
D:\PHD\بابل\2024\Research Reco\الجزء الثاني\Douban Reco\4 ايصال التوصيات بضمنها العقد\03_outputs\RECOMMENDATION_DELIVERY_TOP5_V1\payloads\community_287\user_2579_community_287_v1_top5_payload.json,287,0x2715b0bBA5e51a2d3Dd701d4A7C1F93F7A364583,1,5,bc6c080443fdb41afcdeeaa0b4d47204e44ac026915b94187b4359c9c8aaef69,True
D:\PHD\بابل\2024\Research Reco\الجزء الثاني\Douban Reco\4 ايصال التوصيات بضمنها العقد\03_outputs\RECOMMENDATION_DELIVERY_TOP5_V1\payloads\community_287\user_2589_community_287_v1_top5_payload.json,287,0x7d29F39F4ef65bf5fEEAeAE47fC5f13F278f0Aa2,1,5,e614e73b913b4de030a796fa727ba66c89dff0ed8b9c7b31b7417778eac23bc2,True
D:\PHD\بابل\2024\Research Reco\الجزء الثاني\Douban Reco\4 ايصال التوصيات بضمنها العقد\03_outputs\RECOMMENDATION_DELIVERY_TOP5_V1\payloads\community_287\user_2603_community_287_v1_top5_payload.json,287,0xC37b21Ab651fb91A7aa2D87AAC88dBd02e58c549,1,5,1187cc759fb2b812a734b3d38be5db65b2ec7eb8ebd8f6830b657afa7f43147b,True
D:\PHD\بابل\2024\Research Reco\الجزء الثاني\Douban Reco\4 ايصال التوصيات بضمنها العقد\03_outputs\RECOMMENDATION_DELIVERY_TOP5_V1\payloads\community_287\user_2613_community_287_v1_top5_payload.json,287,0xDa1F48c78B785474D45E033d6f554AA486Ca278c,1,5,0f4489b0bb12372ec371c0eafb25c80e6b1a0757c0aefd2cc50aefa5ad7417a9,True
D:\PHD\بابل\2024\Research Reco\الجزء الثاني\Douban Reco\4 ايصال التوصيات بضمنها العقد\03_outputs\RECOMMENDATION_DELIVERY_TOP5_V1\payloads\community_287\user_2619_community_287_v1_top5_payload.json,287,0x4F8D94881146De268dE07BF6647762cFCD09C504,1,5,6d443e630434a115ce2463de4516a204db9a642ccca379be94cfebdb615d287b,True
D:\PHD\بابل\2024\Research Reco\الجزء الثاني\Douban Reco\4 ايصال التوصيات بضمنها العقد\03_outputs\RECOMMENDATION_DELIVERY_TOP5_V1\payloads\community_287\user_2633_community_287_v1_top5_payload.json,287,0xe456DA25D27ceae83fD3c027d5E78d26909D4553,1,5,f66f82bc61394d2af41ab41af1e815982f4efe90db1c3279b0ba28f102bf1c5f,True
D:\PHD\بابل\2024\Research Reco\الجزء الثاني\Douban Reco\4 ايصال التوصيات بضمنها العقد\03_outputs\RECOMMENDATION_DELIVERY_TOP5_V1\payloads\community_287\user_2646_community_287_v1_top5_payload.json,287,0x405825618202933FcDFe6101790FD32F826f8DD9,1,5,b9b269e342a30a0911d393f4ed1fa7804dc61d0868063edac21493dfee5f8852,True
D:\PHD\بابل\2024\Research Reco\الجزء الثاني\Douban Reco\4 ايصال التوصيات بضمنها العقد\03_outputs\RECOMMENDATION_DELIVERY_TOP5_V1\payloads\community_287\user_2650_community_287_v1_top5_payload.json,287,0xe893FA7512AFdBb7B391DF0DecceD3BB02473C0d,1,5,ed9c11f9f8a3dd11bb2a7abb7fadd5735f1de0531fc551fc4bdb49c17d6e4130,True
D:\PHD\بابل\2024\Research Reco\الجزء الثاني\Douban Reco\4 ايصال التوصيات بضمنها العقد\03_outputs\RECOMMENDATION_DELIVERY_TOP5_V1\payloads\community_287\user_2694_community_287_v1_top5_payload.json,287,0xb60749863Baa498A3654b914d941C5C2c04781d1,1,5,7907b0f98fa1c579a60b4a2e1e8e1cf7fd6fa6932bb7cd5ccc3d079692d30e98,True
D:\PHD\بابل\2024\Research Reco\الجزء الثاني\Douban Reco\4 ايصال التوصيات بضمنها العقد\03_outputs\RECOMMENDATION_DELIVERY_TOP5_V1\payloads\community_287\user_2700_community_287_v1_top5_payload.json,287,0x8D495267F1bD9a702C6Fc2b0De66d5A1F018D0e4,1,5,8501b8e5e85e4280f016cf82660a71960d646ea58b26c935e0fd60cc8902adf6,True
D:\PHD\بابل\2024\Research Reco\الجزء الثاني\Douban Reco\4 ايصال التوصيات بضمنها العقد\03_outputs\RECOMMENDATION_DELIVERY_TOP5_V1\payloads\community_287\user_2734_community_287_v1_top5_payload.json,287,0xF245695752D26ff43a7AD0B54E7A8B3E859CAEdd,1,5,eeaf6bd9bb5e64b6315a508f5e0700b58f7f37a3f4f75af8e2bce964e0f5f53d,True
D:\PHD\بابل\2024\Research Reco\الجزء الثاني\Douban Reco\4 ايصال التوصيات بضمنها العقد\03_outputs\RECOMMENDATION_DELIVERY_TOP5_V1\payloads\community_287\user_2739_community_287_v1_top5_payload.json,287,0xC455A7421ede4023a0171F9E3E43fD2bc9B9B0Ab,1,5,76576f8bd26e4b861946a0bf357798455b5b87cfae57e78ec95b67c6ed8151ad,True
D:\PHD\بابل\2024\Research Reco\الجزء الثاني\Douban Reco\4 ايصال التوصيات بضمنها العقد\03_outputs\RECOMMENDATION_DELIVERY_TOP5_V1\payloads\community_287\user_2744_community_287_v1_top5_payload.json,287,0xEdfDeF5DE5D8afF559d5c0b4A64d2Bfa76f01734,1,5,f868926e7daf8574afa9f4463bfac86f2fe344d7274a081a7f1615a8f149ac28,True
D:\PHD\بابل\2024\Research Reco\الجزء الثاني\Douban Reco\4 ايصال التوصيات بضمنها العقد\03_outputs\RECOMMENDATION_DELIVERY_TOP5_V1\payloads\community_287\user_2764_community_287_v1_top5_payload.json,287,0x9BE1396A9444a908eA00BA9111584Bf17bb705C4,1,5,7a27e991281aa436490530d60bf24d9e3093e0ae43ffabcbf5fe2baa2fbe4b27,True
D:\PHD\بابل\2024\Research Reco\الجزء الثاني\Douban Reco\4 ايصال التوصيات بضمنها العقد\03_outputs\RECOMMENDATION_DELIVERY_TOP5_V1\payloads\community_287\user_2802_community_287_v1_top5_payload.json,287,0x76F17254dEb995F0F16Dd4AB400ACcF928c6e370,1,5,f8b9f6c833420672222d883bf3274f010c2ab6036034fed37271175de550cbf7,True
D:\PHD\بابل\2024\Research Reco\الجزء الثاني\Douban Reco\4 ايصال التوصيات بضمنها العقد\03_outputs\RECOMMENDATION_DELIVERY_TOP5_V1\payloads\community_287\user_2808_community_287_v1_top5_payload.json,287,0xBfE3f42F2512e7fe339bED12f7632232C51a044f,1,5,8545ee3db523fee596772b457d005d5c1c297d6b6f464f3f3b8b63a4bd73837a,True
D:\PHD\بابل\2024\Research Reco\الجزء الثاني\Douban Reco\4 ايصال التوصيات بضمنها العقد\03_outputs\RECOMMENDATION_DELIVERY_TOP5_V1\payloads\community_287\user_2813_community_287_v1_top5_payload.json,287,0x945d573e88dF3a52DB8c9d2d5dfA80e9A9423161,1,5,78f2d958d97db533829a8d64ddde513e895f5c0b7a9658d1acd4a158719382ba,True
D:\PHD\بابل\2024\Research Reco\الجزء الثاني\Douban Reco\4 ايصال التوصيات بضمنها العقد\03_outputs\RECOMMENDATION_DELIVERY_TOP5_V1\payloads\community_287\user_2876_community_287_v1_top5_payload.json,287,0xf06C6Daf4F4ec4C1E28D9Ca104BDb7a1Ff9eFF57,1,5,e2b02f5c4c1389038ed97f38a6d1afe677864203dc1dafb81fbf95686098116f,True
D:\PHD\بابل\2024\Research Reco\الجزء الثاني\Douban Reco\4 ايصال التوصيات بضمنها العقد\03_outputs\RECOMMENDATION_DELIVERY_TOP5_V1\payloads\community_287\user_2895_community_287_v1_top5_payload.json,287,0xBD076127C06D66Dcf6AE07437c7F8b39c2E5E4eB,1,5,7cc72838227975cca96e918e208e80504f1f9b222299be4a0c754ab85cc2d42c,True
D:\PHD\بابل\2024\Research Reco\الجزء الثاني\Douban Reco\4 ايصال التوصيات بضمنها العقد\03_outputs\RECOMMENDATION_DELIVERY_TOP5_V1\payloads\community_287\user_2911_community_287_v1_top5_payload.json,287,0x83a77a6cE16E3A54Bb2D83219A8f526c6AeAfb60,1,5,370970746b1960260f3ae625dc233c086aa8f9014c1fd1577741a8c96fc90552,True
D:\PHD\بابل\2024\Research Reco\الجزء الثاني\Douban Reco\4 ايصال التوصيات بضمنها العقد\03_outputs\RECOMMENDATION_DELIVERY_TOP5_V1\payloads\community_287\user_2931_community_287_v1_top5_payload.json,287,0xDb3a44e5a49dbA9DD2F729d4EE10Fd322a8aC17F,1,5,096e5ecbe7bc593f9a3d03ba7e1fc006291457b45b6bfd0bd30908b0b8db6e29,True
D:\PHD\بابل\2024\Research Reco\الجزء الثاني\Douban Reco\4 ايصال التوصيات بضمنها العقد\03_outputs\RECOMMENDATION_DELIVERY_TOP5_V1\payloads\community_287\user_294_community_287_v1_top5_payload.json,287,0x436e3CDc40f95aDBdf2dC57387188E0655cD2279,1,5,2aa0be13b7eef3bd170c1c40ca97b1230e448de54fa3907f79e5a0459036ea8a,True
D:\PHD\بابل\2024\Research Reco\الجزء الثاني\Douban Reco\4 ايصال التوصيات بضمنها العقد\03_outputs\RECOMMENDATION_DELIVERY_TOP5_V1\payloads\community_287\user_2970_community_287_v1_top5_payload.json,287,0xFE5C48fc063c1e014fb32939d5cA133e1D39DD1b,1,5,d000db8f540afcb0fcacb61e8f3cee1004e98a8a727a227419f41f0b1ecb0470,True
D:\PHD\بابل\2024\Research Reco\الجزء الثاني\Douban Reco\4 ايصال التوصيات بضمنها العقد\03_outputs\RECOMMENDATION_DELIVERY_TOP5_V1\payloads\community_287\user_297_community_287_v1_top5_payload.json,287,0x1932207Fd419E99813C41d421377Dd111D7771e1,1,5,74ee5b96bca2a432f505560cc1b51d1bc525439bdeee4bc371affb3eff2e12f1,True
D:\PHD\بابل\2024\Research Reco\الجزء الثاني\Douban Reco\4 ايصال التوصيات بضمنها العقد\03_outputs\RECOMMENDATION_DELIVERY_TOP5_V1\payloads\community_287\user_2986_community_287_v1_top5_payload.json,287,0xc48f22026E7410984600D23Ec3200f5F949831FA,1,5,dd67ea9367be7fbcb8bf870c8ffb8dbf558e9bdc8475070365346b0ae42f42a5,True
D:\PHD\بابل\2024\Research Reco\الجزء الثاني\Douban Reco\4 ايصال التوصيات بضمنها العقد\03_outputs\RECOMMENDATION_DELIVERY_TOP5_V1\payloads\community_287\user_334_community_287_v1_top5_payload.json,287,0x34527625789d645AFE2d9C8a13f86B45D5e92E7d,1,5,0aeb55daca33d2ee3e0dfa39433a9f25ec74eec67f4f3101c8798e58ad558aaa,True
D:\PHD\بابل\2024\Research Reco\الجزء الثاني\Douban Reco\4 ايصال التوصيات بضمنها العقد\03_outputs\RECOMMENDATION_DELIVERY_TOP5_V1\payloads\community_287\user_335_community_287_v1_top5_payload.json,287,0x8402aF5D0626C1fbe95a7901aABe334801B06C72,1,5,489ac91ee609d868b978bd82f56a677bf20dd1d5219a2dd7a6f6b8ffabb57431,True
D:\PHD\بابل\2024\Research Reco\الجزء الثاني\Douban Reco\4 ايصال التوصيات بضمنها العقد\03_outputs\RECOMMENDATION_DELIVERY_TOP5_V1\payloads\community_287\user_337_community_287_v1_top5_payload.json,287,0x1580026DE2fCfDf2Eb42b55B178bf81771e67F99,1,5,fd0b85d221046561f7f860150ae608640084b8c6470387f2fd95540f652b6769,True
D:\PHD\بابل\2024\Research Reco\الجزء الثاني\Douban Reco\4 ايصال التوصيات بضمنها العقد\03_outputs\RECOMMENDATION_DELIVERY_TOP5_V1\payloads\community_287\user_378_community_287_v1_top5_payload.json,287,0xf1667a0c3907c5Ce4b53E38490E1Db2A4357D9d4,1,5,a7130a1992d5da6f76c997806089052a6e3c11194aec227da214141bf9e0dece,True
D:\PHD\بابل\2024\Research Reco\الجزء الثاني\Douban Reco\4 ايصال التوصيات بضمنها العقد\03_outputs\RECOMMENDATION_DELIVERY_TOP5_V1\payloads\community_287\user_383_community_287_v1_top5_payload.json,287,0x86dDb9c804fa2B9C84D6947E093D9d1B9B1C7768,1,5,1018313648f906b2fdb3c0ac630f9f884c5aeb3d623da10f839aa9e4627e7c39,True
D:\PHD\بابل\2024\Research Reco\الجزء الثاني\Douban Reco\4 ايصال التوصيات بضمنها العقد\03_outputs\RECOMMENDATION_DELIVERY_TOP5_V1\payloads\community_287\user_441_community_287_v1_top5_payload.json,287,0x6AB8C8E422A56A2ccdd0e25850c16A5c48Bf3522,1,5,ca73b116e33b99052eed61ecbec0bbbc436bd11cea1e8a40d6a47f8c8ea8344b,True
D:\PHD\بابل\2024\Research Reco\الجزء الثاني\Douban Reco\4 ايصال التوصيات بضمنها العقد\03_outputs\RECOMMENDATION_DELIVERY_TOP5_V1\payloads\community_287\user_446_community_287_v1_top5_payload.json,287,0x3C3B358C4Cf741a653E56dec31026eD17bAa425a,1,5,2c74bdc49761fac55e55b239de377ea8b9c2c723948e126596e2b2f7a3c61154,True
D:\PHD\بابل\2024\Research Reco\الجزء الثاني\Douban Reco\4 ايصال التوصيات بضمنها العقد\03_outputs\RECOMMENDATION_DELIVERY_TOP5_V1\payloads\community_287\user_461_community_287_v1_top5_payload.json,287,0x8663aAe1b8EA6F7E01C71528674D92DDcC6F87f4,1,5,5b837ab6632a5d5870f0a5d385960080ff9fc0cadf02eccd11505b32e5ac6939,True
D:\PHD\بابل\2024\Research Reco\الجزء الثاني\Douban Reco\4 ايصال التوصيات بضمنها العقد\03_outputs\RECOMMENDATION_DELIVERY_TOP5_V1\payloads\community_287\user_507_community_287_v1_top5_payload.json,287,0xe67c6b061FfeFbEC1d4b29b6c8BbC2C7B69beA5C,1,5,ac50c1d51f57c1eadc686114ed868f001c77e834c92690fbc3d1f6a373778c16,True
D:\PHD\بابل\2024\Research Reco\الجزء الثاني\Douban Reco\4 ايصال التوصيات بضمنها العقد\03_outputs\RECOMMENDATION_DELIVERY_TOP5_V1\payloads\community_287\user_509_community_287_v1_top5_payload.json,287,0x47A0a248e2156179FDbBe0504713872F44319Ba7,1,5,d83d24fe8a6deca1ae85506ebc1444dae458c9ed200752c1caf8bc1ee6f488cd,True
D:\PHD\بابل\2024\Research Reco\الجزء الثاني\Douban Reco\4 ايصال التوصيات بضمنها العقد\03_outputs\RECOMMENDATION_DELIVERY_TOP5_V1\payloads\community_287\user_520_community_287_v1_top5_payload.json,287,0x77bF6d85Be463bbEEE47F6cEb1cbd320FEBdc335,1,5,c0a431769b2c9ebfeb03df6da9e505db216a989fd304640bee9bf71303064f3c,True
D:\PHD\بابل\2024\Research Reco\الجزء الثاني\Douban Reco\4 ايصال التوصيات بضمنها العقد\03_outputs\RECOMMENDATION_DELIVERY_TOP5_V1\payloads\community_287\user_56_community_287_v1_top5_payload.json,287,0x0D017de5bC4344090Ef947706b68f2C583669445,1,5,c779e36e0b9ec9ea40a2bc9674fa4d846a9d0ab0d030af1372fe372b16e65032,True
D:\PHD\بابل\2024\Research Reco\الجزء الثاني\Douban Reco\4 ايصال التوصيات بضمنها العقد\03_outputs\RECOMMENDATION_DELIVERY_TOP5_V1\payloads\community_287\user_592_community_287_v1_top5_payload.json,287,0x9627de86D6E66DdfD1e9Db207460e30134Bac2D9,1,5,151e03d70d51629853d3585b97c1cb9fa328723b122f795056ad1493f6c80d54,True
D:\PHD\بابل\2024\Research Reco\الجزء الثاني\Douban Reco\4 ايصال التوصيات بضمنها العقد\03_outputs\RECOMMENDATION_DELIVERY_TOP5_V1\payloads\community_287\user_650_community_287_v1_top5_payload.json,287,0x504682c31Af690E3e00c2F529842a3eadB2719a8,1,5,0b462732d5cf4ddb7aef9c2d277910d8bc15ed3c3e1f2a058cec74d38601b2e3,True
D:\PHD\بابل\2024\Research Reco\الجزء الثاني\Douban Reco\4 ايصال التوصيات بضمنها العقد\03_outputs\RECOMMENDATION_DELIVERY_TOP5_V1\payloads\community_287\user_717_community_287_v1_top5_payload.json,287,0x7bDFB6Cb0Ff23a50e9357BF60c056D734d612486,1,5,508319384c430b55934c93e11d143915b74781e398c95116b2036dd45066f10f,True
D:\PHD\بابل\2024\Research Reco\الجزء الثاني\Douban Reco\4 ايصال التوصيات بضمنها العقد\03_outputs\RECOMMENDATION_DELIVERY_TOP5_V1\payloads\community_287\user_724_community_287_v1_top5_payload.json,287,0x11f8cE50A3Cc51c19807186a1D8a90185c16D62F,1,5,3add837ed107d095e866c1ccce0ef6d6f7236654b6dad719ff43889e0d2d1a76,True
D:\PHD\بابل\2024\Research Reco\الجزء الثاني\Douban Reco\4 ايصال التوصيات بضمنها العقد\03_outputs\RECOMMENDATION_DELIVERY_TOP5_V1\payloads\community_287\user_727_community_287_v1_top5_payload.json,287,0x9797D2325e93440F8de9AeA10A9bcf9ef8FF8d72,1,5,244b5622fee509e223755263697f6ce7ef6c542bb5a64691f4289340efc27add,True
D:\PHD\بابل\2024\Research Reco\الجزء الثاني\Douban Reco\4 ايصال التوصيات بضمنها العقد\03_outputs\RECOMMENDATION_DELIVERY_TOP5_V1\payloads\community_287\user_74_community_287_v1_top5_payload.json,287,0x8cbfC5037337d6338BC5B11A55E58C896f17294b,1,5,58b093a96ad39f7b120d3410377864bfa7ef910590744c6f29ff62e658546dc3,True
D:\PHD\بابل\2024\Research Reco\الجزء الثاني\Douban Reco\4 ايصال التوصيات بضمنها العقد\03_outputs\RECOMMENDATION_DELIVERY_TOP5_V1\payloads\community_287\user_757_community_287_v1_top5_payload.json,287,0x1FA706E047DF96B96ca038338F8aeDe549E673F7,1,5,d0f820c2d26e468efc6c28779a7664e22736dee2647f8efd5a2bf4a488c679aa,True
D:\PHD\بابل\2024\Research Reco\الجزء الثاني\Douban Reco\4 ايصال التوصيات بضمنها العقد\03_outputs\RECOMMENDATION_DELIVERY_TOP5_V1\payloads\community_287\user_759_community_287_v1_top5_payload.json,287,0x8478e6c6E19f3d08b61Bd73c07f17307EF51beF8,1,5,ca1e4d5ce2ed831ed492b001e7b4df60e28552084f000f0bafe9764750ee0ecd,True
D:\PHD\بابل\2024\Research Reco\الجزء الثاني\Douban Reco\4 ايصال التوصيات بضمنها العقد\03_outputs\RECOMMENDATION_DELIVERY_TOP5_V1\payloads\community_287\user_824_community_287_v1_top5_payload.json,287,0xedeF80770D06C3042BCd37eB07C24448534ea00e,1,5,2acd0ebcaf30558a479929721c0675baac9ab117cc6f8dbe6c50cd6d6b53c933,True
D:\PHD\بابل\2024\Research Reco\الجزء الثاني\Douban Reco\4 ايصال التوصيات بضمنها العقد\03_outputs\RECOMMENDATION_DELIVERY_TOP5_V1\payloads\community_287\user_84_community_287_v1_top5_payload.json,287,0xA4c383C30F697AFAf6a56B58B8fb3528EB1358bB,1,5,e2b6137a80df1fffbff79831bd9b0948cfd2d473f5bd035a1edbdf0ce54c8e0a,True
D:\PHD\بابل\2024\Research Reco\الجزء الثاني\Douban Reco\4 ايصال التوصيات بضمنها العقد\03_outputs\RECOMMENDATION_DELIVERY_TOP5_V1\payloads\community_287\user_870_community_287_v1_top5_payload.json,287,0x348691fE2a80710c10Ccf41818f42D232765149d,1,5,063f66b10c10f32fcff02d543ac7e401fc30197e69c9e3cf0f6a6b59458a9f88,True
D:\PHD\بابل\2024\Research Reco\الجزء الثاني\Douban Reco\4 ايصال التوصيات بضمنها العقد\03_outputs\RECOMMENDATION_DELIVERY_TOP5_V1\payloads\community_287\user_875_community_287_v1_top5_payload.json,287,0x1acD2DfCFcd054BcDb4600355C2c717396069Fa1,1,5,73c158addf5aeab20ab0d63d3d0e0720494dd14dd3055c293b714be07fc713e8,True
D:\PHD\بابل\2024\Research Reco\الجزء الثاني\Douban Reco\4 ايصال التوصيات بضمنها العقد\03_outputs\RECOMMENDATION_DELIVERY_TOP5_V1\payloads\community_287\user_888_community_287_v1_top5_payload.json,287,0x64d94429d0Ef0E941CA4E4a78C05F0E514F2d5E7,1,5,50168659e82b68c9fe83aabac4572ad5856b4c49fd19e2572d5f8228c9c2bea2,True
D:\PHD\بابل\2024\Research Reco\الجزء الثاني\Douban Reco\4 ايصال التوصيات بضمنها العقد\03_outputs\RECOMMENDATION_DELIVERY_TOP5_V1\payloads\community_287\user_899_community_287_v1_top5_payload.json,287,0x79ca3cA7B3Cdf6742CeC5784ca30cEe5dE8b94b7,1,5,e84d436b5b60068de89896a96557890f0fcf6858c50d96ead1f02b8695169593,True
D:\PHD\بابل\2024\Research Reco\الجزء الثاني\Douban Reco\4 ايصال التوصيات بضمنها العقد\03_outputs\RECOMMENDATION_DELIVERY_TOP5_V1\payloads\community_287\user_954_community_287_v1_top5_payload.json,287,0xEf8b73Ec1Ccdf5B9D94153BBa3B598d1Bb81f72a,1,5,aeb3f23a3fe89da0838fda769da1a8d604bc4a10becf2e8b7fc52b48e50a3deb,True
D:\PHD\بابل\2024\Research Reco\الجزء الثاني\Douban Reco\4 ايصال التوصيات بضمنها العقد\03_outputs\RECOMMENDATION_DELIVERY_TOP5_V1\payloads\community_287\user_9_community_287_v1_top5_payload.json,287,0xB7c452539Fdd21120F4EbE4f74d642897E968Ffb,1,5,5d1535b51feb6e45c1c3ef3ed38e438fec5158cbaed2dc8c52b089843e124b03,True
D:\PHD\بابل\2024\Research Reco\الجزء الثاني\Douban Reco\4 ايصال التوصيات بضمنها العقد\03_outputs\RECOMMENDATION_DELIVERY_TOP5_V1\payloads\community_8\user_1035_community_8_v1_top5_payload.json,8,0x2d99081B8A8b8b6b431778d555cD3d4E4B6B0caB,1,5,5e3770702146a8833781d80eab079fa74ac940a4b947acf3dbec0df8fbc65af5,True
D:\PHD\بابل\2024\Research Reco\الجزء الثاني\Douban Reco\4 ايصال التوصيات بضمنها العقد\03_outputs\RECOMMENDATION_DELIVERY_TOP5_V1\payloads\community_8\user_105_community_8_v1_top5_payload.json,8,0x5AEd1102D75a352B120c37D8d695A348788ed44B,1,5,c1fc9ad77687dd712c33f8418dd22e1aa0abb3c088afe2f2abbc6b94389faae8,True
D:\PHD\بابل\2024\Research Reco\الجزء الثاني\Douban Reco\4 ايصال التوصيات بضمنها العقد\03_outputs\RECOMMENDATION_DELIVERY_TOP5_V1\payloads\community_8\user_1077_community_8_v1_top5_payload.json,8,0x4fb6f82dd75FF9C10c5414e8a5025C191C9eefBd,1,5,ea429e688664bcc75942ea79ca0443ab713d09d907a2dfa5d3e9b8947d673e94,True
D:\PHD\بابل\2024\Research Reco\الجزء الثاني\Douban Reco\4 ايصال التوصيات بضمنها العقد\03_outputs\RECOMMENDATION_DELIVERY_TOP5_V1\payloads\community_8\user_1142_community_8_v1_top5_payload.json,8,0x8BD0EDce1eAC567e041DcE0879Ab333FCc9E9761,1,5,ae1d33000b4c10106a2a25b28cbe7aec69dff1a7894e85398194b800f7bef527,True
D:\PHD\بابل\2024\Research Reco\الجزء الثاني\Douban Reco\4 ايصال التوصيات بضمنها العقد\03_outputs\RECOMMENDATION_DELIVERY_TOP5_V1\payloads\community_8\user_1148_community_8_v1_top5_payload.json,8,0xDa7553edF8eBb4d6293c6e7a8E2E0C6088E64beC,1,5,03fa55b622d1b6dc7296d3ceee64c1424559e560246de2bcb433e687d962528b,True
D:\PHD\بابل\2024\Research Reco\الجزء الثاني\Douban Reco\4 ايصال التوصيات بضمنها العقد\03_outputs\RECOMMENDATION_DELIVERY_TOP5_V1\payloads\community_8\user_1159_community_8_v1_top5_payload.json,8,0xBf6b9bb23163241c95c9126826e1D4164d7cF70A,1,5,3a9c4d05d8a0595926f730f1af46f82e40300193688f4cf6e5815943585e046c,True
D:\PHD\بابل\2024\Research Reco\الجزء الثاني\Douban Reco\4 ايصال التوصيات بضمنها العقد\03_outputs\RECOMMENDATION_DELIVERY_TOP5_V1\payloads\community_8\user_1169_community_8_v1_top5_payload.json,8,0xB135cB90e21F12A75C1BCA3664b8BBB9Dd09be74,1,5,9eee261d2403608f0f8cdb7728585943934207502788366623ef85aa1d8e3cf0,True
D:\PHD\بابل\2024\Research Reco\الجزء الثاني\Douban Reco\4 ايصال التوصيات بضمنها العقد\03_outputs\RECOMMENDATION_DELIVERY_TOP5_V1\payloads\community_8\user_1174_community_8_v1_top5_payload.json,8,0x5471905A8cAEbD4694E819efb071FF3e39fB61d8,1,5,3d0a571e72406582061557b639cb26326057bf8936b0c8a12d3ed4b92894e078,True
D:\PHD\بابل\2024\Research Reco\الجزء الثاني\Douban Reco\4 ايصال التوصيات بضمنها العقد\03_outputs\RECOMMENDATION_DELIVERY_TOP5_V1\payloads\community_8\user_1194_community_8_v1_top5_payload.json,8,0x6FB8E4591bd1ef4D526284f5950b306222B3d3Eb,1,5,f2a615f6f179771b89619e677936eadb34ca2659f374678041a3861b404ee53d,True
D:\PHD\بابل\2024\Research Reco\الجزء الثاني\Douban Reco\4 ايصال التوصيات بضمنها العقد\03_outputs\RECOMMENDATION_DELIVERY_TOP5_V1\payloads\community_8\user_124_community_8_v1_top5_payload.json,8,0x8462c1EE0B031cDe7A78782F533A6d014E051C79,1,5,382aad802d16fbeda5946be5dd1ad5675661fa01e5dd877896b7d13d9084190f,True
D:\PHD\بابل\2024\Research Reco\الجزء الثاني\Douban Reco\4 ايصال التوصيات بضمنها العقد\03_outputs\RECOMMENDATION_DELIVERY_TOP5_V1\payloads\community_8\user_1265_community_8_v1_top5_payload.json,8,0xFE8E153E9aD0BcBb6117f075826fDEb2b52fe9eC,1,5,8edf8dc60530d490b884a8b2ba68212907494ea2237701f3e261eca94892a4dd,True
D:\PHD\بابل\2024\Research Reco\الجزء الثاني\Douban Reco\4 ايصال التوصيات بضمنها العقد\03_outputs\RECOMMENDATION_DELIVERY_TOP5_V1\payloads\community_8\user_1296_community_8_v1_top5_payload.json,8,0x8922D8459F4335536dCFdAa44180d731B6c04C5C,1,5,e620923c75c620bbb11241bdc79afac179e255350fb9f54d34cea1a912aeb171,True
D:\PHD\بابل\2024\Research Reco\الجزء الثاني\Douban Reco\4 ايصال التوصيات بضمنها العقد\03_outputs\RECOMMENDATION_DELIVERY_TOP5_V1\payloads\community_8\user_1324_community_8_v1_top5_payload.json,8,0x5e36F05235E0eaC87bF0cee6CD5AE66fcA287A61,1,5,7182dacdfda6c5e294397c1562c640594e65a0d81a154db4da011e5b5dbb3bc7,True
D:\PHD\بابل\2024\Research Reco\الجزء الثاني\Douban Reco\4 ايصال التوصيات بضمنها العقد\03_outputs\RECOMMENDATION_DELIVERY_TOP5_V1\payloads\community_8\user_1337_community_8_v1_top5_payload.json,8,0xe6326F09757d68E6C5020b216972Cb130C48fd24,1,5,3d011d6014377643a42881616f2dec67c80a051f4872adef43ad344d12f98ef0,True
D:\PHD\بابل\2024\Research Reco\الجزء الثاني\Douban Reco\4 ايصال التوصيات بضمنها العقد\03_outputs\RECOMMENDATION_DELIVERY_TOP5_V1\payloads\community_8\user_1342_community_8_v1_top5_payload.json,8,0x677F3723b3c6B8DCDf071aC48cDF0171F3fF2718,1,5,318d3e5b54a627868857ea56636a6a8cc8ab8b31ffff7a41302e94df8bde0ef8,True
D:\PHD\بابل\2024\Research Reco\الجزء الثاني\Douban Reco\4 ايصال التوصيات بضمنها العقد\03_outputs\RECOMMENDATION_DELIVERY_TOP5_V1\payloads\community_8\user_1352_community_8_v1_top5_payload.json,8,0x5F80D505c66A6D7E618F1BdDe5478ea017a7880B,1,5,8561318a9c756f512e2fcc50edea8db397a38ead8ca105e550f28b9fd54c0415,True
D:\PHD\بابل\2024\Research Reco\الجزء الثاني\Douban Reco\4 ايصال التوصيات بضمنها العقد\03_outputs\RECOMMENDATION_DELIVERY_TOP5_V1\payloads\community_8\user_1391_community_8_v1_top5_payload.json,8,0xE6E21c34f6C176f3E67221689f39a0d3a10E376a,1,5,be72453845afa6f9ba69816d8207e71a36c1b7b7b1a83761bf38da345e253f7b,True
D:\PHD\بابل\2024\Research Reco\الجزء الثاني\Douban Reco\4 ايصال التوصيات بضمنها العقد\03_outputs\RECOMMENDATION_DELIVERY_TOP5_V1\payloads\community_8\user_13_community_8_v1_top5_payload.json,8,0xdA6a4AB9edB3fF50fE8D1C3A53BE622617b590F0,1,5,743f4404ad19d9f005ad2c647f62c5441fde0d00e3d3dc70e0ec8573fa538109,True
D:\PHD\بابل\2024\Research Reco\الجزء الثاني\Douban Reco\4 ايصال التوصيات بضمنها العقد\03_outputs\RECOMMENDATION_DELIVERY_TOP5_V1\payloads\community_8\user_1406_community_8_v1_top5_payload.json,8,0x302052FF22d63A10caf6E06fd2315Cc4Cb58A580,1,5,d8cc9ea8ea3715ce18ee651d95474d5e2f1188939e0113025b2fc0f3c7c2c26e,True
D:\PHD\بابل\2024\Research Reco\الجزء الثاني\Douban Reco\4 ايصال التوصيات بضمنها العقد\03_outputs\RECOMMENDATION_DELIVERY_TOP5_V1\payloads\community_8\user_1435_community_8_v1_top5_payload.json,8,0xC0cec0bbA85dcB0A7aBe3C30A95f9c6Dc114d34E,1,5,aad176a459028ff3d10f6a1319e2c257805e95e36eb6011581d0b0bc966df0e3,True
D:\PHD\بابل\2024\Research Reco\الجزء الثاني\Douban Reco\4 ايصال التوصيات بضمنها العقد\03_outputs\RECOMMENDATION_DELIVERY_TOP5_V1\payloads\community_8\user_1454_community_8_v1_top5_payload.json,8,0x7a2999E8357c658F83Afb9bEFa44E5769B6F30C6,1,5,f83b2334bac608b1fba0cbd6e67d8fdcc1582c5c70f0fa042d02902c6f09cb19,True
D:\PHD\بابل\2024\Research Reco\الجزء الثاني\Douban Reco\4 ايصال التوصيات بضمنها العقد\03_outputs\RECOMMENDATION_DELIVERY_TOP5_V1\payloads\community_8\user_1478_community_8_v1_top5_payload.json,8,0xd3de494313524Ae4af4030be6471833a11b9db7f,1,5,885c538dcb31b678752d27d5e15058f0f651d3a256f8ad0226c2e56d38b9e218,True
D:\PHD\بابل\2024\Research Reco\الجزء الثاني\Douban Reco\4 ايصال التوصيات بضمنها العقد\03_outputs\RECOMMENDATION_DELIVERY_TOP5_V1\payloads\community_8\user_1538_community_8_v1_top5_payload.json,8,0xf004C45339a175ED0394102D2091c37cF417DFdd,1,5,b5d5f3651175635ba4a20ff12cb5e5d7e72e7fb28504554464c84d1c759b3d8d,True
D:\PHD\بابل\2024\Research Reco\الجزء الثاني\Douban Reco\4 ايصال التوصيات بضمنها العقد\03_outputs\RECOMMENDATION_DELIVERY_TOP5_V1\payloads\community_8\user_1553_community_8_v1_top5_payload.json,8,0xbD744B7b51F00ef1eDA571Abff9155b595d2a4EC,1,5,235dc847b607165f6d3805da907335c33bdac0cc6844528fdd59fe625df4366a,True
D:\PHD\بابل\2024\Research Reco\الجزء الثاني\Douban Reco\4 ايصال التوصيات بضمنها العقد\03_outputs\RECOMMENDATION_DELIVERY_TOP5_V1\payloads\community_8\user_1563_community_8_v1_top5_payload.json,8,0x1272a2d8c20fc89524E885F0BaE163C43B8409e9,1,5,da2c1dcf4a329c9bf758bdb868f67ce5afdb2d0532396e7f4a297ed6f5820503,True
D:\PHD\بابل\2024\Research Reco\الجزء الثاني\Douban Reco\4 ايصال التوصيات بضمنها العقد\03_outputs\RECOMMENDATION_DELIVERY_TOP5_V1\payloads\community_8\user_1602_community_8_v1_top5_payload.json,8,0x538b76F1309E16E6B556488b38b13E88457f1764,1,5,6e1aac509ce70fe7efbbe979d161bee64e574fcd639f629113dc210a43c15d40,True
D:\PHD\بابل\2024\Research Reco\الجزء الثاني\Douban Reco\4 ايصال التوصيات بضمنها العقد\03_outputs\RECOMMENDATION_DELIVERY_TOP5_V1\payloads\community_8\user_1620_community_8_v1_top5_payload.json,8,0x922e1EF56170E44cD716952D5E33dE2b6C27967f,1,5,a3657ee0dd04b8fe5a1bf37ac044b6ec78df9e70464f02926933be0bdcaea7ea,True
D:\PHD\بابل\2024\Research Reco\الجزء الثاني\Douban Reco\4 ايصال التوصيات بضمنها العقد\03_outputs\RECOMMENDATION_DELIVERY_TOP5_V1\payloads\community_8\user_1682_community_8_v1_top5_payload.json,8,0x4eAE172154d9845eDbdE79c49Ddd9D81197F2Ec4,1,5,14054f85f083b63e0c3b7261c0121301996d945e6f2a056bae9f65dc77bc8b9a,True
D:\PHD\بابل\2024\Research Reco\الجزء الثاني\Douban Reco\4 ايصال التوصيات بضمنها العقد\03_outputs\RECOMMENDATION_DELIVERY_TOP5_V1\payloads\community_8\user_1706_community_8_v1_top5_payload.json,8,0x6307Aef0fc5CB392E908655d2929Ae7E7B4E7798,1,5,4d440d260b0dffdecb7cd2f1431edae475813dc565d5b87d4a61690c23328963,True
D:\PHD\بابل\2024\Research Reco\الجزء الثاني\Douban Reco\4 ايصال التوصيات بضمنها العقد\03_outputs\RECOMMENDATION_DELIVERY_TOP5_V1\payloads\community_8\user_172_community_8_v1_top5_payload.json,8,0x5932ac1E302667aCE42D412030220AfA25F8ED8B,1,5,fd31a8951e06f4809893683c7baa5f1bce9716bb4b6a53b376ff713b27c5a12a,True
D:\PHD\بابل\2024\Research Reco\الجزء الثاني\Douban Reco\4 ايصال التوصيات بضمنها العقد\03_outputs\RECOMMENDATION_DELIVERY_TOP5_V1\payloads\community_8\user_1741_community_8_v1_top5_payload.json,8,0x6ACF186d86615c86143834087A1d1D0e49574d94,1,5,7503d02efc2f440b24888def4a4569f3c5f96be046a6dc3f8f051c910626163d,True
D:\PHD\بابل\2024\Research Reco\الجزء الثاني\Douban Reco\4 ايصال التوصيات بضمنها العقد\03_outputs\RECOMMENDATION_DELIVERY_TOP5_V1\payloads\community_8\user_1748_community_8_v1_top5_payload.json,8,0x6BD9a6f08a84754BcFC9e56137cc84C7C41a5A9d,1,5,ff8a85e816a0d3f8da82560a35caf776ba94a5d798849363762bbc4f55846388,True
D:\PHD\بابل\2024\Research Reco\الجزء الثاني\Douban Reco\4 ايصال التوصيات بضمنها العقد\03_outputs\RECOMMENDATION_DELIVERY_TOP5_V1\payloads\community_8\user_1758_community_8_v1_top5_payload.json,8,0x8C0eb6F507Fe6e9e499a68254158A6E34827d0E9,1,5,ce3d046a0897fe394d194afef73a910f7e816b86ee7955a101a82599a9e089d5,True
D:\PHD\بابل\2024\Research Reco\الجزء الثاني\Douban Reco\4 ايصال التوصيات بضمنها العقد\03_outputs\RECOMMENDATION_DELIVERY_TOP5_V1\payloads\community_8\user_1767_community_8_v1_top5_payload.json,8,0x0868e54Abf12E8c4f62B6690F477a1c31233827a,1,5,5033a30c72762723320d4644a9e874c4193431d293d8952cd581ccc0069bb0b5,True
D:\PHD\بابل\2024\Research Reco\الجزء الثاني\Douban Reco\4 ايصال التوصيات بضمنها العقد\03_outputs\RECOMMENDATION_DELIVERY_TOP5_V1\payloads\community_8\user_1789_community_8_v1_top5_payload.json,8,0x608ec85c8dF43d75434B1D315cf269c7ab85a333,1,5,19f636c88eeb113046dc89ca604be314f3ff83d981dd78a86c7437891a4bf1c6,True
D:\PHD\بابل\2024\Research Reco\الجزء الثاني\Douban Reco\4 ايصال التوصيات بضمنها العقد\03_outputs\RECOMMENDATION_DELIVERY_TOP5_V1\payloads\community_8\user_1832_community_8_v1_top5_payload.json,8,0x6eC531efbcD118dA37974A878E42f4f3Ed104D45,1,5,bdf8534ef5e7943b23cde3e0f4e84415e4e8e23e9795e45720187877259cea48,True
D:\PHD\بابل\2024\Research Reco\الجزء الثاني\Douban Reco\4 ايصال التوصيات بضمنها العقد\03_outputs\RECOMMENDATION_DELIVERY_TOP5_V1\payloads\community_8\user_1835_community_8_v1_top5_payload.json,8,0xE92254aBEfC842771Ed8C6d2a272D7ea2040BFDB,1,5,2260f15053b221331dd6d0e08d14de5f952275b69e2c9782b8874008e7abe89d,True
D:\PHD\بابل\2024\Research Reco\الجزء الثاني\Douban Reco\4 ايصال التوصيات بضمنها العقد\03_outputs\RECOMMENDATION_DELIVERY_TOP5_V1\payloads\community_8\user_1928_community_8_v1_top5_payload.json,8,0x5c8958337BDff56E8EFc8fC97372e3174cc8408D,1,5,7130c517423f112e807e283ce389c34688407d86a681c7667cc11b279db4c859,True
D:\PHD\بابل\2024\Research Reco\الجزء الثاني\Douban Reco\4 ايصال التوصيات بضمنها العقد\03_outputs\RECOMMENDATION_DELIVERY_TOP5_V1\payloads\community_8\user_1931_community_8_v1_top5_payload.json,8,0xD113fbf2aFA3E99db70d928382cccD33eB25b89f,1,5,7e341a0b539e60c636c318ae690368eab57ea9e79f67198ded230b4804eda881,True
D:\PHD\بابل\2024\Research Reco\الجزء الثاني\Douban Reco\4 ايصال التوصيات بضمنها العقد\03_outputs\RECOMMENDATION_DELIVERY_TOP5_V1\payloads\community_8\user_1951_community_8_v1_top5_payload.json,8,0x45d6519729fFAE63D8153F578702D63D2aDF7C10,1,5,2e0cfa4d233dc63c3e726440e31d0f8aa944df2ac4609df13d436bc2a3131c72,True
D:\PHD\بابل\2024\Research Reco\الجزء الثاني\Douban Reco\4 ايصال التوصيات بضمنها العقد\03_outputs\RECOMMENDATION_DELIVERY_TOP5_V1\payloads\community_8\user_1983_community_8_v1_top5_payload.json,8,0xd904Ca5F27f59D6C5CcBE723c07469e7D55d05Bb,1,5,ac42fd9df14c7a20f9b467cc8c5a1af6576a3bdbf1a71e017901238bdb7ed9ca,True
D:\PHD\بابل\2024\Research Reco\الجزء الثاني\Douban Reco\4 ايصال التوصيات بضمنها العقد\03_outputs\RECOMMENDATION_DELIVERY_TOP5_V1\payloads\community_8\user_2048_community_8_v1_top5_payload.json,8,0xa37BECfe926f51472F2860b97E48f69eDd6e6f0C,1,5,789575937450fb1554278199b361ff88d5a66940a21587fd53826aed5b80cd6d,True
D:\PHD\بابل\2024\Research Reco\الجزء الثاني\Douban Reco\4 ايصال التوصيات بضمنها العقد\03_outputs\RECOMMENDATION_DELIVERY_TOP5_V1\payloads\community_8\user_2054_community_8_v1_top5_payload.json,8,0x2da2cf1e2C7C25Feb8114a4e4357AC6c58536Bc2,1,5,f35740d4ebdb8cbc219d1bea6b7d8c68ffbcececb4cb9cba56fad1ea46091a37,True
D:\PHD\بابل\2024\Research Reco\الجزء الثاني\Douban Reco\4 ايصال التوصيات بضمنها العقد\03_outputs\RECOMMENDATION_DELIVERY_TOP5_V1\payloads\community_8\user_2066_community_8_v1_top5_payload.json,8,0x19e87420eb9695a829c449708d01ddFDf6Ce47c5,1,5,f8176fafeaf585d54b1cb33eebf6e8e6b1d15e8d51479df963ac44517c2d3f4a,True
D:\PHD\بابل\2024\Research Reco\الجزء الثاني\Douban Reco\4 ايصال التوصيات بضمنها العقد\03_outputs\RECOMMENDATION_DELIVERY_TOP5_V1\payloads\community_8\user_2118_community_8_v1_top5_payload.json,8,0xA395c3101cBB61b0b1Cae33828F4cf29fB1B0ca9,1,5,9036741824dae281e3798447adbd76dbe4723c1182125ac0337c15b78d425474,True
D:\PHD\بابل\2024\Research Reco\الجزء الثاني\Douban Reco\4 ايصال التوصيات بضمنها العقد\03_outputs\RECOMMENDATION_DELIVERY_TOP5_V1\payloads\community_8\user_2121_community_8_v1_top5_payload.json,8,0x9993CfD9b3457eAb0b8100882c970a6e741B9F67,1,5,fd94cce826f9285d5d6575db0660e80b6147f5abb9870060ff81169f0dba875b,True
D:\PHD\بابل\2024\Research Reco\الجزء الثاني\Douban Reco\4 ايصال التوصيات بضمنها العقد\03_outputs\RECOMMENDATION_DELIVERY_TOP5_V1\payloads\community_8\user_2131_community_8_v1_top5_payload.json,8,0x70aE2910B1abe0872D2a732b4fDe574E8f590A0B,1,5,4721b608b0bd100b41d4c626f8a45c8d88002d099b4f8d88234b7f7133d29889,True
D:\PHD\بابل\2024\Research Reco\الجزء الثاني\Douban Reco\4 ايصال التوصيات بضمنها العقد\03_outputs\RECOMMENDATION_DELIVERY_TOP5_V1\payloads\community_8\user_2173_community_8_v1_top5_payload.json,8,0x772CfcCCeb7751e60008990059F5B774F958Ad08,1,5,54fbddbce1c731c43d63cd85bd2e1bea47709d67a5d18bd950e2f90f4d0219a7,True
D:\PHD\بابل\2024\Research Reco\الجزء الثاني\Douban Reco\4 ايصال التوصيات بضمنها العقد\03_outputs\RECOMMENDATION_DELIVERY_TOP5_V1\payloads\community_8\user_2181_community_8_v1_top5_payload.json,8,0x47CBcD1C2dc06d1Fe7354b62Ff19137E18d7159C,1,5,642de157120b1f4a39170f691d0115ff36ea029da72b41407e36aa59bc86c435,True
D:\PHD\بابل\2024\Research Reco\الجزء الثاني\Douban Reco\4 ايصال التوصيات بضمنها العقد\03_outputs\RECOMMENDATION_DELIVERY_TOP5_V1\payloads\community_8\user_2196_community_8_v1_top5_payload.json,8,0xF8E6081D951d7D1aFE7B0D0B69D7aa5afa0D5bb2,1,5,f20880c962e8968278d953c2b58d653d1ad3fa067f240e6d999f8e44f70b24bd,True
D:\PHD\بابل\2024\Research Reco\الجزء الثاني\Douban Reco\4 ايصال التوصيات بضمنها العقد\03_outputs\RECOMMENDATION_DELIVERY_TOP5_V1\payloads\community_8\user_2222_community_8_v1_top5_payload.json,8,0x33F58FBd28684E536d562E30427F053B9883F265,1,5,000e1a6607a288facf5ab6124ad7c03c6e62c6c01b53f38b82b4b79da84f858e,True
D:\PHD\بابل\2024\Research Reco\الجزء الثاني\Douban Reco\4 ايصال التوصيات بضمنها العقد\03_outputs\RECOMMENDATION_DELIVERY_TOP5_V1\payloads\community_8\user_2235_community_8_v1_top5_payload.json,8,0xCEf090e3C03A3aF9666508D967Cd0d4C12eCC5fd,1,5,6315095ea5119061395c60ac5f57d4672f2273bfad6d2bda9a4cc1df6e83e42f,True
D:\PHD\بابل\2024\Research Reco\الجزء الثاني\Douban Reco\4 ايصال التوصيات بضمنها العقد\03_outputs\RECOMMENDATION_DELIVERY_TOP5_V1\payloads\community_8\user_22_community_8_v1_top5_payload.json,8,0xd08f680834063095f90EebAcF3a63FB53C5c6163,1,5,e81d61fc7d672356240dacce286c4f16d9d4039e9820bb35e6f09523ab98bc55,True
D:\PHD\بابل\2024\Research Reco\الجزء الثاني\Douban Reco\4 ايصال التوصيات بضمنها العقد\03_outputs\RECOMMENDATION_DELIVERY_TOP5_V1\payloads\community_8\user_2307_community_8_v1_top5_payload.json,8,0xB899eDaDaAE075cCec4a762c21A8fB0b3EA73824,1,5,208ed073700825b3ea3b5984c7f925f83efb7937b29f28e6adb61c3e39d64910,True
D:\PHD\بابل\2024\Research Reco\الجزء الثاني\Douban Reco\4 ايصال التوصيات بضمنها العقد\03_outputs\RECOMMENDATION_DELIVERY_TOP5_V1\payloads\community_8\user_2319_community_8_v1_top5_payload.json,8,0x98167546ae5dd8223808Dca348f24e0062Cb97dE,1,5,7669e287b9988731f350245d6ac121344abeb24f0b8bef9170076b7f6fce4ae8,True
D:\PHD\بابل\2024\Research Reco\الجزء الثاني\Douban Reco\4 ايصال التوصيات بضمنها العقد\03_outputs\RECOMMENDATION_DELIVERY_TOP5_V1\payloads\community_8\user_2322_community_8_v1_top5_payload.json,8,0x37Ab8F3FB0929247cbd3bBe6094d073BBE23fDA5,1,5,107fdd7f487ab4c886ed1d7af7b814432c64accfcbbc0766319055b32bf4a4ba,True
D:\PHD\بابل\2024\Research Reco\الجزء الثاني\Douban Reco\4 ايصال التوصيات بضمنها العقد\03_outputs\RECOMMENDATION_DELIVERY_TOP5_V1\payloads\community_8\user_2345_community_8_v1_top5_payload.json,8,0xD3B46734450149D3AC3BA57277AA798840238a70,1,5,4e41371c13292df245d18bb06794af5125101e577a48a510eeb289911a74fff1,True
D:\PHD\بابل\2024\Research Reco\الجزء الثاني\Douban Reco\4 ايصال التوصيات بضمنها العقد\03_outputs\RECOMMENDATION_DELIVERY_TOP5_V1\payloads\community_8\user_237_community_8_v1_top5_payload.json,8,0xAd037845d652937390B269d4b3b05a2bf6Ce6Cd7,1,5,8f5cc99b48cb58ec42613b48c9b18030ac4d7ed8f5583cc2303524e6610ccc03,True
D:\PHD\بابل\2024\Research Reco\الجزء الثاني\Douban Reco\4 ايصال التوصيات بضمنها العقد\03_outputs\RECOMMENDATION_DELIVERY_TOP5_V1\payloads\community_8\user_2387_community_8_v1_top5_payload.json,8,0x012DeC22A5CAe75F9c76724822b22cEcB3a487C0,1,5,2b664fbb04aca38843ee53f00025a4973a2ae4f7997a3a1d2f237c48a71150f4,True
D:\PHD\بابل\2024\Research Reco\الجزء الثاني\Douban Reco\4 ايصال التوصيات بضمنها العقد\03_outputs\RECOMMENDATION_DELIVERY_TOP5_V1\payloads\community_8\user_2408_community_8_v1_top5_payload.json,8,0x2Ab3Ec46aEB456A049DD92D38ce7A99F735A285c,1,5,0ca8f7d5193a59cb66c19a9cc3b7413a661b3c1fb0c2ac41a4ff29d10531c11c,True
D:\PHD\بابل\2024\Research Reco\الجزء الثاني\Douban Reco\4 ايصال التوصيات بضمنها العقد\03_outputs\RECOMMENDATION_DELIVERY_TOP5_V1\payloads\community_8\user_2458_community_8_v1_top5_payload.json,8,0xbaD73a83DBC1846Ff4d7c44fA16c900A38dc4639,1,5,87df33475be233a169101351fcfc55c0e2bda5accc09c42845aab8bd8e442c7c,True
D:\PHD\بابل\2024\Research Reco\الجزء الثاني\Douban Reco\4 ايصال التوصيات بضمنها العقد\03_outputs\RECOMMENDATION_DELIVERY_TOP5_V1\payloads\community_8\user_2497_community_8_v1_top5_payload.json,8,0xB9a97aA79D46f9776b2dB3d8e71a48B4B41aE363,1,5,1b9d5334e0fbdac56880e2febd386f9865ea52f97e4131b5e45ceffe28c4e0fd,True
D:\PHD\بابل\2024\Research Reco\الجزء الثاني\Douban Reco\4 ايصال التوصيات بضمنها العقد\03_outputs\RECOMMENDATION_DELIVERY_TOP5_V1\payloads\community_8\user_2513_community_8_v1_top5_payload.json,8,0x5a3190B559a76f895f365155Cf63Ef9079B02471,1,5,4e4b92100a2b08a395e8ebecd3840186843bdaad8be28b28f28c26ded96fe92c,True
D:\PHD\بابل\2024\Research Reco\الجزء الثاني\Douban Reco\4 ايصال التوصيات بضمنها العقد\03_outputs\RECOMMENDATION_DELIVERY_TOP5_V1\payloads\community_8\user_2516_community_8_v1_top5_payload.json,8,0x099E2057594250634f574a3E198410FcF779579f,1,5,85264002a285147c9c5555de1be8db366062b127a223d91779dfdb6e6b20690e,True
D:\PHD\بابل\2024\Research Reco\الجزء الثاني\Douban Reco\4 ايصال التوصيات بضمنها العقد\03_outputs\RECOMMENDATION_DELIVERY_TOP5_V1\payloads\community_8\user_2567_community_8_v1_top5_payload.json,8,0x360D46760467E6B76C3b59899f20A783eDE46FcF,1,5,283dc74592f6da6bedd4217eac5e2310f4494070ba3bc303db943db4402ceffd,True
D:\PHD\بابل\2024\Research Reco\الجزء الثاني\Douban Reco\4 ايصال التوصيات بضمنها العقد\03_outputs\RECOMMENDATION_DELIVERY_TOP5_V1\payloads\community_8\user_2630_community_8_v1_top5_payload.json,8,0x385C9e52e1027E5bB337e99B0dBd8b52e5817d98,1,5,827074e8a0d279f1337ea0121383634c5be44684947a11aa39af5e62c25e6831,True
D:\PHD\بابل\2024\Research Reco\الجزء الثاني\Douban Reco\4 ايصال التوصيات بضمنها العقد\03_outputs\RECOMMENDATION_DELIVERY_TOP5_V1\payloads\community_8\user_2666_community_8_v1_top5_payload.json,8,0x0d205214Fb79E83032BDd5e8f6f0E336F079bde0,1,5,b671d92648ddf6f39268eed7cdbeaec4937c76373683ccaa8ffdd1769defe03a,True
D:\PHD\بابل\2024\Research Reco\الجزء الثاني\Douban Reco\4 ايصال التوصيات بضمنها العقد\03_outputs\RECOMMENDATION_DELIVERY_TOP5_V1\payloads\community_8\user_2692_community_8_v1_top5_payload.json,8,0x305eC19D55d52aDbbFF669d4F506d7d8713779C7,1,5,08467a841e8648f6b2cf368c550225485b6ebfefbd01e954a751ff7d5ece813e,True
D:\PHD\بابل\2024\Research Reco\الجزء الثاني\Douban Reco\4 ايصال التوصيات بضمنها العقد\03_outputs\RECOMMENDATION_DELIVERY_TOP5_V1\payloads\community_8\user_2693_community_8_v1_top5_payload.json,8,0x102a77a8E7F6cD9e05BF8577C0EB799f3dFeB389,1,5,139541a7bc78b1b56d9a88772abfce50df75c80fcd2ec502761880dee7282caf,True
D:\PHD\بابل\2024\Research Reco\الجزء الثاني\Douban Reco\4 ايصال التوصيات بضمنها العقد\03_outputs\RECOMMENDATION_DELIVERY_TOP5_V1\payloads\community_8\user_2775_community_8_v1_top5_payload.json,8,0x8029BfFDCd44E0E7588230452CEF87e27856F270,1,5,c30be65b5030a75c84b06f6dfb7c5f92ae1847421abc0cd8d6999aa454fbd849,True
D:\PHD\بابل\2024\Research Reco\الجزء الثاني\Douban Reco\4 ايصال التوصيات بضمنها العقد\03_outputs\RECOMMENDATION_DELIVERY_TOP5_V1\payloads\community_8\user_2781_community_8_v1_top5_payload.json,8,0x97e8B210FA84E6e006348ADf9933672067FDe5Be,1,5,96d21042e47841b737f8d70a1bdc2c3ce5b4b8660a7c54d914c42183e0a7a125,True
D:\PHD\بابل\2024\Research Reco\الجزء الثاني\Douban Reco\4 ايصال التوصيات بضمنها العقد\03_outputs\RECOMMENDATION_DELIVERY_TOP5_V1\payloads\community_8\user_2786_community_8_v1_top5_payload.json,8,0x1E6e27e61D57fc86fC669307fe3D49aAF9e65C00,1,5,d567c938f6b9eb5ffc97228a0a716558041e97862bdf826903156160d1e92528,True
D:\PHD\بابل\2024\Research Reco\الجزء الثاني\Douban Reco\4 ايصال التوصيات بضمنها العقد\03_outputs\RECOMMENDATION_DELIVERY_TOP5_V1\payloads\community_8\user_2854_community_8_v1_top5_payload.json,8,0xffd3D038A886E5711C659777F3bfcc22BCa23d70,1,5,f5a325c4c7866b436fab0976867cb77c6dbb6020b19c27b0af34beb46a99894d,True
D:\PHD\بابل\2024\Research Reco\الجزء الثاني\Douban Reco\4 ايصال التوصيات بضمنها العقد\03_outputs\RECOMMENDATION_DELIVERY_TOP5_V1\payloads\community_8\user_2879_community_8_v1_top5_payload.json,8,0x430711a35d3fE14af4A5A0A025829FB3c816105f,1,5,913c66f01ce045e4b4c6d49bcddcef1a63bfbf0872c63956c62e53386d8a72d1,True
D:\PHD\بابل\2024\Research Reco\الجزء الثاني\Douban Reco\4 ايصال التوصيات بضمنها العقد\03_outputs\RECOMMENDATION_DELIVERY_TOP5_V1\payloads\community_8\user_292_community_8_v1_top5_payload.json,8,0xA26c2fDA009B9b8E01A6AcFe85347435Dc3a5EdA,1,5,c6fcf294104be6dcc277ffcf4be40d2beb07c8cd20cd69a781d9cb540c7adbb5,True
D:\PHD\بابل\2024\Research Reco\الجزء الثاني\Douban Reco\4 ايصال التوصيات بضمنها العقد\03_outputs\RECOMMENDATION_DELIVERY_TOP5_V1\payloads\community_8\user_2967_community_8_v1_top5_payload.json,8,0x79213d94D67234FE71e835Ec8655698A4F7123B7,1,5,bd056596b04a84a7eee91377dbcde3cdf794f31efe99a5b4bbba55b9a25c9060,True
D:\PHD\بابل\2024\Research Reco\الجزء الثاني\Douban Reco\4 ايصال التوصيات بضمنها العقد\03_outputs\RECOMMENDATION_DELIVERY_TOP5_V1\payloads\community_8\user_2991_community_8_v1_top5_payload.json,8,0x2dA8C9DAc9d0eC01459f00d402C58c48934863D6,1,5,d1505ab0bd2d1d0199c0b5d3effda96eabcf5e222d5cbe9b04258d5144f309a0,True
D:\PHD\بابل\2024\Research Reco\الجزء الثاني\Douban Reco\4 ايصال التوصيات بضمنها العقد\03_outputs\RECOMMENDATION_DELIVERY_TOP5_V1\payloads\community_8\user_3004_community_8_v1_top5_payload.json,8,0xBbA16202a4d15A92B7214F3957aff227284293F8,1,5,4e3ad7e70dc69f0c0cce3abd6ffc0923e2fa79d16a57bbc5a7ffb1819d36c1cf,True
D:\PHD\بابل\2024\Research Reco\الجزء الثاني\Douban Reco\4 ايصال التوصيات بضمنها العقد\03_outputs\RECOMMENDATION_DELIVERY_TOP5_V1\payloads\community_8\user_338_community_8_v1_top5_payload.json,8,0x9Ba1088895bCb13Cd60CA266B5Ad27B0504a3553,1,5,e2f029648b481feebf9a1d8e492593b212e6d25745817773dbe50993c3b96b71,True
D:\PHD\بابل\2024\Research Reco\الجزء الثاني\Douban Reco\4 ايصال التوصيات بضمنها العقد\03_outputs\RECOMMENDATION_DELIVERY_TOP5_V1\payloads\community_8\user_346_community_8_v1_top5_payload.json,8,0xDB2bab205229E959C31b5708268217540331Fa06,1,5,f3ffe288c08dfa4d52f1c58d21d08bd997db26c91e30b2c72380f675acc17671,True
D:\PHD\بابل\2024\Research Reco\الجزء الثاني\Douban Reco\4 ايصال التوصيات بضمنها العقد\03_outputs\RECOMMENDATION_DELIVERY_TOP5_V1\payloads\community_8\user_360_community_8_v1_top5_payload.json,8,0x3876D1Ec435180f7dA4598FDa59Ada582dB3b2Ca,1,5,731dfeb1506906b526086a1dc392108459b1c70d4376c0e6f6db806eaa9da114,True
D:\PHD\بابل\2024\Research Reco\الجزء الثاني\Douban Reco\4 ايصال التوصيات بضمنها العقد\03_outputs\RECOMMENDATION_DELIVERY_TOP5_V1\payloads\community_8\user_361_community_8_v1_top5_payload.json,8,0xaBa76F2C1fd66DD0BcF793F28f0c144EF1262E0D,1,5,855f8ad9fde1fa3f4d8b9f7ffd76b6d54ef404d6ea396c6334b9175c1cc488cb,True
D:\PHD\بابل\2024\Research Reco\الجزء الثاني\Douban Reco\4 ايصال التوصيات بضمنها العقد\03_outputs\RECOMMENDATION_DELIVERY_TOP5_V1\payloads\community_8\user_390_community_8_v1_top5_payload.json,8,0xB544f044274CD744233e71bB53cAE4f8A14898DD,1,5,f8f38de7d2eb6430645de68b521a648b90cb38260cf999b5527c299193790906,True
D:\PHD\بابل\2024\Research Reco\الجزء الثاني\Douban Reco\4 ايصال التوصيات بضمنها العقد\03_outputs\RECOMMENDATION_DELIVERY_TOP5_V1\payloads\community_8\user_411_community_8_v1_top5_payload.json,8,0xf742e7c1e20C0126181f011fac7aF2a17Ed6df21,1,5,90f9e67ca4a8e4fc6fe8813fbba9d90549df40ac5f5c585646bfe30739560902,True
D:\PHD\بابل\2024\Research Reco\الجزء الثاني\Douban Reco\4 ايصال التوصيات بضمنها العقد\03_outputs\RECOMMENDATION_DELIVERY_TOP5_V1\payloads\community_8\user_420_community_8_v1_top5_payload.json,8,0x4645aAdAa556c7E7C8cBAe075Dd8aacE4848eEa8,1,5,c5cc7f90be14e2b66ac087a3de6af92842d108c386a3a078640a1a6a52f22d7d,True
D:\PHD\بابل\2024\Research Reco\الجزء الثاني\Douban Reco\4 ايصال التوصيات بضمنها العقد\03_outputs\RECOMMENDATION_DELIVERY_TOP5_V1\payloads\community_8\user_421_community_8_v1_top5_payload.json,8,0x6E5cf138Ca5C9567a52B1e14aDe8441505B51AF8,1,5,f841e209f601b57a736eed0acbc06e5c2565d33a4999493959f5db48fe8979a3,True
D:\PHD\بابل\2024\Research Reco\الجزء الثاني\Douban Reco\4 ايصال التوصيات بضمنها العقد\03_outputs\RECOMMENDATION_DELIVERY_TOP5_V1\payloads\community_8\user_440_community_8_v1_top5_payload.json,8,0xbdCA0acE2DBdCE73129FA2F19E08866B5C265Af9,1,5,f9e98bfd9d392ae27130aa9be6a0368b7ec0987d14a86f0a28aa053e02fc7ad4,True
D:\PHD\بابل\2024\Research Reco\الجزء الثاني\Douban Reco\4 ايصال التوصيات بضمنها العقد\03_outputs\RECOMMENDATION_DELIVERY_TOP5_V1\payloads\community_8\user_447_community_8_v1_top5_payload.json,8,0x9AFE652297bfbdB2Dc5E563C0E230D5056fC243f,1,5,590aaa1367096fa541b08b83690d718955da5cf0df63536545e691efed7e2c09,True
D:\PHD\بابل\2024\Research Reco\الجزء الثاني\Douban Reco\4 ايصال التوصيات بضمنها العقد\03_outputs\RECOMMENDATION_DELIVERY_TOP5_V1\payloads\community_8\user_483_community_8_v1_top5_payload.json,8,0xE4818a4A7B6038E21ADdb7C18a789a55C8e64848,1,5,897834015beb9ffbcbe7ef08e3a2d6801c2348684e03469f137ba615ecc9c4f7,True
D:\PHD\بابل\2024\Research Reco\الجزء الثاني\Douban Reco\4 ايصال التوصيات بضمنها العقد\03_outputs\RECOMMENDATION_DELIVERY_TOP5_V1\payloads\community_8\user_489_community_8_v1_top5_payload.json,8,0x04131b9229377aF2afD9E6b96451c1C530684351,1,5,fcb17eb05153a26a18fee7e4de5ffa0888b3237d72914712b4ec0953b837fda1,True
D:\PHD\بابل\2024\Research Reco\الجزء الثاني\Douban Reco\4 ايصال التوصيات بضمنها العقد\03_outputs\RECOMMENDATION_DELIVERY_TOP5_V1\payloads\community_8\user_492_community_8_v1_top5_payload.json,8,0xD8E553Ea600D5801B543d018D32ADd939d7cCB4C,1,5,e7585d0a3ac974eb8fc7fe51bb18f3abbf88e6e6d88fd3d4acf9d8681bdf17bb,True
D:\PHD\بابل\2024\Research Reco\الجزء الثاني\Douban Reco\4 ايصال التوصيات بضمنها العقد\03_outputs\RECOMMENDATION_DELIVERY_TOP5_V1\payloads\community_8\user_53_community_8_v1_top5_payload.json,8,0xf01bab8b9b26C0F62Baaa845E7c0EC76BE32265d,1,5,2cbf7c17be289ffc240b321698fccb8604c32cfa53f8182f403bda26591ec70f,True
D:\PHD\بابل\2024\Research Reco\الجزء الثاني\Douban Reco\4 ايصال التوصيات بضمنها العقد\03_outputs\RECOMMENDATION_DELIVERY_TOP5_V1\payloads\community_8\user_540_community_8_v1_top5_payload.json,8,0x5A3e9692E730ed4a9603d472b6FF6D2efBC3b03a,1,5,f906155f358dd4937a3d2e19d012b2e52c63d87ea3131a96ec9b09f44b1e1522,True
D:\PHD\بابل\2024\Research Reco\الجزء الثاني\Douban Reco\4 ايصال التوصيات بضمنها العقد\03_outputs\RECOMMENDATION_DELIVERY_TOP5_V1\payloads\community_8\user_576_community_8_v1_top5_payload.json,8,0xCACFCe95257D628eB1fEcaec7c6Ab625fBd277b8,1,5,89536f9c3656929f171be5d8f6ac03d3a872328ab86a801750fe6cbf53c464a9,True
D:\PHD\بابل\2024\Research Reco\الجزء الثاني\Douban Reco\4 ايصال التوصيات بضمنها العقد\03_outputs\RECOMMENDATION_DELIVERY_TOP5_V1\payloads\community_8\user_595_community_8_v1_top5_payload.json,8,0x36298A2Eab7B1811CeAC9388C06ffc661c7C8610,1,5,9eb4a223e32ca5598075c70dfac0834f40cc856eb2aa6bd9f68669542fdfc020,True
D:\PHD\بابل\2024\Research Reco\الجزء الثاني\Douban Reco\4 ايصال التوصيات بضمنها العقد\03_outputs\RECOMMENDATION_DELIVERY_TOP5_V1\payloads\community_8\user_647_community_8_v1_top5_payload.json,8,0x73B40077be030Ba0fe0fF58472dC70a34bAB587C,1,5,0c3e883cf5e68c3cbfe688eaf1159e9ed015ce1ca602c90cbcca56f6e5bdb74b,True
D:\PHD\بابل\2024\Research Reco\الجزء الثاني\Douban Reco\4 ايصال التوصيات بضمنها العقد\03_outputs\RECOMMENDATION_DELIVERY_TOP5_V1\payloads\community_8\user_741_community_8_v1_top5_payload.json,8,0xa06daA66AF4f21A70d2220d8711B5e6B9b6812D0,1,5,f265008af353da1e2705a5740f9f94dee0d08a1ac566068ae68cd7153bc2e54a,True
D:\PHD\بابل\2024\Research Reco\الجزء الثاني\Douban Reco\4 ايصال التوصيات بضمنها العقد\03_outputs\RECOMMENDATION_DELIVERY_TOP5_V1\payloads\community_8\user_769_community_8_v1_top5_payload.json,8,0x1Feb9BBb7f18A332B8Ae49E3B73B54a20BBAd40f,1,5,7cd73fdb1d376c8e059f82b2e1cd84945cfb7f961828ec63da3441b19f9bbcd1,True
D:\PHD\بابل\2024\Research Reco\الجزء الثاني\Douban Reco\4 ايصال التوصيات بضمنها العقد\03_outputs\RECOMMENDATION_DELIVERY_TOP5_V1\payloads\community_8\user_802_community_8_v1_top5_payload.json,8,0x5998269562877F0eADE53d99c31aE02D2FFa9891,1,5,17fd17a5baa7bd732b32659e67e3196aa946a8f3d89ad50842830737d99cfa7f,True
D:\PHD\بابل\2024\Research Reco\الجزء الثاني\Douban Reco\4 ايصال التوصيات بضمنها العقد\03_outputs\RECOMMENDATION_DELIVERY_TOP5_V1\payloads\community_8\user_877_community_8_v1_top5_payload.json,8,0x38b10b18043EEDd25afe66142De285582cd4DdD3,1,5,1de1b6c805748a849c53aa7839acc52732b13226e8295cba72c9006032a2af15,True
D:\PHD\بابل\2024\Research Reco\الجزء الثاني\Douban Reco\4 ايصال التوصيات بضمنها العقد\03_outputs\RECOMMENDATION_DELIVERY_TOP5_V1\payloads\community_8\user_882_community_8_v1_top5_payload.json,8,0xA0B6743E3204920298BBAc767fC112E1fA274F66,1,5,a75111d838c85077ae262afb8506c04d5e86d6692d48d4c86b013efed107ec61,True
D:\PHD\بابل\2024\Research Reco\الجزء الثاني\Douban Reco\4 ايصال التوصيات بضمنها العقد\03_outputs\RECOMMENDATION_DELIVERY_TOP5_V1\payloads\community_8\user_906_community_8_v1_top5_payload.json,8,0xA4e714655C8Cd8A7692A2C84D698627Ec4C30219,1,5,16434d8156a17b85bc9d8e99667d97103eea3d2ab79e19b0abb20b3bdc16ca74,True
D:\PHD\بابل\2024\Research Reco\الجزء الثاني\Douban Reco\4 ايصال التوصيات بضمنها العقد\03_outputs\RECOMMENDATION_DELIVERY_TOP5_V1\payloads\community_8\user_965_community_8_v1_top5_payload.json,8,0xc5b9479505622c75bCF84c2e8Aee71FC7Dd79d49,1,5,6543ef74ec1ba9a5f1f71da4abe699699b5279d6457a7f7aea4f12f1045c1d55,True
D:\PHD\بابل\2024\Research Reco\الجزء الثاني\Douban Reco\4 ايصال التوصيات بضمنها العقد\03_outputs\RECOMMENDATION_DELIVERY_TOP5_V1\payloads\community_8\user_996_community_8_v1_top5_payload.json,8,0x92e1d98EAff2059fE2F16dc0B8618A96068c45f6,1,5,02ebf08e6984318473454226d928d58b921d94e1227cd69d5932982d8e13f4cd,True
D:\PHD\بابل\2024\Research Reco\الجزء الثاني\Douban Reco\4 ايصال التوصيات بضمنها العقد\03_outputs\RECOMMENDATION_DELIVERY_TOP5_V1\payloads\community_84\user_1013_community_84_v1_top5_payload.json,84,0xDb05dB508AeC99D71547599BBF45aa591a430860,1,5,db7115bd0b843592c7f89549a614f32a7babfcdb5ff6b1d240d3cfc3939aba91,True
D:\PHD\بابل\2024\Research Reco\الجزء الثاني\Douban Reco\4 ايصال التوصيات بضمنها العقد\03_outputs\RECOMMENDATION_DELIVERY_TOP5_V1\payloads\community_84\user_1021_community_84_v1_top5_payload.json,84,0xe533CA93FD5bcB71eF7C7E8Ce77cEA9B6b4D1cA0,1,5,0fb311a89f03148c0d46fff93fa5e979934907f3f90bf79cb6fe60d459217e33,True
D:\PHD\بابل\2024\Research Reco\الجزء الثاني\Douban Reco\4 ايصال التوصيات بضمنها العقد\03_outputs\RECOMMENDATION_DELIVERY_TOP5_V1\payloads\community_84\user_1061_community_84_v1_top5_payload.json,84,0x05E5A325C0Df2Aa6d736Aa96B1E5AEfB0AcDaFDC,1,5,686c9edcef9fbfe0d27bc34795f0c0d11d17e33b5d7ec88e5368f80865be98a8,True
D:\PHD\بابل\2024\Research Reco\الجزء الثاني\Douban Reco\4 ايصال التوصيات بضمنها العقد\03_outputs\RECOMMENDATION_DELIVERY_TOP5_V1\payloads\community_84\user_1073_community_84_v1_top5_payload.json,84,0x2Ca6af86CaE062a678B0B9bd9e4a5DA9C9764e9D,1,5,f47b63552b6cbb3a89d9ed9b88c4b634da0ac5236b5801380c5f2d7bba09a14e,True
D:\PHD\بابل\2024\Research Reco\الجزء الثاني\Douban Reco\4 ايصال التوصيات بضمنها العقد\03_outputs\RECOMMENDATION_DELIVERY_TOP5_V1\payloads\community_84\user_1076_community_84_v1_top5_payload.json,84,0xcD8acf29bFebF8e58D3848f44dF913786E456dEB,1,5,2317752cca0d9fb3ae045611d408ea81def66991460c07f291c2bcfe91d361b4,True
D:\PHD\بابل\2024\Research Reco\الجزء الثاني\Douban Reco\4 ايصال التوصيات بضمنها العقد\03_outputs\RECOMMENDATION_DELIVERY_TOP5_V1\payloads\community_84\user_10_community_84_v1_top5_payload.json,84,0xec8bfa08Bd872EC79801D6Cc4A52e29B3e024401,1,5,cdb9434c45936d28c93696abbbe16eefff915db8df47937e87c8704340407a8b,True
D:\PHD\بابل\2024\Research Reco\الجزء الثاني\Douban Reco\4 ايصال التوصيات بضمنها العقد\03_outputs\RECOMMENDATION_DELIVERY_TOP5_V1\payloads\community_84\user_1118_community_84_v1_top5_payload.json,84,0x2cf0CD24d3b128c8bAEf1b9a089Ec4ac5D75a388,1,5,d73fc3ddfed69b1e09ac3aedcd8fe6e8554c699a045cd6719126640908e0c89f,True
D:\PHD\بابل\2024\Research Reco\الجزء الثاني\Douban Reco\4 ايصال التوصيات بضمنها العقد\03_outputs\RECOMMENDATION_DELIVERY_TOP5_V1\payloads\community_84\user_1153_community_84_v1_top5_payload.json,84,0x65362dD25E1257E6fB78B37c4363584D42aa7676,1,5,1762dc38d812b4e13be4df5372555fd5845f27ced76f2a8eba95ebc912cdb9ce,True
D:\PHD\بابل\2024\Research Reco\الجزء الثاني\Douban Reco\4 ايصال التوصيات بضمنها العقد\03_outputs\RECOMMENDATION_DELIVERY_TOP5_V1\payloads\community_84\user_1154_community_84_v1_top5_payload.json,84,0xa7AF8e3683dB42e0a77f7f451EA839D973563597,1,5,8df73cce1740a38e6faab8caf143b48f97648a920d62329bab10ff43540ee604,True
D:\PHD\بابل\2024\Research Reco\الجزء الثاني\Douban Reco\4 ايصال التوصيات بضمنها العقد\03_outputs\RECOMMENDATION_DELIVERY_TOP5_V1\payloads\community_84\user_1181_community_84_v1_top5_payload.json,84,0x1d6Ab86C74f25549B7Fe371990Ad88676A14992F,1,5,b710a4ca3d36c63892b6e7251bdf95cad2b0c9978ed529dee7d6b71a9061e958,True
D:\PHD\بابل\2024\Research Reco\الجزء الثاني\Douban Reco\4 ايصال التوصيات بضمنها العقد\03_outputs\RECOMMENDATION_DELIVERY_TOP5_V1\payloads\community_84\user_1187_community_84_v1_top5_payload.json,84,0x387aC08bb4395311ADb75EEc7f202f5C23bD93e3,1,5,8f801300a3a646eba592c8837177c77d38cae42882c19df9cc086fc80808fc85,True
D:\PHD\بابل\2024\Research Reco\الجزء الثاني\Douban Reco\4 ايصال التوصيات بضمنها العقد\03_outputs\RECOMMENDATION_DELIVERY_TOP5_V1\payloads\community_84\user_1208_community_84_v1_top5_payload.json,84,0xE4053D1C6375231c61BBAFbffE3D5151a8352e44,1,5,3a63f4810390b501c35462e04df2a48197104b8e372ff491ccd5db135940d888,True
D:\PHD\بابل\2024\Research Reco\الجزء الثاني\Douban Reco\4 ايصال التوصيات بضمنها العقد\03_outputs\RECOMMENDATION_DELIVERY_TOP5_V1\payloads\community_84\user_1231_community_84_v1_top5_payload.json,84,0x04EAbD09E5140331b12F0FD9834611eA6A3bB720,1,5,eb325a393eaeaf89d2a37fd41dbac875471814f6a20ce1f241380522d64d0082,True
D:\PHD\بابل\2024\Research Reco\الجزء الثاني\Douban Reco\4 ايصال التوصيات بضمنها العقد\03_outputs\RECOMMENDATION_DELIVERY_TOP5_V1\payloads\community_84\user_1233_community_84_v1_top5_payload.json,84,0xBd9fC1a6C865E2CA42E80c24208824CAb707F984,1,5,bcb44e845b32a850193e4a89c17ab01f5f0535b332f14d3b12079d9c30214e9a,True
D:\PHD\بابل\2024\Research Reco\الجزء الثاني\Douban Reco\4 ايصال التوصيات بضمنها العقد\03_outputs\RECOMMENDATION_DELIVERY_TOP5_V1\payloads\community_84\user_1240_community_84_v1_top5_payload.json,84,0x33dde7F75E8E82EA918378C8948Fb24b8AbfC196,1,5,35fd2afdb57e3e9c894d9c89b3429d3285ea5792b6b032b9cbe6c69ccf60b4cd,True
D:\PHD\بابل\2024\Research Reco\الجزء الثاني\Douban Reco\4 ايصال التوصيات بضمنها العقد\03_outputs\RECOMMENDATION_DELIVERY_TOP5_V1\payloads\community_84\user_1254_community_84_v1_top5_payload.json,84,0x496aA42eaA90a83685D48b85A64B5D0F9A5e03ab,1,5,b1f835b9196beb98f810613b41bbe86b0df3b3ff6378ec6f2847f9504fe9cbf4,True
D:\PHD\بابل\2024\Research Reco\الجزء الثاني\Douban Reco\4 ايصال التوصيات بضمنها العقد\03_outputs\RECOMMENDATION_DELIVERY_TOP5_V1\payloads\community_84\user_1329_community_84_v1_top5_payload.json,84,0x458709157e99E0c2A5D4060a30F31308c65E0d0f,1,5,85f75a8d9a9fa7f7f52ada369d5cb2da2b62f9a8b18882ae55bacb3da79a8c82,True
D:\PHD\بابل\2024\Research Reco\الجزء الثاني\Douban Reco\4 ايصال التوصيات بضمنها العقد\03_outputs\RECOMMENDATION_DELIVERY_TOP5_V1\payloads\community_84\user_1339_community_84_v1_top5_payload.json,84,0xB86B3DcaC4069866fF3e3D24D2D1527542FF72f0,1,5,9bf7e4ff135334beaa62958dd1645333d9ae509096fa9bbf7dab54560bb3d338,True
D:\PHD\بابل\2024\Research Reco\الجزء الثاني\Douban Reco\4 ايصال التوصيات بضمنها العقد\03_outputs\RECOMMENDATION_DELIVERY_TOP5_V1\payloads\community_84\user_1343_community_84_v1_top5_payload.json,84,0xD92555fff4B2BC185AcF9Cb4b44afB512a86f1AB,1,5,b01ff47541a2838239b282a30aa2dc333f1567eadc5756831498c30c6e57cc1f,True
D:\PHD\بابل\2024\Research Reco\الجزء الثاني\Douban Reco\4 ايصال التوصيات بضمنها العقد\03_outputs\RECOMMENDATION_DELIVERY_TOP5_V1\payloads\community_84\user_1347_community_84_v1_top5_payload.json,84,0x0951C1aAf3493A932aAfF5989418c6f96b3Cc08D,1,5,2a683341541e846b5e96ed284abb7c395b36e7d2590217666fb026def21ec5cf,True
D:\PHD\بابل\2024\Research Reco\الجزء الثاني\Douban Reco\4 ايصال التوصيات بضمنها العقد\03_outputs\RECOMMENDATION_DELIVERY_TOP5_V1\payloads\community_84\user_1387_community_84_v1_top5_payload.json,84,0x0A9393037EfbE0Bb0250241f3CD73518f9e30ad8,1,5,84dcdf43bbaad0c35bdd80242b3bcf89848f894213540b5d34c67ad9aa111448,True
D:\PHD\بابل\2024\Research Reco\الجزء الثاني\Douban Reco\4 ايصال التوصيات بضمنها العقد\03_outputs\RECOMMENDATION_DELIVERY_TOP5_V1\payloads\community_84\user_1420_community_84_v1_top5_payload.json,84,0x1462fcce72Eff05e17bc68D5B67aa2091Fa587C1,1,5,e748f061dc58aa8c0a780dcdccc45f9fd2daf2b7a0c12dfb1cdff7474d4de304,True
D:\PHD\بابل\2024\Research Reco\الجزء الثاني\Douban Reco\4 ايصال التوصيات بضمنها العقد\03_outputs\RECOMMENDATION_DELIVERY_TOP5_V1\payloads\community_84\user_1467_community_84_v1_top5_payload.json,84,0x9EE4F536026F3653D40f27703568A4B69b9A064b,1,5,a21ff922013a591dcbb45d049f6a98c7be2de2c4b7105b196754c88a3e385661,True
D:\PHD\بابل\2024\Research Reco\الجزء الثاني\Douban Reco\4 ايصال التوصيات بضمنها العقد\03_outputs\RECOMMENDATION_DELIVERY_TOP5_V1\payloads\community_84\user_1494_community_84_v1_top5_payload.json,84,0x72b5d477a73cB2D9F3e6d85DA1f2Ec753A4F4f7f,1,5,4c73b05803486d1c2884e06e3eb9935d2841b3bc9adfc578ee061d07a64fa12e,True
D:\PHD\بابل\2024\Research Reco\الجزء الثاني\Douban Reco\4 ايصال التوصيات بضمنها العقد\03_outputs\RECOMMENDATION_DELIVERY_TOP5_V1\payloads\community_84\user_14_community_84_v1_top5_payload.json,84,0xF86713bEa980583C176698152bBd85B2986C74eb,1,5,011ab4d4d92ec94b9d65b97725727156ab0e594e7c7c35f98c3ca95210bc64ba,True
D:\PHD\بابل\2024\Research Reco\الجزء الثاني\Douban Reco\4 ايصال التوصيات بضمنها العقد\03_outputs\RECOMMENDATION_DELIVERY_TOP5_V1\payloads\community_84\user_1536_community_84_v1_top5_payload.json,84,0xfBB5e140770480e6AC8745Ab6faD131c5EdB56Ac,1,5,cf3e845b22d240327066aff319893cb3a0a10c8fedb0ff86bf22cf82faeda35d,True
D:\PHD\بابل\2024\Research Reco\الجزء الثاني\Douban Reco\4 ايصال التوصيات بضمنها العقد\03_outputs\RECOMMENDATION_DELIVERY_TOP5_V1\payloads\community_84\user_1537_community_84_v1_top5_payload.json,84,0x6683C533b44Dfa7895E0F78127583c89fd378201,1,5,74dfee85e244ca4db396b154a12025df483d22c5c341484d7efc15ae45956521,True
D:\PHD\بابل\2024\Research Reco\الجزء الثاني\Douban Reco\4 ايصال التوصيات بضمنها العقد\03_outputs\RECOMMENDATION_DELIVERY_TOP5_V1\payloads\community_84\user_1631_community_84_v1_top5_payload.json,84,0x832889e6Ad771AA1eeAB5e6e29a17ffFeCD4fa4f,1,5,918fd67a1bf35906aef18512af893342da820555a64aeef148ef96ae8a939944,True
D:\PHD\بابل\2024\Research Reco\الجزء الثاني\Douban Reco\4 ايصال التوصيات بضمنها العقد\03_outputs\RECOMMENDATION_DELIVERY_TOP5_V1\payloads\community_84\user_1646_community_84_v1_top5_payload.json,84,0xB02cdd9FDcb061Bb90c54A647241461B9Ea5D469,1,5,5e2a35cf7a843ed748f4504f6bfb41c07cb233bed543d02f94df7f558c8521a0,True
D:\PHD\بابل\2024\Research Reco\الجزء الثاني\Douban Reco\4 ايصال التوصيات بضمنها العقد\03_outputs\RECOMMENDATION_DELIVERY_TOP5_V1\payloads\community_84\user_1652_community_84_v1_top5_payload.json,84,0x39283D9963B861590ED8AC030E449CeC7D4425f4,1,5,30d3ea21f0f6ed52bcd5dfdcf6013c167399bd234925b711e0310de5933c69e7,True
D:\PHD\بابل\2024\Research Reco\الجزء الثاني\Douban Reco\4 ايصال التوصيات بضمنها العقد\03_outputs\RECOMMENDATION_DELIVERY_TOP5_V1\payloads\community_84\user_1664_community_84_v1_top5_payload.json,84,0x23628e0440cC438925C6E9AD1362A1C0783a0CF2,1,5,46c5cfbf0c2f62bc4e205d52ec218c87eacf2fc7ffefe80981911e7aca65fc40,True
D:\PHD\بابل\2024\Research Reco\الجزء الثاني\Douban Reco\4 ايصال التوصيات بضمنها العقد\03_outputs\RECOMMENDATION_DELIVERY_TOP5_V1\payloads\community_84\user_1690_community_84_v1_top5_payload.json,84,0xCD3262941f203a25c4A84828Eb1cebd37F6E945E,1,5,7b86f04c04e157c56d9c9ca37f32c9e620bd64ccb932987e821467c46541bd9b,True
D:\PHD\بابل\2024\Research Reco\الجزء الثاني\Douban Reco\4 ايصال التوصيات بضمنها العقد\03_outputs\RECOMMENDATION_DELIVERY_TOP5_V1\payloads\community_84\user_1726_community_84_v1_top5_payload.json,84,0x23BFE5fa79D03BBf3EFBC3A40eD85940F3b41150,1,5,d412f6ca5abd49bdf65b15106155b44a064b7e1109a8d0d98c21ac194b9b0824,True
D:\PHD\بابل\2024\Research Reco\الجزء الثاني\Douban Reco\4 ايصال التوصيات بضمنها العقد\03_outputs\RECOMMENDATION_DELIVERY_TOP5_V1\payloads\community_84\user_1756_community_84_v1_top5_payload.json,84,0x17C18aCbb6d79A75966812C0dAfdED3F1544071f,1,5,144b55d71cebf592ce06175bf5109b6ed8f6ba7a630fa33d98cdebe64e19d35c,True
D:\PHD\بابل\2024\Research Reco\الجزء الثاني\Douban Reco\4 ايصال التوصيات بضمنها العقد\03_outputs\RECOMMENDATION_DELIVERY_TOP5_V1\payloads\community_84\user_1783_community_84_v1_top5_payload.json,84,0xC0eC7a7389e593e1Fe471B6E3473c5f323A7BF07,1,5,8c23f8ddb145b33ea583a46b2c81e538530c8ec1b23a1ae4ae2d21424438fee6,True
D:\PHD\بابل\2024\Research Reco\الجزء الثاني\Douban Reco\4 ايصال التوصيات بضمنها العقد\03_outputs\RECOMMENDATION_DELIVERY_TOP5_V1\payloads\community_84\user_1794_community_84_v1_top5_payload.json,84,0xf2aCFFdDc25f828D253c3552519b650F843e013b,1,5,cded08309207412fd0c03b209bbaaaff93061a0243b884c2a974c06aec47344c,True
D:\PHD\بابل\2024\Research Reco\الجزء الثاني\Douban Reco\4 ايصال التوصيات بضمنها العقد\03_outputs\RECOMMENDATION_DELIVERY_TOP5_V1\payloads\community_84\user_1820_community_84_v1_top5_payload.json,84,0x751802572564621DD0383B6680eF98497381aA2D,1,5,7afd04560763b974c09d886f37ddf08f6c99ec593a224fb86f1f51362057522f,True
D:\PHD\بابل\2024\Research Reco\الجزء الثاني\Douban Reco\4 ايصال التوصيات بضمنها العقد\03_outputs\RECOMMENDATION_DELIVERY_TOP5_V1\payloads\community_84\user_1846_community_84_v1_top5_payload.json,84,0x3c0C6D3F959937FA41c082c0586dEC9A4A872A76,1,5,36e610238e153bc6395ee6e67a3d86c30849edeaa8f6a7a84cc16584f9cc1dc6,True
D:\PHD\بابل\2024\Research Reco\الجزء الثاني\Douban Reco\4 ايصال التوصيات بضمنها العقد\03_outputs\RECOMMENDATION_DELIVERY_TOP5_V1\payloads\community_84\user_1847_community_84_v1_top5_payload.json,84,0x50dcE09421FC986Eb761a4B866010b9C3D86d271,1,5,e6201df0ed25dfd3f5469f6fc6c5ceca1abd16a9ab98d993962ca0e41b27f1cb,True
D:\PHD\بابل\2024\Research Reco\الجزء الثاني\Douban Reco\4 ايصال التوصيات بضمنها العقد\03_outputs\RECOMMENDATION_DELIVERY_TOP5_V1\payloads\community_84\user_1864_community_84_v1_top5_payload.json,84,0x112d63971D3B0c7E64F63208813A34FF076aA6A2,1,5,879531546010f88cfd9d8b371b39cd4777af88a8276ee8c6ee96262dafd689f1,True
D:\PHD\بابل\2024\Research Reco\الجزء الثاني\Douban Reco\4 ايصال التوصيات بضمنها العقد\03_outputs\RECOMMENDATION_DELIVERY_TOP5_V1\payloads\community_84\user_1888_community_84_v1_top5_payload.json,84,0x86E2d932B9811D65f958d3b87E038Cea4BEE4BC4,1,5,7c5334e613f2e50edee0285abceb513829ec66c5c7fd6f7a22310c44bfe02c75,True
D:\PHD\بابل\2024\Research Reco\الجزء الثاني\Douban Reco\4 ايصال التوصيات بضمنها العقد\03_outputs\RECOMMENDATION_DELIVERY_TOP5_V1\payloads\community_84\user_1890_community_84_v1_top5_payload.json,84,0xC36B587Cf93B052a39765E27D5BD5DB9A7028707,1,5,d0b6d377c986678c3bcdc48f97a3cbce704c073d0ea8c5afa23857b406f74dc1,True
D:\PHD\بابل\2024\Research Reco\الجزء الثاني\Douban Reco\4 ايصال التوصيات بضمنها العقد\03_outputs\RECOMMENDATION_DELIVERY_TOP5_V1\payloads\community_84\user_1899_community_84_v1_top5_payload.json,84,0xF82Dd7CA853B56228865B484e5f3B19268135042,1,5,142064a213be2f68dcbe27b2e355d7344ef4ec65b6bf1d4477fa8398f391042c,True
D:\PHD\بابل\2024\Research Reco\الجزء الثاني\Douban Reco\4 ايصال التوصيات بضمنها العقد\03_outputs\RECOMMENDATION_DELIVERY_TOP5_V1\payloads\community_84\user_192_community_84_v1_top5_payload.json,84,0x49eB273d5cCC23784Ac2902363CcE2Ac30077Eb8,1,5,8b13a9ee9a7b7440d099e2b9603cbf70a186ab0c03ef04fcb41b6a05d75f38a1,True
D:\PHD\بابل\2024\Research Reco\الجزء الثاني\Douban Reco\4 ايصال التوصيات بضمنها العقد\03_outputs\RECOMMENDATION_DELIVERY_TOP5_V1\payloads\community_84\user_1938_community_84_v1_top5_payload.json,84,0x5Da6c4dcc1b8C947E19940DaF14613a115Bb41Ba,1,5,4bcc735e9f5afeb3cecd8493923a24c35032af8bc63fb39fe1cdcb9f7741debf,True
D:\PHD\بابل\2024\Research Reco\الجزء الثاني\Douban Reco\4 ايصال التوصيات بضمنها العقد\03_outputs\RECOMMENDATION_DELIVERY_TOP5_V1\payloads\community_84\user_1948_community_84_v1_top5_payload.json,84,0xDc9bBeD93E0AEa39E3b8B39032e0090E8920a843,1,5,3e7a2ec3cb8bb74a58f25d0759bc79a350c09f1241c07e458958d1898e9fd985,True
D:\PHD\بابل\2024\Research Reco\الجزء الثاني\Douban Reco\4 ايصال التوصيات بضمنها العقد\03_outputs\RECOMMENDATION_DELIVERY_TOP5_V1\payloads\community_84\user_195_community_84_v1_top5_payload.json,84,0xb1451eEad5b01C82820F56114612D3d98cB4A790,1,5,5ba478250d082cbdd86e88e46becede6b5276f11d6bc578d12bbd2ae648758b1,True
D:\PHD\بابل\2024\Research Reco\الجزء الثاني\Douban Reco\4 ايصال التوصيات بضمنها العقد\03_outputs\RECOMMENDATION_DELIVERY_TOP5_V1\payloads\community_84\user_1968_community_84_v1_top5_payload.json,84,0xA858a0CE9321D33cd2c2e6B5812a3cB20228dB6F,1,5,635994f1ef3039ddd886f931766f9f43213e1adeb80f3a6758920c284ccd19e6,True
D:\PHD\بابل\2024\Research Reco\الجزء الثاني\Douban Reco\4 ايصال التوصيات بضمنها العقد\03_outputs\RECOMMENDATION_DELIVERY_TOP5_V1\payloads\community_84\user_1974_community_84_v1_top5_payload.json,84,0x9145635cD751A7C44bfAC19e7cA754Ab536ADE0A,1,5,85d97a5ee713b6be93becc082df3ce97e9697036bda0247808e346858c605577,True
D:\PHD\بابل\2024\Research Reco\الجزء الثاني\Douban Reco\4 ايصال التوصيات بضمنها العقد\03_outputs\RECOMMENDATION_DELIVERY_TOP5_V1\payloads\community_84\user_198_community_84_v1_top5_payload.json,84,0x1acf751Ba9D62f7e89E213f500A166cC2c0808C6,1,5,2cb199c467f6eb11174b126c666508812f68c3243e31347401d492a155528a66,True
D:\PHD\بابل\2024\Research Reco\الجزء الثاني\Douban Reco\4 ايصال التوصيات بضمنها العقد\03_outputs\RECOMMENDATION_DELIVERY_TOP5_V1\payloads\community_84\user_1991_community_84_v1_top5_payload.json,84,0x472275e437892653357D15C9FF8deA109Fb0A026,1,5,bd697d1cc0a1255f3e9db3a651bf9faa298cf6e3d4c561ae762cfc00492b527b,True
D:\PHD\بابل\2024\Research Reco\الجزء الثاني\Douban Reco\4 ايصال التوصيات بضمنها العقد\03_outputs\RECOMMENDATION_DELIVERY_TOP5_V1\payloads\community_84\user_1996_community_84_v1_top5_payload.json,84,0xC95b148F86Aa6A264Ff684b8c63c8186a82e51B9,1,5,84aa3c08d8db4514be690ba79eca9b0d86892df96efd8e3297a3397b2e36f897,True
D:\PHD\بابل\2024\Research Reco\الجزء الثاني\Douban Reco\4 ايصال التوصيات بضمنها العقد\03_outputs\RECOMMENDATION_DELIVERY_TOP5_V1\payloads\community_84\user_1998_community_84_v1_top5_payload.json,84,0x7F6c4957A0Ec90d67c33A60223cDcC1566E09430,1,5,5cf97e38aa7f5dedd6cda0f3d66c18d4f33138f94cbf03f06102bd2557234b5b,True
D:\PHD\بابل\2024\Research Reco\الجزء الثاني\Douban Reco\4 ايصال التوصيات بضمنها العقد\03_outputs\RECOMMENDATION_DELIVERY_TOP5_V1\payloads\community_84\user_2008_community_84_v1_top5_payload.json,84,0x908286aBC713c29bc83CD47Ac23f91ad13A1D940,1,5,4313a32408aab3fe9a2c770c97122f58b10159ff5faef0b288aee00beb9222a4,True
D:\PHD\بابل\2024\Research Reco\الجزء الثاني\Douban Reco\4 ايصال التوصيات بضمنها العقد\03_outputs\RECOMMENDATION_DELIVERY_TOP5_V1\payloads\community_84\user_2020_community_84_v1_top5_payload.json,84,0x8217467900AbbFE23641200745F9F51b7963fb68,1,5,6bfff396dc327ea54909eaa34950668c66b928f6283b25a4c43a6cf285bd34a6,True
D:\PHD\بابل\2024\Research Reco\الجزء الثاني\Douban Reco\4 ايصال التوصيات بضمنها العقد\03_outputs\RECOMMENDATION_DELIVERY_TOP5_V1\payloads\community_84\user_2030_community_84_v1_top5_payload.json,84,0x22C26b43eBB83F1B625912aaf6CAD0403D81Fe55,1,5,52e79ae2fc13aa877b1168287e8e6c016adb1aa36b5dcb60d04c09e5b9e19a94,True
D:\PHD\بابل\2024\Research Reco\الجزء الثاني\Douban Reco\4 ايصال التوصيات بضمنها العقد\03_outputs\RECOMMENDATION_DELIVERY_TOP5_V1\payloads\community_84\user_2045_community_84_v1_top5_payload.json,84,0xf855d1366C64691FEF3C20c5d2C68254d08cc0f5,1,5,70e742299fe13e06fa3b5c04e091f91e4f5a5f4c50757e10a8db44cfead02fba,True
D:\PHD\بابل\2024\Research Reco\الجزء الثاني\Douban Reco\4 ايصال التوصيات بضمنها العقد\03_outputs\RECOMMENDATION_DELIVERY_TOP5_V1\payloads\community_84\user_2049_community_84_v1_top5_payload.json,84,0x3256541d3A186463B1D7179Df372bAFe5eC22D99,1,5,2380bff1eedd0999e04d27dd549c9c8900afd12508bde77f2fe997f561d78975,True
D:\PHD\بابل\2024\Research Reco\الجزء الثاني\Douban Reco\4 ايصال التوصيات بضمنها العقد\03_outputs\RECOMMENDATION_DELIVERY_TOP5_V1\payloads\community_84\user_204_community_84_v1_top5_payload.json,84,0x44411D5f38b45717D123fFC2f4946A530424a5a6,1,5,03dcc9030ea7666e23458c1063ea07ff06220c968855d7b9c2f61b2ab0ae88de,True
D:\PHD\بابل\2024\Research Reco\الجزء الثاني\Douban Reco\4 ايصال التوصيات بضمنها العقد\03_outputs\RECOMMENDATION_DELIVERY_TOP5_V1\payloads\community_84\user_2071_community_84_v1_top5_payload.json,84,0x74177d0a171c167652B42471d343B5a83b2a3b8d,1,5,00c8d3169626012089dd0b5086fecb62c63942380027ff5381d8a31ba6f0673a,True
D:\PHD\بابل\2024\Research Reco\الجزء الثاني\Douban Reco\4 ايصال التوصيات بضمنها العقد\03_outputs\RECOMMENDATION_DELIVERY_TOP5_V1\payloads\community_84\user_2076_community_84_v1_top5_payload.json,84,0x3619E8c114fA17E0049b701eA87AB77cfaABC956,1,5,b3b5489a80dc5874ae13d3e2df469f65e3b9eacc8ee8a6f7d94cd84a523d2a84,True
D:\PHD\بابل\2024\Research Reco\الجزء الثاني\Douban Reco\4 ايصال التوصيات بضمنها العقد\03_outputs\RECOMMENDATION_DELIVERY_TOP5_V1\payloads\community_84\user_2112_community_84_v1_top5_payload.json,84,0xd25329D7FD6879c56f01c51C24900e65d3F37Da7,1,5,525dced80882e25080815927f0caa7e5c0c339366521aea9a2b0495a3e32e400,True
D:\PHD\بابل\2024\Research Reco\الجزء الثاني\Douban Reco\4 ايصال التوصيات بضمنها العقد\03_outputs\RECOMMENDATION_DELIVERY_TOP5_V1\payloads\community_84\user_2236_community_84_v1_top5_payload.json,84,0xC441b777286643E3214ADFfc72A873BAaA3AccD2,1,5,04b43b267aee891a7d9ad3adb24892bf79765c0d9a1e6de37bdf7250c1693784,True
D:\PHD\بابل\2024\Research Reco\الجزء الثاني\Douban Reco\4 ايصال التوصيات بضمنها العقد\03_outputs\RECOMMENDATION_DELIVERY_TOP5_V1\payloads\community_84\user_2258_community_84_v1_top5_payload.json,84,0x0c7B31A60f7FEaF6Ff433fAbBEc88906a0D59157,1,5,dd02be9b9a2ad4185ddeb793c6bfd5cebb13a63c35db36cfad2a452f66eff992,True
D:\PHD\بابل\2024\Research Reco\الجزء الثاني\Douban Reco\4 ايصال التوصيات بضمنها العقد\03_outputs\RECOMMENDATION_DELIVERY_TOP5_V1\payloads\community_84\user_2343_community_84_v1_top5_payload.json,84,0x5C04122799768c715a22ab1CF9B1593A7fBea2DF,1,5,3e172cad32906460a858f17ed3ffdfd8437d8eed193232e22238f069c587bab9,True
D:\PHD\بابل\2024\Research Reco\الجزء الثاني\Douban Reco\4 ايصال التوصيات بضمنها العقد\03_outputs\RECOMMENDATION_DELIVERY_TOP5_V1\payloads\community_84\user_2363_community_84_v1_top5_payload.json,84,0x81914F6C25f78d10542ceea4d00C3674623167B5,1,5,059aef296f551d602f3e5e627a5a64625b968b3a8012a4b55ba7759db8a801cc,True
D:\PHD\بابل\2024\Research Reco\الجزء الثاني\Douban Reco\4 ايصال التوصيات بضمنها العقد\03_outputs\RECOMMENDATION_DELIVERY_TOP5_V1\payloads\community_84\user_2373_community_84_v1_top5_payload.json,84,0xA522e9B65215f88ac59E1aBE11a0b43694203b85,1,5,91ec4ec9d9a2785ff837ae43c9040c6b3aded0aa8c8bb4c1815bb97646ece698,True
D:\PHD\بابل\2024\Research Reco\الجزء الثاني\Douban Reco\4 ايصال التوصيات بضمنها العقد\03_outputs\RECOMMENDATION_DELIVERY_TOP5_V1\payloads\community_84\user_2378_community_84_v1_top5_payload.json,84,0x1a6aF5E1D09aF112C83213c26C1F829cbC6448d1,1,5,4e9805ec47f013fd6b69871457cf2e9d782bf3cd88b67a653f39e6284f769ef8,True
D:\PHD\بابل\2024\Research Reco\الجزء الثاني\Douban Reco\4 ايصال التوصيات بضمنها العقد\03_outputs\RECOMMENDATION_DELIVERY_TOP5_V1\payloads\community_84\user_239_community_84_v1_top5_payload.json,84,0xc2fcfbDC077fFF959d26C612eA155cb64989529f,1,5,733872c6624929a2cadb93fe2bc5aaffc5fcd4008d675e3233289835670c8ce0,True
D:\PHD\بابل\2024\Research Reco\الجزء الثاني\Douban Reco\4 ايصال التوصيات بضمنها العقد\03_outputs\RECOMMENDATION_DELIVERY_TOP5_V1\payloads\community_84\user_241_community_84_v1_top5_payload.json,84,0xc79776C7D3f90108E7772cD4b676fB5C24E82531,1,5,ba8d387221dcedea9d693bbf2f8d97bbabdd836602d8c0ee57ac282d8fba95b3,True
D:\PHD\بابل\2024\Research Reco\الجزء الثاني\Douban Reco\4 ايصال التوصيات بضمنها العقد\03_outputs\RECOMMENDATION_DELIVERY_TOP5_V1\payloads\community_84\user_2430_community_84_v1_top5_payload.json,84,0x51B88Eb1b33547d266ac23AB505FA18C7bb710Dc,1,5,8d334ef7013ab19436c1bd3cc2ddd15858b9874adcaaf8f8627b0ab332a87217,True
D:\PHD\بابل\2024\Research Reco\الجزء الثاني\Douban Reco\4 ايصال التوصيات بضمنها العقد\03_outputs\RECOMMENDATION_DELIVERY_TOP5_V1\payloads\community_84\user_2472_community_84_v1_top5_payload.json,84,0x1D63fa4Fe32a65C6Fd503E086A3102fE5C2C6107,1,5,57f30eb1c4e4fbebf06a7d8f0b607285b25d218fa484b4993dff72ed5bc1ac37,True
D:\PHD\بابل\2024\Research Reco\الجزء الثاني\Douban Reco\4 ايصال التوصيات بضمنها العقد\03_outputs\RECOMMENDATION_DELIVERY_TOP5_V1\payloads\community_84\user_2491_community_84_v1_top5_payload.json,84,0x99029500b812C1E08f0bE4172F19aAFb89C3079F,1,5,f9f4887748f1828c6038d7dc1e488baaf8ad13777b6bd518b26d70e9f20e76de,True
D:\PHD\بابل\2024\Research Reco\الجزء الثاني\Douban Reco\4 ايصال التوصيات بضمنها العقد\03_outputs\RECOMMENDATION_DELIVERY_TOP5_V1\payloads\community_84\user_2499_community_84_v1_top5_payload.json,84,0xEe984b8A374aF1dE0Fe456aAbd8128d4920c8958,1,5,27c8d2194b8157f74a42ac8ec6d16bdebb57495765ca07ed2a2a107092a9eaee,True
D:\PHD\بابل\2024\Research Reco\الجزء الثاني\Douban Reco\4 ايصال التوصيات بضمنها العقد\03_outputs\RECOMMENDATION_DELIVERY_TOP5_V1\payloads\community_84\user_2504_community_84_v1_top5_payload.json,84,0xb13c8F9E8EF5F2fAE2E91Ef1AD9C91B7d2669e14,1,5,55b785261d615a2b9d4d95007e1291b2dcee6b42fec3fcc741a8d6dc3fb4dcb6,True
D:\PHD\بابل\2024\Research Reco\الجزء الثاني\Douban Reco\4 ايصال التوصيات بضمنها العقد\03_outputs\RECOMMENDATION_DELIVERY_TOP5_V1\payloads\community_84\user_2522_community_84_v1_top5_payload.json,84,0x0c96cf0c352D6EB029e1F39Bae3e84FeF5144129,1,5,55e4a7f101898491da505cadb3c822a3e74441877bdd74b77aa671045bf3b36c,True
D:\PHD\بابل\2024\Research Reco\الجزء الثاني\Douban Reco\4 ايصال التوصيات بضمنها العقد\03_outputs\RECOMMENDATION_DELIVERY_TOP5_V1\payloads\community_84\user_2574_community_84_v1_top5_payload.json,84,0xdA82da15C34B1C9B07CE7d6E7EBDf361eD80Fc4b,1,5,8c9f14b1712b0a3c7675ab3317cde7b7a4272bad074af4671a8b60b17938c97b,True
D:\PHD\بابل\2024\Research Reco\الجزء الثاني\Douban Reco\4 ايصال التوصيات بضمنها العقد\03_outputs\RECOMMENDATION_DELIVERY_TOP5_V1\payloads\community_84\user_2644_community_84_v1_top5_payload.json,84,0xb094ADc175c1AE039859271f71498950C548FfC9,1,5,45239dc727ef570bed47820e14dc7de2760ed2948d5a7b740362e2732d93d8e0,True
D:\PHD\بابل\2024\Research Reco\الجزء الثاني\Douban Reco\4 ايصال التوصيات بضمنها العقد\03_outputs\RECOMMENDATION_DELIVERY_TOP5_V1\payloads\community_84\user_2645_community_84_v1_top5_payload.json,84,0xAB7545f666D49F22f52CD1cc7E42853c4b177c1B,1,5,e405b310c9396a06660c491811f25089ffe2a1079da58eb1dc00a0bba8e5bf2f,True
D:\PHD\بابل\2024\Research Reco\الجزء الثاني\Douban Reco\4 ايصال التوصيات بضمنها العقد\03_outputs\RECOMMENDATION_DELIVERY_TOP5_V1\payloads\community_84\user_2708_community_84_v1_top5_payload.json,84,0xe2B960EF875C8FAf0F0F25308Ac4C5E1233Eb88D,1,5,cdd1cbcfc0ec78009626aac3a28b3312819af69db8dc3fea96b39ba902fdf194,True
D:\PHD\بابل\2024\Research Reco\الجزء الثاني\Douban Reco\4 ايصال التوصيات بضمنها العقد\03_outputs\RECOMMENDATION_DELIVERY_TOP5_V1\payloads\community_84\user_2710_community_84_v1_top5_payload.json,84,0x406DbF3f9b9a9235f18f28ceDC15FAfE59491ec5,1,5,4eccf5c0b16ee9484c3b2be42a4199143f9ba0410345bfb838f3ab8e52169d4e,True
D:\PHD\بابل\2024\Research Reco\الجزء الثاني\Douban Reco\4 ايصال التوصيات بضمنها العقد\03_outputs\RECOMMENDATION_DELIVERY_TOP5_V1\payloads\community_84\user_2715_community_84_v1_top5_payload.json,84,0xe24294acEaF2FCB8188495c813B7A96441F984f5,1,5,1f5d48140f9c5469deaa5b524a03b1351fba104a364d477537552ac30213ffec,True
D:\PHD\بابل\2024\Research Reco\الجزء الثاني\Douban Reco\4 ايصال التوصيات بضمنها العقد\03_outputs\RECOMMENDATION_DELIVERY_TOP5_V1\payloads\community_84\user_2728_community_84_v1_top5_payload.json,84,0x36F9B2E0A55206a3946C60bA04A782CBd3fA71CD,1,5,b75f9c719e6ef6288679ac0feeae0a8aec9d20716340f958d2f6c145a457ff05,True
D:\PHD\بابل\2024\Research Reco\الجزء الثاني\Douban Reco\4 ايصال التوصيات بضمنها العقد\03_outputs\RECOMMENDATION_DELIVERY_TOP5_V1\payloads\community_84\user_2746_community_84_v1_top5_payload.json,84,0x5204E00C8EC3E406e77f3EB6Fb77522eEaF4254D,1,5,cfaf9501656b8169c8bc6413db9fe16db9d8e0f13dfa9ac00d5ff6e8b028d48b,True
D:\PHD\بابل\2024\Research Reco\الجزء الثاني\Douban Reco\4 ايصال التوصيات بضمنها العقد\03_outputs\RECOMMENDATION_DELIVERY_TOP5_V1\payloads\community_84\user_2853_community_84_v1_top5_payload.json,84,0xa79ad55171df576bf1d3Db6D5BB3c844a49f1085,1,5,1549bb6495bd41dfbb971082026951596e136cf563298d8e48cf7727654f07b1,True
D:\PHD\بابل\2024\Research Reco\الجزء الثاني\Douban Reco\4 ايصال التوصيات بضمنها العقد\03_outputs\RECOMMENDATION_DELIVERY_TOP5_V1\payloads\community_84\user_2856_community_84_v1_top5_payload.json,84,0xc0Aed83aBf1D34B245e62498Bb669149a8d67eD6,1,5,2ed04e2e8997fa19ff954b82facd04a80d978f53b533016977da1a9ef21c71cf,True
D:\PHD\بابل\2024\Research Reco\الجزء الثاني\Douban Reco\4 ايصال التوصيات بضمنها العقد\03_outputs\RECOMMENDATION_DELIVERY_TOP5_V1\payloads\community_84\user_2962_community_84_v1_top5_payload.json,84,0xD826764224A35107c595A8a5e0bba1aa28a6f4a8,1,5,734bdee65032a2039a29258b5598f61cb0b7668e803ebbdc573aacc6f8727e8a,True
D:\PHD\بابل\2024\Research Reco\الجزء الثاني\Douban Reco\4 ايصال التوصيات بضمنها العقد\03_outputs\RECOMMENDATION_DELIVERY_TOP5_V1\payloads\community_84\user_2966_community_84_v1_top5_payload.json,84,0x0a8913C7EC2d6048be20D7F2F909A728001AcA89,1,5,b2b48e55ddc7cdc56c1c647c645234e609194ba57a697d79e5dfd7a29e435c27,True
D:\PHD\بابل\2024\Research Reco\الجزء الثاني\Douban Reco\4 ايصال التوصيات بضمنها العقد\03_outputs\RECOMMENDATION_DELIVERY_TOP5_V1\payloads\community_84\user_2975_community_84_v1_top5_payload.json,84,0x4fAD4e2Ad772eb81E8C1Edc2c3ae21ad6150c173,1,5,42fc53a8af08c409e35d1e0507422f8df1e659a7adf9efbe156a241a30f4df53,True
D:\PHD\بابل\2024\Research Reco\الجزء الثاني\Douban Reco\4 ايصال التوصيات بضمنها العقد\03_outputs\RECOMMENDATION_DELIVERY_TOP5_V1\payloads\community_84\user_314_community_84_v1_top5_payload.json,84,0xA967B29F29592190e28c2C5b96C38204df3D8A87,1,5,d56c0af778ceb95c6cf21c571060edffc7516cf5c5f7cc279e432cdf4739b378,True
D:\PHD\بابل\2024\Research Reco\الجزء الثاني\Douban Reco\4 ايصال التوصيات بضمنها العقد\03_outputs\RECOMMENDATION_DELIVERY_TOP5_V1\payloads\community_84\user_330_community_84_v1_top5_payload.json,84,0x180b0577A7b2E6499936e585E94c58E999836BDA,1,5,5e0939c42ae12b5868d9fe756a002220ec7a7c5eb489b1dbf9a7b6db47bca28e,True
D:\PHD\بابل\2024\Research Reco\الجزء الثاني\Douban Reco\4 ايصال التوصيات بضمنها العقد\03_outputs\RECOMMENDATION_DELIVERY_TOP5_V1\payloads\community_84\user_351_community_84_v1_top5_payload.json,84,0xa932383e5E397c08C95d9FDa684D54E08f038A05,1,5,fa76cc7c89c86b216bbd10f98d451fcb9d5dc45977208359cb62ec1ca643cf10,True
D:\PHD\بابل\2024\Research Reco\الجزء الثاني\Douban Reco\4 ايصال التوصيات بضمنها العقد\03_outputs\RECOMMENDATION_DELIVERY_TOP5_V1\payloads\community_84\user_356_community_84_v1_top5_payload.json,84,0x4F39abA9A9b425511d31F063b0bB6ad64a6991D6,1,5,281ee978ca5f1becc0af8b4b7445f19f22386c6c38d15b5fb4e4d13a1594eff8,True
D:\PHD\بابل\2024\Research Reco\الجزء الثاني\Douban Reco\4 ايصال التوصيات بضمنها العقد\03_outputs\RECOMMENDATION_DELIVERY_TOP5_V1\payloads\community_84\user_377_community_84_v1_top5_payload.json,84,0x7AE8021acD861227Aa6A773eA2DC72dF83aa9990,1,5,331d4e1b5ee527d2c2d27e2a4148bde67647c9d0125c054e6b723d9115bfec22,True
D:\PHD\بابل\2024\Research Reco\الجزء الثاني\Douban Reco\4 ايصال التوصيات بضمنها العقد\03_outputs\RECOMMENDATION_DELIVERY_TOP5_V1\payloads\community_84\user_37_community_84_v1_top5_payload.json,84,0xf5C80f7A694A4Af36A28a7bF6b24860235d9df0F,1,5,be8f46e31bd9d9620ea0cc4e75dc48a9f110081ae6322d4b3c238568c5a7ed7d,True
D:\PHD\بابل\2024\Research Reco\الجزء الثاني\Douban Reco\4 ايصال التوصيات بضمنها العقد\03_outputs\RECOMMENDATION_DELIVERY_TOP5_V1\payloads\community_84\user_407_community_84_v1_top5_payload.json,84,0x7a6DCd7532b547a7A5f73219ea97833240C26223,1,5,b6f6d2f421b76f04642026b7f8d72a7f6c2479e38702fcd1ea25e20a2a93fec8,True
D:\PHD\بابل\2024\Research Reco\الجزء الثاني\Douban Reco\4 ايصال التوصيات بضمنها العقد\03_outputs\RECOMMENDATION_DELIVERY_TOP5_V1\payloads\community_84\user_430_community_84_v1_top5_payload.json,84,0x4ff713ca435d4cD3C3bC3F769C2c5A1A2a45Aa8F,1,5,499b624e10d4f89fcd74371db2a1f2cfcf6fae88c557df1014caa27749b1f1cc,True
D:\PHD\بابل\2024\Research Reco\الجزء الثاني\Douban Reco\4 ايصال التوصيات بضمنها العقد\03_outputs\RECOMMENDATION_DELIVERY_TOP5_V1\payloads\community_84\user_552_community_84_v1_top5_payload.json,84,0x8B64ecfF93BDdB7780cafC8519Bd74B851C8A371,1,5,4d46919c34f93c354a64232b110b29d6b4e796e473305d88ea62af2421939dbd,True
D:\PHD\بابل\2024\Research Reco\الجزء الثاني\Douban Reco\4 ايصال التوصيات بضمنها العقد\03_outputs\RECOMMENDATION_DELIVERY_TOP5_V1\payloads\community_84\user_577_community_84_v1_top5_payload.json,84,0xF706e119Fe35DbAF5521F1C7fFb2bBB105c0683D,1,5,426e1b8de4116547381a1b7232cd27c0fdd4f28d6cc1e209a41e812832e33183,True
D:\PHD\بابل\2024\Research Reco\الجزء الثاني\Douban Reco\4 ايصال التوصيات بضمنها العقد\03_outputs\RECOMMENDATION_DELIVERY_TOP5_V1\payloads\community_84\user_627_community_84_v1_top5_payload.json,84,0xC958d275a1068Be195E09A53216D9bE3F247661c,1,5,adcee235379cafe79593eb5cf8b146e72bcb0b0fb4b6e9036e45a171d992d6d7,True
D:\PHD\بابل\2024\Research Reco\الجزء الثاني\Douban Reco\4 ايصال التوصيات بضمنها العقد\03_outputs\RECOMMENDATION_DELIVERY_TOP5_V1\payloads\community_84\user_631_community_84_v1_top5_payload.json,84,0x209CA5dB45C736E400DdE2959fec2d91aD1A3596,1,5,caa9b2afd63db6f45a84ed01972f4635824e4b6680d639f43137ffacd5031274,True
D:\PHD\بابل\2024\Research Reco\الجزء الثاني\Douban Reco\4 ايصال التوصيات بضمنها العقد\03_outputs\RECOMMENDATION_DELIVERY_TOP5_V1\payloads\community_84\user_681_community_84_v1_top5_payload.json,84,0xa60d2655539cE867231c2DF737de301cf856a5d0,1,5,1982a768f0b62cac4816322d3d0dbfac6f08d891a7950148e736b9fc659a916f,True
D:\PHD\بابل\2024\Research Reco\الجزء الثاني\Douban Reco\4 ايصال التوصيات بضمنها العقد\03_outputs\RECOMMENDATION_DELIVERY_TOP5_V1\payloads\community_84\user_692_community_84_v1_top5_payload.json,84,0xe6b65a978D453Bf9Bbd25ef97faBfD1131E59371,1,5,16900ad823ebf593d2fd4a203cf759fbd833dfe2126d041199dd3c6522a6e616,True
D:\PHD\بابل\2024\Research Reco\الجزء الثاني\Douban Reco\4 ايصال التوصيات بضمنها العقد\03_outputs\RECOMMENDATION_DELIVERY_TOP5_V1\payloads\community_84\user_696_community_84_v1_top5_payload.json,84,0x64Aa046A39c6A91E128E9b4A2762A1842FCBe859,1,5,5b5a1399e788fb95f2b0aa0ac8cded4eab1ec8bf4e56722a5172fccb3e23c06d,True
D:\PHD\بابل\2024\Research Reco\الجزء الثاني\Douban Reco\4 ايصال التوصيات بضمنها العقد\03_outputs\RECOMMENDATION_DELIVERY_TOP5_V1\payloads\community_84\user_704_community_84_v1_top5_payload.json,84,0xE18554b50970EdCbe89027c5BD48E998e56B56A2,1,5,3e7e9f8209bdd5c1a9ebaa9a2559cb3a64bdc68f05c1cd96005f3c82f06bce9e,True
D:\PHD\بابل\2024\Research Reco\الجزء الثاني\Douban Reco\4 ايصال التوصيات بضمنها العقد\03_outputs\RECOMMENDATION_DELIVERY_TOP5_V1\payloads\community_84\user_744_community_84_v1_top5_payload.json,84,0xDeb143F81647Fb91f02D0EE192206231606Be24C,1,5,8aa7df1b6aecc0f3e91c70d6f6f354138ad9f8f90acd6257b8dc8b3bfd43d98f,True
D:\PHD\بابل\2024\Research Reco\الجزء الثاني\Douban Reco\4 ايصال التوصيات بضمنها العقد\03_outputs\RECOMMENDATION_DELIVERY_TOP5_V1\payloads\community_84\user_756_community_84_v1_top5_payload.json,84,0x8c52437Bcb72349Fa4e7B2eFb4Fe38a8FB76aa93,1,5,9db87585ab091544332a30bd62a12610b35c40a4cccdf9cf932b19fd21abe393,True
D:\PHD\بابل\2024\Research Reco\الجزء الثاني\Douban Reco\4 ايصال التوصيات بضمنها العقد\03_outputs\RECOMMENDATION_DELIVERY_TOP5_V1\payloads\community_84\user_77_community_84_v1_top5_payload.json,84,0x37C8183C240f8355f4a871FA1BCF0f3Cd9A0EB37,1,5,a7478de663c6ac000f693f6794018ddcd9d9f1da8d9e38f1a318dc9c942a47d1,True
D:\PHD\بابل\2024\Research Reco\الجزء الثاني\Douban Reco\4 ايصال التوصيات بضمنها العقد\03_outputs\RECOMMENDATION_DELIVERY_TOP5_V1\payloads\community_84\user_787_community_84_v1_top5_payload.json,84,0x118dbA90773f8cC6a805587f5d1B9A1740f63258,1,5,94fb870d0d6df5e040528985541f2cab3ebeb9a44ba084e8589fb6bb04f653d2,True
D:\PHD\بابل\2024\Research Reco\الجزء الثاني\Douban Reco\4 ايصال التوصيات بضمنها العقد\03_outputs\RECOMMENDATION_DELIVERY_TOP5_V1\payloads\community_84\user_795_community_84_v1_top5_payload.json,84,0x1D1e887886cDd89E14666A8b585152D5c282A9F4,1,5,5615fe6dfd43cc6d6464496a47e89089a8d9dafcd77352cb29b73fa144c7c003,True
D:\PHD\بابل\2024\Research Reco\الجزء الثاني\Douban Reco\4 ايصال التوصيات بضمنها العقد\03_outputs\RECOMMENDATION_DELIVERY_TOP5_V1\payloads\community_84\user_828_community_84_v1_top5_payload.json,84,0xe27d29A11fac4f2585D073d3915D49fc1A52A0e3,1,5,125e93e38a7f2906df985731ecba4d744b3e1c5a20150746dcf7cb7b512fd4e2,True
D:\PHD\بابل\2024\Research Reco\الجزء الثاني\Douban Reco\4 ايصال التوصيات بضمنها العقد\03_outputs\RECOMMENDATION_DELIVERY_TOP5_V1\payloads\community_84\user_836_community_84_v1_top5_payload.json,84,0xF08E4314350f1e766cab12C72eE2bfB86C252330,1,5,9b5ce61e8a8b5444dd4e431975defd232b576cb66019382db646b09931809504,True
D:\PHD\بابل\2024\Research Reco\الجزء الثاني\Douban Reco\4 ايصال التوصيات بضمنها العقد\03_outputs\RECOMMENDATION_DELIVERY_TOP5_V1\payloads\community_84\user_910_community_84_v1_top5_payload.json,84,0x32c4fD3DFb26E8532120B057696007391e5Ae42C,1,5,97cbb82f3400e48a7fd441480f34880b390559ffd7fbf9e803a9b6c5a82bd4fc,True
D:\PHD\بابل\2024\Research Reco\الجزء الثاني\Douban Reco\4 ايصال التوصيات بضمنها العقد\03_outputs\RECOMMENDATION_DELIVERY_TOP5_V1\payloads\community_84\user_937_community_84_v1_top5_payload.json,84,0x51ac42BF85a810F0b633D185771Ee7fe8928fa43,1,5,0ce8481ad135f0ca2911b3462038a04799891cd61e4ed21e8b575e80616b744e,True
D:\PHD\بابل\2024\Research Reco\الجزء الثاني\Douban Reco\4 ايصال التوصيات بضمنها العقد\03_outputs\RECOMMENDATION_DELIVERY_TOP5_V1\payloads\community_84\user_940_community_84_v1_top5_payload.json,84,0x7F0031Be38576944294B682b410078cF540C4898,1,5,462a6cf314194c5bd6979751a84345114289f1427e8e88c8cdb3304e12eda4eb,True
D:\PHD\بابل\2024\Research Reco\الجزء الثاني\Douban Reco\4 ايصال التوصيات بضمنها العقد\03_outputs\RECOMMENDATION_DELIVERY_TOP5_V1\payloads\community_84\user_972_community_84_v1_top5_payload.json,84,0xfB4af6F7E2E6E5746e4E0A42949d296bAC7466C1,1,5,53b9601d4e5816ed0849f38b83e36dd87eee2468e1213bde8d4f20230a0fe43b,True
D:\PHD\بابل\2024\Research Reco\الجزء الثاني\Douban Reco\4 ايصال التوصيات بضمنها العقد\03_outputs\RECOMMENDATION_DELIVERY_TOP5_V1\payloads\community_84\user_98_community_84_v1_top5_payload.json,84,0x43F22053FD2F2513EC83D0aE79C3A802BAE5b94C,1,5,e294dc24db113b3e6adcd7c8c482fcafd7bd6b7e887f9f1ca77d40836fd16ffa,True
D:\PHD\بابل\2024\Research Reco\الجزء الثاني\Douban Reco\4 ايصال التوصيات بضمنها العقد\03_outputs\RECOMMENDATION_DELIVERY_TOP5_V1\payloads\community_96\user_1000_community_96_v1_top5_payload.json,96,0x9AA4004d540E0Ce9E7959300a38Ca22512934736,1,5,002b132a392fa9c5f19e06128e8213ea893b9b8b2f8d3aff0d02963f7713c335,True
D:\PHD\بابل\2024\Research Reco\الجزء الثاني\Douban Reco\4 ايصال التوصيات بضمنها العقد\03_outputs\RECOMMENDATION_DELIVERY_TOP5_V1\payloads\community_96\user_1011_community_96_v1_top5_payload.json,96,0xAf749C389de8661857815bcBBf5bA738E21C883D,1,5,b001321e1b9ca8198485c9a7119889c9e28a98165a187c3fc76585284ff565d7,True
D:\PHD\بابل\2024\Research Reco\الجزء الثاني\Douban Reco\4 ايصال التوصيات بضمنها العقد\03_outputs\RECOMMENDATION_DELIVERY_TOP5_V1\payloads\community_96\user_101_community_96_v1_top5_payload.json,96,0x53EC9b1655bd7cd12c6A61B14416E8e869d0A2b3,1,5,1bdb2d5b8fdd7ac23f1a86df72477865670cd57a82ef0173c7c1b2c7a6aefbd8,True
D:\PHD\بابل\2024\Research Reco\الجزء الثاني\Douban Reco\4 ايصال التوصيات بضمنها العقد\03_outputs\RECOMMENDATION_DELIVERY_TOP5_V1\payloads\community_96\user_1060_community_96_v1_top5_payload.json,96,0xfED604f9b85cc15f30695Ad4cD740Ff15801aEdc,1,5,c13300738b8013c92b7c25b5381575025b5955cff15e9f66219052ef3e163d0d,True
D:\PHD\بابل\2024\Research Reco\الجزء الثاني\Douban Reco\4 ايصال التوصيات بضمنها العقد\03_outputs\RECOMMENDATION_DELIVERY_TOP5_V1\payloads\community_96\user_1069_community_96_v1_top5_payload.json,96,0xc454577B327081FF2faB806ba7c23223233FA9f3,1,5,79bfad0113429b78297e6cf0f20bdab258f0dfb08f200c6decc661be42cf5ce7,True
D:\PHD\بابل\2024\Research Reco\الجزء الثاني\Douban Reco\4 ايصال التوصيات بضمنها العقد\03_outputs\RECOMMENDATION_DELIVERY_TOP5_V1\payloads\community_96\user_1085_community_96_v1_top5_payload.json,96,0xa805CacCDa72556627Cb665A07eF9132AC6B7b44,1,5,3f61c76a12cd6b95e9eb85ee05fac1fbc2ee78670d2bd6610be214592d10c826,True
D:\PHD\بابل\2024\Research Reco\الجزء الثاني\Douban Reco\4 ايصال التوصيات بضمنها العقد\03_outputs\RECOMMENDATION_DELIVERY_TOP5_V1\payloads\community_96\user_1088_community_96_v1_top5_payload.json,96,0x874eD5D80819678433485f29CC066ae79571f341,1,5,d08b7a9eda93f7e3f0876bf4d4d4dd4fdccb3789f62cfe75b5633bb89444b8d8,True
D:\PHD\بابل\2024\Research Reco\الجزء الثاني\Douban Reco\4 ايصال التوصيات بضمنها العقد\03_outputs\RECOMMENDATION_DELIVERY_TOP5_V1\payloads\community_96\user_1102_community_96_v1_top5_payload.json,96,0x73Dcd8E487a753C3949d18cec7Da82A1dcFb4f0E,1,5,d307faabc17c07834b7c8aff3d02633c42b09f570583c989dc03beeb258a9f34,True
D:\PHD\بابل\2024\Research Reco\الجزء الثاني\Douban Reco\4 ايصال التوصيات بضمنها العقد\03_outputs\RECOMMENDATION_DELIVERY_TOP5_V1\payloads\community_96\user_1125_community_96_v1_top5_payload.json,96,0x23Fc9ECEB52c200E04Bd3dDC4B109E00b9844D57,1,5,48eb1a57143da44e8982db7b40adc054542a198d50b9b34f26b32c24502b7d24,True
D:\PHD\بابل\2024\Research Reco\الجزء الثاني\Douban Reco\4 ايصال التوصيات بضمنها العقد\03_outputs\RECOMMENDATION_DELIVERY_TOP5_V1\payloads\community_96\user_1129_community_96_v1_top5_payload.json,96,0x46eA34e682068041A0699F08efFC3D7004C84f0F,1,5,ffd9b38cd5056d0907388457c9bc5660dc65efc1fd957cbce0e718f2edeb5576,True
D:\PHD\بابل\2024\Research Reco\الجزء الثاني\Douban Reco\4 ايصال التوصيات بضمنها العقد\03_outputs\RECOMMENDATION_DELIVERY_TOP5_V1\payloads\community_96\user_1140_community_96_v1_top5_payload.json,96,0xc7e13AD66b9872AA033554EE409D1748bEb74f8f,1,5,597055c8ed5f9e467e054c6f2dd413fb1e092d441b749079e7262ef588dea30e,True
D:\PHD\بابل\2024\Research Reco\الجزء الثاني\Douban Reco\4 ايصال التوصيات بضمنها العقد\03_outputs\RECOMMENDATION_DELIVERY_TOP5_V1\payloads\community_96\user_115_community_96_v1_top5_payload.json,96,0x58B1eF33B0b9c0b5226282942794e2Fca8d9af82,1,5,d2db31e0402b000a155e36d53960719c5b771dbe5253d05d2253c57a57772e43,True
D:\PHD\بابل\2024\Research Reco\الجزء الثاني\Douban Reco\4 ايصال التوصيات بضمنها العقد\03_outputs\RECOMMENDATION_DELIVERY_TOP5_V1\payloads\community_96\user_1195_community_96_v1_top5_payload.json,96,0x4C8aAD6eAdecf0b6F341c4e88ABf2e903283AdD6,1,5,9f12318beb5b7c3566ab33a0aa878c227223c70c178c1399ddc785eb818656c4,True
D:\PHD\بابل\2024\Research Reco\الجزء الثاني\Douban Reco\4 ايصال التوصيات بضمنها العقد\03_outputs\RECOMMENDATION_DELIVERY_TOP5_V1\payloads\community_96\user_1197_community_96_v1_top5_payload.json,96,0x7885934eec9cDcC70F2dbF85162189d55E5889EC,1,5,db6f7e951c1148f4db88f34f24df61f46bd9ca0604bc9d9826b5822f151b8dc1,True
D:\PHD\بابل\2024\Research Reco\الجزء الثاني\Douban Reco\4 ايصال التوصيات بضمنها العقد\03_outputs\RECOMMENDATION_DELIVERY_TOP5_V1\payloads\community_96\user_1287_community_96_v1_top5_payload.json,96,0x71cCf3faeC2dd807b2E65c0071BBc7467888DF17,1,5,7a592ff58a5df6594980ba18cb28cacc951654379c9e2cd20ceda1b95148c8fd,True
D:\PHD\بابل\2024\Research Reco\الجزء الثاني\Douban Reco\4 ايصال التوصيات بضمنها العقد\03_outputs\RECOMMENDATION_DELIVERY_TOP5_V1\payloads\community_96\user_1330_community_96_v1_top5_payload.json,96,0x7f706303178a2250E00AA0deD57b6125925DBC9C,1,5,80224a7dfa77b173d2e49e25095e6753c85ddf4f0ac414816929a1ee68defcda,True
D:\PHD\بابل\2024\Research Reco\الجزء الثاني\Douban Reco\4 ايصال التوصيات بضمنها العقد\03_outputs\RECOMMENDATION_DELIVERY_TOP5_V1\payloads\community_96\user_1334_community_96_v1_top5_payload.json,96,0x6F2611eC0860da64c8E8Cb10422860F056a056FE,1,5,f1c96e9f42fa968247d938deeacc2f8d943726d8b4ffbe8365a7456b07c0acdb,True
D:\PHD\بابل\2024\Research Reco\الجزء الثاني\Douban Reco\4 ايصال التوصيات بضمنها العقد\03_outputs\RECOMMENDATION_DELIVERY_TOP5_V1\payloads\community_96\user_1335_community_96_v1_top5_payload.json,96,0x7C12f97eDFee23F8382bb03c64197D4ebBe17851,1,5,5939ab3b5e89f0160d422a422595c8f5edc5408fcc320b3ad9c2fec764e8cc32,True
D:\PHD\بابل\2024\Research Reco\الجزء الثاني\Douban Reco\4 ايصال التوصيات بضمنها العقد\03_outputs\RECOMMENDATION_DELIVERY_TOP5_V1\payloads\community_96\user_133_community_96_v1_top5_payload.json,96,0x2c6AB186729bf9520FBA250ed5e171f55f8A13eb,1,5,66cefa0994127c1e1f6720d2df706fd8339faf28f8bdfd2d46e6fc26bedf8baf,True
D:\PHD\بابل\2024\Research Reco\الجزء الثاني\Douban Reco\4 ايصال التوصيات بضمنها العقد\03_outputs\RECOMMENDATION_DELIVERY_TOP5_V1\payloads\community_96\user_1374_community_96_v1_top5_payload.json,96,0x9BC7e4ed67B837e3359f35099b3e340e1B148fAd,1,5,be1bb6680011b6a317f659fe5985698e05bea5a0f920383b8a0b09449c8d77f0,True
D:\PHD\بابل\2024\Research Reco\الجزء الثاني\Douban Reco\4 ايصال التوصيات بضمنها العقد\03_outputs\RECOMMENDATION_DELIVERY_TOP5_V1\payloads\community_96\user_1380_community_96_v1_top5_payload.json,96,0xbAC2079Cf71CDEc55DbB39Aac356b85bEd50097f,1,5,66e30040f6e46ca5157bad05742f5a064271ff2ca8e9cfa70be53db90308d519,True
D:\PHD\بابل\2024\Research Reco\الجزء الثاني\Douban Reco\4 ايصال التوصيات بضمنها العقد\03_outputs\RECOMMENDATION_DELIVERY_TOP5_V1\payloads\community_96\user_1384_community_96_v1_top5_payload.json,96,0xa4973F896139088aA36f96FDB07a0A00623Cd8Bf,1,5,57f6727f8f258d9422538cb2b091d3ec6d01a22ecc334f7e1ed9401d53894a51,True
D:\PHD\بابل\2024\Research Reco\الجزء الثاني\Douban Reco\4 ايصال التوصيات بضمنها العقد\03_outputs\RECOMMENDATION_DELIVERY_TOP5_V1\payloads\community_96\user_1385_community_96_v1_top5_payload.json,96,0xD64EF057379AaCf82f996E48CaB710a8307aA5E2,1,5,52b140c10882f84e2c21912d179a3e34a52e5ac91a651943496dfcbc1575d232,True
D:\PHD\بابل\2024\Research Reco\الجزء الثاني\Douban Reco\4 ايصال التوصيات بضمنها العقد\03_outputs\RECOMMENDATION_DELIVERY_TOP5_V1\payloads\community_96\user_1401_community_96_v1_top5_payload.json,96,0xFC6236D4e8a29D8c1950E715d76797cAe45520d9,1,5,dc508d1d690541460a1cedf23d69814e77e03f8946465fbf4c3b284cc8dd512d,True
D:\PHD\بابل\2024\Research Reco\الجزء الثاني\Douban Reco\4 ايصال التوصيات بضمنها العقد\03_outputs\RECOMMENDATION_DELIVERY_TOP5_V1\payloads\community_96\user_1410_community_96_v1_top5_payload.json,96,0x74250d4124eCD8Ede0FfE7cb88c5E7b840624288,1,5,c14a108dc7a2022e4a25eab2e907f6e51872f8943edf5d8170db9d1373233133,True
D:\PHD\بابل\2024\Research Reco\الجزء الثاني\Douban Reco\4 ايصال التوصيات بضمنها العقد\03_outputs\RECOMMENDATION_DELIVERY_TOP5_V1\payloads\community_96\user_1448_community_96_v1_top5_payload.json,96,0x1548f26e3D44C6571fE83759F2e87c63B4ba1D4B,1,5,42e5f02ce37cc08d1cfc09861863212fccde927fae850c4d431e952fc94d6c92,True
D:\PHD\بابل\2024\Research Reco\الجزء الثاني\Douban Reco\4 ايصال التوصيات بضمنها العقد\03_outputs\RECOMMENDATION_DELIVERY_TOP5_V1\payloads\community_96\user_1484_community_96_v1_top5_payload.json,96,0x5fC098e117CA6B835e84D6dC7792679E81dA5549,1,5,9368913f5751092f2f7c25b4b6f3800b25e8e5a811a98c12dd8bd9817e35df75,True
D:\PHD\بابل\2024\Research Reco\الجزء الثاني\Douban Reco\4 ايصال التوصيات بضمنها العقد\03_outputs\RECOMMENDATION_DELIVERY_TOP5_V1\payloads\community_96\user_1524_community_96_v1_top5_payload.json,96,0xFC0072A905271AdF003376d650d9Dd4280f50241,1,5,124e5e4a9533b3afed7c265690426348b660a45f763fa831fc9027c1dbc0fc69,True
D:\PHD\بابل\2024\Research Reco\الجزء الثاني\Douban Reco\4 ايصال التوصيات بضمنها العقد\03_outputs\RECOMMENDATION_DELIVERY_TOP5_V1\payloads\community_96\user_1586_community_96_v1_top5_payload.json,96,0xD353cb9325D940Be7e6b34728e195C239a30694d,1,5,401c20454e101be3be92acf65e30e4f72c29089aaa01b476044d014296d45f37,True
D:\PHD\بابل\2024\Research Reco\الجزء الثاني\Douban Reco\4 ايصال التوصيات بضمنها العقد\03_outputs\RECOMMENDATION_DELIVERY_TOP5_V1\payloads\community_96\user_161_community_96_v1_top5_payload.json,96,0x4D62C08b728067B8CAdDD4a119aA6879Dfd8466D,1,5,84125404ad91070031bb75ec27155a4c6d9c9045ff3ff1ea694cb3cf233283cf,True
D:\PHD\بابل\2024\Research Reco\الجزء الثاني\Douban Reco\4 ايصال التوصيات بضمنها العقد\03_outputs\RECOMMENDATION_DELIVERY_TOP5_V1\payloads\community_96\user_1630_community_96_v1_top5_payload.json,96,0x2C2215a0BCb2F43dE0314026236A1bB4DD136331,1,5,ac601464ded532cbe40dca7a24b98062120d06ee73c530ceffeb9ecb30674b94,True
D:\PHD\بابل\2024\Research Reco\الجزء الثاني\Douban Reco\4 ايصال التوصيات بضمنها العقد\03_outputs\RECOMMENDATION_DELIVERY_TOP5_V1\payloads\community_96\user_1641_community_96_v1_top5_payload.json,96,0x19863c4CA0b914A5DE91f481D036081A9ecBA0Df,1,5,6586cde57a8f44992f50bf8533671c970fee3c38cf5a8daa92847c0c45cded7e,True
D:\PHD\بابل\2024\Research Reco\الجزء الثاني\Douban Reco\4 ايصال التوصيات بضمنها العقد\03_outputs\RECOMMENDATION_DELIVERY_TOP5_V1\payloads\community_96\user_1647_community_96_v1_top5_payload.json,96,0x09B89B5C0bEb6d718A9CAc9860BF61Ebcc61D53D,1,5,da470a364f64ae990bdeaac2342b03c8b9731410e01cb0f39f564d1958b92b78,True
D:\PHD\بابل\2024\Research Reco\الجزء الثاني\Douban Reco\4 ايصال التوصيات بضمنها العقد\03_outputs\RECOMMENDATION_DELIVERY_TOP5_V1\payloads\community_96\user_1651_community_96_v1_top5_payload.json,96,0x7df5dAA92f90F5bA64A14E73879B3c628595bFe4,1,5,b1338343beab14d2d007a6a9b557dd3310e8a13f1a8f73b8ffe279a88034b6bc,True
D:\PHD\بابل\2024\Research Reco\الجزء الثاني\Douban Reco\4 ايصال التوصيات بضمنها العقد\03_outputs\RECOMMENDATION_DELIVERY_TOP5_V1\payloads\community_96\user_1738_community_96_v1_top5_payload.json,96,0xf4216CF2f3415E15878CAd33257ddcdfec6F3e8A,1,5,8f90c245b3a524c03280f02243fc6f414ccd27aedbd2b81c7f373d102db83a2f,True
D:\PHD\بابل\2024\Research Reco\الجزء الثاني\Douban Reco\4 ايصال التوصيات بضمنها العقد\03_outputs\RECOMMENDATION_DELIVERY_TOP5_V1\payloads\community_96\user_1824_community_96_v1_top5_payload.json,96,0xa38F8948fC656D6827583E2C5b64315e2176527d,1,5,7e3211260c1303c46c7af1847ed9e49ed18a0e90358e2c0cb992867045e88a5e,True
D:\PHD\بابل\2024\Research Reco\الجزء الثاني\Douban Reco\4 ايصال التوصيات بضمنها العقد\03_outputs\RECOMMENDATION_DELIVERY_TOP5_V1\payloads\community_96\user_1843_community_96_v1_top5_payload.json,96,0xdCaD8c2a12d25619B3A06817B4340061F8A7311D,1,5,3c759adf5bf75f1958e5183c72d6554500e4e9521edc57fa5865e880b0ca3196,True
D:\PHD\بابل\2024\Research Reco\الجزء الثاني\Douban Reco\4 ايصال التوصيات بضمنها العقد\03_outputs\RECOMMENDATION_DELIVERY_TOP5_V1\payloads\community_96\user_1854_community_96_v1_top5_payload.json,96,0xf6F5736F966E5542AD8156C84d1D5393487a0f98,1,5,2def1e8f2164129819451e3f585978945108121d2183f32a308bb508b1c284f1,True
D:\PHD\بابل\2024\Research Reco\الجزء الثاني\Douban Reco\4 ايصال التوصيات بضمنها العقد\03_outputs\RECOMMENDATION_DELIVERY_TOP5_V1\payloads\community_96\user_1859_community_96_v1_top5_payload.json,96,0x4d8744527935515fa9E045dB7Ca57ABc9b3E5b66,1,5,1f30111afdac3707a1c7c77116987c1f8ab69cce513a1ab212dd8b845f972f44,True
D:\PHD\بابل\2024\Research Reco\الجزء الثاني\Douban Reco\4 ايصال التوصيات بضمنها العقد\03_outputs\RECOMMENDATION_DELIVERY_TOP5_V1\payloads\community_96\user_1877_community_96_v1_top5_payload.json,96,0x8d8Ecb3c1Cc347f1aA5e328A05b671bD126E0d11,1,5,4a6e984e863f4e208169fec47e1f72d75db180f87240ae25cd68b9d6cfa724bb,True
D:\PHD\بابل\2024\Research Reco\الجزء الثاني\Douban Reco\4 ايصال التوصيات بضمنها العقد\03_outputs\RECOMMENDATION_DELIVERY_TOP5_V1\payloads\community_96\user_1879_community_96_v1_top5_payload.json,96,0x1Ad9547EaFb53EB4C8847B1b27fe3296D9BF952c,1,5,2414cce20c1c95d2ed6a98db581de3e3db7c9fb1161c7bace38a02e8648a06e1,True
D:\PHD\بابل\2024\Research Reco\الجزء الثاني\Douban Reco\4 ايصال التوصيات بضمنها العقد\03_outputs\RECOMMENDATION_DELIVERY_TOP5_V1\payloads\community_96\user_1885_community_96_v1_top5_payload.json,96,0xA1A2a61969837E937179367CDfe9d9Ea7B65591A,1,5,8419eff1fcb9712e172467016d56d218597ad91f3d0f9260e74f17367818aa91,True
D:\PHD\بابل\2024\Research Reco\الجزء الثاني\Douban Reco\4 ايصال التوصيات بضمنها العقد\03_outputs\RECOMMENDATION_DELIVERY_TOP5_V1\payloads\community_96\user_1896_community_96_v1_top5_payload.json,96,0x35BbAc69061818585953C57639c79C2d4e4Ea87E,1,5,dfc48fd28b2e48776462bb5d8a897b1f95b3b67b0a99346d890038ac5196b483,True
D:\PHD\بابل\2024\Research Reco\الجزء الثاني\Douban Reco\4 ايصال التوصيات بضمنها العقد\03_outputs\RECOMMENDATION_DELIVERY_TOP5_V1\payloads\community_96\user_1908_community_96_v1_top5_payload.json,96,0x335101C7D981dE186152E64E5C1ce9d44C9A5D80,1,5,23a365c17b1418765ff18db5b05a37f8915938640a308fd3ef8e90606f088c6b,True
D:\PHD\بابل\2024\Research Reco\الجزء الثاني\Douban Reco\4 ايصال التوصيات بضمنها العقد\03_outputs\RECOMMENDATION_DELIVERY_TOP5_V1\payloads\community_96\user_1918_community_96_v1_top5_payload.json,96,0x04c76532C42a675A0A7Ca4bfC345f26f85AB93dc,1,5,b52d23f1ffbe87bdd0a9b3c1797e0cbd64b418cb44fadb881860f371647feb88,True
D:\PHD\بابل\2024\Research Reco\الجزء الثاني\Douban Reco\4 ايصال التوصيات بضمنها العقد\03_outputs\RECOMMENDATION_DELIVERY_TOP5_V1\payloads\community_96\user_1943_community_96_v1_top5_payload.json,96,0x3d79F4f3C65B0Ba8a4909CCfB1bF45846f8642D0,1,5,7eeb4f8e1122eafc76852fbae6b72fcc8ce2528e764a49fd1053ba516fb0ad02,True
D:\PHD\بابل\2024\Research Reco\الجزء الثاني\Douban Reco\4 ايصال التوصيات بضمنها العقد\03_outputs\RECOMMENDATION_DELIVERY_TOP5_V1\payloads\community_96\user_2021_community_96_v1_top5_payload.json,96,0x171E42FeC2A43D42c18e9818E7c5D58bE2B428b0,1,5,5fd525ae89ac43dce084d5eae3aaf8338bba6232355eabc8fa58ef9fd28b6037,True
D:\PHD\بابل\2024\Research Reco\الجزء الثاني\Douban Reco\4 ايصال التوصيات بضمنها العقد\03_outputs\RECOMMENDATION_DELIVERY_TOP5_V1\payloads\community_96\user_2051_community_96_v1_top5_payload.json,96,0x33eBF76aB7E8a9EC637EFc0aF1f8CB7d5A1bEd7F,1,5,49014e4e8b98ad72c175546a1d9976290322e541a24d65d57eddf8edd1fc61da,True
D:\PHD\بابل\2024\Research Reco\الجزء الثاني\Douban Reco\4 ايصال التوصيات بضمنها العقد\03_outputs\RECOMMENDATION_DELIVERY_TOP5_V1\payloads\community_96\user_2061_community_96_v1_top5_payload.json,96,0xDBe93231D279a6B8AB9444B3055Ff10E7380b2Ea,1,5,ab981ef11d4c5411dd2674af4973c0a3154a4708622943ca68520851ff037af1,True
D:\PHD\بابل\2024\Research Reco\الجزء الثاني\Douban Reco\4 ايصال التوصيات بضمنها العقد\03_outputs\RECOMMENDATION_DELIVERY_TOP5_V1\payloads\community_96\user_2067_community_96_v1_top5_payload.json,96,0xA970f5E459b226192c41Bf2d9C23adDF689DF985,1,5,95640918c93e26207a7a7fd66142559d8fa30f05341b25647aeb13f112856913,True
D:\PHD\بابل\2024\Research Reco\الجزء الثاني\Douban Reco\4 ايصال التوصيات بضمنها العقد\03_outputs\RECOMMENDATION_DELIVERY_TOP5_V1\payloads\community_96\user_2135_community_96_v1_top5_payload.json,96,0x9b8ab99F1D4406D16e43e58566186cc84D38Fbc3,1,5,2d2f0bdbadb516335983c7574be162ffc0bd226440d31099cab29541c8cfda9b,True
D:\PHD\بابل\2024\Research Reco\الجزء الثاني\Douban Reco\4 ايصال التوصيات بضمنها العقد\03_outputs\RECOMMENDATION_DELIVERY_TOP5_V1\payloads\community_96\user_2166_community_96_v1_top5_payload.json,96,0x26Ac83Eeb79573C1D361Ee0b0e976A9FC3619540,1,5,60d571623f81379b12e9bf234f69d5a49646636402cf79243da8183662307ca1,True
D:\PHD\بابل\2024\Research Reco\الجزء الثاني\Douban Reco\4 ايصال التوصيات بضمنها العقد\03_outputs\RECOMMENDATION_DELIVERY_TOP5_V1\payloads\community_96\user_2177_community_96_v1_top5_payload.json,96,0xe5c19Ff4ec4e3BfbB80Ab01Be6a33c0285D09E61,1,5,c60abeed04cfafb52d428051899ccb1b07b6aac496d845cb237aa0bb2e7a5eb4,True
D:\PHD\بابل\2024\Research Reco\الجزء الثاني\Douban Reco\4 ايصال التوصيات بضمنها العقد\03_outputs\RECOMMENDATION_DELIVERY_TOP5_V1\payloads\community_96\user_2219_community_96_v1_top5_payload.json,96,0xF8872A259e3E57c9df2C78f0337bc0858dDbe408,1,5,807e15c26b17bb976be42512ffe3153d9897ebf62c8b363d2aae46676a2ca378,True
D:\PHD\بابل\2024\Research Reco\الجزء الثاني\Douban Reco\4 ايصال التوصيات بضمنها العقد\03_outputs\RECOMMENDATION_DELIVERY_TOP5_V1\payloads\community_96\user_2237_community_96_v1_top5_payload.json,96,0x8459dA804D7ae1F91B5C3AcdC9e2dB9403692285,1,5,f8d496346b9e32d64c17a2e6f16598749e43da9d0ebb52d126540ca451baf102,True
D:\PHD\بابل\2024\Research Reco\الجزء الثاني\Douban Reco\4 ايصال التوصيات بضمنها العقد\03_outputs\RECOMMENDATION_DELIVERY_TOP5_V1\payloads\community_96\user_2245_community_96_v1_top5_payload.json,96,0x477b6Cf967F42fa72A918a54926eEa5C2b2045c3,1,5,6d7305e140584ff5f1679859b236d871b0857c468e9f4368b8a444f28aab0bec,True
D:\PHD\بابل\2024\Research Reco\الجزء الثاني\Douban Reco\4 ايصال التوصيات بضمنها العقد\03_outputs\RECOMMENDATION_DELIVERY_TOP5_V1\payloads\community_96\user_2276_community_96_v1_top5_payload.json,96,0xf5a68b021BF616B5bA2061a999De900A98caC83a,1,5,b74bbca81c6942688dc1d52cd05b3bdb24b1fb2d4b74739ff7dd2b0d49adfce3,True
D:\PHD\بابل\2024\Research Reco\الجزء الثاني\Douban Reco\4 ايصال التوصيات بضمنها العقد\03_outputs\RECOMMENDATION_DELIVERY_TOP5_V1\payloads\community_96\user_2288_community_96_v1_top5_payload.json,96,0x1495E59575ba96a14e6B4fA625366A531336a3E7,1,5,dec72092a2ef295cc037ed5e3dca014850c211b62f71a520493a31fafec51298,True
D:\PHD\بابل\2024\Research Reco\الجزء الثاني\Douban Reco\4 ايصال التوصيات بضمنها العقد\03_outputs\RECOMMENDATION_DELIVERY_TOP5_V1\payloads\community_96\user_230_community_96_v1_top5_payload.json,96,0x8E440a65B68cD341BcC992159309c29f31667196,1,5,9cdd764b6ccc5a1de480c3267542b3c0bc77ed258ab1878ed7d0db18825016bc,True
D:\PHD\بابل\2024\Research Reco\الجزء الثاني\Douban Reco\4 ايصال التوصيات بضمنها العقد\03_outputs\RECOMMENDATION_DELIVERY_TOP5_V1\payloads\community_96\user_2331_community_96_v1_top5_payload.json,96,0x0Ff4482A391CB4aa1b5A68e73086e99432b9A50A,1,5,461038fc5bbac16cf208cda28a277909dd343591febcaeb2832033322d8ba8ed,True
D:\PHD\بابل\2024\Research Reco\الجزء الثاني\Douban Reco\4 ايصال التوصيات بضمنها العقد\03_outputs\RECOMMENDATION_DELIVERY_TOP5_V1\payloads\community_96\user_2341_community_96_v1_top5_payload.json,96,0x6F870bB06201a704D5b7Edf3c69D1949Cc745C27,1,5,ed67f4d85ae9691b729bb0c5027257f3648dd12cf541b2a9517751faeae8b970,True
D:\PHD\بابل\2024\Research Reco\الجزء الثاني\Douban Reco\4 ايصال التوصيات بضمنها العقد\03_outputs\RECOMMENDATION_DELIVERY_TOP5_V1\payloads\community_96\user_2359_community_96_v1_top5_payload.json,96,0xe3cAF4fe62cD321d55916BC8511F41Cc52d093f8,1,5,51c674d094b61b508f6670fdcd21611f7531cbf8714f483006fc165a7a64c879,True
D:\PHD\بابل\2024\Research Reco\الجزء الثاني\Douban Reco\4 ايصال التوصيات بضمنها العقد\03_outputs\RECOMMENDATION_DELIVERY_TOP5_V1\payloads\community_96\user_2360_community_96_v1_top5_payload.json,96,0xe37DCEfc6aC29B35D0fD952f505a1A6987271b32,1,5,605e934df9e5d20116bcc34233914505c1232dfcf4c03ecad36e3e4c8ad38b68,True
D:\PHD\بابل\2024\Research Reco\الجزء الثاني\Douban Reco\4 ايصال التوصيات بضمنها العقد\03_outputs\RECOMMENDATION_DELIVERY_TOP5_V1\payloads\community_96\user_2364_community_96_v1_top5_payload.json,96,0x71e124FD364e2246Af23bE3ACCa620DA00d475d6,1,5,08e95f523e1eb9713a3e5e1df7af207e963019bb38bbb1557929b4c7c8a98553,True
D:\PHD\بابل\2024\Research Reco\الجزء الثاني\Douban Reco\4 ايصال التوصيات بضمنها العقد\03_outputs\RECOMMENDATION_DELIVERY_TOP5_V1\payloads\community_96\user_2368_community_96_v1_top5_payload.json,96,0x05aA96fD9AF052333EA5C391a1Faeb22800af131,1,5,d7365ab8ac6740da5b6019c99b9ca221cc87c6b37c593cc4d7faf4d6d2b4c287,True
D:\PHD\بابل\2024\Research Reco\الجزء الثاني\Douban Reco\4 ايصال التوصيات بضمنها العقد\03_outputs\RECOMMENDATION_DELIVERY_TOP5_V1\payloads\community_96\user_2388_community_96_v1_top5_payload.json,96,0x1DEf191d5C4CeE9662658F643c1B6D9Bf9C4f1cd,1,5,e80f74595c64771fbb82d86a761964ec1470792b62d4be1276efdf0bd948734c,True
D:\PHD\بابل\2024\Research Reco\الجزء الثاني\Douban Reco\4 ايصال التوصيات بضمنها العقد\03_outputs\RECOMMENDATION_DELIVERY_TOP5_V1\payloads\community_96\user_2404_community_96_v1_top5_payload.json,96,0xB2E6B4D0C10d20fb783c58aD143Bb5e03fbEEF89,1,5,f41303f7d68a1fd6a150df17e2151bf1cbfbd9f6c972b2ad84c60f8d56fe1b62,True
D:\PHD\بابل\2024\Research Reco\الجزء الثاني\Douban Reco\4 ايصال التوصيات بضمنها العقد\03_outputs\RECOMMENDATION_DELIVERY_TOP5_V1\payloads\community_96\user_2415_community_96_v1_top5_payload.json,96,0x839Cf162932fdA8094983675d0f67f79509736b8,1,5,08d5b73560950ec319c8093070700bc21cbc19d95ea97b75860b6debdc50050f,True
D:\PHD\بابل\2024\Research Reco\الجزء الثاني\Douban Reco\4 ايصال التوصيات بضمنها العقد\03_outputs\RECOMMENDATION_DELIVERY_TOP5_V1\payloads\community_96\user_2433_community_96_v1_top5_payload.json,96,0x0bB00C23Dba9e5e151dde1Ec0Dd6C4Ac463Bedc5,1,5,71689ca326005d51c0848afc0117a671b7df3ac3c627d502f829fccd9ed8a910,True
D:\PHD\بابل\2024\Research Reco\الجزء الثاني\Douban Reco\4 ايصال التوصيات بضمنها العقد\03_outputs\RECOMMENDATION_DELIVERY_TOP5_V1\payloads\community_96\user_2436_community_96_v1_top5_payload.json,96,0x37b3a366451458C7f9Ff4E2e7F67BCd711EEBE4E,1,5,8bc8383a3c96de24f26db5a9e578e0a8be71ec5e9100857451bd9c9eca933a08,True
D:\PHD\بابل\2024\Research Reco\الجزء الثاني\Douban Reco\4 ايصال التوصيات بضمنها العقد\03_outputs\RECOMMENDATION_DELIVERY_TOP5_V1\payloads\community_96\user_2445_community_96_v1_top5_payload.json,96,0x672C1432e08b2b45d446CDb1211235E38531Ead6,1,5,85247b8a92fe441aadd2abd97a990bc886b914d8aec70b97a35f272a07ac7128,True
D:\PHD\بابل\2024\Research Reco\الجزء الثاني\Douban Reco\4 ايصال التوصيات بضمنها العقد\03_outputs\RECOMMENDATION_DELIVERY_TOP5_V1\payloads\community_96\user_2511_community_96_v1_top5_payload.json,96,0x64063563199A9b551650460fb507A21e09bf54a2,1,5,3a48b6f7bb4ebccfe11507ffc7851d5167e0ba22b3a1f086ba646f973ccd0960,True
D:\PHD\بابل\2024\Research Reco\الجزء الثاني\Douban Reco\4 ايصال التوصيات بضمنها العقد\03_outputs\RECOMMENDATION_DELIVERY_TOP5_V1\payloads\community_96\user_257_community_96_v1_top5_payload.json,96,0x473481312bcF1d188fBe748a87332C8E0890d169,1,5,d45e30c0377b9822b0c111727f04dbacfe72dafdb76cc901299b612c37362a32,True
D:\PHD\بابل\2024\Research Reco\الجزء الثاني\Douban Reco\4 ايصال التوصيات بضمنها العقد\03_outputs\RECOMMENDATION_DELIVERY_TOP5_V1\payloads\community_96\user_2583_community_96_v1_top5_payload.json,96,0xD5a50E571abd31b6802A93DCe079f4179AFF81a8,1,5,500a4be9ad471c9d0750a27f51b887b5b2b079f72482564ce7059b983a7e6555,True
D:\PHD\بابل\2024\Research Reco\الجزء الثاني\Douban Reco\4 ايصال التوصيات بضمنها العقد\03_outputs\RECOMMENDATION_DELIVERY_TOP5_V1\payloads\community_96\user_2595_community_96_v1_top5_payload.json,96,0x3C1b93ff0532950dce0a475A6a9d51dd284f7EED,1,5,dfcdab3dc63d414f7774e98920fb7d971949d2e6f58aa3048236181f663c0b8a,True
D:\PHD\بابل\2024\Research Reco\الجزء الثاني\Douban Reco\4 ايصال التوصيات بضمنها العقد\03_outputs\RECOMMENDATION_DELIVERY_TOP5_V1\payloads\community_96\user_2605_community_96_v1_top5_payload.json,96,0x5D7fd68ca6782c752876Cff05047602651EA1aF9,1,5,7c98b25def1024952e61ab7692ef68e450de696fd1c2641f1c820b0a9b690fd6,True
D:\PHD\بابل\2024\Research Reco\الجزء الثاني\Douban Reco\4 ايصال التوصيات بضمنها العقد\03_outputs\RECOMMENDATION_DELIVERY_TOP5_V1\payloads\community_96\user_2661_community_96_v1_top5_payload.json,96,0x353287f9175D4c421ea998db00241F57b9822981,1,5,dffe11f73967162eeded12247d6b467797ae98ad243b93465b0fd8cf5c44b83b,True
D:\PHD\بابل\2024\Research Reco\الجزء الثاني\Douban Reco\4 ايصال التوصيات بضمنها العقد\03_outputs\RECOMMENDATION_DELIVERY_TOP5_V1\payloads\community_96\user_2667_community_96_v1_top5_payload.json,96,0xac64120443d56c304E789E27Ca1540dE3D3Df7DF,1,5,dad8c389b6cb2bfbf300539762bb6db11a9664d5e4b80233ceed4f5973628593,True
D:\PHD\بابل\2024\Research Reco\الجزء الثاني\Douban Reco\4 ايصال التوصيات بضمنها العقد\03_outputs\RECOMMENDATION_DELIVERY_TOP5_V1\payloads\community_96\user_2680_community_96_v1_top5_payload.json,96,0x98a64f031100564e12B8D56295557927e47F38eB,1,5,559cff87850ceefe49f30623d1f34384cdd613dad4d22c95ce5c5b92860632f2,True
D:\PHD\بابل\2024\Research Reco\الجزء الثاني\Douban Reco\4 ايصال التوصيات بضمنها العقد\03_outputs\RECOMMENDATION_DELIVERY_TOP5_V1\payloads\community_96\user_2703_community_96_v1_top5_payload.json,96,0x27fA6bd595B425BfaF2F3AA84a15C782e7F5762d,1,5,831b2b61f97ecd14baaf022cc9cc5cf662e65f08b6c722139b9594e947f3b3d0,True
D:\PHD\بابل\2024\Research Reco\الجزء الثاني\Douban Reco\4 ايصال التوصيات بضمنها العقد\03_outputs\RECOMMENDATION_DELIVERY_TOP5_V1\payloads\community_96\user_2709_community_96_v1_top5_payload.json,96,0x06c853e56B957e341E6f76e55d0b8682e22EE55b,1,5,9ecf019e725bec449f36d843c083211961e6766d99ba9c845180ad690adade71,True
D:\PHD\بابل\2024\Research Reco\الجزء الثاني\Douban Reco\4 ايصال التوصيات بضمنها العقد\03_outputs\RECOMMENDATION_DELIVERY_TOP5_V1\payloads\community_96\user_2731_community_96_v1_top5_payload.json,96,0x76dE05c4273515b43c1b07A88cC8384FBD150755,1,5,be0788e2474f0948a4877d52feba40fd04b48a6952e2674fbcbb2882704ab378,True
D:\PHD\بابل\2024\Research Reco\الجزء الثاني\Douban Reco\4 ايصال التوصيات بضمنها العقد\03_outputs\RECOMMENDATION_DELIVERY_TOP5_V1\payloads\community_96\user_2742_community_96_v1_top5_payload.json,96,0x5B429843BE07f88CF38DfF8311f7664ba8673ed6,1,5,1b34f951cf0c9fc24e41a5c4503a00895df194116fcc2e859b6dddeda507e788,True
D:\PHD\بابل\2024\Research Reco\الجزء الثاني\Douban Reco\4 ايصال التوصيات بضمنها العقد\03_outputs\RECOMMENDATION_DELIVERY_TOP5_V1\payloads\community_96\user_2756_community_96_v1_top5_payload.json,96,0xAb664927d3F41e0818206929338ac2a59d50F3eF,1,5,8e9461fd4f03e25a9d280bca5c337b4db1e35a2edd1f2099c5d7c6a3f150dcbb,True
D:\PHD\بابل\2024\Research Reco\الجزء الثاني\Douban Reco\4 ايصال التوصيات بضمنها العقد\03_outputs\RECOMMENDATION_DELIVERY_TOP5_V1\payloads\community_96\user_2784_community_96_v1_top5_payload.json,96,0xA9D8E13151C6c7D7085c7b3e93b305798159199C,1,5,20e9fa272a7606bab22e847a315b8a368c14474f32030eabd213ab7f75bf2f06,True
D:\PHD\بابل\2024\Research Reco\الجزء الثاني\Douban Reco\4 ايصال التوصيات بضمنها العقد\03_outputs\RECOMMENDATION_DELIVERY_TOP5_V1\payloads\community_96\user_2811_community_96_v1_top5_payload.json,96,0x5BACbc60774bF75821971C0BEa2e3A5323102e83,1,5,c7a680a12a23fcd3a6e6cb5818d02715e77957b8e1c31c11a24d301dd62562f4,True
D:\PHD\بابل\2024\Research Reco\الجزء الثاني\Douban Reco\4 ايصال التوصيات بضمنها العقد\03_outputs\RECOMMENDATION_DELIVERY_TOP5_V1\payloads\community_96\user_283_community_96_v1_top5_payload.json,96,0xfcC4c29f1ea0B0671190FeE2Da112305b2A39130,1,5,c0a5e2aada0c7c0775a3a340c51664e0132b35004c4543e7fbc99826ef1f5a10,True
D:\PHD\بابل\2024\Research Reco\الجزء الثاني\Douban Reco\4 ايصال التوصيات بضمنها العقد\03_outputs\RECOMMENDATION_DELIVERY_TOP5_V1\payloads\community_96\user_2863_community_96_v1_top5_payload.json,96,0x1c152edAd97820d1BF5fd1A1C7d30E67df309B73,1,5,83b8bc1f259d79bc2898749100849f800913a15024dd0e0b974a4a4c84031884,True
D:\PHD\بابل\2024\Research Reco\الجزء الثاني\Douban Reco\4 ايصال التوصيات بضمنها العقد\03_outputs\RECOMMENDATION_DELIVERY_TOP5_V1\payloads\community_96\user_2878_community_96_v1_top5_payload.json,96,0x66A56623EF21c335f5Ca06F6A199c27db5487D8F,1,5,918bd3df49479bf265dada483054123de2ee2e2e5d2d9d616a3c0b8a9bc8f1f4,True
D:\PHD\بابل\2024\Research Reco\الجزء الثاني\Douban Reco\4 ايصال التوصيات بضمنها العقد\03_outputs\RECOMMENDATION_DELIVERY_TOP5_V1\payloads\community_96\user_2883_community_96_v1_top5_payload.json,96,0x66fFa3b11B6bd9512FbcA550AFc61f4Da3554785,1,5,b5c074680e97ba3725c0fde7104c3d38102fb776db577d8ac887d0a681df4bf2,True
D:\PHD\بابل\2024\Research Reco\الجزء الثاني\Douban Reco\4 ايصال التوصيات بضمنها العقد\03_outputs\RECOMMENDATION_DELIVERY_TOP5_V1\payloads\community_96\user_2891_community_96_v1_top5_payload.json,96,0x9d2DF02e7ECbAd901a0049DFdE6267c18cb52aDD,1,5,35304a9a77fc3c935280193146255a4b51e82f1faf612f797a258fcbed84f9d3,True
D:\PHD\بابل\2024\Research Reco\الجزء الثاني\Douban Reco\4 ايصال التوصيات بضمنها العقد\03_outputs\RECOMMENDATION_DELIVERY_TOP5_V1\payloads\community_96\user_2901_community_96_v1_top5_payload.json,96,0xfcdD298c24D53Fc78047d845f450fB81A1D0D3d0,1,5,314779d07b033172a79cedf468307a30277cc195b1bb3d843f060a443d14cae7,True
D:\PHD\بابل\2024\Research Reco\الجزء الثاني\Douban Reco\4 ايصال التوصيات بضمنها العقد\03_outputs\RECOMMENDATION_DELIVERY_TOP5_V1\payloads\community_96\user_2968_community_96_v1_top5_payload.json,96,0x607F9D28D6fcDD441B59CC76e7d4237Cd6cB2Bd2,1,5,eb12011cbaf3e07ec21233843bf11effde504872d5ef76c5c8943c20a4121338,True
D:\PHD\بابل\2024\Research Reco\الجزء الثاني\Douban Reco\4 ايصال التوصيات بضمنها العقد\03_outputs\RECOMMENDATION_DELIVERY_TOP5_V1\payloads\community_96\user_305_community_96_v1_top5_payload.json,96,0xA276dacd2fFb63Dd56Abe008fFe7D5B8273cC0d0,1,5,b22d061824be60bd0b32e6bb6f0aea74952d3aae13341d74b56c839110491f90,True
D:\PHD\بابل\2024\Research Reco\الجزء الثاني\Douban Reco\4 ايصال التوصيات بضمنها العقد\03_outputs\RECOMMENDATION_DELIVERY_TOP5_V1\payloads\community_96\user_318_community_96_v1_top5_payload.json,96,0xFAF2c66a2e1241E72E30F31618eA2c1caBa0Ec29,1,5,851484b94f651c68b77ae455aed72ba73fa85a5223f41af75f7f8590567fae21,True
D:\PHD\بابل\2024\Research Reco\الجزء الثاني\Douban Reco\4 ايصال التوصيات بضمنها العقد\03_outputs\RECOMMENDATION_DELIVERY_TOP5_V1\payloads\community_96\user_327_community_96_v1_top5_payload.json,96,0x074F39F92cde9d4425df4Fd13724cB57e07DeEF0,1,5,8f88be66701bb2603c37ac92f590df61802e1876867e6a07d3e2b02ad54a4ef4,True
D:\PHD\بابل\2024\Research Reco\الجزء الثاني\Douban Reco\4 ايصال التوصيات بضمنها العقد\03_outputs\RECOMMENDATION_DELIVERY_TOP5_V1\payloads\community_96\user_350_community_96_v1_top5_payload.json,96,0x56713504F40a122d91E58B8c209D489379e930Dd,1,5,4a4436dbfb157c36dff7f0f328c919378f862a6940d258e2dd53100127b6d6a1,True
D:\PHD\بابل\2024\Research Reco\الجزء الثاني\Douban Reco\4 ايصال التوصيات بضمنها العقد\03_outputs\RECOMMENDATION_DELIVERY_TOP5_V1\payloads\community_96\user_382_community_96_v1_top5_payload.json,96,0x92f23b853595cE6bbfe06dD4De7250fCde82d818,1,5,7f0baedea55f05503df05c196014c05386a246ef7cc240976cc00d1afb81d07f,True
D:\PHD\بابل\2024\Research Reco\الجزء الثاني\Douban Reco\4 ايصال التوصيات بضمنها العقد\03_outputs\RECOMMENDATION_DELIVERY_TOP5_V1\payloads\community_96\user_409_community_96_v1_top5_payload.json,96,0x503E5aa3a4Dddf93B0BE896Da71bC6AB13B63706,1,5,cecee1119b8ffbb28ca11eba5c6ea7e54a7c8945237a390b52995f3b9d24191d,True
D:\PHD\بابل\2024\Research Reco\الجزء الثاني\Douban Reco\4 ايصال التوصيات بضمنها العقد\03_outputs\RECOMMENDATION_DELIVERY_TOP5_V1\payloads\community_96\user_415_community_96_v1_top5_payload.json,96,0x52Db2730f568153B3D0feDf18CEc7B5FdE3E9524,1,5,915eb11737c413252689f4407f7a2a75221a5927353089e8c6877c4fabf74e37,True
D:\PHD\بابل\2024\Research Reco\الجزء الثاني\Douban Reco\4 ايصال التوصيات بضمنها العقد\03_outputs\RECOMMENDATION_DELIVERY_TOP5_V1\payloads\community_96\user_482_community_96_v1_top5_payload.json,96,0x82332B7e99db4ec9C07FBCEcadCFC4bd67B57995,1,5,6875460ba59636bf5d8fdf55584a2753ce8e55dbc56d80239e54408b41743308,True
D:\PHD\بابل\2024\Research Reco\الجزء الثاني\Douban Reco\4 ايصال التوصيات بضمنها العقد\03_outputs\RECOMMENDATION_DELIVERY_TOP5_V1\payloads\community_96\user_493_community_96_v1_top5_payload.json,96,0x2A9B699b4cfdD0eEABFE11Bf833316FaAA672D42,1,5,b295c8f43303bbbc490e5aebe0647840b13daffc94fb730279fe47e7ea108922,True
D:\PHD\بابل\2024\Research Reco\الجزء الثاني\Douban Reco\4 ايصال التوصيات بضمنها العقد\03_outputs\RECOMMENDATION_DELIVERY_TOP5_V1\payloads\community_96\user_542_community_96_v1_top5_payload.json,96,0x5742bfa52587885497f1Bfc8C567E38243166B16,1,5,bf62f62da8f3cac5cdbbd8800dc2ae19f85ef15322748cd1767a9ae6d3c6c374,True
D:\PHD\بابل\2024\Research Reco\الجزء الثاني\Douban Reco\4 ايصال التوصيات بضمنها العقد\03_outputs\RECOMMENDATION_DELIVERY_TOP5_V1\payloads\community_96\user_55_community_96_v1_top5_payload.json,96,0x7219af46427896b78b06DDdc5ae5bBF6ab1cedC4,1,5,7c48fb0f0f80e7609cbb9d5b9454a8ac93121684e0edc29fcc2d8436dc6128f5,True
D:\PHD\بابل\2024\Research Reco\الجزء الثاني\Douban Reco\4 ايصال التوصيات بضمنها العقد\03_outputs\RECOMMENDATION_DELIVERY_TOP5_V1\payloads\community_96\user_565_community_96_v1_top5_payload.json,96,0xFa9115a9cbc77f61c6Fff97B86bFA45707Bf0001,1,5,27e7a64f49c50745dfc9be8cdd963a66ccc509d65ad3a26ebc28694a236e5152,True
D:\PHD\بابل\2024\Research Reco\الجزء الثاني\Douban Reco\4 ايصال التوصيات بضمنها العقد\03_outputs\RECOMMENDATION_DELIVERY_TOP5_V1\payloads\community_96\user_585_community_96_v1_top5_payload.json,96,0xE693D8F2704A96bbcfB6E9AE6398BA98a473B396,1,5,8e03260e73d0cdf17cf9454d74c9ded2256833c1f2beec574bb243dc08c4e0a1,True
D:\PHD\بابل\2024\Research Reco\الجزء الثاني\Douban Reco\4 ايصال التوصيات بضمنها العقد\03_outputs\RECOMMENDATION_DELIVERY_TOP5_V1\payloads\community_96\user_58_community_96_v1_top5_payload.json,96,0x4eeBBD1CEaEC72368E41E7be39032c18D390a586,1,5,a8e0e2f0013d0a61911f5c370355339fa4c1fb9b7a8786bb03d6d144200cd5fa,True
D:\PHD\بابل\2024\Research Reco\الجزء الثاني\Douban Reco\4 ايصال التوصيات بضمنها العقد\03_outputs\RECOMMENDATION_DELIVERY_TOP5_V1\payloads\community_96\user_607_community_96_v1_top5_payload.json,96,0x946058c015152d69740c6d40E8AA553b430734FB,1,5,7aa80cbc8bea35f49b3c0f982bf06056b7f9a8308e601013582eee68866b2bb4,True
D:\PHD\بابل\2024\Research Reco\الجزء الثاني\Douban Reco\4 ايصال التوصيات بضمنها العقد\03_outputs\RECOMMENDATION_DELIVERY_TOP5_V1\payloads\community_96\user_632_community_96_v1_top5_payload.json,96,0x03E7F064c8aD4Ae982B4Ce041b7dad82Cb163E80,1,5,ce6d92b25d5a09cafb47212c84813433cfb979e5e1bb8f9433839ebaf2092887,True
D:\PHD\بابل\2024\Research Reco\الجزء الثاني\Douban Reco\4 ايصال التوصيات بضمنها العقد\03_outputs\RECOMMENDATION_DELIVERY_TOP5_V1\payloads\community_96\user_65_community_96_v1_top5_payload.json,96,0xB55Be6569A72B2946A439f18e13d55Cf697078ce,1,5,f09a6aa54723399e4f90252cfd786c8fb3d8156bcb766081f6cbf754097bcd1f,True
D:\PHD\بابل\2024\Research Reco\الجزء الثاني\Douban Reco\4 ايصال التوصيات بضمنها العقد\03_outputs\RECOMMENDATION_DELIVERY_TOP5_V1\payloads\community_96\user_662_community_96_v1_top5_payload.json,96,0xeA4FeB27d3192C6A8BCF4487CB7cE0b5b34573e7,1,5,050a2d1da4b1729cc374141e814286fb31f72c374d5b55e04448e19bd33c5c93,True
D:\PHD\بابل\2024\Research Reco\الجزء الثاني\Douban Reco\4 ايصال التوصيات بضمنها العقد\03_outputs\RECOMMENDATION_DELIVERY_TOP5_V1\payloads\community_96\user_673_community_96_v1_top5_payload.json,96,0x6F43580F9210103a046F4632692749139c9ca135,1,5,f9fc70ef320ef735b8ea0ba99d2d5be8c4c2c57008cf01a4505fee2427eb9a8a,True
D:\PHD\بابل\2024\Research Reco\الجزء الثاني\Douban Reco\4 ايصال التوصيات بضمنها العقد\03_outputs\RECOMMENDATION_DELIVERY_TOP5_V1\payloads\community_96\user_675_community_96_v1_top5_payload.json,96,0x4eE64855Abe3892ABdec3a0A0272290d9b805DCC,1,5,fdcf42dc232427bf021a86b931fedf162dc3a21aba7b3956aa49fb485b82888d,True
D:\PHD\بابل\2024\Research Reco\الجزء الثاني\Douban Reco\4 ايصال التوصيات بضمنها العقد\03_outputs\RECOMMENDATION_DELIVERY_TOP5_V1\payloads\community_96\user_676_community_96_v1_top5_payload.json,96,0x8f3fF3977E88730933D00bA21f1da70DC823FcEd,1,5,ab68701646cbb0cb960074fa504da840c3b3beba2f859d22f3ce7656787cd593,True
D:\PHD\بابل\2024\Research Reco\الجزء الثاني\Douban Reco\4 ايصال التوصيات بضمنها العقد\03_outputs\RECOMMENDATION_DELIVERY_TOP5_V1\payloads\community_96\user_69_community_96_v1_top5_payload.json,96,0xe945CfFEB1CFE93221d5DaaaA0d1A65bE3c2b2c5,1,5,a108bc19f7d9828424cdea164f9ab71833ba64383ed56232ce90eaae7a58043f,True
D:\PHD\بابل\2024\Research Reco\الجزء الثاني\Douban Reco\4 ايصال التوصيات بضمنها العقد\03_outputs\RECOMMENDATION_DELIVERY_TOP5_V1\payloads\community_96\user_701_community_96_v1_top5_payload.json,96,0xCb035Bfb20E8F0c7C0f1E844AA63d47f3524a50f,1,5,0ce5db84f7ef7ce57fa816f7216b4b4d935ab5302d1bde071a164df9a303f1eb,True
D:\PHD\بابل\2024\Research Reco\الجزء الثاني\Douban Reco\4 ايصال التوصيات بضمنها العقد\03_outputs\RECOMMENDATION_DELIVERY_TOP5_V1\payloads\community_96\user_718_community_96_v1_top5_payload.json,96,0x909397aBec49320916222c09E00a6D32984141F2,1,5,aec1da9624020a72e411d5ad98ef7ee1e517a8b1af0cc3bb86009f30e79c8cc1,True
D:\PHD\بابل\2024\Research Reco\الجزء الثاني\Douban Reco\4 ايصال التوصيات بضمنها العقد\03_outputs\RECOMMENDATION_DELIVERY_TOP5_V1\payloads\community_96\user_760_community_96_v1_top5_payload.json,96,0x64E36289C644C127Fda725B3779Fbf17C1BC7cBb,1,5,b161b6a5d3f382634b05cd4d752c711d156ab2ec9daf925046efa43dcb4183e3,True
D:\PHD\بابل\2024\Research Reco\الجزء الثاني\Douban Reco\4 ايصال التوصيات بضمنها العقد\03_outputs\RECOMMENDATION_DELIVERY_TOP5_V1\payloads\community_96\user_762_community_96_v1_top5_payload.json,96,0x3e6168B96cDE6d8c5f886eeC720642Fc6d1bfa0b,1,5,e4579ad1e2e1264dfa3a1430fb61088fe57199c6ade40932be0ae690c828d104,True
D:\PHD\بابل\2024\Research Reco\الجزء الثاني\Douban Reco\4 ايصال التوصيات بضمنها العقد\03_outputs\RECOMMENDATION_DELIVERY_TOP5_V1\payloads\community_96\user_780_community_96_v1_top5_payload.json,96,0x18A58443486a03D8a5d6097095D5D00FD9C197ac,1,5,e11679195dbad883cb2f2220283f589dc91227bd4f47f364cf493bbf1a049b35,True
D:\PHD\بابل\2024\Research Reco\الجزء الثاني\Douban Reco\4 ايصال التوصيات بضمنها العقد\03_outputs\RECOMMENDATION_DELIVERY_TOP5_V1\payloads\community_96\user_796_community_96_v1_top5_payload.json,96,0x319a3567021B1eC70087B89405693bAd3F9D29f3,1,5,eaf6f02567495b00812d9a4bd3e64fb8dcf53fa03e2be9538bab37bffe99c36f,True
D:\PHD\بابل\2024\Research Reco\الجزء الثاني\Douban Reco\4 ايصال التوصيات بضمنها العقد\03_outputs\RECOMMENDATION_DELIVERY_TOP5_V1\payloads\community_96\user_801_community_96_v1_top5_payload.json,96,0x2239F4c9F857ea40D2B76Aa811c0AdD340B1B03e,1,5,ca0d4e255ced3aaa87789c543256e7c0ebb0187e4a1ffc89c626a8e2337aa32f,True
D:\PHD\بابل\2024\Research Reco\الجزء الثاني\Douban Reco\4 ايصال التوصيات بضمنها العقد\03_outputs\RECOMMENDATION_DELIVERY_TOP5_V1\payloads\community_96\user_803_community_96_v1_top5_payload.json,96,0x78BA896c49676F3A271455acD14Cd4aFF5c096d4,1,5,af045a6340de2195797076e7b58bfa935a945a71042af056156efab85a275e6b,True
D:\PHD\بابل\2024\Research Reco\الجزء الثاني\Douban Reco\4 ايصال التوصيات بضمنها العقد\03_outputs\RECOMMENDATION_DELIVERY_TOP5_V1\payloads\community_96\user_810_community_96_v1_top5_payload.json,96,0x5a2a3092263c2ea4B3C7632C6bBD4bcB52B6E9BC,1,5,ff7d32dbb5c565c8b550dadd61d4f3cbb459b2c05865443f38c4e67305984691,True
D:\PHD\بابل\2024\Research Reco\الجزء الثاني\Douban Reco\4 ايصال التوصيات بضمنها العقد\03_outputs\RECOMMENDATION_DELIVERY_TOP5_V1\payloads\community_96\user_845_community_96_v1_top5_payload.json,96,0xafc235E2F8ee9350889989f52ab7fFAd9E6367dC,1,5,bc66b56b085fa05c3212bd5780b710cecfba87a3dd7894dccdcdfec8d0a17166,True
D:\PHD\بابل\2024\Research Reco\الجزء الثاني\Douban Reco\4 ايصال التوصيات بضمنها العقد\03_outputs\RECOMMENDATION_DELIVERY_TOP5_V1\payloads\community_96\user_847_community_96_v1_top5_payload.json,96,0x1f9D58cEE54E7E118454Ede226d0eF588ec20AE6,1,5,6c92015b045f0fa0436a90a429fa8681d9bf940b705f07fdd49f28584c4c2a3c,True
D:\PHD\بابل\2024\Research Reco\الجزء الثاني\Douban Reco\4 ايصال التوصيات بضمنها العقد\03_outputs\RECOMMENDATION_DELIVERY_TOP5_V1\payloads\community_96\user_850_community_96_v1_top5_payload.json,96,0xE93C569d943A7F6AB9c240E7d6622732350F17b7,1,5,c380785d1843578225053443e21a92efc0d3c97babb3c9be0980389ec3af7699,True
D:\PHD\بابل\2024\Research Reco\الجزء الثاني\Douban Reco\4 ايصال التوصيات بضمنها العقد\03_outputs\RECOMMENDATION_DELIVERY_TOP5_V1\payloads\community_96\user_852_community_96_v1_top5_payload.json,96,0x2249FA2C96aCA6DCEf59e5d50eD48F16707234B9,1,5,31a3e29be5394dcf43ff579791fcfd443e5ed0b77cab1d7aeebb2af22540ec85,True
D:\PHD\بابل\2024\Research Reco\الجزء الثاني\Douban Reco\4 ايصال التوصيات بضمنها العقد\03_outputs\RECOMMENDATION_DELIVERY_TOP5_V1\payloads\community_96\user_867_community_96_v1_top5_payload.json,96,0xAF1c1622F10D55Dbb265355c31df5eC6E9931f70,1,5,4a04e06e1a9fedc5f654d36cd49361449fc6325ab9663cf49792c1a0c5367185,True
D:\PHD\بابل\2024\Research Reco\الجزء الثاني\Douban Reco\4 ايصال التوصيات بضمنها العقد\03_outputs\RECOMMENDATION_DELIVERY_TOP5_V1\payloads\community_96\user_871_community_96_v1_top5_payload.json,96,0xAF83328a243aB51fc7d1025D3Ac96De56798372b,1,5,50686d7d7374121da684175f2ad698e397e99f0257229b4a213d8e024abc74dd,True
D:\PHD\بابل\2024\Research Reco\الجزء الثاني\Douban Reco\4 ايصال التوصيات بضمنها العقد\03_outputs\RECOMMENDATION_DELIVERY_TOP5_V1\payloads\community_96\user_874_community_96_v1_top5_payload.json,96,0x18dB823d1671113bb98a610cD1D4BeB499CB23cA,1,5,0d9ff258d741c99ed722c2890a6767fb9f7589a5e2d9c8845455c4a8f1b172f5,True
D:\PHD\بابل\2024\Research Reco\الجزء الثاني\Douban Reco\4 ايصال التوصيات بضمنها العقد\03_outputs\RECOMMENDATION_DELIVERY_TOP5_V1\payloads\community_96\user_895_community_96_v1_top5_payload.json,96,0x6D6b76e9b213109aAa300D30E81B7bE85d593469,1,5,48976e7c762376e8e7893fd131a511a3d61f62fd55238ce12fd535c3e87c6fed,True
D:\PHD\بابل\2024\Research Reco\الجزء الثاني\Douban Reco\4 ايصال التوصيات بضمنها العقد\03_outputs\RECOMMENDATION_DELIVERY_TOP5_V1\payloads\community_96\user_907_community_96_v1_top5_payload.json,96,0xf6A689f473E9851FdDc2996d0aEe7718AA1210aE,1,5,fe95cead4e3bf931c51a1b1d13ca7354871cb29286b0da022f8fcb92731e65c7,True
D:\PHD\بابل\2024\Research Reco\الجزء الثاني\Douban Reco\4 ايصال التوصيات بضمنها العقد\03_outputs\RECOMMENDATION_DELIVERY_TOP5_V1\payloads\community_96\user_94_community_96_v1_top5_payload.json,96,0xd28518e2B7d42e27069cD1e30Cd685f6C64D093B,1,5,26d95a4a4a8c3a6591f146d06c58e3b9a6bc72bc5a6f2aaae4e40aa3909baeeb,True
D:\PHD\بابل\2024\Research Reco\الجزء الثاني\Douban Reco\4 ايصال التوصيات بضمنها العقد\03_outputs\RECOMMENDATION_DELIVERY_TOP5_V1\payloads\community_96\user_951_community_96_v1_top5_payload.json,96,0x16A7a78189988bB7EDC7eBA39A7369fADE0f4EA3,1,5,6aa92016980a2351a3707c9ddcd017f3052bd65e65aacc9d8370dc4ff535a8c9,True
D:\PHD\بابل\2024\Research Reco\الجزء الثاني\Douban Reco\4 ايصال التوصيات بضمنها العقد\03_outputs\RECOMMENDATION_DELIVERY_TOP5_V1\payloads\community_96\user_961_community_96_v1_top5_payload.json,96,0x502C55783EA22AdcF50F070e34e8C78353F3BaAC,1,5,60dd7495d601e20abbbfe4898e650fc96ca293dffb4a2621d87b6047c430dc47,True
D:\PHD\بابل\2024\Research Reco\الجزء الثاني\Douban Reco\4 ايصال التوصيات بضمنها العقد\03_outputs\RECOMMENDATION_DELIVERY_TOP5_V1\payloads\community_96\user_973_community_96_v1_top5_payload.json,96,0xa370A7Fb2ae0E32cE328Dda55B307d4F3cfe658f,1,5,55dc6cb6dfe39ff924b706c816ab648d3b2f24f926d298ed2cf644e27370266e,True
