EvalProtocol,COMMUNITY_TAG,TrainingSeed,SplitSeed,EvaluationSeed,userID,u_idx,k,HR,NDCG,Recall,Precision,MAP
all_community_items_multi_positive,7,62,42,42,18,0,50,1.0,0.16772704395163326,0.2,0.08,0.04420995670995671
all_community_items_multi_positive,7,62,42,42,18,0,100,1.0,0.16772704395163326,0.2,0.04,0.04420995670995671
all_community_items_multi_positive,7,62,42,42,18,0,150,1.0,0.22795113024230867,0.35,0.04666666666666667,0.05087947361527893
all_community_items_multi_positive,7,62,42,42,18,0,200,1.0,0.24651590347438843,0.4,0.04,0.052879473615278935
all_community_items_multi_positive,7,62,42,42,18,0,250,1.0,0.24651590347438843,0.4,0.032,0.052879473615278935
all_community_items_multi_positive,7,62,42,42,18,0,300,1.0,0.26390162483763,0.45,0.03,0.05444741786615002
all_community_items_multi_positive,7,62,42,42,32,1,50,1.0,0.36537486149477294,0.4,0.16,0.1534697981756805
all_community_items_multi_positive,7,62,42,42,32,1,100,1.0,0.4344411230883052,0.55,0.11,0.17457102936583097
all_community_items_multi_positive,7,62,42,42,32,1,150,1.0,0.4344411230883052,0.55,0.07333333333333333,0.17457102936583097
all_community_items_multi_positive,7,62,42,42,32,1,200,1.0,0.4344411230883052,0.55,0.055,0.17457102936583097
all_community_items_multi_positive,7,62,42,42,32,1,250,1.0,0.4344411230883052,0.55,0.044,0.17457102936583097
all_community_items_multi_positive,7,62,42,42,32,1,300,1.0,0.46906743614117596,0.65,0.043333333333333335,0.17882102936583094
all_community_items_multi_positive,7,62,42,42,38,2,50,1.0,0.3348860892072149,0.35,0.14,0.13043120155038757
all_community_items_multi_positive,7,62,42,42,38,2,100,1.0,0.38156516510437294,0.45,0.09,0.14312561557010278
all_community_items_multi_positive,7,62,42,42,38,2,150,1.0,0.42188860932406735,0.55,0.07333333333333333,0.15112723556547425
all_community_items_multi_positive,7,62,42,42,38,2,200,1.0,0.4607889151009741,0.65,0.065,0.1590869496655392
all_community_items_multi_positive,7,62,42,42,38,2,250,1.0,0.515574667290563,0.8,0.064,0.16936816696252271
all_community_items_multi_positive,7,62,42,42,38,2,300,1.0,0.5508054188784715,0.9,0.06,0.1759306977320781
all_community_items_multi_positive,7,62,42,42,42,3,50,1.0,0.21952025512259485,0.35,0.14,0.04893275920790153
all_community_items_multi_positive,7,62,42,42,42,3,100,1.0,0.3101748812005745,0.55,0.11,0.07362212969293765
all_community_items_multi_positive,7,62,42,42,42,3,150,1.0,0.33120262438477477,0.6,0.08,0.07922960632845166
all_community_items_multi_positive,7,62,42,42,42,3,200,1.0,0.33120262438477477,0.6,0.06,0.07922960632845166
all_community_items_multi_positive,7,62,42,42,42,3,250,1.0,0.3492500776724511,0.65,0.052,0.08201930589926712
all_community_items_multi_positive,7,62,42,42,42,3,300,1.0,0.3492500776724511,0.65,0.043333333333333335,0.08201930589926712
all_community_items_multi_positive,7,62,42,42,50,4,50,1.0,0.5007886617307326,0.55,0.22,0.2219474540804464
all_community_items_multi_positive,7,62,42,42,50,4,100,1.0,0.5233870627061548,0.6,0.12,0.22973966187265416
all_community_items_multi_positive,7,62,42,42,50,4,150,1.0,0.5655285208072811,0.7,0.09333333333333334,0.24247114335413564
all_community_items_multi_positive,7,62,42,42,50,4,200,1.0,0.5840932940393609,0.75,0.075,0.24622114335413564
all_community_items_multi_positive,7,62,42,42,50,4,250,1.0,0.6024253157624887,0.8,0.064,0.249959461111145
all_community_items_multi_positive,7,62,42,42,50,4,300,1.0,0.6024253157624887,0.8,0.05333333333333334,0.249959461111145
all_community_items_multi_positive,7,62,42,42,63,5,50,1.0,0.1768746982225804,0.25,0.1,0.03329487027369087
all_community_items_multi_positive,7,62,42,42,63,5,100,1.0,0.22255628986085785,0.35,0.07,0.042101791949465006
all_community_items_multi_positive,7,62,42,42,63,5,150,1.0,0.2625581973263074,0.45,0.06,0.04832424114847587
all_community_items_multi_positive,7,62,42,42,63,5,200,1.0,0.2625581973263074,0.45,0.045,0.04832424114847587
all_community_items_multi_positive,7,62,42,42,63,5,250,1.0,0.2808430414668635,0.5,0.04,0.05062838861391365
all_community_items_multi_positive,7,62,42,42,63,5,300,1.0,0.2808430414668635,0.5,0.03333333333333333,0.05062838861391365
all_community_items_multi_positive,7,62,42,42,77,6,50,1.0,0.40762388746997136,0.4,0.16,0.16432600732600733
all_community_items_multi_positive,7,62,42,42,77,6,100,1.0,0.5223705676827576,0.65,0.13,0.2020162828744289
all_community_items_multi_positive,7,62,42,42,77,6,150,1.0,0.5223705676827576,0.65,0.08666666666666667,0.2020162828744289
all_community_items_multi_positive,7,62,42,42,77,6,200,1.0,0.5417698348966543,0.7,0.07,0.20641879859769938
all_community_items_multi_positive,7,62,42,42,77,6,250,1.0,0.5417698348966543,0.7,0.056,0.20641879859769938
all_community_items_multi_positive,7,62,42,42,77,6,300,1.0,0.5417698348966543,0.7,0.04666666666666667,0.20641879859769938
all_community_items_multi_positive,7,62,42,42,83,7,50,0.0,0.0,0.0,0.0,0.0
all_community_items_multi_positive,7,62,42,42,83,7,100,0.0,0.0,0.0,0.0,0.0
all_community_items_multi_positive,7,62,42,42,83,7,150,0.0,0.0,0.0,0.0,0.0
all_community_items_multi_positive,7,62,42,42,83,7,200,1.0,0.03770006248001066,0.1,0.01,0.0008122796709753232
all_community_items_multi_positive,7,62,42,42,83,7,250,1.0,0.03770006248001066,0.1,0.008,0.0008122796709753232
all_community_items_multi_positive,7,62,42,42,83,7,300,1.0,0.03770006248001066,0.1,0.006666666666666667,0.0008122796709753232
all_community_items_multi_positive,7,62,42,42,94,8,50,1.0,0.11453108429838071,0.15,0.06,0.019984917043740575
all_community_items_multi_positive,7,62,42,42,94,8,100,1.0,0.15814060495775195,0.25,0.05,0.024943342086538325
all_community_items_multi_positive,7,62,42,42,94,8,150,1.0,0.2196676124966923,0.4,0.05333333333333334,0.033578963001571004
all_community_items_multi_positive,7,62,42,42,94,8,200,1.0,0.25809744791859573,0.5,0.05,0.039264815610500534
all_community_items_multi_positive,7,62,42,42,94,8,250,1.0,0.25809744791859573,0.5,0.04,0.039264815610500534
all_community_items_multi_positive,7,62,42,42,94,8,300,1.0,0.2928915237552391,0.6,0.04,0.043283966654269104
all_community_items_multi_positive,7,62,42,42,125,9,50,1.0,0.032864970567577,0.05,0.02,0.002631578947368421
all_community_items_multi_positive,7,62,42,42,125,9,100,1.0,0.07858816887187661,0.15,0.03,0.005946597262386735
all_community_items_multi_positive,7,62,42,42,125,9,150,1.0,0.16019478377435364,0.35,0.04666666666666667,0.014724104176177259
all_community_items_multi_positive,7,62,42,42,125,9,200,1.0,0.21744400645239323,0.5,0.05,0.022485458633223886
all_community_items_multi_positive,7,62,42,42,125,9,250,1.0,0.21744400645239323,0.5,0.04,0.022485458633223886
all_community_items_multi_positive,7,62,42,42,125,9,300,1.0,0.2704466696380682,0.65,0.043333333333333335,0.029339014895229998
all_community_items_multi_positive,7,62,42,42,140,10,50,1.0,0.06222006058809831,0.1,0.04,0.005844155844155844
all_community_items_multi_positive,7,62,42,42,140,10,100,1.0,0.2201448552320126,0.45,0.09,0.031692773600668335
all_community_items_multi_positive,7,62,42,42,140,10,150,1.0,0.24121445920992718,0.5,0.06666666666666667,0.036409754732743806
all_community_items_multi_positive,7,62,42,42,140,10,200,1.0,0.24121445920992718,0.5,0.05,0.036409754732743806
all_community_items_multi_positive,7,62,42,42,140,10,250,1.0,0.25967683399763014,0.55,0.044,0.03907965764536516
all_community_items_multi_positive,7,62,42,42,140,10,300,1.0,0.25967683399763014,0.55,0.03666666666666667,0.03907965764536516
all_community_items_multi_positive,7,62,42,42,149,11,50,1.0,0.12815252090773177,0.2,0.08,0.019606555567818124
all_community_items_multi_positive,7,62,42,42,149,11,100,1.0,0.1730227991112459,0.3,0.06,0.026474687435949988
all_community_items_multi_positive,7,62,42,42,149,11,150,1.0,0.1730227991112459,0.3,0.04,0.026474687435949988
all_community_items_multi_positive,7,62,42,42,149,11,200,1.0,0.23113707104866657,0.45,0.045,0.03394084056386783
all_community_items_multi_positive,7,62,42,42,149,11,250,1.0,0.23113707104866657,0.45,0.036,0.03394084056386783
all_community_items_multi_positive,7,62,42,42,149,11,300,1.0,0.28357021933354115,0.6,0.04,0.03985477409491496
all_community_items_multi_positive,7,62,42,42,154,12,50,1.0,0.06247098018271397,0.1,0.04,0.006166982922201138
all_community_items_multi_positive,7,62,42,42,154,12,100,1.0,0.06247098018271397,0.1,0.02,0.006166982922201138
all_community_items_multi_positive,7,62,42,42,154,12,150,1.0,0.06247098018271397,0.1,0.013333333333333334,0.006166982922201138
all_community_items_multi_positive,7,62,42,42,154,12,200,1.0,0.08173054360008761,0.15,0.015,0.007076073831292047
all_community_items_multi_positive,7,62,42,42,154,12,250,1.0,0.08173054360008761,0.15,0.012,0.007076073831292047
all_community_items_multi_positive,7,62,42,42,154,12,300,1.0,0.09914847220796033,0.2,0.013333333333333334,0.007780299183404724
all_community_items_multi_positive,7,62,42,42,156,13,50,1.0,0.11861054653464644,0.2,0.08,0.01648778809769522
all_community_items_multi_positive,7,62,42,42,156,13,100,1.0,0.18428455001617816,0.35,0.07,0.02655667613752254
all_community_items_multi_positive,7,62,42,42,156,13,150,1.0,0.18428455001617816,0.35,0.04666666666666667,0.02655667613752254
all_community_items_multi_positive,7,62,42,42,156,13,200,1.0,0.2231344569863486,0.45,0.045,0.031931856512702916
all_community_items_multi_positive,7,62,42,42,156,13,250,1.0,0.2593951871271948,0.55,0.044,0.03654444543939639
all_community_items_multi_positive,7,62,42,42,156,13,300,1.0,0.2947966527910469,0.65,0.043333333333333335,0.04135959596392906
all_community_items_multi_positive,7,62,42,42,171,14,50,1.0,0.1867414788248096,0.3,0.12,0.03856234160330799
all_community_items_multi_positive,7,62,42,42,171,14,100,1.0,0.2088445270270684,0.35,0.07,0.04267998866213152
all_community_items_multi_positive,7,62,42,42,171,14,150,1.0,0.2503195744697066,0.45,0.06,0.05009971343277372
all_community_items_multi_positive,7,62,42,42,171,14,200,1.0,0.2503195744697066,0.45,0.045,0.05009971343277372
all_community_items_multi_positive,7,62,42,42,171,14,250,1.0,0.3053160450290559,0.6,0.048,0.05780607523453316
all_community_items_multi_positive,7,62,42,42,171,14,300,1.0,0.3225976032888773,0.65,0.043333333333333335,0.059994627423085346
all_community_items_multi_positive,7,62,42,42,177,15,50,1.0,0.0973555092198593,0.15,0.06,0.01372759856630824
all_community_items_multi_positive,7,62,42,42,177,15,100,1.0,0.1888248491089587,0.35,0.07,0.028328390650998975
all_community_items_multi_positive,7,62,42,42,177,15,150,1.0,0.1888248491089587,0.35,0.04666666666666667,0.028328390650998975
all_community_items_multi_positive,7,62,42,42,177,15,200,1.0,0.2263972339935303,0.45,0.045,0.0328460277100725
all_community_items_multi_positive,7,62,42,42,177,15,250,1.0,0.2263972339935303,0.45,0.036,0.0328460277100725
all_community_items_multi_positive,7,62,42,42,177,15,300,1.0,0.24393730276314293,0.5,0.03333333333333333,0.03467752954157433
all_community_items_multi_positive,7,62,42,42,195,16,50,1.0,0.19284297607412826,0.3,0.12,0.04458415391607333
all_community_items_multi_positive,7,62,42,42,195,16,100,1.0,0.21730162231497674,0.35,0.07,0.05094779027970969
all_community_items_multi_positive,7,62,42,42,195,16,150,1.0,0.2780149409713003,0.5,0.06666666666666667,0.06139643254653378
all_community_items_multi_positive,7,62,42,42,195,16,200,1.0,0.2970566115563315,0.55,0.055,0.06453928968939092
all_community_items_multi_positive,7,62,42,42,195,16,250,1.0,0.2970566115563315,0.55,0.044,0.06453928968939092
all_community_items_multi_positive,7,62,42,42,195,16,300,1.0,0.31456271869244484,0.6,0.04,0.06671320273286918
all_community_items_multi_positive,7,62,42,42,196,17,50,1.0,0.32106472564035926,0.35,0.14,0.09643618069237266
all_community_items_multi_positive,7,62,42,42,196,17,100,1.0,0.41559203742739914,0.55,0.11,0.12603364888391505
all_community_items_multi_positive,7,62,42,42,196,17,150,1.0,0.43679065208683576,0.6,0.08,0.13185889160236167
all_community_items_multi_positive,7,62,42,42,196,17,200,1.0,0.47483377162334706,0.7,0.07,0.13952673156102732
all_community_items_multi_positive,7,62,42,42,196,17,250,1.0,0.47483377162334706,0.7,0.056,0.13952673156102732
all_community_items_multi_positive,7,62,42,42,196,17,300,1.0,0.47483377162334706,0.7,0.04666666666666667,0.13952673156102732
all_community_items_multi_positive,7,62,42,42,211,18,50,1.0,0.19624766814920314,0.25,0.1,0.047631266582879486
all_community_items_multi_positive,7,62,42,42,211,18,100,1.0,0.2179179884160956,0.3,0.06,0.050857073034492384
all_community_items_multi_positive,7,62,42,42,211,18,150,1.0,0.2604042207488518,0.4,0.05333333333333334,0.058205914714776916
all_community_items_multi_positive,7,62,42,42,211,18,200,1.0,0.2604042207488518,0.4,0.04,0.058205914714776916
all_community_items_multi_positive,7,62,42,42,211,18,250,1.0,0.2785088947349668,0.45,0.036,0.060170980216960324
all_community_items_multi_positive,7,62,42,42,211,18,300,1.0,0.2785088947349668,0.45,0.03,0.060170980216960324
all_community_items_multi_positive,7,62,42,42,237,19,50,1.0,0.24132048082807525,0.3,0.12,0.06194037444037444
all_community_items_multi_positive,7,62,42,42,237,19,100,1.0,0.3566002450267541,0.55,0.11,0.09318432851497367
all_community_items_multi_positive,7,62,42,42,237,19,150,1.0,0.39706334248117364,0.65,0.08666666666666667,0.1028859549201399
all_community_items_multi_positive,7,62,42,42,237,19,200,1.0,0.4164866042101225,0.7,0.07,0.10731633466697535
all_community_items_multi_positive,7,62,42,42,237,19,250,1.0,0.4164866042101225,0.7,0.056,0.10731633466697535
all_community_items_multi_positive,7,62,42,42,237,19,300,1.0,0.4164866042101225,0.7,0.04666666666666667,0.10731633466697535
all_community_items_multi_positive,7,62,42,42,266,20,50,1.0,0.05479364859728492,0.1,0.04,0.004146730462519936
all_community_items_multi_positive,7,62,42,42,266,20,100,1.0,0.12696417619138686,0.25,0.05,0.0142418317214143
all_community_items_multi_positive,7,62,42,42,266,20,150,1.0,0.12696417619138686,0.25,0.03333333333333333,0.0142418317214143
all_community_items_multi_positive,7,62,42,42,266,20,200,1.0,0.18399831504367947,0.4,0.04,0.02016672000517355
all_community_items_multi_positive,7,62,42,42,266,20,250,1.0,0.18399831504367947,0.4,0.032,0.02016672000517355
all_community_items_multi_positive,7,62,42,42,266,20,300,1.0,0.2017658606939338,0.45,0.03,0.02193837354848064
all_community_items_multi_positive,7,62,42,42,277,21,50,1.0,0.029872429067781155,0.05,0.02,0.0019230769230769232
all_community_items_multi_positive,7,62,42,42,277,21,100,1.0,0.05274723483085982,0.1,0.02,0.0032929399367755533
all_community_items_multi_positive,7,62,42,42,277,21,150,1.0,0.05274723483085982,0.1,0.013333333333333334,0.0032929399367755533
all_community_items_multi_positive,7,62,42,42,277,21,200,1.0,0.05274723483085982,0.1,0.01,0.0032929399367755533
all_community_items_multi_positive,7,62,42,42,277,21,250,1.0,0.05274723483085982,0.1,0.008,0.0032929399367755533
all_community_items_multi_positive,7,62,42,42,277,21,300,1.0,0.05274723483085982,0.1,0.006666666666666667,0.0032929399367755533
all_community_items_multi_positive,7,62,42,42,289,22,50,1.0,0.1593097675473301,0.3,0.12,0.02535038927480788
all_community_items_multi_positive,7,62,42,42,289,22,100,1.0,0.27465851654916673,0.55,0.11,0.056891634178203185
all_community_items_multi_positive,7,62,42,42,289,22,150,1.0,0.2950496216751774,0.6,0.08,0.06173034385562254
all_community_items_multi_positive,7,62,42,42,289,22,200,1.0,0.31415481904142256,0.65,0.065,0.0655094136230644
all_community_items_multi_positive,7,62,42,42,289,22,250,1.0,0.3326678749921448,0.7,0.056,0.06895768948513335
all_community_items_multi_positive,7,62,42,42,289,22,300,1.0,0.3326678749921448,0.7,0.04666666666666667,0.06895768948513335
all_community_items_multi_positive,7,62,42,42,292,23,50,1.0,0.23711898028433875,0.3,0.12,0.0687062937062937
all_community_items_multi_positive,7,62,42,42,292,23,100,1.0,0.3035639364872178,0.45,0.09,0.08286196587021175
all_community_items_multi_positive,7,62,42,42,292,23,150,1.0,0.3035639364872178,0.45,0.06,0.08286196587021175
all_community_items_multi_positive,7,62,42,42,292,23,200,1.0,0.32234673022293797,0.5,0.05,0.08552154033829684
all_community_items_multi_positive,7,62,42,42,292,23,250,1.0,0.3403941835106143,0.55,0.044,0.08788205535975607
all_community_items_multi_positive,7,62,42,42,292,23,300,1.0,0.3403941835106143,0.55,0.03666666666666667,0.08788205535975607
all_community_items_multi_positive,7,62,42,42,298,24,50,1.0,0.032864970567577,0.05,0.02,0.002631578947368421
all_community_items_multi_positive,7,62,42,42,298,24,100,1.0,0.079171824741802,0.15,0.03,0.00614143116411719
all_community_items_multi_positive,7,62,42,42,298,24,150,1.0,0.09946325897518163,0.2,0.02666666666666667,0.007716234313723489
all_community_items_multi_positive,7,62,42,42,298,24,200,1.0,0.1189597857785898,0.25,0.025,0.00932913753952994
all_community_items_multi_positive,7,62,42,42,298,24,250,1.0,0.1373889308592224,0.3,0.024,0.010771445231837633
all_community_items_multi_positive,7,62,42,42,298,24,300,1.0,0.1373889308592224,0.3,0.02,0.010771445231837633
all_community_items_multi_positive,7,62,42,42,315,25,50,1.0,0.30860074532988796,0.45,0.18,0.0995835792772632
all_community_items_multi_positive,7,62,42,42,315,25,100,1.0,0.37935593081216995,0.6,0.12,0.12544810690649671
all_community_items_multi_positive,7,62,42,42,315,25,150,1.0,0.43959807702007025,0.75,0.1,0.14112324632043602
all_community_items_multi_positive,7,62,42,42,315,25,200,1.0,0.4772018626735404,0.85,0.085,0.14994559818499792
all_community_items_multi_positive,7,62,42,42,315,25,250,1.0,0.4772018626735404,0.85,0.068,0.14994559818499792
all_community_items_multi_positive,7,62,42,42,315,25,300,1.0,0.4946634554204767,0.9,0.06,0.15315988389928364
all_community_items_multi_positive,7,62,42,42,317,26,50,1.0,0.32653843863881404,0.4,0.16,0.12625470058396887
all_community_items_multi_positive,7,62,42,42,317,26,100,1.0,0.37326590523458525,0.5,0.1,0.14055922011007685
all_community_items_multi_positive,7,62,42,42,317,26,150,1.0,0.3931607183149525,0.55,0.07333333333333333,0.14448779153864827
all_community_items_multi_positive,7,62,42,42,317,26,200,1.0,0.3931607183149525,0.55,0.055,0.14448779153864827
all_community_items_multi_positive,7,62,42,42,317,26,250,1.0,0.41169089640084866,0.6,0.048,0.14745808856835124
all_community_items_multi_positive,7,62,42,42,317,26,300,1.0,0.4467139085994775,0.7,0.04666666666666667,0.15235279770233387
all_community_items_multi_positive,7,62,42,42,362,27,50,1.0,0.10079438243384747,0.1,0.04,0.02159090909090909
all_community_items_multi_positive,7,62,42,42,362,27,100,1.0,0.23834101161585616,0.4,0.08,0.04320683248464901
all_community_items_multi_positive,7,62,42,42,362,27,150,1.0,0.300476394358684,0.55,0.07333333333333333,0.056243406303002993
all_community_items_multi_positive,7,62,42,42,362,27,200,1.0,0.300476394358684,0.55,0.055,0.056243406303002993
all_community_items_multi_positive,7,62,42,42,362,27,250,1.0,0.31897244328298613,0.6,0.048,0.05918458277359123
all_community_items_multi_positive,7,62,42,42,362,27,300,1.0,0.31897244328298613,0.6,0.04,0.05918458277359123
all_community_items_multi_positive,7,62,42,42,364,28,50,1.0,0.09770960244574682,0.1,0.04,0.01923076923076923
all_community_items_multi_positive,7,62,42,42,364,28,100,1.0,0.1438278495140564,0.2,0.04,0.024190527782077077
all_community_items_multi_positive,7,62,42,42,364,28,150,1.0,0.18515639453881663,0.3,0.04,0.02889276834811481
all_community_items_multi_positive,7,62,42,42,364,28,200,1.0,0.18515639453881663,0.3,0.03,0.02889276834811481
all_community_items_multi_positive,7,62,42,42,364,28,250,1.0,0.20344123867937275,0.35,0.028,0.030505671573921263
all_community_items_multi_positive,7,62,42,42,364,28,300,1.0,0.20344123867937275,0.35,0.023333333333333334,0.030505671573921263
all_community_items_multi_positive,7,62,42,42,383,29,50,1.0,0.11630686983226163,0.1,0.04,0.027564102564102567
all_community_items_multi_positive,7,62,42,42,383,29,100,1.0,0.22886405353185504,0.35,0.07,0.04278470829564597
all_community_items_multi_positive,7,62,42,42,383,29,150,1.0,0.30999224891092475,0.55,0.07333333333333333,0.05756822635499849
all_community_items_multi_positive,7,62,42,42,383,29,200,1.0,0.38695095778453215,0.75,0.075,0.07377281710306408
all_community_items_multi_positive,7,62,42,42,383,29,250,1.0,0.38695095778453215,0.75,0.06,0.07377281710306408
all_community_items_multi_positive,7,62,42,42,383,29,300,1.0,0.38695095778453215,0.75,0.05,0.07377281710306408
all_community_items_multi_positive,7,62,42,42,393,30,50,1.0,0.19295132296109138,0.25,0.1,0.0475375939849624
all_community_items_multi_positive,7,62,42,42,393,30,100,1.0,0.2632276560248354,0.4,0.08,0.06328330177192065
all_community_items_multi_positive,7,62,42,42,393,30,150,1.0,0.2632276560248354,0.4,0.05333333333333334,0.06328330177192065
all_community_items_multi_positive,7,62,42,42,393,30,200,1.0,0.30157013767912577,0.5,0.05,0.0688950131696202
all_community_items_multi_positive,7,62,42,42,393,30,250,1.0,0.30157013767912577,0.5,0.04,0.0688950131696202
all_community_items_multi_positive,7,62,42,42,393,30,300,1.0,0.30157013767912577,0.5,0.03333333333333333,0.0688950131696202
all_community_items_multi_positive,7,62,42,42,398,31,50,1.0,0.2599424762915186,0.3,0.12,0.09171043417366946
all_community_items_multi_positive,7,62,42,42,398,31,100,1.0,0.39625563122877616,0.6,0.12,0.12877492547292865
all_community_items_multi_positive,7,62,42,42,398,31,150,1.0,0.39625563122877616,0.6,0.08,0.12877492547292865
all_community_items_multi_positive,7,62,42,42,398,31,200,1.0,0.4150574538590196,0.65,0.065,0.13225086130180566
all_community_items_multi_positive,7,62,42,42,398,31,250,1.0,0.43329600249909866,0.7,0.056,0.13543267948362384
all_community_items_multi_positive,7,62,42,42,398,31,300,1.0,0.4509291569875943,0.75,0.05,0.13826286816286912
all_community_items_multi_positive,7,62,42,42,455,32,50,1.0,0.07102001981682865,0.05,0.02,0.016666666666666666
all_community_items_multi_positive,7,62,42,42,455,32,100,1.0,0.07102001981682865,0.05,0.01,0.016666666666666666
all_community_items_multi_positive,7,62,42,42,455,32,150,1.0,0.07102001981682865,0.05,0.006666666666666667,0.016666666666666666
all_community_items_multi_positive,7,62,42,42,455,32,200,1.0,0.07102001981682865,0.05,0.005,0.016666666666666666
all_community_items_multi_positive,7,62,42,42,455,32,250,1.0,0.10743952618179947,0.15,0.012,0.01777669745584184
all_community_items_multi_positive,7,62,42,42,455,32,300,1.0,0.12495689822535563,0.2,0.013333333333333334,0.018503970183114567
all_community_items_multi_positive,7,62,42,42,465,33,50,1.0,0.2964421540803101,0.4,0.16,0.1004527665317139
all_community_items_multi_positive,7,62,42,42,465,33,100,1.0,0.38852433917766627,0.6,0.12,0.12977177330868545
all_community_items_multi_positive,7,62,42,42,465,33,150,1.0,0.43026020447018104,0.7,0.09333333333333334,0.14193064270439693
all_community_items_multi_positive,7,62,42,42,465,33,200,1.0,0.43026020447018104,0.7,0.07,0.14193064270439693
all_community_items_multi_positive,7,62,42,42,465,33,250,1.0,0.4848016377466347,0.85,0.068,0.15263264583378597
all_community_items_multi_positive,7,62,42,42,465,33,300,1.0,0.4848016377466347,0.85,0.056666666666666664,0.15263264583378597
all_community_items_multi_positive,7,62,42,42,471,34,50,1.0,0.30486852761468314,0.4,0.16,0.08577391262607209
all_community_items_multi_positive,7,62,42,42,471,34,100,1.0,0.32845394186427046,0.45,0.09,0.0928051626260721
all_community_items_multi_positive,7,62,42,42,471,34,150,1.0,0.32845394186427046,0.45,0.06,0.0928051626260721
all_community_items_multi_positive,7,62,42,42,471,34,200,1.0,0.32845394186427046,0.45,0.045,0.0928051626260721
all_community_items_multi_positive,7,62,42,42,471,34,250,1.0,0.32845394186427046,0.45,0.036,0.0928051626260721
all_community_items_multi_positive,7,62,42,42,471,34,300,1.0,0.36331469857410603,0.55,0.03666666666666667,0.09651115513543539
all_community_items_multi_positive,7,62,42,42,475,35,50,1.0,0.2640213068173145,0.4,0.16,0.0740111006124938
all_community_items_multi_positive,7,62,42,42,475,35,100,1.0,0.33282415083061156,0.55,0.11,0.0946784826483719
all_community_items_multi_positive,7,62,42,42,475,35,150,1.0,0.3535735841913484,0.6,0.08,0.09994164054310875
all_community_items_multi_positive,7,62,42,42,475,35,200,1.0,0.3723563779270686,0.65,0.065,0.10339908735161937
all_community_items_multi_positive,7,62,42,42,475,35,250,1.0,0.39083553357551154,0.7,0.056,0.10681372149796084
all_community_items_multi_positive,7,62,42,42,475,35,300,1.0,0.39083553357551154,0.7,0.04666666666666667,0.10681372149796084
all_community_items_multi_positive,7,62,42,42,476,36,50,1.0,0.38678746863820085,0.4,0.16,0.1764365459102301
all_community_items_multi_positive,7,62,42,42,476,36,100,1.0,0.48027073760515715,0.6,0.12,0.20769601253362077
all_community_items_multi_positive,7,62,42,42,476,36,150,1.0,0.48027073760515715,0.6,0.08,0.20769601253362077
all_community_items_multi_positive,7,62,42,42,476,36,200,1.0,0.4996939993341061,0.65,0.065,0.21180993658425368
all_community_items_multi_positive,7,62,42,42,476,36,250,1.0,0.5176174567747748,0.7,0.056,0.21470249856772475
all_community_items_multi_positive,7,62,42,42,476,36,300,1.0,0.5176174567747748,0.7,0.04666666666666667,0.21470249856772475
all_community_items_multi_positive,7,62,42,42,488,37,50,1.0,0.26017431502603794,0.3,0.12,0.07417800453514739
all_community_items_multi_positive,7,62,42,42,488,37,100,1.0,0.2827727160014601,0.35,0.07,0.07872345908060194
all_community_items_multi_positive,7,62,42,42,488,37,150,1.0,0.3028137437733389,0.4,0.05333333333333334,0.0816864220435649
all_community_items_multi_positive,7,62,42,42,488,37,200,1.0,0.32139599285118864,0.45,0.045,0.08394772857622822
all_community_items_multi_positive,7,62,42,42,488,37,250,1.0,0.35754913196164434,0.55,0.044,0.08849079727994927
all_community_items_multi_positive,7,62,42,42,488,37,300,1.0,0.35754913196164434,0.55,0.03666666666666667,0.08849079727994927
all_community_items_multi_positive,7,62,42,42,506,38,50,1.0,0.09116105388145092,0.15,0.06,0.01052482269503546
all_community_items_multi_positive,7,62,42,42,506,38,100,1.0,0.09116105388145092,0.15,0.03,0.01052482269503546
all_community_items_multi_positive,7,62,42,42,506,38,150,1.0,0.09116105388145092,0.15,0.02,0.01052482269503546
all_community_items_multi_positive,7,62,42,42,506,38,200,1.0,0.09116105388145092,0.15,0.015,0.01052482269503546
all_community_items_multi_positive,7,62,42,42,506,38,250,1.0,0.10964020952989384,0.2,0.016,0.011500432451133021
all_community_items_multi_positive,7,62,42,42,506,38,300,1.0,0.10964020952989384,0.2,0.013333333333333334,0.011500432451133021
all_community_items_multi_positive,7,62,42,42,532,39,50,0.0,0.0,0.0,0.0,0.0
all_community_items_multi_positive,7,62,42,42,532,39,100,0.0,0.0,0.0,0.0,0.0
all_community_items_multi_positive,7,62,42,42,532,39,150,1.0,0.07967728569660416,0.2,0.02666666666666667,0.0035031252553573986
all_community_items_multi_positive,7,62,42,42,532,39,200,1.0,0.07967728569660416,0.2,0.02,0.0035031252553573986
all_community_items_multi_positive,7,62,42,42,532,39,250,1.0,0.07967728569660416,0.2,0.016,0.0035031252553573986
all_community_items_multi_positive,7,62,42,42,532,39,300,1.0,0.07967728569660416,0.2,0.013333333333333334,0.0035031252553573986
all_community_items_multi_positive,7,62,42,42,559,40,50,1.0,0.05277213552330146,0.1,0.04,0.003511904761904762
all_community_items_multi_positive,7,62,42,42,559,40,100,1.0,0.1448763345506898,0.3,0.06,0.0159805184292715
all_community_items_multi_positive,7,62,42,42,559,40,150,1.0,0.1649475145448175,0.35,0.04666666666666667,0.01859245872777896
all_community_items_multi_positive,7,62,42,42,559,40,200,1.0,0.1649475145448175,0.35,0.035,0.01859245872777896
all_community_items_multi_positive,7,62,42,42,559,40,250,1.0,0.1649475145448175,0.35,0.028,0.01859245872777896
all_community_items_multi_positive,7,62,42,42,559,40,300,1.0,0.1649475145448175,0.35,0.023333333333333334,0.01859245872777896
all_community_items_multi_positive,7,62,42,42,567,41,50,1.0,0.14487767877199934,0.25,0.1,0.021918547818772872
all_community_items_multi_positive,7,62,42,42,567,41,100,1.0,0.2340891974168918,0.45,0.09,0.040025538128603294
all_community_items_multi_positive,7,62,42,42,567,41,150,1.0,0.2541603774110195,0.5,0.06666666666666667,0.04375688141218538
all_community_items_multi_positive,7,62,42,42,567,41,200,1.0,0.2736569042144277,0.55,0.055,0.04730526850895957
all_community_items_multi_positive,7,62,42,42,567,41,250,1.0,0.2736569042144277,0.55,0.044,0.04730526850895957
all_community_items_multi_positive,7,62,42,42,567,41,300,1.0,0.29091819589870194,0.6,0.04,0.04931195747217028
all_community_items_multi_positive,7,62,42,42,585,42,50,1.0,0.05143542937317601,0.1,0.04,0.0033102766798418976
all_community_items_multi_positive,7,62,42,42,585,42,100,1.0,0.07538524059378653,0.15,0.03,0.005810276679841898
all_community_items_multi_positive,7,62,42,42,585,42,150,1.0,0.07538524059378653,0.15,0.02,0.005810276679841898
all_community_items_multi_positive,7,62,42,42,585,42,200,1.0,0.07538524059378653,0.15,0.015,0.005810276679841898
all_community_items_multi_positive,7,62,42,42,585,42,250,1.0,0.09324248651669345,0.2,0.016,0.006619993279032181
all_community_items_multi_positive,7,62,42,42,585,42,300,1.0,0.12804887657974692,0.3,0.02,0.008543164639554684
all_community_items_multi_positive,7,62,42,42,619,43,50,1.0,0.3417963482349779,0.4,0.16,0.12421312246312247
all_community_items_multi_positive,7,62,42,42,619,43,100,1.0,0.3907165416615944,0.5,0.1,0.1414750272250272
all_community_items_multi_positive,7,62,42,42,619,43,150,1.0,0.4322631847464049,0.6,0.08,0.1516056445473721
all_community_items_multi_positive,7,62,42,42,619,43,200,1.0,0.4322631847464049,0.6,0.06,0.1516056445473721
all_community_items_multi_positive,7,62,42,42,619,43,250,1.0,0.4322631847464049,0.6,0.048,0.1516056445473721
all_community_items_multi_positive,7,62,42,42,619,43,300,1.0,0.4322631847464049,0.6,0.04,0.1516056445473721
all_community_items_multi_positive,7,62,42,42,623,44,50,1.0,0.14134995248480045,0.15,0.06,0.03065891472868217
all_community_items_multi_positive,7,62,42,42,623,44,100,1.0,0.16339578289215628,0.2,0.04,0.032984496124031
all_community_items_multi_positive,7,62,42,42,623,44,150,1.0,0.24460622967431073,0.4,0.05333333333333334,0.04309538454648659
all_community_items_multi_positive,7,62,42,42,623,44,200,1.0,0.2634659887209492,0.45,0.045,0.045541036720399636
all_community_items_multi_positive,7,62,42,42,623,44,250,1.0,0.2818623382771631,0.5,0.04,0.047921989101352015
all_community_items_multi_positive,7,62,42,42,623,44,300,1.0,0.2818623382771631,0.5,0.03333333333333333,0.047921989101352015
all_community_items_multi_positive,7,62,42,42,631,45,50,1.0,0.35625814527427135,0.35,0.14,0.15905309250136834
all_community_items_multi_positive,7,62,42,42,631,45,100,1.0,0.4689140455493762,0.6,0.12,0.19065652977856448
all_community_items_multi_positive,7,62,42,42,631,45,150,1.0,0.48866974869212204,0.65,0.08666666666666667,0.19513928839925415
all_community_items_multi_positive,7,62,42,42,631,45,200,1.0,0.48866974869212204,0.65,0.065,0.19513928839925415
all_community_items_multi_positive,7,62,42,42,631,45,250,1.0,0.48866974869212204,0.65,0.052,0.19513928839925415
all_community_items_multi_positive,7,62,42,42,631,45,300,1.0,0.48866974869212204,0.65,0.043333333333333335,0.19513928839925415
all_community_items_multi_positive,7,62,42,42,644,46,50,1.0,0.13290767113458074,0.2,0.08,0.022224118855697802
all_community_items_multi_positive,7,62,42,42,644,46,100,1.0,0.1825066903069138,0.3,0.06,0.03278645699850209
all_community_items_multi_positive,7,62,42,42,644,46,150,1.0,0.2024883391705142,0.35,0.04666666666666667,0.03534120152404954
all_community_items_multi_positive,7,62,42,42,644,46,200,1.0,0.2024883391705142,0.35,0.035,0.03534120152404954
all_community_items_multi_positive,7,62,42,42,644,46,250,1.0,0.22071164699360196,0.4,0.032,0.037151156275180765
all_community_items_multi_positive,7,62,42,42,644,46,300,1.0,0.22071164699360196,0.4,0.02666666666666667,0.037151156275180765
all_community_items_multi_positive,7,62,42,42,645,47,50,0.0,0.0,0.0,0.0,0.0
all_community_items_multi_positive,7,62,42,42,645,47,100,0.0,0.0,0.0,0.0,0.0
all_community_items_multi_positive,7,62,42,42,645,47,150,0.0,0.0,0.0,0.0,0.0
all_community_items_multi_positive,7,62,42,42,645,47,200,1.0,0.019214548227592842,0.05,0.005,0.0002994011976047904
all_community_items_multi_positive,7,62,42,42,645,47,250,1.0,0.019214548227592842,0.05,0.004,0.0002994011976047904
all_community_items_multi_positive,7,62,42,42,645,47,300,1.0,0.019214548227592842,0.05,0.0033333333333333335,0.0002994011976047904
all_community_items_multi_positive,7,62,42,42,676,48,50,1.0,0.24115799725184903,0.25,0.1,0.07272314331137861
all_community_items_multi_positive,7,62,42,42,676,48,100,1.0,0.24115799725184903,0.25,0.05,0.07272314331137861
all_community_items_multi_positive,7,62,42,42,676,48,150,1.0,0.2815901301497385,0.35,0.04666666666666667,0.07773509074268087
all_community_items_multi_positive,7,62,42,42,676,48,200,1.0,0.2815901301497385,0.35,0.035,0.07773509074268087
all_community_items_multi_positive,7,62,42,42,676,48,250,1.0,0.2815901301497385,0.35,0.028,0.07773509074268087
all_community_items_multi_positive,7,62,42,42,676,48,300,1.0,0.2815901301497385,0.35,0.023333333333333334,0.07773509074268087
all_community_items_multi_positive,7,62,42,42,688,49,50,1.0,0.3503792074915279,0.45,0.18,0.12013468013468014
all_community_items_multi_positive,7,62,42,42,688,49,100,1.0,0.4214450980752867,0.6,0.12,0.14626490713587487
all_community_items_multi_positive,7,62,42,42,688,49,150,1.0,0.4214450980752867,0.6,0.08,0.14626490713587487
all_community_items_multi_positive,7,62,42,42,688,49,200,1.0,0.4214450980752867,0.6,0.06,0.14626490713587487
all_community_items_multi_positive,7,62,42,42,688,49,250,1.0,0.4214450980752867,0.6,0.048,0.14626490713587487
all_community_items_multi_positive,7,62,42,42,688,49,300,1.0,0.4389965996414776,0.65,0.043333333333333335,0.14865461301822783
all_community_items_multi_positive,7,62,42,42,691,50,50,1.0,0.22416178554981003,0.3,0.12,0.05276693502161108
all_community_items_multi_positive,7,62,42,42,691,50,100,1.0,0.2707099312518316,0.4,0.08,0.06380194263196116
all_community_items_multi_positive,7,62,42,42,691,50,150,1.0,0.2707099312518316,0.4,0.05333333333333334,0.06380194263196116
all_community_items_multi_positive,7,62,42,42,691,50,200,1.0,0.29030726295392145,0.45,0.045,0.0667820750822923
all_community_items_multi_positive,7,62,42,42,691,50,250,1.0,0.29030726295392145,0.45,0.036,0.0667820750822923
all_community_items_multi_positive,7,62,42,42,691,50,300,1.0,0.30783595538000136,0.5,0.03333333333333333,0.06860689260054047
all_community_items_multi_positive,7,62,42,42,697,51,50,0.0,0.0,0.0,0.0,0.0
all_community_items_multi_positive,7,62,42,42,697,51,100,0.0,0.0,0.0,0.0,0.0
all_community_items_multi_positive,7,62,42,42,697,51,150,0.0,0.0,0.0,0.0,0.0
all_community_items_multi_positive,7,62,42,42,697,51,200,0.0,0.0,0.0,0.0,0.0
all_community_items_multi_positive,7,62,42,42,697,51,250,0.0,0.0,0.0,0.0,0.0
all_community_items_multi_positive,7,62,42,42,697,51,300,0.0,0.0,0.0,0.0,0.0
all_community_items_multi_positive,7,62,42,42,704,52,50,1.0,0.13182880937922423,0.2,0.08,0.023670814479638008
all_community_items_multi_positive,7,62,42,42,704,52,100,1.0,0.13182880937922423,0.2,0.04,0.023670814479638008
all_community_items_multi_positive,7,62,42,42,704,52,150,1.0,0.1526165052647434,0.25,0.03333333333333333,0.025883203860168978
all_community_items_multi_positive,7,62,42,42,704,52,200,1.0,0.17151561548600622,0.3,0.03,0.027531555508520628
all_community_items_multi_positive,7,62,42,42,704,52,250,1.0,0.17151561548600622,0.3,0.024,0.027531555508520628
all_community_items_multi_positive,7,62,42,42,704,52,300,1.0,0.17151561548600622,0.3,0.02,0.027531555508520628
all_community_items_multi_positive,7,62,42,42,725,53,50,0.0,0.0,0.0,0.0,0.0
all_community_items_multi_positive,7,62,42,42,725,53,100,0.0,0.0,0.0,0.0,0.0
all_community_items_multi_positive,7,62,42,42,725,53,150,1.0,0.019810533527907803,0.05,0.006666666666666667,0.00034965034965034965
all_community_items_multi_positive,7,62,42,42,725,53,200,1.0,0.019810533527907803,0.05,0.005,0.00034965034965034965
all_community_items_multi_positive,7,62,42,42,725,53,250,1.0,0.019810533527907803,0.05,0.004,0.00034965034965034965
all_community_items_multi_positive,7,62,42,42,725,53,300,1.0,0.019810533527907803,0.05,0.0033333333333333335,0.00034965034965034965
all_community_items_multi_positive,7,62,42,42,756,54,50,1.0,0.2522334965137001,0.35,0.14,0.07366492452675764
all_community_items_multi_positive,7,62,42,42,756,54,100,1.0,0.29746149423037815,0.45,0.09,0.084708284960362
all_community_items_multi_positive,7,62,42,42,756,54,150,1.0,0.359206141494555,0.6,0.08,0.09857501408444407
all_community_items_multi_positive,7,62,42,42,756,54,200,1.0,0.4164250348613042,0.75,0.075,0.11064646876280666
all_community_items_multi_positive,7,62,42,42,756,54,250,1.0,0.434416588801131,0.8,0.064,0.114021996188967
all_community_items_multi_positive,7,62,42,42,756,54,300,1.0,0.434416588801131,0.8,0.05333333333333334,0.114021996188967
all_community_items_multi_positive,7,62,42,42,758,55,50,1.0,0.10195638031144309,0.15,0.06,0.015978506787330315
all_community_items_multi_positive,7,62,42,42,758,55,100,1.0,0.14782345058093194,0.25,0.05,0.02214417395374711
all_community_items_multi_positive,7,62,42,42,758,55,150,1.0,0.14782345058093194,0.25,0.03333333333333333,0.02214417395374711
all_community_items_multi_positive,7,62,42,42,758,55,200,1.0,0.1668030786023984,0.3,0.03,0.023829567212174073
all_community_items_multi_positive,7,62,42,42,758,55,250,1.0,0.22199986553606166,0.45,0.036,0.02952474297484068
all_community_items_multi_positive,7,62,42,42,758,55,300,1.0,0.2395399343056743,0.5,0.03333333333333333,0.03135624480634251
all_community_items_multi_positive,7,62,42,42,759,56,50,1.0,0.2607773208641021,0.25,0.1,0.07353638425066997
all_community_items_multi_positive,7,62,42,42,759,56,100,1.0,0.3576693573242482,0.45,0.09,0.09945169277467414
all_community_items_multi_positive,7,62,42,42,759,56,150,1.0,0.4791837888395825,0.75,0.1,0.1284075604410256
all_community_items_multi_positive,7,62,42,42,759,56,200,1.0,0.4981027985409318,0.8,0.08,0.13282744994378803
all_community_items_multi_positive,7,62,42,42,759,56,250,1.0,0.5348798923867234,0.9,0.072,0.14113934051800253
all_community_items_multi_positive,7,62,42,42,759,56,300,1.0,0.5701700683396254,1.0,0.06666666666666667,0.14852509272404316
all_community_items_multi_positive,7,62,42,42,760,57,50,1.0,0.029872429067781155,0.05,0.02,0.0019230769230769232
all_community_items_multi_positive,7,62,42,42,760,57,100,1.0,0.052214368155417454,0.1,0.02,0.003157644824311491
all_community_items_multi_positive,7,62,42,42,760,57,150,1.0,0.09365218390184214,0.2,0.02666666666666667,0.006166694598067147
all_community_items_multi_positive,7,62,42,42,760,57,200,1.0,0.19063546093213393,0.45,0.045,0.017057431106180174
all_community_items_multi_positive,7,62,42,42,760,57,250,1.0,0.20879873319435716,0.5,0.04,0.019279653328402396
all_community_items_multi_positive,7,62,42,42,760,57,300,1.0,0.20879873319435716,0.5,0.03333333333333333,0.019279653328402396
all_community_items_multi_positive,7,62,42,42,769,58,50,1.0,0.14330316569370247,0.21428571428571427,0.06,0.02806122448979592
all_community_items_multi_positive,7,62,42,42,769,58,100,1.0,0.1725781367024861,0.2857142857142857,0.04,0.032325616813889735
all_community_items_multi_positive,7,62,42,42,769,58,150,1.0,0.1977604091173443,0.35714285714285715,0.03333333333333333,0.03499086201644837
all_community_items_multi_positive,7,62,42,42,769,58,200,1.0,0.24517595269291045,0.5,0.035,0.040072320177747575
all_community_items_multi_positive,7,62,42,42,769,58,250,1.0,0.2675969472194959,0.5714285714285714,0.032,0.04239520054940843
all_community_items_multi_positive,7,62,42,42,769,58,300,1.0,0.2675969472194959,0.5714285714285714,0.02666666666666667,0.04239520054940843
all_community_items_multi_positive,7,62,42,42,776,59,50,0.0,0.0,0.0,0.0,0.0
all_community_items_multi_positive,7,62,42,42,776,59,100,0.0,0.0,0.0,0.0,0.0
all_community_items_multi_positive,7,62,42,42,776,59,150,1.0,0.02056497604348446,0.05,0.006666666666666667,0.00042016806722689073
all_community_items_multi_positive,7,62,42,42,776,59,200,1.0,0.02056497604348446,0.05,0.005,0.00042016806722689073
all_community_items_multi_positive,7,62,42,42,776,59,250,1.0,0.03862660848973699,0.1,0.008,0.0008512025499855115
all_community_items_multi_positive,7,62,42,42,776,59,300,1.0,0.07348833985241526,0.2,0.013333333333333334,0.002083579312309279
all_community_items_multi_positive,7,62,42,42,780,60,50,1.0,0.05434832060047137,0.1,0.04,0.004060150375939849
all_community_items_multi_positive,7,62,42,42,780,60,100,1.0,0.07722312636355004,0.15,0.03,0.006114944896487794
all_community_items_multi_positive,7,62,42,42,780,60,150,1.0,0.07722312636355004,0.15,0.02,0.006114944896487794
all_community_items_multi_positive,7,62,42,42,780,60,200,1.0,0.07722312636355004,0.15,0.015,0.006114944896487794
all_community_items_multi_positive,7,62,42,42,780,60,250,1.0,0.07722312636355004,0.15,0.012,0.006114944896487794
all_community_items_multi_positive,7,62,42,42,780,60,300,1.0,0.09483265636994911,0.2,0.013333333333333334,0.006864008566899779
all_community_items_multi_positive,7,62,42,42,794,61,50,1.0,0.3449381523448282,0.35,0.14,0.11358825283243887
all_community_items_multi_positive,7,62,42,42,794,61,100,1.0,0.3449381523448282,0.35,0.07,0.11358825283243887
all_community_items_multi_positive,7,62,42,42,794,61,150,1.0,0.4271111610264913,0.55,0.07333333333333333,0.12934131489702566
all_community_items_multi_positive,7,62,42,42,794,61,200,1.0,0.4271111610264913,0.55,0.055,0.12934131489702566
all_community_items_multi_positive,7,62,42,42,794,61,250,1.0,0.4271111610264913,0.55,0.044,0.12934131489702566
all_community_items_multi_positive,7,62,42,42,794,61,300,1.0,0.4271111610264913,0.55,0.03666666666666667,0.12934131489702566
all_community_items_multi_positive,7,62,42,42,821,62,50,1.0,0.035510009908414325,0.05,0.02,0.003333333333333333
all_community_items_multi_positive,7,62,42,42,821,62,100,1.0,0.10583409380786003,0.2,0.04,0.010047418335089568
all_community_items_multi_positive,7,62,42,42,821,62,150,1.0,0.16685565502247143,0.35,0.04666666666666667,0.0171575632626258
all_community_items_multi_positive,7,62,42,42,821,62,200,1.0,0.18571541406910985,0.4,0.04,0.019331476306104062
all_community_items_multi_positive,7,62,42,42,821,62,250,1.0,0.18571541406910985,0.4,0.032,0.019331476306104062
all_community_items_multi_positive,7,62,42,42,821,62,300,1.0,0.20319915590182214,0.45,0.03,0.020950181342075287
all_community_items_multi_positive,7,62,42,42,824,63,50,1.0,0.5115007043387769,0.55,0.22,0.2813048159947409
all_community_items_multi_positive,7,62,42,42,824,63,100,1.0,0.6013912934402558,0.75,0.15,0.315404383094308
all_community_items_multi_positive,7,62,42,42,824,63,150,1.0,0.6836027016371148,0.95,0.12666666666666668,0.34465142546635047
all_community_items_multi_positive,7,62,42,42,824,63,200,1.0,0.6836027016371148,0.95,0.095,0.34465142546635047
all_community_items_multi_positive,7,62,42,42,824,63,250,1.0,0.6836027016371148,0.95,0.076,0.34465142546635047
all_community_items_multi_positive,7,62,42,42,824,63,300,1.0,0.6836027016371148,0.95,0.06333333333333334,0.34465142546635047
all_community_items_multi_positive,7,62,42,42,838,64,50,1.0,0.0383846381653829,0.05,0.02,0.004166666666666667
all_community_items_multi_positive,7,62,42,42,838,64,100,1.0,0.06111858303398639,0.1,0.02,0.0055
all_community_items_multi_positive,7,62,42,42,838,64,150,1.0,0.10140450124036426,0.2,0.02666666666666667,0.008138248847926268
all_community_items_multi_positive,7,62,42,42,838,64,200,1.0,0.12016840467299199,0.25,0.025,0.00946100017067759
all_community_items_multi_positive,7,62,42,42,838,64,250,1.0,0.12016840467299199,0.25,0.02,0.00946100017067759
all_community_items_multi_positive,7,62,42,42,838,64,300,1.0,0.12016840467299199,0.25,0.016666666666666666,0.00946100017067759
all_community_items_multi_positive,7,62,42,42,863,65,50,1.0,0.3110869998706198,0.45,0.18,0.10320829902225251
all_community_items_multi_positive,7,62,42,42,863,65,100,1.0,0.3822417080188583,0.6,0.12,0.12952279814782658
all_community_items_multi_positive,7,62,42,42,863,65,150,1.0,0.4020800588707842,0.65,0.08666666666666667,0.134100262936559
all_community_items_multi_positive,7,62,42,42,863,65,200,1.0,0.4215765856741924,0.7,0.07,0.13861639196881706
all_community_items_multi_positive,7,62,42,42,863,65,250,1.0,0.43984590141812013,0.75,0.06,0.14205675894129413
all_community_items_multi_positive,7,62,42,42,863,65,300,1.0,0.43984590141812013,0.75,0.05,0.14205675894129413
all_community_items_multi_positive,7,62,42,42,864,66,50,1.0,0.4421888850607919,0.5,0.2,0.16768158791563048
all_community_items_multi_positive,7,62,42,42,864,66,100,1.0,0.5107581915566638,0.65,0.13,0.1922077034465886
all_community_items_multi_positive,7,62,42,42,864,66,150,1.0,0.5310171326035095,0.7,0.09333333333333334,0.19767645344658863
all_community_items_multi_positive,7,62,42,42,864,66,200,1.0,0.5686095689050794,0.8,0.08,0.20594568421581938
all_community_items_multi_positive,7,62,42,42,864,66,250,1.0,0.5864279548515829,0.85,0.068,0.20934568421581937
all_community_items_multi_positive,7,62,42,42,864,66,300,1.0,0.5864279548515829,0.85,0.056666666666666664,0.20934568421581937
all_community_items_multi_positive,7,62,42,42,870,67,50,1.0,0.11487711310922344,0.15,0.06,0.020215686274509804
all_community_items_multi_positive,7,62,42,42,870,67,100,1.0,0.11487711310922344,0.15,0.03,0.020215686274509804
all_community_items_multi_positive,7,62,42,42,870,67,150,1.0,0.13500955159516295,0.2,0.02666666666666667,0.02173083778966132
all_community_items_multi_positive,7,62,42,42,870,67,200,1.0,0.13500955159516295,0.2,0.02,0.02173083778966132
all_community_items_multi_positive,7,62,42,42,870,67,250,1.0,0.15307118404141548,0.25,0.02,0.02280842399655787
all_community_items_multi_positive,7,62,42,42,870,67,300,1.0,0.1705108402429101,0.3,0.02,0.02387225378379191
all_community_items_multi_positive,7,62,42,42,874,68,50,0.0,0.0,0.0,0.0,0.0
all_community_items_multi_positive,7,62,42,42,874,68,100,1.0,0.023855451219482588,0.05,0.01,0.000819672131147541
all_community_items_multi_positive,7,62,42,42,874,68,150,1.0,0.0652264194659541,0.15,0.02,0.0029439280835284938
all_community_items_multi_positive,7,62,42,42,874,68,200,1.0,0.0652264194659541,0.15,0.015,0.0029439280835284938
all_community_items_multi_positive,7,62,42,42,874,68,250,1.0,0.08304480541245765,0.2,0.016,0.0037439280835284937
all_community_items_multi_positive,7,62,42,42,874,68,300,1.0,0.08304480541245765,0.2,0.013333333333333334,0.0037439280835284937
all_community_items_multi_positive,7,62,42,42,884,69,50,1.0,0.10262871436909565,0.15,0.06,0.014316032015522678
all_community_items_multi_positive,7,62,42,42,884,69,100,1.0,0.14819344085524308,0.25,0.05,0.020337731834690852
all_community_items_multi_positive,7,62,42,42,884,69,150,1.0,0.14819344085524308,0.25,0.03333333333333333,0.020337731834690852
all_community_items_multi_positive,7,62,42,42,884,69,200,1.0,0.14819344085524308,0.25,0.025,0.020337731834690852
all_community_items_multi_positive,7,62,42,42,884,69,250,1.0,0.18499134094652142,0.35,0.028,0.023428467572812577
all_community_items_multi_positive,7,62,42,42,884,69,300,1.0,0.20261265315546867,0.4,0.02666666666666667,0.02493222697130882
all_community_items_multi_positive,7,62,42,42,907,70,50,1.0,0.18409951313070816,0.25,0.1,0.040935374149659864
all_community_items_multi_positive,7,62,42,42,907,70,100,1.0,0.27888258891014983,0.45,0.09,0.06461593141655489
all_community_items_multi_positive,7,62,42,42,907,70,150,1.0,0.3605744186824995,0.65,0.08666666666666667,0.08316077969708298
all_community_items_multi_positive,7,62,42,42,907,70,200,1.0,0.3605744186824995,0.65,0.065,0.08316077969708298
all_community_items_multi_positive,7,62,42,42,907,70,250,1.0,0.3789383969839254,0.7,0.056,0.08646266648953581
all_community_items_multi_positive,7,62,42,42,907,70,300,1.0,0.3789383969839254,0.7,0.04666666666666667,0.08646266648953581
all_community_items_multi_positive,7,62,42,42,919,71,50,1.0,0.15811065582960587,0.25,0.1,0.030416666666666665
all_community_items_multi_positive,7,62,42,42,919,71,100,1.0,0.2039198102658768,0.35,0.07,0.03932514378594649
all_community_items_multi_positive,7,62,42,42,919,71,150,1.0,0.24414926624381333,0.45,0.06,0.04571996432206644
all_community_items_multi_positive,7,62,42,42,919,71,200,1.0,0.26354853345771,0.5,0.05,0.04886461841011675
all_community_items_multi_positive,7,62,42,42,919,71,250,1.0,0.28156787528813276,0.55,0.044,0.051205043942031646
all_community_items_multi_positive,7,62,42,42,919,71,300,1.0,0.2993354209383871,0.6,0.04,0.053567248666441095
all_community_items_multi_positive,7,62,42,42,927,72,50,1.0,0.026689582628918167,0.05,0.02,0.001282051282051282
all_community_items_multi_positive,7,62,42,42,927,72,100,1.0,0.026689582628918167,0.05,0.01,0.001282051282051282
all_community_items_multi_positive,7,62,42,42,927,72,150,1.0,0.026689582628918167,0.05,0.006666666666666667,0.001282051282051282
all_community_items_multi_positive,7,62,42,42,927,72,200,1.0,0.04568973036630152,0.1,0.01,0.0018470230334637113
all_community_items_multi_positive,7,62,42,42,927,72,250,1.0,0.08179290419574274,0.2,0.016,0.003342714040863737
all_community_items_multi_positive,7,62,42,42,927,72,300,1.0,0.08179290419574274,0.2,0.013333333333333334,0.003342714040863737
all_community_items_multi_positive,7,62,42,42,933,73,50,1.0,0.2673512066637543,0.35,0.14,0.08158232118758434
all_community_items_multi_positive,7,62,42,42,933,73,100,1.0,0.31355434518561365,0.45,0.09,0.09381699099890509
all_community_items_multi_positive,7,62,42,42,933,73,150,1.0,0.3344597537487135,0.5,0.06666666666666667,0.09836244554435963
all_community_items_multi_positive,7,62,42,42,933,73,200,1.0,0.3344597537487135,0.5,0.05,0.09836244554435963
all_community_items_multi_positive,7,62,42,42,933,73,250,1.0,0.3344597537487135,0.5,0.04,0.09836244554435963
all_community_items_multi_positive,7,62,42,42,933,73,300,1.0,0.35202274506277287,0.55,0.03666666666666667,0.10039196583956259
all_community_items_multi_positive,7,62,42,42,938,74,50,1.0,0.026689582628918167,0.05,0.02,0.001282051282051282
all_community_items_multi_positive,7,62,42,42,938,74,100,1.0,0.0940605795653549,0.2,0.04,0.006825626772435284
all_community_items_multi_positive,7,62,42,42,938,74,150,1.0,0.11481001292609172,0.25,0.03333333333333333,0.009018609228575634
all_community_items_multi_positive,7,62,42,42,938,74,200,1.0,0.1339152102923369,0.3,0.03,0.010762795275087262
all_community_items_multi_positive,7,62,42,42,938,74,250,1.0,0.1339152102923369,0.3,0.024,0.010762795275087262
all_community_items_multi_positive,7,62,42,42,938,74,300,1.0,0.1339152102923369,0.3,0.02,0.010762795275087262
all_community_items_multi_positive,7,62,42,42,942,75,50,1.0,0.16523370506761376,0.21428571428571427,0.06,0.037706511175898925
all_community_items_multi_positive,7,62,42,42,942,75,100,1.0,0.16523370506761376,0.21428571428571427,0.03,0.037706511175898925
all_community_items_multi_positive,7,62,42,42,942,75,150,1.0,0.16523370506761376,0.21428571428571427,0.02,0.037706511175898925
all_community_items_multi_positive,7,62,42,42,942,75,200,1.0,0.16523370506761376,0.21428571428571427,0.015,0.037706511175898925
all_community_items_multi_positive,7,62,42,42,942,75,250,1.0,0.18804088303094935,0.2857142857142857,0.016,0.038982021379980566
all_community_items_multi_positive,7,62,42,42,942,75,300,1.0,0.2103329044686047,0.35714285714285715,0.016666666666666666,0.04038809562070047
all_community_items_multi_positive,7,62,42,42,946,76,50,1.0,0.03140004293374756,0.05,0.02,0.0022727272727272726
all_community_items_multi_positive,7,62,42,42,946,76,100,1.0,0.03140004293374756,0.05,0.01,0.0022727272727272726
all_community_items_multi_positive,7,62,42,42,946,76,150,1.0,0.051101958242726855,0.1,0.013333333333333334,0.00295299938157081
all_community_items_multi_positive,7,62,42,42,946,76,200,1.0,0.051101958242726855,0.1,0.01,0.00295299938157081
all_community_items_multi_positive,7,62,42,42,946,76,250,1.0,0.0689203441892304,0.15,0.012,0.00355299938157081
all_community_items_multi_positive,7,62,42,42,946,76,300,1.0,0.10395245200307116,0.25,0.016666666666666666,0.005181511210890624
all_community_items_multi_positive,7,62,42,42,952,77,50,1.0,0.0872868792203057,0.1,0.04,0.015000000000000003
all_community_items_multi_positive,7,62,42,42,952,77,100,1.0,0.15796725410218965,0.25,0.05,0.024104736990321483
all_community_items_multi_positive,7,62,42,42,952,77,150,1.0,0.19930401697739392,0.35,0.04666666666666667,0.029679611213464418
all_community_items_multi_positive,7,62,42,42,952,77,200,1.0,0.21885048897546563,0.4,0.04,0.03229399029843174
all_community_items_multi_positive,7,62,42,42,952,77,250,1.0,0.21885048897546563,0.4,0.032,0.03229399029843174
all_community_items_multi_positive,7,62,42,42,952,77,300,1.0,0.21885048897546563,0.4,0.02666666666666667,0.03229399029843174
all_community_items_multi_positive,7,62,42,42,964,78,50,1.0,0.14400435449611235,0.25,0.1,0.023509662907196114
all_community_items_multi_positive,7,62,42,42,964,78,100,1.0,0.21430381462424017,0.4,0.08,0.03937100744501124
all_community_items_multi_positive,7,62,42,42,964,78,150,1.0,0.27485551193437774,0.55,0.07333333333333333,0.05082382406147484
all_community_items_multi_positive,7,62,42,42,964,78,200,1.0,0.27485551193437774,0.55,0.055,0.05082382406147484
all_community_items_multi_positive,7,62,42,42,964,78,250,1.0,0.2931248276783055,0.6,0.048,0.05357611763945649
all_community_items_multi_positive,7,62,42,42,964,78,300,1.0,0.3281358140698292,0.7,0.04666666666666667,0.058461393632638615
all_community_items_multi_positive,7,62,42,42,977,79,50,1.0,0.07102001981682865,0.05,0.02,0.016666666666666666
all_community_items_multi_positive,7,62,42,42,977,79,100,1.0,0.16305886242677783,0.25,0.05,0.025985886166214056
all_community_items_multi_positive,7,62,42,42,977,79,150,1.0,0.22611165905104133,0.4,0.05333333333333334,0.035740964134249105
all_community_items_multi_positive,7,62,42,42,977,79,200,1.0,0.22611165905104133,0.4,0.04,0.035740964134249105
all_community_items_multi_positive,7,62,42,42,977,79,250,1.0,0.2439558808044843,0.45,0.036,0.03755548026328136
all_community_items_multi_positive,7,62,42,42,977,79,300,1.0,0.2439558808044843,0.45,0.03,0.03755548026328136
all_community_items_multi_positive,7,62,42,42,989,80,50,1.0,0.08278957775238209,0.15,0.06,0.008400233542548532
all_community_items_multi_positive,7,62,42,42,989,80,100,1.0,0.127436942533582,0.25,0.05,0.01387610385481508
all_community_items_multi_positive,7,62,42,42,989,80,150,1.0,0.14706005629260918,0.3,0.04,0.01587610385481508
all_community_items_multi_positive,7,62,42,42,989,80,200,1.0,0.20429225520118238,0.45,0.045,0.02275908287155206
all_community_items_multi_positive,7,62,42,42,989,80,250,1.0,0.20429225520118238,0.45,0.036,0.02275908287155206
all_community_items_multi_positive,7,62,42,42,989,80,300,1.0,0.22204726015538956,0.5,0.03333333333333333,0.02471986718527755
all_community_items_multi_positive,7,62,42,42,991,81,50,1.0,0.32363498721787914,0.35,0.14,0.11869374104156713
all_community_items_multi_positive,7,62,42,42,991,81,100,1.0,0.36948614598099366,0.45,0.09,0.13042024982689945
all_community_items_multi_positive,7,62,42,42,991,81,150,1.0,0.39001553567443814,0.5,0.06666666666666667,0.13458691649356613
all_community_items_multi_positive,7,62,42,42,991,81,200,1.0,0.40958732137921827,0.55,0.055,0.1382053375461977
all_community_items_multi_positive,7,62,42,42,991,81,250,1.0,0.42785663712314603,0.6,0.048,0.14095763112417936
all_community_items_multi_positive,7,62,42,42,991,81,300,1.0,0.42785663712314603,0.6,0.04,0.14095763112417936
all_community_items_multi_positive,7,62,42,42,994,82,50,1.0,0.02840800792673146,0.05,0.02,0.0016129032258064516
all_community_items_multi_positive,7,62,42,42,994,82,100,1.0,0.052357819147341965,0.1,0.02,0.003279569892473118
all_community_items_multi_positive,7,62,42,42,994,82,150,1.0,0.052357819147341965,0.1,0.013333333333333334,0.003279569892473118
all_community_items_multi_positive,7,62,42,42,994,82,200,1.0,0.052357819147341965,0.1,0.01,0.003279569892473118
all_community_items_multi_positive,7,62,42,42,994,82,250,1.0,0.052357819147341965,0.1,0.008,0.003279569892473118
all_community_items_multi_positive,7,62,42,42,994,82,300,1.0,0.07008794152497173,0.15,0.01,0.003863227480021756
all_community_items_multi_positive,7,62,42,42,1034,83,50,1.0,0.16772035420500023,0.2,0.08,0.03718253968253968
all_community_items_multi_positive,7,62,42,42,1034,83,100,1.0,0.189053416394691,0.25,0.05,0.03968253968253968
all_community_items_multi_positive,7,62,42,42,1034,83,150,1.0,0.20961839243817548,0.3,0.04,0.04220354808590103
all_community_items_multi_positive,7,62,42,42,1034,83,200,1.0,0.20961839243817548,0.3,0.03,0.04220354808590103
all_community_items_multi_positive,7,62,42,42,1034,83,250,1.0,0.20961839243817548,0.3,0.024,0.04220354808590103
all_community_items_multi_positive,7,62,42,42,1034,83,300,1.0,0.20961839243817548,0.3,0.02,0.04220354808590103
all_community_items_multi_positive,7,62,42,42,1062,84,50,0.0,0.0,0.0,0.0,0.0
all_community_items_multi_positive,7,62,42,42,1062,84,100,0.0,0.0,0.0,0.0,0.0
all_community_items_multi_positive,7,62,42,42,1062,84,150,1.0,0.02098643193177793,0.05,0.006666666666666667,0.0004629629629629629
all_community_items_multi_positive,7,62,42,42,1062,84,200,1.0,0.02098643193177793,0.05,0.005,0.0004629629629629629
all_community_items_multi_positive,7,62,42,42,1062,84,250,1.0,0.02098643193177793,0.05,0.004,0.0004629629629629629
all_community_items_multi_positive,7,62,42,42,1062,84,300,1.0,0.02098643193177793,0.05,0.0033333333333333335,0.0004629629629629629
all_community_items_multi_positive,7,62,42,42,1063,85,50,1.0,0.0607845926003835,0.1,0.04,0.005661881977671451
all_community_items_multi_positive,7,62,42,42,1063,85,100,1.0,0.10594037108789954,0.2,0.04,0.010110895135566188
all_community_items_multi_positive,7,62,42,42,1063,85,150,1.0,0.12575090461580735,0.25,0.03333333333333333,0.011859146883817936
all_community_items_multi_positive,7,62,42,42,1063,85,200,1.0,0.12575090461580735,0.25,0.025,0.011859146883817936
all_community_items_multi_positive,7,62,42,42,1063,85,250,1.0,0.12575090461580735,0.25,0.02,0.011859146883817936
all_community_items_multi_positive,7,62,42,42,1063,85,300,1.0,0.12575090461580735,0.25,0.016666666666666666,0.011859146883817936
all_community_items_multi_positive,7,62,42,42,1067,86,50,1.0,0.08113911984149229,0.15,0.06,0.007673611111111112
all_community_items_multi_positive,7,62,42,42,1067,86,100,1.0,0.1293461428013512,0.25,0.05,0.015343400338277389
all_community_items_multi_positive,7,62,42,42,1067,86,150,1.0,0.14941732279547887,0.3,0.04,0.01758220630842664
all_community_items_multi_positive,7,62,42,42,1067,86,200,1.0,0.1687458428676055,0.35,0.035,0.019742700135587137
all_community_items_multi_positive,7,62,42,42,1067,86,250,1.0,0.1870620388916008,0.4,0.032,0.02160316525186621
all_community_items_multi_positive,7,62,42,42,1067,86,300,1.0,0.1870620388916008,0.4,0.02666666666666667,0.02160316525186621
all_community_items_multi_positive,7,62,42,42,1075,87,50,1.0,0.03233829114831982,0.05,0.02,0.0025
all_community_items_multi_positive,7,62,42,42,1075,87,100,1.0,0.08054531410817872,0.15,0.03,0.006744730679156909
all_community_items_multi_positive,7,62,42,42,1075,87,150,1.0,0.12063855802576255,0.25,0.03333333333333333,0.010068167921446203
all_community_items_multi_positive,7,62,42,42,1075,87,200,1.0,0.17806031055011926,0.4,0.04,0.01618288653616482
all_community_items_multi_positive,7,62,42,42,1075,87,250,1.0,0.19616498453623432,0.45,0.036,0.018147952038348226
all_community_items_multi_positive,7,62,42,42,1075,87,300,1.0,0.23140373132315378,0.55,0.03666666666666667,0.022087153618260764
all_community_items_multi_positive,7,62,42,42,1097,88,50,1.0,0.17437833078197715,0.1,0.04,0.05500000000000001
all_community_items_multi_positive,7,62,42,42,1097,88,100,1.0,0.17437833078197715,0.1,0.02,0.05500000000000001
all_community_items_multi_positive,7,62,42,42,1097,88,150,1.0,0.25680047421876495,0.3,0.04,0.06245849284877458
all_community_items_multi_positive,7,62,42,42,1097,88,200,1.0,0.27588432722838135,0.35,0.035,0.06448161423605782
all_community_items_multi_positive,7,62,42,42,1097,88,250,1.0,0.27588432722838135,0.35,0.028,0.06448161423605782
all_community_items_multi_positive,7,62,42,42,1097,88,300,1.0,0.2932488282357389,0.4,0.02666666666666667,0.06586569728104051
all_community_items_multi_positive,7,62,42,42,1130,89,50,1.0,0.26684147956009235,0.35,0.14,0.06870237949185316
all_community_items_multi_positive,7,62,42,42,1130,89,100,1.0,0.31330169957275833,0.45,0.09,0.08111676305349699
all_community_items_multi_positive,7,62,42,42,1130,89,150,1.0,0.3344567257421068,0.5,0.06666666666666667,0.08592445536118931
all_community_items_multi_positive,7,62,42,42,1130,89,200,1.0,0.37204232682603783,0.6,0.06,0.09204945536118932
all_community_items_multi_positive,7,62,42,42,1130,89,250,1.0,0.38991266868307084,0.65,0.052,0.09469173178395354
all_community_items_multi_positive,7,62,42,42,1130,89,300,1.0,0.38991266868307084,0.65,0.043333333333333335,0.09469173178395354
all_community_items_multi_positive,7,62,42,42,1133,90,50,1.0,0.12038870794646124,0.2,0.08,0.017732589048378523
all_community_items_multi_positive,7,62,42,42,1133,90,100,1.0,0.1674251649990238,0.3,0.06,0.02615968703243853
all_community_items_multi_positive,7,62,42,42,1133,90,150,1.0,0.24911663449862873,0.5,0.06666666666666667,0.03983529539265832
all_community_items_multi_positive,7,62,42,42,1133,90,200,1.0,0.36411188726507043,0.8,0.08,0.06356572841543148
all_community_items_multi_positive,7,62,42,42,1133,90,250,1.0,0.36411188726507043,0.8,0.064,0.06356572841543148
all_community_items_multi_positive,7,62,42,42,1133,90,300,1.0,0.36411188726507043,0.8,0.05333333333333334,0.06356572841543148
all_community_items_multi_positive,7,62,42,42,1170,91,50,1.0,0.18913399605808462,0.25,0.1,0.045187500000000005
all_community_items_multi_positive,7,62,42,42,1170,91,100,1.0,0.23482245850993075,0.35,0.07,0.05399264705882353
all_community_items_multi_positive,7,62,42,42,1170,91,150,1.0,0.27570259601575314,0.45,0.06,0.06091308511133705
all_community_items_multi_positive,7,62,42,42,1170,91,200,1.0,0.27570259601575314,0.45,0.045,0.06091308511133705
all_community_items_multi_positive,7,62,42,42,1170,91,250,1.0,0.27570259601575314,0.45,0.036,0.06091308511133705
all_community_items_multi_positive,7,62,42,42,1170,91,300,1.0,0.29349542502214454,0.5,0.03333333333333333,0.06289721209546403
all_community_items_multi_positive,7,62,42,42,1191,92,50,1.0,0.030979542277895667,0.05,0.02,0.002173913043478261
all_community_items_multi_positive,7,62,42,42,1191,92,100,1.0,0.030979542277895667,0.05,0.01,0.002173913043478261
all_community_items_multi_positive,7,62,42,42,1191,92,150,1.0,0.030979542277895667,0.05,0.006666666666666667,0.002173913043478261
all_community_items_multi_positive,7,62,42,42,1191,92,200,1.0,0.049938808804790596,0.1,0.01,0.0027325722613553557
all_community_items_multi_positive,7,62,42,42,1191,92,250,1.0,0.049938808804790596,0.1,0.008,0.0027325722613553557
all_community_items_multi_positive,7,62,42,42,1191,92,300,1.0,0.06746750123087049,0.15,0.01,0.0032800175168298086
all_community_items_multi_positive,7,62,42,42,1192,93,50,1.0,0.17260640092271487,0.25,0.1,0.036927437641723355
all_community_items_multi_positive,7,62,42,42,1192,93,100,1.0,0.26428144491056266,0.45,0.09,0.05733514760724413
all_community_items_multi_positive,7,62,42,42,1192,93,150,1.0,0.3451561177530355,0.65,0.08666666666666667,0.07504420773322423
all_community_items_multi_positive,7,62,42,42,1192,93,200,1.0,0.3642187959541807,0.7,0.07,0.07906719623897136
all_community_items_multi_positive,7,62,42,42,1192,93,250,1.0,0.3642187959541807,0.7,0.056,0.07906719623897136
all_community_items_multi_positive,7,62,42,42,1192,93,300,1.0,0.3642187959541807,0.7,0.04666666666666667,0.07906719623897136
all_community_items_multi_positive,7,62,42,42,1199,94,50,1.0,0.14620756149428893,0.15,0.06,0.03287878787878788
all_community_items_multi_positive,7,62,42,42,1199,94,100,1.0,0.1695407699816007,0.2,0.04,0.03586386250565355
all_community_items_multi_positive,7,62,42,42,1199,94,150,1.0,0.18929647312434653,0.25,0.03333333333333333,0.03758800043668803
all_community_items_multi_positive,7,62,42,42,1199,94,200,1.0,0.20884294512241827,0.3,0.03,0.03954878475041352
all_community_items_multi_positive,7,62,42,42,1199,94,250,1.0,0.22671328697945128,0.35,0.028,0.04097154897805579
all_community_items_multi_positive,7,62,42,42,1199,94,300,1.0,0.24431109432258882,0.4,0.02666666666666667,0.04246408629148863
all_community_items_multi_positive,7,62,42,42,1239,95,50,1.0,0.2603528737367522,0.3,0.12,0.08216666666666665
all_community_items_multi_positive,7,62,42,42,1239,95,100,1.0,0.2603528737367522,0.3,0.06,0.08216666666666665
all_community_items_multi_positive,7,62,42,42,1239,95,150,1.0,0.3003902087389623,0.4,0.05333333333333334,0.08767704775844311
all_community_items_multi_positive,7,62,42,42,1239,95,200,1.0,0.33767924331313964,0.5,0.05,0.09253470645329893
all_community_items_multi_positive,7,62,42,42,1239,95,250,1.0,0.3742647550810627,0.6,0.048,0.0978451395661643
all_community_items_multi_positive,7,62,42,42,1239,95,300,1.0,0.3742647550810627,0.6,0.04,0.0978451395661643
all_community_items_multi_positive,7,62,42,42,1261,96,50,1.0,0.2205865650120503,0.25,0.1,0.05719502719502719
all_community_items_multi_positive,7,62,42,42,1261,96,100,1.0,0.2205865650120503,0.25,0.05,0.05719502719502719
all_community_items_multi_positive,7,62,42,42,1261,96,150,1.0,0.2615198145463019,0.35,0.04666666666666667,0.06251560909157891
all_community_items_multi_positive,7,62,42,42,1261,96,200,1.0,0.2615198145463019,0.35,0.035,0.06251560909157891
all_community_items_multi_positive,7,62,42,42,1261,96,250,1.0,0.29802767893030874,0.45,0.036,0.06639592602235457
all_community_items_multi_positive,7,62,42,42,1261,96,300,1.0,0.3332915742179258,0.55,0.03666666666666667,0.07035062787352185
all_community_items_multi_positive,7,62,42,42,1264,97,50,1.0,0.20346186333306818,0.35,0.14,0.04064457726957727
all_community_items_multi_positive,7,62,42,42,1264,97,100,1.0,0.3167507119987224,0.6,0.12,0.07298045020594914
all_community_items_multi_positive,7,62,42,42,1264,97,150,1.0,0.3564671413395016,0.7,0.09333333333333334,0.08252499475049367
all_community_items_multi_positive,7,62,42,42,1264,97,200,1.0,0.37521229129170214,0.75,0.075,0.0864723631715463
all_community_items_multi_positive,7,62,42,42,1264,97,250,1.0,0.39364143637233473,0.8,0.064,0.09031851701770015
all_community_items_multi_positive,7,62,42,42,1264,97,300,1.0,0.39364143637233473,0.8,0.05333333333333334,0.09031851701770015
all_community_items_multi_positive,7,62,42,42,1271,98,50,1.0,0.02706593017334827,0.05,0.02,0.0013513513513513514
all_community_items_multi_positive,7,62,42,42,1271,98,100,1.0,0.07260626614258375,0.15,0.03,0.004694898575576297
all_community_items_multi_positive,7,62,42,42,1271,98,150,1.0,0.07260626614258375,0.15,0.02,0.004694898575576297
all_community_items_multi_positive,7,62,42,42,1271,98,200,1.0,0.09127773612948992,0.2,0.02,0.005725826410627843
all_community_items_multi_positive,7,62,42,42,1271,98,250,1.0,0.09127773612948992,0.2,0.016,0.005725826410627843
all_community_items_multi_positive,7,62,42,42,1271,98,300,1.0,0.09127773612948992,0.2,0.013333333333333334,0.005725826410627843
all_community_items_multi_positive,7,62,42,42,1275,99,50,1.0,0.188766134641185,0.3,0.12,0.039085559900076026
all_community_items_multi_positive,7,62,42,42,1275,99,100,1.0,0.21226560155694152,0.35,0.07,0.04447017528469142
all_community_items_multi_positive,7,62,42,42,1275,99,150,1.0,0.2331710101200414,0.4,0.05333333333333334,0.048106538921055056
all_community_items_multi_positive,7,62,42,42,1275,99,200,1.0,0.2331710101200414,0.4,0.04,0.048106538921055056
all_community_items_multi_positive,7,62,42,42,1275,99,250,1.0,0.26941156991455284,0.5,0.04,0.052270398887567106
all_community_items_multi_positive,7,62,42,42,1275,99,300,1.0,0.26941156991455284,0.5,0.03333333333333333,0.052270398887567106
all_community_items_multi_positive,7,62,42,42,1277,100,50,1.0,0.36132147047997143,0.5,0.2,0.13363670536789551
all_community_items_multi_positive,7,62,42,42,1277,100,100,1.0,0.430025134571945,0.65,0.13,0.15832457226006347
all_community_items_multi_positive,7,62,42,42,1277,100,150,1.0,0.430025134571945,0.65,0.08666666666666667,0.15832457226006347
all_community_items_multi_positive,7,62,42,42,1277,100,200,1.0,0.430025134571945,0.65,0.065,0.15832457226006347
all_community_items_multi_positive,7,62,42,42,1277,100,250,1.0,0.430025134571945,0.65,0.052,0.15832457226006347
all_community_items_multi_positive,7,62,42,42,1277,100,300,1.0,0.4477184209276083,0.7,0.04666666666666667,0.16101687995237116
all_community_items_multi_positive,7,62,42,42,1295,101,50,1.0,0.3582491905730729,0.5,0.2,0.12485437675240503
all_community_items_multi_positive,7,62,42,42,1295,101,100,1.0,0.3582491905730729,0.5,0.1,0.12485437675240503
all_community_items_multi_positive,7,62,42,42,1295,101,150,1.0,0.3997872702483846,0.6,0.08,0.13498248234246712
all_community_items_multi_positive,7,62,42,42,1295,101,200,1.0,0.43784140751935796,0.7,0.07,0.1426667369488323
all_community_items_multi_positive,7,62,42,42,1295,101,250,1.0,0.43784140751935796,0.7,0.056,0.1426667369488323
all_community_items_multi_positive,7,62,42,42,1295,101,300,1.0,0.43784140751935796,0.7,0.04666666666666667,0.1426667369488323
all_community_items_multi_positive,7,62,42,42,1302,102,50,1.0,0.22196966353066477,0.3,0.12,0.05908735724303747
all_community_items_multi_positive,7,62,42,42,1302,102,100,1.0,0.31373421142508495,0.5,0.1,0.0824477682470734
all_community_items_multi_positive,7,62,42,42,1302,102,150,1.0,0.37521644177284696,0.65,0.08666666666666667,0.09726796374523498
all_community_items_multi_positive,7,62,42,42,1302,102,200,1.0,0.37521644177284696,0.65,0.065,0.09726796374523498
all_community_items_multi_positive,7,62,42,42,1302,102,250,1.0,0.4300242533014826,0.8,0.064,0.1075724926364375
all_community_items_multi_positive,7,62,42,42,1302,102,300,1.0,0.4300242533014826,0.8,0.05333333333333334,0.1075724926364375
all_community_items_multi_positive,7,62,42,42,1303,103,50,1.0,0.3580712627226289,0.25,0.1,0.16320346320346318
all_community_items_multi_positive,7,62,42,42,1303,103,100,1.0,0.47446520016081084,0.5,0.1,0.19214604404530777
all_community_items_multi_positive,7,62,42,42,1303,103,150,1.0,0.4942481859692512,0.55,0.07333333333333333,0.1959654884897522
all_community_items_multi_positive,7,62,42,42,1303,103,200,1.0,0.5134184579737809,0.6,0.06,0.19951578434774037
all_community_items_multi_positive,7,62,42,42,1303,103,250,1.0,0.5134184579737809,0.6,0.048,0.19951578434774037
all_community_items_multi_positive,7,62,42,42,1303,103,300,1.0,0.5312112869801724,0.65,0.043333333333333335,0.20209514942710544
all_community_items_multi_positive,7,62,42,42,1339,104,50,1.0,0.22223532849754923,0.35,0.14,0.051099859012341084
all_community_items_multi_positive,7,62,42,42,1339,104,100,1.0,0.29412768009727713,0.5,0.1,0.07356833125395308
all_community_items_multi_positive,7,62,42,42,1339,104,150,1.0,0.35581508119771177,0.65,0.08666666666666667,0.08864687581793454
all_community_items_multi_positive,7,62,42,42,1339,104,200,1.0,0.3938370259257519,0.75,0.075,0.09685980845775988
all_community_items_multi_positive,7,62,42,42,1339,104,250,1.0,0.41204518670924156,0.8,0.064,0.10046341206136349
all_community_items_multi_positive,7,62,42,42,1339,104,300,1.0,0.41204518670924156,0.8,0.05333333333333334,0.10046341206136349
all_community_items_multi_positive,7,62,42,42,1342,105,50,1.0,0.03730675036644464,0.05,0.02,0.0038461538461538464
all_community_items_multi_positive,7,62,42,42,1342,105,100,1.0,0.03730675036644464,0.05,0.01,0.0038461538461538464
all_community_items_multi_positive,7,62,42,42,1342,105,150,1.0,0.03730675036644464,0.05,0.006666666666666667,0.0038461538461538464
all_community_items_multi_positive,7,62,42,42,1342,105,200,1.0,0.03730675036644464,0.05,0.005,0.0038461538461538464
all_community_items_multi_positive,7,62,42,42,1342,105,250,1.0,0.03730675036644464,0.05,0.004,0.0038461538461538464
all_community_items_multi_positive,7,62,42,42,1342,105,300,1.0,0.03730675036644464,0.05,0.0033333333333333335,0.0038461538461538464
all_community_items_multi_positive,7,62,42,42,1372,106,50,1.0,0.36833635403050147,0.4,0.16,0.151246469713861
all_community_items_multi_positive,7,62,42,42,1372,106,100,1.0,0.41133547396781905,0.5,0.1,0.16108420880691926
all_community_items_multi_positive,7,62,42,42,1372,106,150,1.0,0.43257828088246886,0.55,0.07333333333333333,0.16647636566966434
all_community_items_multi_positive,7,62,42,42,1372,106,200,1.0,0.4512316560656912,0.6,0.06,0.16955328874658743
all_community_items_multi_positive,7,62,42,42,1372,106,250,1.0,0.4696280056219051,0.65,0.052,0.1726485268418255
all_community_items_multi_positive,7,62,42,42,1372,106,300,1.0,0.4696280056219051,0.65,0.043333333333333335,0.1726485268418255
all_community_items_multi_positive,7,62,42,42,1383,107,50,1.0,0.3185882467209906,0.4,0.16,0.10550625300625302
all_community_items_multi_positive,7,62,42,42,1383,107,100,1.0,0.3185882467209906,0.4,0.08,0.10550625300625302
all_community_items_multi_positive,7,62,42,42,1383,107,150,1.0,0.36056325926200505,0.5,0.06666666666666667,0.11429699057057549
all_community_items_multi_positive,7,62,42,42,1383,107,200,1.0,0.36056325926200505,0.5,0.05,0.11429699057057549
all_community_items_multi_positive,7,62,42,42,1383,107,250,1.0,0.36056325926200505,0.5,0.04,0.11429699057057549
all_community_items_multi_positive,7,62,42,42,1383,107,300,1.0,0.37825654561766836,0.55,0.03666666666666667,0.1164123751859601
all_community_items_multi_positive,7,62,42,42,1389,108,50,1.0,0.45486657487832177,0.45,0.18,0.2049153771760155
all_community_items_multi_positive,7,62,42,42,1389,108,100,1.0,0.5027222167768626,0.55,0.11,0.22232035393292007
all_community_items_multi_positive,7,62,42,42,1389,108,150,1.0,0.544157015033407,0.65,0.08666666666666667,0.23319156605413222
all_community_items_multi_positive,7,62,42,42,1389,108,200,1.0,0.5636784019314508,0.7,0.07,0.23773702059958673
all_community_items_multi_positive,7,62,42,42,1389,108,250,1.0,0.582208580017347,0.75,0.06,0.24144989188671545
all_community_items_multi_positive,7,62,42,42,1389,108,300,1.0,0.582208580017347,0.75,0.05,0.24144989188671545
all_community_items_multi_positive,7,62,42,42,1390,109,50,1.0,0.3257618758687472,0.4,0.16,0.10592730496453899
all_community_items_multi_positive,7,62,42,42,1390,109,100,1.0,0.41792026722895675,0.6,0.12,0.1353151969871697
all_community_items_multi_positive,7,62,42,42,1390,109,150,1.0,0.41792026722895675,0.6,0.08,0.1353151969871697
all_community_items_multi_positive,7,62,42,42,1390,109,200,1.0,0.4754051875490727,0.75,0.075,0.14768315549747202
all_community_items_multi_positive,7,62,42,42,1390,109,250,1.0,0.49339674148889945,0.8,0.064,0.15105868292363236
all_community_items_multi_positive,7,62,42,42,1390,109,300,1.0,0.49339674148889945,0.8,0.05333333333333334,0.15105868292363236
all_community_items_multi_positive,7,62,42,42,1407,110,50,1.0,0.3183712378546432,0.4,0.16,0.1097547846889952
all_community_items_multi_positive,7,62,42,42,1407,110,100,1.0,0.38911996013643807,0.55,0.11,0.13315728798280282
all_community_items_multi_positive,7,62,42,42,1407,110,150,1.0,0.40895831098836394,0.6,0.08,0.13738264009547888
all_community_items_multi_positive,7,62,42,42,1407,110,200,1.0,0.4284796978864078,0.65,0.065,0.14160341931625808
all_community_items_multi_positive,7,62,42,42,1407,110,250,1.0,0.4284796978864078,0.65,0.052,0.14160341931625808
all_community_items_multi_positive,7,62,42,42,1407,110,300,1.0,0.44601976665602044,0.7,0.04666666666666667,0.14416752188036064
all_community_items_multi_positive,7,62,42,42,1416,111,50,1.0,0.3841412149267139,0.45,0.18,0.15117960977494443
all_community_items_multi_positive,7,62,42,42,1416,111,100,1.0,0.4522339416672511,0.6,0.12,0.17308895043428513
all_community_items_multi_positive,7,62,42,42,1416,111,150,1.0,0.4522339416672511,0.6,0.08,0.17308895043428513
all_community_items_multi_positive,7,62,42,42,1416,111,200,1.0,0.4522339416672511,0.6,0.06,0.17308895043428513
all_community_items_multi_positive,7,62,42,42,1416,111,250,1.0,0.47021172095220004,0.65,0.052,0.1758200428712599
all_community_items_multi_positive,7,62,42,42,1416,111,300,1.0,0.4877747122662594,0.7,0.04666666666666667,0.1784030687015182
all_community_items_multi_positive,7,62,42,42,1424,112,50,1.0,0.12091231251008729,0.15,0.06,0.021710526315789475
all_community_items_multi_positive,7,62,42,42,1424,112,100,1.0,0.236035187139682,0.4,0.08,0.04244340454866771
all_community_items_multi_positive,7,62,42,42,1424,112,150,1.0,0.2772891799680497,0.5,0.06666666666666667,0.05053163984278536
all_community_items_multi_positive,7,62,42,42,1424,112,200,1.0,0.29637303297766604,0.55,0.055,0.053710830594230444
all_community_items_multi_positive,7,62,42,42,1424,112,250,1.0,0.3143234975422737,0.6,0.048,0.056210830594230446
all_community_items_multi_positive,7,62,42,42,1424,112,300,1.0,0.3318749991084646,0.65,0.043333333333333335,0.058600536476583386
all_community_items_multi_positive,7,62,42,42,1438,113,50,1.0,0.11710103564976597,0.2,0.08,0.015581757250703899
all_community_items_multi_positive,7,62,42,42,1438,113,100,1.0,0.20901388684025402,0.4,0.08,0.03346189532896762
all_community_items_multi_positive,7,62,42,42,1438,113,150,1.0,0.20901388684025402,0.4,0.05333333333333334,0.03346189532896762
all_community_items_multi_positive,7,62,42,42,1438,113,200,1.0,0.20901388684025402,0.4,0.04,0.03346189532896762
all_community_items_multi_positive,7,62,42,42,1438,113,250,1.0,0.24521110921447,0.5,0.04,0.03759440899016981
all_community_items_multi_positive,7,62,42,42,1438,113,300,1.0,0.2628089165576076,0.55,0.03666666666666667,0.03964664779613995
all_community_items_multi_positive,7,62,42,42,1441,114,50,1.0,0.35106407155601405,0.35,0.14,0.1488871473354232
all_community_items_multi_positive,7,62,42,42,1441,114,100,1.0,0.4457507063072345,0.55,0.11,0.17872874533758126
all_community_items_multi_positive,7,62,42,42,1441,114,150,1.0,0.46665611487033437,0.6,0.08,0.18418329079212672
all_community_items_multi_positive,7,62,42,42,1441,114,200,1.0,0.5046448226900996,0.7,0.07,0.19179060398767522
all_community_items_multi_positive,7,62,42,42,1441,114,250,1.0,0.5046448226900996,0.7,0.056,0.19179060398767522
all_community_items_multi_positive,7,62,42,42,1441,114,300,1.0,0.5046448226900996,0.7,0.04666666666666667,0.19179060398767522
all_community_items_multi_positive,7,62,42,42,1449,115,50,1.0,0.3502280270952835,0.25,0.1,0.15123015873015871
all_community_items_multi_positive,7,62,42,42,1449,115,100,1.0,0.3962844731409734,0.35,0.07,0.16037165316577082
all_community_items_multi_positive,7,62,42,42,1449,115,150,1.0,0.3962844731409734,0.35,0.04666666666666667,0.16037165316577082
all_community_items_multi_positive,7,62,42,42,1449,115,200,1.0,0.41504837657360116,0.4,0.04,0.16248805528217294
all_community_items_multi_positive,7,62,42,42,1449,115,250,1.0,0.41504837657360116,0.4,0.032,0.16248805528217294
all_community_items_multi_positive,7,62,42,42,1449,115,300,1.0,0.4326345202619035,0.45,0.03,0.16416091773570454
all_community_items_multi_positive,7,62,42,42,1486,116,50,1.0,0.23629136045932597,0.3,0.12,0.06142295928010214
all_community_items_multi_positive,7,62,42,42,1486,116,100,1.0,0.36958379358158483,0.6,0.12,0.09501316654555177
all_community_items_multi_positive,7,62,42,42,1486,116,150,1.0,0.39082660049623463,0.65,0.08666666666666667,0.1013857155651596
all_community_items_multi_positive,7,62,42,42,1486,116,200,1.0,0.4102740681203289,0.7,0.07,0.10584431429127425
all_community_items_multi_positive,7,62,42,42,1486,116,250,1.0,0.4102740681203289,0.7,0.056,0.10584431429127425
all_community_items_multi_positive,7,62,42,42,1486,116,300,1.0,0.4102740681203289,0.7,0.04666666666666667,0.10584431429127425
all_community_items_multi_positive,7,62,42,42,1503,117,50,1.0,0.03140004293374756,0.05,0.02,0.0022727272727272726
all_community_items_multi_positive,7,62,42,42,1503,117,100,1.0,0.17171694758485695,0.35,0.07,0.021665041442259222
all_community_items_multi_positive,7,62,42,42,1503,117,150,1.0,0.17171694758485695,0.35,0.04666666666666667,0.021665041442259222
all_community_items_multi_positive,7,62,42,42,1503,117,200,1.0,0.17171694758485695,0.35,0.035,0.021665041442259222
all_community_items_multi_positive,7,62,42,42,1503,117,250,1.0,0.2079705430639778,0.45,0.036,0.025391665695199267
all_community_items_multi_positive,7,62,42,42,1503,117,300,1.0,0.2079705430639778,0.45,0.03,0.025391665695199267
all_community_items_multi_positive,7,62,42,42,1508,118,50,1.0,0.23461724827730943,0.35,0.14,0.054498698115758006
all_community_items_multi_positive,7,62,42,42,1508,118,100,1.0,0.32461610736734386,0.55,0.11,0.07854515944335713
all_community_items_multi_positive,7,62,42,42,1508,118,150,1.0,0.3455215159304438,0.6,0.08,0.0839997048979026
all_community_items_multi_positive,7,62,42,42,1508,118,200,1.0,0.36480387088349814,0.65,0.065,0.08796311953204894
all_community_items_multi_positive,7,62,42,42,1508,118,250,1.0,0.41910383295358167,0.8,0.064,0.09775478619871561
all_community_items_multi_positive,7,62,42,42,1508,118,300,1.0,0.43642648118392285,0.85,0.056666666666666664,0.1006558100895006
all_community_items_multi_positive,7,62,42,42,1509,119,50,1.0,0.2372000974912513,0.3,0.12,0.06729606476737035
all_community_items_multi_positive,7,62,42,42,1509,119,100,1.0,0.2586260137262345,0.35,0.07,0.07086749333879892
all_community_items_multi_positive,7,62,42,42,1509,119,150,1.0,0.299327374618174,0.45,0.06,0.07764066638530319
all_community_items_multi_positive,7,62,42,42,1509,119,200,1.0,0.299327374618174,0.45,0.045,0.07764066638530319
all_community_items_multi_positive,7,62,42,42,1509,119,250,1.0,0.299327374618174,0.45,0.036,0.07764066638530319
all_community_items_multi_positive,7,62,42,42,1509,119,300,1.0,0.3166293840586984,0.5,0.03333333333333333,0.07933558163954048
all_community_items_multi_positive,7,62,42,42,1522,120,50,1.0,0.15324314062757355,0.25,0.1,0.025344405149897144
all_community_items_multi_positive,7,62,42,42,1522,120,100,1.0,0.22517699575688227,0.4,0.08,0.042793900099392095
all_community_items_multi_positive,7,62,42,42,1522,120,150,1.0,0.24550128365936894,0.45,0.06,0.04636532867082067
all_community_items_multi_positive,7,62,42,42,1522,120,200,1.0,0.2642278152170599,0.5,0.05,0.04898312971794109
all_community_items_multi_positive,7,62,42,42,1522,120,250,1.0,0.28221936915688667,0.55,0.044,0.05130380482342632
all_community_items_multi_positive,7,62,42,42,1522,120,300,1.0,0.28221936915688667,0.55,0.03666666666666667,0.05130380482342632
all_community_items_multi_positive,7,62,42,42,1524,121,50,1.0,0.061272472001528716,0.1,0.04,0.006118881118881119
all_community_items_multi_positive,7,62,42,42,1524,121,100,1.0,0.17421201008506146,0.35,0.07,0.021710193417277375
all_community_items_multi_positive,7,62,42,42,1524,121,150,1.0,0.17421201008506146,0.35,0.04666666666666667,0.021710193417277375
all_community_items_multi_positive,7,62,42,42,1524,121,200,1.0,0.21219848280612438,0.45,0.045,0.02649502687774013
all_community_items_multi_positive,7,62,42,42,1524,121,250,1.0,0.21219848280612438,0.45,0.036,0.02649502687774013
all_community_items_multi_positive,7,62,42,42,1524,121,300,1.0,0.21219848280612438,0.45,0.03,0.02649502687774013
all_community_items_multi_positive,7,62,42,42,1538,122,50,1.0,0.3360692273623401,0.4,0.16,0.12190706080411962
all_community_items_multi_positive,7,62,42,42,1538,122,100,1.0,0.3593219851500324,0.45,0.09,0.12852470786294315
all_community_items_multi_positive,7,62,42,42,1538,122,150,1.0,0.4402907498869698,0.65,0.08666666666666667,0.1463030283986166
all_community_items_multi_positive,7,62,42,42,1538,122,200,1.0,0.4402907498869698,0.65,0.065,0.1463030283986166
all_community_items_multi_positive,7,62,42,42,1538,122,250,1.0,0.4402907498869698,0.65,0.052,0.1463030283986166
all_community_items_multi_positive,7,62,42,42,1538,122,300,1.0,0.4402907498869698,0.65,0.043333333333333335,0.1463030283986166
all_community_items_multi_positive,7,62,42,42,1539,123,50,1.0,0.2523134316234909,0.2,0.08,0.08028846153846154
all_community_items_multi_positive,7,62,42,42,1539,123,100,1.0,0.30001642376039084,0.3,0.06,0.08923079478321308
all_community_items_multi_positive,7,62,42,42,1539,123,150,1.0,0.3204758753790255,0.35,0.04666666666666667,0.09209964724222947
all_community_items_multi_positive,7,62,42,42,1539,123,200,1.0,0.3204758753790255,0.35,0.035,0.09209964724222947
all_community_items_multi_positive,7,62,42,42,1539,123,250,1.0,0.3571481375343036,0.45,0.036,0.09606880397415553
all_community_items_multi_positive,7,62,42,42,1539,123,300,1.0,0.3745877937357982,0.5,0.03333333333333333,0.09784185361954559
all_community_items_multi_positive,7,62,42,42,1546,124,50,1.0,0.33855764763452023,0.35,0.14,0.11205229553055637
all_community_items_multi_positive,7,62,42,42,1546,124,100,1.0,0.3849649324420666,0.45,0.09,0.12440150187976273
all_community_items_multi_positive,7,62,42,42,1546,124,150,1.0,0.44593503703535253,0.6,0.08,0.1374397024034146
all_community_items_multi_positive,7,62,42,42,1546,124,200,1.0,0.44593503703535253,0.6,0.06,0.1374397024034146
all_community_items_multi_positive,7,62,42,42,1546,124,250,1.0,0.4822082631306011,0.7,0.056,0.14338646233735028
all_community_items_multi_positive,7,62,42,42,1546,124,300,1.0,0.49968090362516676,0.75,0.05,0.14607463438036103
all_community_items_multi_positive,7,62,42,42,1547,125,50,1.0,0.24087617738316777,0.35,0.14,0.06515348710543648
all_community_items_multi_positive,7,62,42,42,1547,125,100,1.0,0.3082624396716509,0.5,0.1,0.08212460078707648
all_community_items_multi_positive,7,62,42,42,1547,125,150,1.0,0.3082624396716509,0.5,0.06666666666666667,0.08212460078707648
all_community_items_multi_positive,7,62,42,42,1547,125,200,1.0,0.3473806973745028,0.6,0.06,0.08966459046715905
all_community_items_multi_positive,7,62,42,42,1547,125,250,1.0,0.36577704693071666,0.65,0.052,0.09275982856239715
all_community_items_multi_positive,7,62,42,42,1547,125,300,1.0,0.36577704693071666,0.65,0.043333333333333335,0.09275982856239715
all_community_items_multi_positive,7,62,42,42,1554,126,50,1.0,0.3343138784174556,0.4,0.16,0.11676937441643324
all_community_items_multi_positive,7,62,42,42,1554,126,100,1.0,0.4043853998630981,0.55,0.11,0.13913247914795904
all_community_items_multi_positive,7,62,42,42,1554,126,150,1.0,0.4043853998630981,0.55,0.07333333333333333,0.13913247914795904
all_community_items_multi_positive,7,62,42,42,1554,126,200,1.0,0.4239318718611699,0.6,0.06,0.14305404777541003
all_community_items_multi_positive,7,62,42,42,1554,126,250,1.0,0.4239318718611699,0.6,0.048,0.14305404777541003
all_community_items_multi_positive,7,62,42,42,1554,126,300,1.0,0.4415414018675689,0.65,0.043333333333333335,0.14548850470424896
all_community_items_multi_positive,7,62,42,42,1559,127,50,1.0,0.13285960588772083,0.2,0.08,0.020768901325993037
all_community_items_multi_positive,7,62,42,42,1559,127,100,1.0,0.22990708792025524,0.4,0.08,0.04329552518308304
all_community_items_multi_positive,7,62,42,42,1559,127,150,1.0,0.269475445672516,0.5,0.06666666666666667,0.04988837508900286
all_community_items_multi_positive,7,62,42,42,1559,127,200,1.0,0.2887807852126924,0.55,0.055,0.053262608217837216
all_community_items_multi_positive,7,62,42,42,1559,127,250,1.0,0.30675856449764133,0.6,0.048,0.05578361662119856
all_community_items_multi_positive,7,62,42,42,1559,127,300,1.0,0.30675856449764133,0.6,0.04,0.05578361662119856
all_community_items_multi_positive,7,62,42,42,1565,128,50,1.0,0.33234040555469097,0.45,0.18,0.12065589288990826
all_community_items_multi_positive,7,62,42,42,1565,128,100,1.0,0.3762815999920878,0.55,0.11,0.1326551099067424
all_community_items_multi_positive,7,62,42,42,1565,128,150,1.0,0.4365223992285855,0.7,0.09333333333333334,0.1471942635910793
all_community_items_multi_positive,7,62,42,42,1565,128,200,1.0,0.4554215094498483,0.75,0.075,0.1513151427119584
all_community_items_multi_positive,7,62,42,42,1565,128,250,1.0,0.4554215094498483,0.75,0.06,0.1513151427119584
all_community_items_multi_positive,7,62,42,42,1565,128,300,1.0,0.4554215094498483,0.75,0.05,0.1513151427119584
all_community_items_multi_positive,7,62,42,42,1566,129,50,1.0,0.6297138677792039,0.7,0.28,0.3592615935262994
all_community_items_multi_positive,7,62,42,42,1566,129,100,1.0,0.6992591177767905,0.85,0.17,0.3941296156415125
all_community_items_multi_positive,7,62,42,42,1566,129,150,1.0,0.7201247904587613,0.9,0.12,0.40223772374962063
all_community_items_multi_positive,7,62,42,42,1566,129,200,1.0,0.7395002713154188,0.95,0.095,0.4081752237496207
all_community_items_multi_positive,7,62,42,42,1566,129,250,1.0,0.7574780506003678,1.0,0.08,0.41237690442188957
all_community_items_multi_positive,7,62,42,42,1566,129,300,1.0,0.7574780506003678,1.0,0.06666666666666667,0.41237690442188957
all_community_items_multi_positive,7,62,42,42,1573,130,50,1.0,0.30700904793665856,0.4,0.16,0.09523044219528075
all_community_items_multi_positive,7,62,42,42,1573,130,100,1.0,0.3507406504340296,0.5,0.1,0.10585074294716043
all_community_items_multi_positive,7,62,42,42,1573,130,150,1.0,0.37156708921465614,0.55,0.07333333333333333,0.11076145723287471
all_community_items_multi_positive,7,62,42,42,1573,130,200,1.0,0.37156708921465614,0.55,0.055,0.11076145723287471
all_community_items_multi_positive,7,62,42,42,1573,130,250,1.0,0.38993106751608203,0.6,0.048,0.11359164591212001
all_community_items_multi_positive,7,62,42,42,1573,130,300,1.0,0.38993106751608203,0.6,0.04,0.11359164591212001
all_community_items_multi_positive,7,62,42,42,1575,131,50,1.0,0.0334374913847135,0.05,0.02,0.0027777777777777775
all_community_items_multi_positive,7,62,42,42,1575,131,100,1.0,0.05685291360717152,0.1,0.02,0.004292929292929293
all_community_items_multi_positive,7,62,42,42,1575,131,150,1.0,0.05685291360717152,0.1,0.013333333333333334,0.004292929292929293
all_community_items_multi_positive,7,62,42,42,1575,131,200,1.0,0.09524922231568025,0.2,0.02,0.006366792929292929
all_community_items_multi_positive,7,62,42,42,1575,131,250,1.0,0.09524922231568025,0.2,0.016,0.006366792929292929
all_community_items_multi_positive,7,62,42,42,1575,131,300,1.0,0.11277791474176013,0.25,0.016666666666666666,0.007279201688417017
all_community_items_multi_positive,7,62,42,42,1579,132,50,1.0,0.3134219502789716,0.35,0.14,0.1110885491320274
all_community_items_multi_positive,7,62,42,42,1579,132,100,1.0,0.33799057196521176,0.4,0.08,0.11849595653943479
all_community_items_multi_positive,7,62,42,42,1579,132,150,1.0,0.33799057196521176,0.4,0.05333333333333334,0.11849595653943479
all_community_items_multi_positive,7,62,42,42,1579,132,200,1.0,0.39481369320195275,0.55,0.055,0.12681755034549652
all_community_items_multi_positive,7,62,42,42,1579,132,250,1.0,0.39481369320195275,0.55,0.044,0.12681755034549652
all_community_items_multi_positive,7,62,42,42,1579,132,300,1.0,0.43002174190573805,0.65,0.043333333333333335,0.13148880160346366
all_community_items_multi_positive,7,62,42,42,1581,133,50,1.0,0.11721797064688382,0.2,0.08,0.015325493305144466
all_community_items_multi_positive,7,62,42,42,1581,133,100,1.0,0.18648455163245625,0.35,0.07,0.02807059134436015
all_community_items_multi_positive,7,62,42,42,1581,133,150,1.0,0.18648455163245625,0.35,0.04666666666666667,0.02807059134436015
all_community_items_multi_positive,7,62,42,42,1581,133,200,1.0,0.18648455163245625,0.35,0.035,0.02807059134436015
all_community_items_multi_positive,7,62,42,42,1581,133,250,1.0,0.2045320049201326,0.4,0.032,0.029787329541785045
all_community_items_multi_positive,7,62,42,42,1581,133,300,1.0,0.22198260305313622,0.45,0.03,0.03138875302932953
all_community_items_multi_positive,7,62,42,42,1594,134,50,1.0,0.37389748868987605,0.35,0.14,0.1470138888888889
all_community_items_multi_positive,7,62,42,42,1594,134,100,1.0,0.4214230661403778,0.45,0.09,0.1606784851621808
all_community_items_multi_positive,7,62,42,42,1594,134,150,1.0,0.4629744741156402,0.55,0.07333333333333333,0.16992996353130624
all_community_items_multi_positive,7,62,42,42,1594,134,200,1.0,0.48257180581773,0.6,0.06,0.1739034734650811
all_community_items_multi_positive,7,62,42,42,1594,134,250,1.0,0.5008722763525257,0.65,0.052,0.17691273272434033
all_community_items_multi_positive,7,62,42,42,1594,134,300,1.0,0.5359638466883293,0.75,0.05,0.18223351488335776
all_community_items_multi_positive,7,62,42,42,1615,135,50,1.0,0.13696396708122924,0.1,0.04,0.039285714285714285
all_community_items_multi_positive,7,62,42,42,1615,135,100,1.0,0.1822812878573638,0.2,0.04,0.0438382099827883
all_community_items_multi_positive,7,62,42,42,1615,135,150,1.0,0.2032677197891417,0.25,0.03333333333333333,0.04615302479760311
all_community_items_multi_positive,7,62,42,42,1615,135,200,1.0,0.22201286974134227,0.3,0.03,0.047731972166024164
all_community_items_multi_positive,7,62,42,42,1615,135,250,1.0,0.22201286974134227,0.3,0.024,0.047731972166024164
all_community_items_multi_positive,7,62,42,42,1615,135,300,1.0,0.2750027462160047,0.45,0.03,0.052290670480443426
all_community_items_multi_positive,7,62,42,42,1626,136,50,0.0,0.0,0.0,0.0,0.0
all_community_items_multi_positive,7,62,42,42,1626,136,100,0.0,0.0,0.0,0.0,0.0
all_community_items_multi_positive,7,62,42,42,1626,136,150,1.0,0.04162385837027777,0.1,0.013333333333333334,0.0013176638176638177
all_community_items_multi_positive,7,62,42,42,1626,136,200,1.0,0.04162385837027777,0.1,0.01,0.0013176638176638177
all_community_items_multi_positive,7,62,42,42,1626,136,250,1.0,0.05992432890507346,0.15,0.012,0.002012108262108262
all_community_items_multi_positive,7,62,42,42,1626,136,300,1.0,0.05992432890507346,0.15,0.01,0.002012108262108262
all_community_items_multi_positive,7,62,42,42,1646,137,50,1.0,0.07023260655102452,0.1,0.04,0.008412698412698412
all_community_items_multi_positive,7,62,42,42,1646,137,100,1.0,0.11427080615527561,0.2,0.04,0.012416695747808338
all_community_items_multi_positive,7,62,42,42,1646,137,150,1.0,0.13525723808705353,0.25,0.03333333333333333,0.014731510562623154
all_community_items_multi_positive,7,62,42,42,1646,137,200,1.0,0.13525723808705353,0.25,0.025,0.014731510562623154
all_community_items_multi_positive,7,62,42,42,1646,137,250,1.0,0.1713574332860268,0.35,0.028,0.017517126053632835
all_community_items_multi_positive,7,62,42,42,1646,137,300,1.0,0.1713574332860268,0.35,0.023333333333333334,0.017517126053632835
all_community_items_multi_positive,7,62,42,42,1656,138,50,1.0,0.5249266802452623,0.55,0.22,0.24358399501978875
all_community_items_multi_positive,7,62,42,42,1656,138,100,1.0,0.5716373492728147,0.65,0.13,0.2622891921524052
all_community_items_multi_positive,7,62,42,42,1656,138,150,1.0,0.5921315669462843,0.7,0.09333333333333334,0.2680743161193474
all_community_items_multi_positive,7,62,42,42,1656,138,200,1.0,0.5921315669462843,0.7,0.07,0.2680743161193474
all_community_items_multi_positive,7,62,42,42,1656,138,250,1.0,0.6101509087767071,0.75,0.06,0.2712658054810495
all_community_items_multi_positive,7,62,42,42,1656,138,300,1.0,0.6275473152402757,0.8,0.05333333333333334,0.2740630082782523
all_community_items_multi_positive,7,62,42,42,1664,139,50,1.0,0.044808643601671735,0.05,0.02,0.00625
all_community_items_multi_positive,7,62,42,42,1664,139,100,1.0,0.06623455983665498,0.1,0.02,0.007270408163265306
all_community_items_multi_positive,7,62,42,42,1664,139,150,1.0,0.06623455983665498,0.1,0.013333333333333334,0.007270408163265306
all_community_items_multi_positive,7,62,42,42,1664,139,200,1.0,0.08553989937683133,0.15,0.015,0.008190653562038313
all_community_items_multi_positive,7,62,42,42,1664,139,250,1.0,0.10337116803259343,0.2,0.016,0.008993866413443935
all_community_items_multi_positive,7,62,42,42,1664,139,300,1.0,0.10337116803259343,0.2,0.013333333333333334,0.008993866413443935
all_community_items_multi_positive,7,62,42,42,1674,140,50,1.0,0.36776003322059525,0.35,0.14,0.13426951357466063
all_community_items_multi_positive,7,62,42,42,1674,140,100,1.0,0.43605274537391886,0.5,0.1,0.15225156724636948
all_community_items_multi_positive,7,62,42,42,1674,140,150,1.0,0.47702898020895806,0.6,0.08,0.16172729144057593
all_community_items_multi_positive,7,62,42,42,1674,140,200,1.0,0.5157315092772932,0.7,0.07,0.17010169464402583
all_community_items_multi_positive,7,62,42,42,1674,140,250,1.0,0.5339700579173723,0.75,0.06,0.17351078555311675
all_community_items_multi_positive,7,62,42,42,1674,140,300,1.0,0.5339700579173723,0.75,0.05,0.17351078555311675
all_community_items_multi_positive,7,62,42,42,1680,141,50,0.0,0.0,0.0,0.0,0.0
all_community_items_multi_positive,7,62,42,42,1680,141,100,0.0,0.0,0.0,0.0,0.0
all_community_items_multi_positive,7,62,42,42,1680,141,150,1.0,0.04179959999505346,0.1,0.013333333333333334,0.0013328945203225275
all_community_items_multi_positive,7,62,42,42,1680,141,200,1.0,0.06127148818817706,0.15,0.015,0.002294432981860989
all_community_items_multi_positive,7,62,42,42,1680,141,250,1.0,0.06127148818817706,0.15,0.012,0.002294432981860989
all_community_items_multi_positive,7,62,42,42,1680,141,300,1.0,0.07901401892526488,0.2,0.013333333333333334,0.003075682981860989
all_community_items_multi_positive,7,62,42,42,1682,142,50,1.0,0.08557540861490462,0.15,0.06,0.008886099365750529
all_community_items_multi_positive,7,62,42,42,1682,142,100,1.0,0.2198732904001656,0.45,0.09,0.03270923109910563
all_community_items_multi_positive,7,62,42,42,1682,142,150,1.0,0.24043826644365007,0.5,0.06666666666666667,0.03691091177137454
all_community_items_multi_positive,7,62,42,42,1682,142,200,1.0,0.2977349343125179,0.65,0.065,0.04734728287153874
all_community_items_multi_positive,7,62,42,42,1682,142,250,1.0,0.3157823876001942,0.7,0.056,0.05035157471703231
all_community_items_multi_positive,7,62,42,42,1682,142,300,1.0,0.3157823876001942,0.7,0.04666666666666667,0.05035157471703231
all_community_items_multi_positive,7,62,42,42,1685,143,50,1.0,0.12266928544705401,0.2,0.08,0.019247740563530034
all_community_items_multi_positive,7,62,42,42,1685,143,100,1.0,0.16860089490978794,0.3,0.06,0.026875187743216022
all_community_items_multi_positive,7,62,42,42,1685,143,150,1.0,0.18835659805253377,0.35,0.04666666666666667,0.029288980846664297
all_community_items_multi_positive,7,62,42,42,1685,143,200,1.0,0.2076161614699074,0.4,0.04,0.03171322327090672
all_community_items_multi_positive,7,62,42,42,1685,143,250,1.0,0.22574995874994028,0.45,0.036,0.03369560212553227
all_community_items_multi_positive,7,62,42,42,1685,143,300,1.0,0.2430934364535801,0.5,0.03333333333333333,0.035413815183951515
all_community_items_multi_positive,7,62,42,42,1688,144,50,1.0,0.07074424175115814,0.1,0.04,0.009401709401709401
all_community_items_multi_positive,7,62,42,42,1688,144,100,1.0,0.11499821195751911,0.2,0.04,0.013498699368264585
all_community_items_multi_positive,7,62,42,42,1688,144,150,1.0,0.11499821195751911,0.2,0.02666666666666667,0.013498699368264585
all_community_items_multi_positive,7,62,42,42,1688,144,200,1.0,0.15279883189673552,0.3,0.03,0.01651609697609351
all_community_items_multi_positive,7,62,42,42,1688,144,250,1.0,0.17111502792073083,0.35,0.028,0.018144003952837696
all_community_items_multi_positive,7,62,42,42,1688,144,300,1.0,0.22332899894518604,0.5,0.03333333333333333,0.022861079533065914
all_community_items_multi_positive,7,62,42,42,1695,145,50,1.0,0.19770192627654984,0.3,0.12,0.04126318126318126
all_community_items_multi_positive,7,62,42,42,1695,145,100,1.0,0.33601788687245376,0.6,0.12,0.08054024175425926
all_community_items_multi_positive,7,62,42,42,1695,145,150,1.0,0.35726069378710357,0.65,0.08666666666666667,0.08691279077386711
all_community_items_multi_positive,7,62,42,42,1695,145,200,1.0,0.37619975490545127,0.7,0.07,0.090801679662756
all_community_items_multi_positive,7,62,42,42,1695,145,250,1.0,0.37619975490545127,0.7,0.056,0.090801679662756
all_community_items_multi_positive,7,62,42,42,1695,145,300,1.0,0.37619975490545127,0.7,0.04666666666666667,0.090801679662756
all_community_items_multi_positive,7,62,42,42,1696,146,50,1.0,0.12239595154753041,0.2,0.08,0.01772759856630824
all_community_items_multi_positive,7,62,42,42,1696,146,100,1.0,0.12239595154753041,0.2,0.04,0.01772759856630824
all_community_items_multi_positive,7,62,42,42,1696,146,150,1.0,0.1637103609517517,0.3,0.04,0.022441589425809934
all_community_items_multi_positive,7,62,42,42,1696,146,200,1.0,0.22004758963470816,0.45,0.045,0.02880058385337389
all_community_items_multi_positive,7,62,42,42,1696,146,250,1.0,0.2565050736685878,0.55,0.044,0.033551520528025326
all_community_items_multi_positive,7,62,42,42,1696,146,300,1.0,0.27415013105831376,0.6,0.04,0.03582424780075259
all_community_items_multi_positive,7,62,42,42,1699,147,50,1.0,0.08909279484836438,0.15,0.06,0.010558441558441559
all_community_items_multi_positive,7,62,42,42,1699,147,100,1.0,0.11149711664920026,0.2,0.04,0.013058441558441557
all_community_items_multi_positive,7,62,42,42,1699,147,150,1.0,0.11149711664920026,0.2,0.02666666666666667,0.013058441558441557
all_community_items_multi_positive,7,62,42,42,1699,147,200,1.0,0.11149711664920026,0.2,0.02,0.013058441558441557
all_community_items_multi_positive,7,62,42,42,1699,147,250,1.0,0.12939386848862056,0.25,0.02,0.014083031722375985
all_community_items_multi_positive,7,62,42,42,1699,147,300,1.0,0.1470151806975678,0.3,0.02,0.015210851271248165
all_community_items_multi_positive,7,62,42,42,1705,148,50,1.0,0.16818046496657899,0.25,0.1,0.03584656084656085
all_community_items_multi_positive,7,62,42,42,1705,148,100,1.0,0.16818046496657899,0.25,0.05,0.03584656084656085
all_community_items_multi_positive,7,62,42,42,1705,148,150,1.0,0.18937907962601563,0.3,0.04,0.03875918220578415
all_community_items_multi_positive,7,62,42,42,1705,148,200,1.0,0.20866143457907002,0.35,0.035,0.040893328547247566
all_community_items_multi_positive,7,62,42,42,1705,148,250,1.0,0.20866143457907002,0.35,0.028,0.040893328547247566
all_community_items_multi_positive,7,62,42,42,1705,148,300,1.0,0.20866143457907002,0.35,0.023333333333333334,0.040893328547247566
all_community_items_multi_positive,7,62,42,42,1707,149,50,1.0,0.4652665285350415,0.45,0.18,0.21338353733690343
all_community_items_multi_positive,7,62,42,42,1707,149,100,1.0,0.48725608551461097,0.5,0.1,0.21913066377368504
all_community_items_multi_positive,7,62,42,42,1707,149,150,1.0,0.5273409352064655,0.6,0.08,0.22764515652730824
all_community_items_multi_positive,7,62,42,42,1707,149,200,1.0,0.5273409352064655,0.6,0.06,0.22764515652730824
all_community_items_multi_positive,7,62,42,42,1707,149,250,1.0,0.5273409352064655,0.6,0.048,0.22764515652730824
all_community_items_multi_positive,7,62,42,42,1707,149,300,1.0,0.5447480772766413,0.65,0.043333333333333335,0.22992585828169418
all_community_items_multi_positive,7,62,42,42,1709,150,50,1.0,0.20502393271672148,0.15,0.06,0.061111111111111116
all_community_items_multi_positive,7,62,42,42,1709,150,100,1.0,0.27352361531898206,0.3,0.06,0.07112492497547777
all_community_items_multi_positive,7,62,42,42,1709,150,150,1.0,0.2934760265248971,0.35,0.04666666666666667,0.07366115685953575
all_community_items_multi_positive,7,62,42,42,1709,150,200,1.0,0.3312110717615067,0.45,0.045,0.07827802076486119
all_community_items_multi_positive,7,62,42,42,1709,150,250,1.0,0.3312110717615067,0.45,0.036,0.07827802076486119
all_community_items_multi_positive,7,62,42,42,1709,150,300,1.0,0.3661108885451687,0.55,0.03666666666666667,0.08200809918631326
all_community_items_multi_positive,7,62,42,42,1727,151,50,1.0,0.27508348008738026,0.25,0.1,0.08473544973544973
all_community_items_multi_positive,7,62,42,42,1727,151,100,1.0,0.3903851291189485,0.5,0.1,0.11259670869664389
all_community_items_multi_positive,7,62,42,42,1727,151,150,1.0,0.4303785680967424,0.6,0.08,0.12101860885767449
all_community_items_multi_positive,7,62,42,42,1727,151,200,1.0,0.4303785680967424,0.6,0.06,0.12101860885767449
all_community_items_multi_positive,7,62,42,42,1727,151,250,1.0,0.4664878198268306,0.7,0.056,0.1268239146629803
all_community_items_multi_positive,7,62,42,42,1727,151,300,1.0,0.48375922190828835,0.75,0.05,0.1293406931864702
all_community_items_multi_positive,7,62,42,42,1778,152,50,1.0,0.4790905328329605,0.5,0.2,0.26153617216117214
all_community_items_multi_positive,7,62,42,42,1778,152,100,1.0,0.5020378778315977,0.55,0.11,0.26917506105006106
all_community_items_multi_positive,7,62,42,42,1778,152,150,1.0,0.5020378778315977,0.55,0.07333333333333333,0.26917506105006106
all_community_items_multi_positive,7,62,42,42,1778,152,200,1.0,0.5409150030765542,0.65,0.065,0.2771101595324633
all_community_items_multi_positive,7,62,42,42,1778,152,250,1.0,0.5409150030765542,0.65,0.052,0.2771101595324633
all_community_items_multi_positive,7,62,42,42,1778,152,300,1.0,0.5409150030765542,0.65,0.043333333333333335,0.2771101595324633
all_community_items_multi_positive,7,62,42,42,1797,153,50,1.0,0.1337604464504205,0.2,0.08,0.02331126320488023
all_community_items_multi_positive,7,62,42,42,1797,153,100,1.0,0.1584420826388359,0.25,0.05,0.0280282443369557
all_community_items_multi_positive,7,62,42,42,1797,153,150,1.0,0.2002611199774873,0.35,0.04666666666666667,0.03392860845479747
all_community_items_multi_positive,7,62,42,42,1797,153,200,1.0,0.25714632517381475,0.5,0.05,0.04144317939868779
all_community_items_multi_positive,7,62,42,42,1797,153,250,1.0,0.29355611329152687,0.6,0.048,0.04661064448065169
all_community_items_multi_positive,7,62,42,42,1797,153,300,1.0,0.3285493990500051,0.7,0.04666666666666667,0.051483141708852306
all_community_items_multi_positive,7,62,42,42,1805,154,50,1.0,0.06277583410617225,0.1,0.04,0.0061111111111111106
all_community_items_multi_positive,7,62,42,42,1805,154,100,1.0,0.1522693834766028,0.3,0.06,0.016889936053651796
all_community_items_multi_positive,7,62,42,42,1805,154,150,1.0,0.19393727379327053,0.4,0.05333333333333334,0.02357334112299661
all_community_items_multi_positive,7,62,42,42,1805,154,200,1.0,0.19393727379327053,0.4,0.04,0.02357334112299661
all_community_items_multi_positive,7,62,42,42,1805,154,250,1.0,0.23068344935696633,0.5,0.04,0.028062068981289684
all_community_items_multi_positive,7,62,42,42,1805,154,300,1.0,0.23068344935696633,0.5,0.03333333333333333,0.028062068981289684
all_community_items_multi_positive,7,62,42,42,1814,155,50,1.0,0.2153851279599771,0.3,0.12,0.057534311970402194
all_community_items_multi_positive,7,62,42,42,1814,155,100,1.0,0.2613070639382821,0.4,0.08,0.06799483828619167
all_community_items_multi_positive,7,62,42,42,1814,155,150,1.0,0.32304015045600204,0.55,0.07333333333333333,0.08058392475142492
all_community_items_multi_positive,7,62,42,42,1814,155,200,1.0,0.32304015045600204,0.55,0.055,0.08058392475142492
all_community_items_multi_positive,7,62,42,42,1814,155,250,1.0,0.3408585364025056,0.6,0.048,0.08298392475142492
all_community_items_multi_positive,7,62,42,42,1814,155,300,1.0,0.3408585364025056,0.6,0.04,0.08298392475142492
all_community_items_multi_positive,7,62,42,42,1824,156,50,1.0,0.11614658822850545,0.15,0.06,0.02034782608695652
all_community_items_multi_positive,7,62,42,42,1824,156,100,1.0,0.13771695246643417,0.2,0.04,0.02245308924485126
all_community_items_multi_positive,7,62,42,42,1824,156,150,1.0,0.1996263837062618,0.35,0.04666666666666667,0.030056656987737886
all_community_items_multi_positive,7,62,42,42,1824,156,200,1.0,0.21871023671587814,0.4,0.04,0.032368795716061584
all_community_items_multi_positive,7,62,42,42,1824,156,250,1.0,0.23715594174477828,0.45,0.036,0.03454270875953984
all_community_items_multi_positive,7,62,42,42,1824,156,300,1.0,0.25473048026255146,0.5,0.03333333333333333,0.036394560611391694
all_community_items_multi_positive,7,62,42,42,1831,157,50,1.0,0.15888400799651323,0.2,0.08,0.033537296037296035
all_community_items_multi_positive,7,62,42,42,1831,157,100,1.0,0.22543325102382755,0.35,0.07,0.04418258049701348
all_community_items_multi_positive,7,62,42,42,1831,157,150,1.0,0.28622778052942893,0.5,0.06666666666666667,0.05468356700583874
all_community_items_multi_positive,7,62,42,42,1831,157,200,1.0,0.36248652324991343,0.7,0.07,0.06898872099755811
all_community_items_multi_positive,7,62,42,42,1831,157,250,1.0,0.3806057153864071,0.75,0.06,0.07227819468176863
all_community_items_multi_positive,7,62,42,42,1831,157,300,1.0,0.415485863682688,0.85,0.056666666666666664,0.07812792049552322
all_community_items_multi_positive,7,62,42,42,1832,158,50,1.0,0.4014913503230612,0.6,0.24,0.14562540694400453
all_community_items_multi_positive,7,62,42,42,1832,158,100,1.0,0.42507676457264854,0.65,0.13,0.15578165694400453
all_community_items_multi_positive,7,62,42,42,1832,158,150,1.0,0.42507676457264854,0.65,0.08666666666666667,0.15578165694400453
all_community_items_multi_positive,7,62,42,42,1832,158,200,1.0,0.48227589261705817,0.8,0.08,0.16869709086905382
all_community_items_multi_positive,7,62,42,42,1832,158,250,1.0,0.48227589261705817,0.8,0.064,0.16869709086905382
all_community_items_multi_positive,7,62,42,42,1832,158,300,1.0,0.5351056220946452,0.95,0.06333333333333334,0.17880560910379584
all_community_items_multi_positive,7,62,42,42,1846,159,50,1.0,0.15646541341380302,0.25,0.1,0.02552396133278486
all_community_items_multi_positive,7,62,42,42,1846,159,100,1.0,0.15646541341380302,0.25,0.05,0.02552396133278486
all_community_items_multi_positive,7,62,42,42,1846,159,150,1.0,0.15646541341380302,0.25,0.03333333333333333,0.02552396133278486
all_community_items_multi_positive,7,62,42,42,1846,159,200,1.0,0.19410692970180993,0.35,0.035,0.029005923814747342
all_community_items_multi_positive,7,62,42,42,1846,159,250,1.0,0.21207101279062188,0.4,0.032,0.030679563982111357
all_community_items_multi_positive,7,62,42,42,1846,159,300,1.0,0.21207101279062188,0.4,0.02666666666666667,0.030679563982111357
all_community_items_multi_positive,7,62,42,42,1855,160,50,1.0,0.15013622744460936,0.2,0.08,0.03363095238095238
all_community_items_multi_positive,7,62,42,42,1855,160,100,1.0,0.19499093826536512,0.3,0.06,0.04048729566453447
all_community_items_multi_positive,7,62,42,42,1855,160,150,1.0,0.19499093826536512,0.3,0.04,0.04048729566453447
all_community_items_multi_positive,7,62,42,42,1855,160,200,1.0,0.21422790036559897,0.35,0.035,0.04259572939947422
all_community_items_multi_positive,7,62,42,42,1855,160,250,1.0,0.23230379539788917,0.4,0.032,0.04432733113107596
all_community_items_multi_positive,7,62,42,42,1855,160,300,1.0,0.2498783339156624,0.45,0.03,0.045993997797742624
all_community_items_multi_positive,7,62,42,42,1875,161,50,1.0,0.07605358143699678,0.15,0.06,0.006194444444444444
all_community_items_multi_positive,7,62,42,42,1875,161,100,1.0,0.09865198241241895,0.2,0.04,0.008791847041847042
all_community_items_multi_positive,7,62,42,42,1875,161,150,1.0,0.09865198241241895,0.2,0.02666666666666667,0.008791847041847042
all_community_items_multi_positive,7,62,42,42,1875,161,200,1.0,0.09865198241241895,0.2,0.02,0.008791847041847042
all_community_items_multi_positive,7,62,42,42,1875,161,250,1.0,0.13559418344377377,0.3,0.024,0.011465681827750793
all_community_items_multi_positive,7,62,42,42,1875,161,300,1.0,0.17051463901725253,0.4,0.02666666666666667,0.014136839690315105
all_community_items_multi_positive,7,62,42,42,1888,162,50,1.0,0.06736161158788162,0.1,0.04,0.008095238095238095
all_community_items_multi_positive,7,62,42,42,1888,162,100,1.0,0.06736161158788162,0.1,0.02,0.008095238095238095
all_community_items_multi_positive,7,62,42,42,1888,162,150,1.0,0.06736161158788162,0.1,0.013333333333333334,0.008095238095238095
all_community_items_multi_positive,7,62,42,42,1888,162,200,1.0,0.06736161158788162,0.1,0.01,0.008095238095238095
all_community_items_multi_positive,7,62,42,42,1888,162,250,1.0,0.10345660073193215,0.2,0.016,0.00959649067407688
all_community_items_multi_positive,7,62,42,42,1888,162,300,1.0,0.10345660073193215,0.2,0.013333333333333334,0.00959649067407688
all_community_items_multi_positive,7,62,42,42,1924,163,50,1.0,0.039621067055815605,0.05,0.02,0.004545454545454545
all_community_items_multi_positive,7,62,42,42,1924,163,100,1.0,0.1354054721072977,0.25,0.05,0.015753356613433637
all_community_items_multi_positive,7,62,42,42,1924,163,150,1.0,0.1354054721072977,0.25,0.03333333333333333,0.015753356613433637
all_community_items_multi_positive,7,62,42,42,1924,163,200,1.0,0.1545106694735429,0.3,0.03,0.017497542659945263
all_community_items_multi_positive,7,62,42,42,1924,163,250,1.0,0.1545106694735429,0.3,0.024,0.017497542659945263
all_community_items_multi_positive,7,62,42,42,1924,163,300,1.0,0.17231624242519872,0.35,0.023333333333333334,0.018891964970702235
all_community_items_multi_positive,7,62,42,42,1931,164,50,1.0,0.025715297622017148,0.05,0.02,0.0011111111111111111
all_community_items_multi_positive,7,62,42,42,1931,164,100,1.0,0.09418225801484628,0.2,0.04,0.007029671717171717
all_community_items_multi_positive,7,62,42,42,1931,164,150,1.0,0.11521000119904652,0.25,0.03333333333333333,0.009366120315302559
all_community_items_multi_positive,7,62,42,42,1931,164,200,1.0,0.11521000119904652,0.25,0.025,0.009366120315302559
all_community_items_multi_positive,7,62,42,42,1931,164,250,1.0,0.1333437984790794,0.3,0.024,0.01068770621838626
all_community_items_multi_positive,7,62,42,42,1931,164,300,1.0,0.1333437984790794,0.3,0.02,0.01068770621838626
all_community_items_multi_positive,7,62,42,42,1941,165,50,1.0,0.07102001981682865,0.05,0.02,0.016666666666666666
all_community_items_multi_positive,7,62,42,42,1941,165,100,1.0,0.07102001981682865,0.05,0.01,0.016666666666666666
all_community_items_multi_positive,7,62,42,42,1941,165,150,1.0,0.09115245830276818,0.1,0.013333333333333334,0.017424242424242422
all_community_items_multi_positive,7,62,42,42,1941,165,200,1.0,0.12947327341261838,0.2,0.02,0.019483926246235597
all_community_items_multi_positive,7,62,42,42,1941,165,250,1.0,0.147423737977226,0.25,0.02,0.020525592912902263
all_community_items_multi_positive,7,62,42,42,1941,165,300,1.0,0.147423737977226,0.25,0.016666666666666666,0.020525592912902263
all_community_items_multi_positive,7,62,42,42,1949,166,50,1.0,0.2970900686647006,0.3,0.12,0.08807610041652594
all_community_items_multi_positive,7,62,42,42,1949,166,100,1.0,0.41297766079763215,0.55,0.11,0.12011562075536161
all_community_items_multi_positive,7,62,42,42,1949,166,150,1.0,0.41297766079763215,0.55,0.07333333333333333,0.12011562075536161
all_community_items_multi_positive,7,62,42,42,1949,166,200,1.0,0.4511080035000022,0.65,0.065,0.1272952602879423
all_community_items_multi_positive,7,62,42,42,1949,166,250,1.0,0.4875257620683087,0.75,0.06,0.13382662784042382
all_community_items_multi_positive,7,62,42,42,1949,166,300,1.0,0.4875257620683087,0.75,0.05,0.13382662784042382
all_community_items_multi_positive,7,62,42,42,1964,167,50,1.0,0.17076081281580016,0.25,0.1,0.03457448763900377
all_community_items_multi_positive,7,62,42,42,1964,167,100,1.0,0.21603366681524577,0.35,0.07,0.043036026100542225
all_community_items_multi_positive,7,62,42,42,1964,167,150,1.0,0.21603366681524577,0.35,0.04666666666666667,0.043036026100542225
all_community_items_multi_positive,7,62,42,42,1964,167,200,1.0,0.23493277703650858,0.4,0.04,0.04523382829834442
all_community_items_multi_positive,7,62,42,42,1964,167,250,1.0,0.25280311889354157,0.45,0.036,0.04706309659102735
all_community_items_multi_positive,7,62,42,42,1964,167,300,1.0,0.25280311889354157,0.45,0.03,0.04706309659102735
all_community_items_multi_positive,7,62,42,42,1966,168,50,1.0,0.2602079813507984,0.25,0.1,0.08933080808080807
all_community_items_multi_positive,7,62,42,42,1966,168,100,1.0,0.32546480166466324,0.4,0.08,0.10075635667014975
all_community_items_multi_positive,7,62,42,42,1966,168,150,1.0,0.3464925448488635,0.45,0.06,0.10496196414678527
all_community_items_multi_positive,7,62,42,42,1966,168,200,1.0,0.3464925448488635,0.45,0.045,0.10496196414678527
all_community_items_multi_positive,7,62,42,42,1966,168,250,1.0,0.40155303919423163,0.6,0.048,0.11271577382656939
all_community_items_multi_positive,7,62,42,42,1966,168,300,1.0,0.40155303919423163,0.6,0.04,0.11271577382656939
all_community_items_multi_positive,7,62,42,42,1977,169,50,1.0,0.08748389373717745,0.15,0.06,0.009791666666666667
all_community_items_multi_positive,7,62,42,42,1977,169,100,1.0,0.15901421172892688,0.3,0.06,0.021940807848065912
all_community_items_multi_positive,7,62,42,42,1977,169,150,1.0,0.15901421172892688,0.3,0.04,0.021940807848065912
all_community_items_multi_positive,7,62,42,42,1977,169,200,1.0,0.17774074328661785,0.35,0.035,0.023773268581050205
all_community_items_multi_positive,7,62,42,42,1977,169,250,1.0,0.19591888728088727,0.4,0.032,0.02555898286676449
all_community_items_multi_positive,7,62,42,42,1977,169,300,1.0,0.19591888728088727,0.4,0.02666666666666667,0.02555898286676449
all_community_items_multi_positive,7,62,42,42,1997,170,50,1.0,0.18883101626643084,0.3,0.12,0.039260188087774296
all_community_items_multi_positive,7,62,42,42,1997,170,100,1.0,0.2798165138296173,0.5,0.1,0.06168973805583945
all_community_items_multi_positive,7,62,42,42,1997,170,150,1.0,0.2798165138296173,0.5,0.06666666666666667,0.06168973805583945
all_community_items_multi_positive,7,62,42,42,1997,170,200,1.0,0.2985616637818178,0.55,0.055,0.06458447489794471
all_community_items_multi_positive,7,62,42,42,1997,170,250,1.0,0.2985616637818178,0.55,0.044,0.06458447489794471
all_community_items_multi_positive,7,62,42,42,1997,170,300,1.0,0.2985616637818178,0.55,0.03666666666666667,0.06458447489794471
all_community_items_multi_positive,7,62,42,42,1998,171,50,1.0,0.18206199309097437,0.25,0.1,0.042592555363453195
all_community_items_multi_positive,7,62,42,42,1998,171,100,1.0,0.226773353704487,0.35,0.07,0.05060969122636629
all_community_items_multi_positive,7,62,42,42,1998,171,150,1.0,0.2473027433979315,0.4,0.05333333333333334,0.053943024559699626
all_community_items_multi_positive,7,62,42,42,1998,171,200,1.0,0.3044552540912467,0.55,0.055,0.06249402111988002
all_community_items_multi_positive,7,62,42,42,1998,171,250,1.0,0.32231250001415357,0.6,0.048,0.06492317091745087
all_community_items_multi_positive,7,62,42,42,1998,171,300,1.0,0.32231250001415357,0.6,0.04,0.06492317091745087
all_community_items_multi_positive,7,62,42,42,2008,172,50,1.0,0.3003863902842668,0.3,0.12,0.09159038901601832
all_community_items_multi_positive,7,62,42,42,2008,172,100,1.0,0.3724707451314517,0.45,0.09,0.11168771400720953
all_community_items_multi_positive,7,62,42,42,2008,172,150,1.0,0.4133368391675778,0.55,0.07333333333333333,0.12023385064009093
all_community_items_multi_positive,7,62,42,42,2008,172,200,1.0,0.4328087273607014,0.6,0.06,0.12408000448624479
all_community_items_multi_positive,7,62,42,42,2008,172,250,1.0,0.4328087273607014,0.6,0.048,0.12408000448624479
all_community_items_multi_positive,7,62,42,42,2008,172,300,1.0,0.450441881849197,0.65,0.043333333333333335,0.12653283467492404
all_community_items_multi_positive,7,62,42,42,2010,173,50,1.0,0.19410232267933028,0.25,0.1,0.04350369458128078
all_community_items_multi_positive,7,62,42,42,2010,173,100,1.0,0.30767645042533787,0.5,0.1,0.06942578262219282
all_community_items_multi_positive,7,62,42,42,2010,173,150,1.0,0.30767645042533787,0.5,0.06666666666666667,0.06942578262219282
all_community_items_multi_positive,7,62,42,42,2010,173,200,1.0,0.3264782730555813,0.55,0.055,0.07236695909278106
all_community_items_multi_positive,7,62,42,42,2010,173,250,1.0,0.3447015808786691,0.6,0.048,0.07508189121947789
all_community_items_multi_positive,7,62,42,42,2010,173,300,1.0,0.3447015808786691,0.6,0.04,0.07508189121947789
all_community_items_multi_positive,7,62,42,42,2013,174,50,1.0,0.5078214058031453,0.5,0.2,0.23254223460792992
all_community_items_multi_positive,7,62,42,42,2013,174,100,1.0,0.5078214058031453,0.5,0.1,0.23254223460792992
all_community_items_multi_positive,7,62,42,42,2013,174,150,1.0,0.5283863818466297,0.55,0.07333333333333333,0.2371640833474257
all_community_items_multi_positive,7,62,42,42,2013,174,200,1.0,0.5471691755823499,0.6,0.06,0.24035557270912783
all_community_items_multi_positive,7,62,42,42,2013,174,250,1.0,0.5471691755823499,0.6,0.048,0.24035557270912783
all_community_items_multi_positive,7,62,42,42,2013,174,300,1.0,0.564778705588749,0.65,0.043333333333333335,0.24279002963796675
all_community_items_multi_positive,7,62,42,42,2016,175,50,0.0,0.0,0.0,0.0,0.0
all_community_items_multi_positive,7,62,42,42,2016,175,100,0.0,0.0,0.0,0.0,0.0
all_community_items_multi_positive,7,62,42,42,2016,175,150,0.0,0.0,0.0,0.0,0.0
all_community_items_multi_positive,7,62,42,42,2016,175,200,0.0,0.0,0.0,0.0,0.0
all_community_items_multi_positive,7,62,42,42,2016,175,250,0.0,0.0,0.0,0.0,0.0
all_community_items_multi_positive,7,62,42,42,2016,175,300,0.0,0.0,0.0,0.0,0.0
all_community_items_multi_positive,7,62,42,42,2032,176,50,1.0,0.09053165366969589,0.15,0.06,0.010184800664451826
all_community_items_multi_positive,7,62,42,42,2032,176,100,1.0,0.15984884949875033,0.3,0.06,0.020777887722781958
all_community_items_multi_positive,7,62,42,42,2032,176,150,1.0,0.19950917114475666,0.4,0.05333333333333334,0.026035980892935923
all_community_items_multi_positive,7,62,42,42,2032,176,200,1.0,0.23742147896377738,0.5,0.05,0.031328542361967984
all_community_items_multi_positive,7,62,42,42,2032,176,250,1.0,0.29223692882216906,0.65,0.052,0.03957726154818717
all_community_items_multi_positive,7,62,42,42,2032,176,300,1.0,0.32744964384400077,0.75,0.05,0.04499768511706953
all_community_items_multi_positive,7,62,42,42,2034,177,50,1.0,0.3579522782749193,0.3,0.12,0.14187040181097904
all_community_items_multi_positive,7,62,42,42,2034,177,100,1.0,0.42859239442956104,0.45,0.09,0.16036521839790088
all_community_items_multi_positive,7,62,42,42,2034,177,150,1.0,0.49035684518797645,0.6,0.08,0.17425029165797415
all_community_items_multi_positive,7,62,42,42,2034,177,200,1.0,0.5099541768900663,0.65,0.065,0.17855492741956355
all_community_items_multi_positive,7,62,42,42,2034,177,250,1.0,0.5099541768900663,0.65,0.052,0.17855492741956355
all_community_items_multi_positive,7,62,42,42,2034,177,300,1.0,0.5273721054979391,0.7,0.04666666666666667,0.18101971615195794
all_community_items_multi_positive,7,62,42,42,2051,178,50,1.0,0.05494858807198588,0.05,0.02,0.01
all_community_items_multi_positive,7,62,42,42,2051,178,100,1.0,0.05494858807198588,0.05,0.01,0.01
all_community_items_multi_positive,7,62,42,42,2051,178,150,1.0,0.07478693892391178,0.1,0.013333333333333334,0.010704225352112677
all_community_items_multi_positive,7,62,42,42,2051,178,200,1.0,0.07478693892391178,0.1,0.01,0.010704225352112677
all_community_items_multi_positive,7,62,42,42,2051,178,250,1.0,0.1292426307345376,0.25,0.02,0.013326280099167425
all_community_items_multi_positive,7,62,42,42,2051,178,300,1.0,0.14703545974092902,0.3,0.02,0.014516756289643617
all_community_items_multi_positive,7,62,42,42,2052,179,50,1.0,0.06222006058809831,0.1,0.04,0.005844155844155844
all_community_items_multi_positive,7,62,42,42,2052,179,100,1.0,0.08502374884609598,0.15,0.03,0.007871182871182872
all_community_items_multi_positive,7,62,42,42,2052,179,150,1.0,0.08502374884609598,0.15,0.02,0.007871182871182872
all_community_items_multi_positive,7,62,42,42,2052,179,200,1.0,0.10384474076384596,0.2,0.02,0.008946451688387173
all_community_items_multi_positive,7,62,42,42,2052,179,250,1.0,0.10384474076384596,0.2,0.016,0.008946451688387173
all_community_items_multi_positive,7,62,42,42,2052,179,300,1.0,0.10384474076384596,0.2,0.013333333333333334,0.008946451688387173
all_community_items_multi_positive,7,62,42,42,2084,180,50,1.0,0.29697563644194613,0.3,0.12,0.1133066933066933
all_community_items_multi_positive,7,62,42,42,2084,180,100,1.0,0.36795381187179504,0.45,0.09,0.13226206276150781
all_community_items_multi_positive,7,62,42,42,2084,180,150,1.0,0.38821275291864066,0.5,0.06666666666666667,0.13616831276150781
all_community_items_multi_positive,7,62,42,42,2084,180,200,1.0,0.40736115730503364,0.55,0.055,0.13940360687915487
all_community_items_multi_positive,7,62,42,42,2084,180,250,1.0,0.4254803494415273,0.6,0.048,0.1420351858265233
all_community_items_multi_positive,7,62,42,42,2084,180,300,1.0,0.4254803494415273,0.6,0.04,0.1420351858265233
all_community_items_multi_positive,7,62,42,42,2092,181,50,1.0,0.1550852054022659,0.25,0.1,0.029682823008430427
all_community_items_multi_positive,7,62,42,42,2092,181,100,1.0,0.1795438516431144,0.3,0.06,0.03513736846297588
all_community_items_multi_positive,7,62,42,42,2092,181,150,1.0,0.24007377327908788,0.45,0.06,0.044272830279857775
all_community_items_multi_positive,7,62,42,42,2092,181,200,1.0,0.27873378318232295,0.55,0.055,0.05074500809823336
all_community_items_multi_positive,7,62,42,42,2092,181,250,1.0,0.2971794882112231,0.6,0.048,0.05364355882287104
all_community_items_multi_positive,7,62,42,42,2092,181,300,1.0,0.2971794882112231,0.6,0.04,0.05364355882287104
