EvalProtocol,COMMUNITY_TAG,TrainingSeed,SplitSeed,EvaluationSeed,userID,u_idx,k,HR,NDCG,Recall,Precision,MAP
all_community_items_multi_positive,7,52,42,42,18,0,50,1.0,0.08933131339974908,0.1,0.04,0.015625
all_community_items_multi_positive,7,52,42,42,18,0,100,1.0,0.11266452188706083,0.15,0.03,0.017863805970149256
all_community_items_multi_positive,7,52,42,42,18,0,150,1.0,0.19349280601037602,0.35,0.04666666666666667,0.026183915217985014
all_community_items_multi_positive,7,52,42,42,18,0,200,1.0,0.19349280601037602,0.35,0.035,0.026183915217985014
all_community_items_multi_positive,7,52,42,42,18,0,250,1.0,0.21165607827259925,0.4,0.032,0.027961692995762795
all_community_items_multi_positive,7,52,42,42,18,0,300,1.0,0.2638842078453011,0.55,0.03666666666666667,0.03321033041554115
all_community_items_multi_positive,7,52,42,42,32,1,50,1.0,0.2129346053877111,0.25,0.1,0.051812496762848104
all_community_items_multi_positive,7,52,42,42,32,1,100,1.0,0.3300749350867406,0.5,0.1,0.08158935404664212
all_community_items_multi_positive,7,52,42,42,32,1,150,1.0,0.3695070566274694,0.6,0.08,0.08943564412867047
all_community_items_multi_positive,7,52,42,42,32,1,200,1.0,0.3695070566274694,0.6,0.06,0.08943564412867047
all_community_items_multi_positive,7,52,42,42,32,1,250,1.0,0.3695070566274694,0.6,0.048,0.08943564412867047
all_community_items_multi_positive,7,52,42,42,32,1,300,1.0,0.3695070566274694,0.6,0.04,0.08943564412867047
all_community_items_multi_positive,7,52,42,42,38,2,50,1.0,0.2751515233927585,0.35,0.14,0.10361066017316016
all_community_items_multi_positive,7,52,42,42,38,2,100,1.0,0.3197762748499039,0.45,0.09,0.11403234692014812
all_community_items_multi_positive,7,52,42,42,38,2,150,1.0,0.38083216960846705,0.6,0.08,0.12715746861807764
all_community_items_multi_positive,7,52,42,42,38,2,200,1.0,0.41896251231083703,0.7,0.07,0.13491312980511136
all_community_items_multi_positive,7,52,42,42,38,2,250,1.0,0.47366228057008575,0.85,0.068,0.14578458116220105
all_community_items_multi_positive,7,52,42,42,38,2,300,1.0,0.47366228057008575,0.85,0.056666666666666664,0.14578458116220105
all_community_items_multi_positive,7,52,42,42,42,3,50,1.0,0.3524597353453996,0.45,0.18,0.11795043422423042
all_community_items_multi_positive,7,52,42,42,42,3,100,1.0,0.37650623448646325,0.5,0.1,0.12642501049541685
all_community_items_multi_positive,7,52,42,42,42,3,150,1.0,0.37650623448646325,0.5,0.06666666666666667,0.12642501049541685
all_community_items_multi_positive,7,52,42,42,42,3,200,1.0,0.4138699836220667,0.6,0.06,0.1323653664357728
all_community_items_multi_positive,7,52,42,42,42,3,250,1.0,0.4322663331782806,0.65,0.052,0.1354606045310109
all_community_items_multi_positive,7,52,42,42,42,3,300,1.0,0.4669118203224448,0.75,0.05,0.14040847569415377
all_community_items_multi_positive,7,52,42,42,50,4,50,1.0,0.24303639415576317,0.35,0.14,0.06555866632182424
all_community_items_multi_positive,7,52,42,42,50,4,100,1.0,0.3143621529663968,0.5,0.1,0.08724327183184695
all_community_items_multi_positive,7,52,42,42,50,4,150,1.0,0.39554512620438836,0.7,0.09333333333333334,0.10683051643782107
all_community_items_multi_positive,7,52,42,42,50,4,200,1.0,0.39554512620438836,0.7,0.07,0.10683051643782107
all_community_items_multi_positive,7,52,42,42,50,4,250,1.0,0.4140753042902845,0.75,0.06,0.11054338772494979
all_community_items_multi_positive,7,52,42,42,50,4,300,1.0,0.43180542666791427,0.8,0.05333333333333334,0.11365622819187586
all_community_items_multi_positive,7,52,42,42,63,5,50,1.0,0.025167196834497453,0.05,0.02,0.001020408163265306
all_community_items_multi_positive,7,52,42,42,63,5,100,1.0,0.09692732306435782,0.2,0.04,0.008212698155831415
all_community_items_multi_positive,7,52,42,42,63,5,150,1.0,0.11715412453866018,0.25,0.03333333333333333,0.010150682651955446
all_community_items_multi_positive,7,52,42,42,63,5,200,1.0,0.136053234759923,0.3,0.03,0.011799034300307093
all_community_items_multi_positive,7,52,42,42,63,5,250,1.0,0.17188901045319277,0.4,0.032,0.01488873077505869
all_community_items_multi_positive,7,52,42,42,63,5,300,1.0,0.20708468414789416,0.5,0.03333333333333333,0.018432860092965207
all_community_items_multi_positive,7,52,42,42,77,6,50,1.0,0.15055481323592354,0.25,0.1,0.024751478984215557
all_community_items_multi_positive,7,52,42,42,77,6,100,1.0,0.24138814696539215,0.45,0.09,0.04436449743574332
all_community_items_multi_positive,7,52,42,42,77,6,150,1.0,0.3027047585504205,0.6,0.08,0.05776931992453527
all_community_items_multi_positive,7,52,42,42,77,6,200,1.0,0.3216237682517698,0.65,0.065,0.061360480145529736
all_community_items_multi_positive,7,52,42,42,77,6,250,1.0,0.3216237682517698,0.65,0.052,0.061360480145529736
all_community_items_multi_positive,7,52,42,42,77,6,300,1.0,0.339378773205977,0.7,0.04666666666666667,0.06410557818474542
all_community_items_multi_positive,7,52,42,42,83,7,50,0.0,0.0,0.0,0.0,0.0
all_community_items_multi_positive,7,52,42,42,83,7,100,0.0,0.0,0.0,0.0,0.0
all_community_items_multi_positive,7,52,42,42,83,7,150,0.0,0.0,0.0,0.0,0.0
all_community_items_multi_positive,7,52,42,42,83,7,200,0.0,0.0,0.0,0.0,0.0
all_community_items_multi_positive,7,52,42,42,83,7,250,0.0,0.0,0.0,0.0,0.0
all_community_items_multi_positive,7,52,42,42,83,7,300,0.0,0.0,0.0,0.0,0.0
all_community_items_multi_positive,7,52,42,42,94,8,50,1.0,0.11814501508539595,0.15,0.06,0.020306324110671937
all_community_items_multi_positive,7,52,42,42,94,8,100,1.0,0.18534333800592673,0.3,0.06,0.02951285257185878
all_community_items_multi_positive,7,52,42,42,94,8,150,1.0,0.22582908052707476,0.4,0.05333333333333334,0.035348002765657235
all_community_items_multi_positive,7,52,42,42,94,8,200,1.0,0.2449774849134677,0.45,0.045,0.03799506158918665
all_community_items_multi_positive,7,52,42,42,94,8,250,1.0,0.28101917868305903,0.55,0.044,0.042457505028100674
all_community_items_multi_positive,7,52,42,42,94,8,300,1.0,0.28101917868305903,0.55,0.03666666666666667,0.042457505028100674
all_community_items_multi_positive,7,52,42,42,125,9,50,1.0,0.1420400396336573,0.05,0.02,0.05
all_community_items_multi_positive,7,52,42,42,125,9,100,1.0,0.1880553186602365,0.15,0.03,0.05343915343915343
all_community_items_multi_positive,7,52,42,42,125,9,150,1.0,0.25015221185313313,0.3,0.04,0.05988222536113637
all_community_items_multi_positive,7,52,42,42,125,9,200,1.0,0.25015221185313313,0.3,0.03,0.05988222536113637
all_community_items_multi_positive,7,52,42,42,125,9,250,1.0,0.30496839591595515,0.45,0.036,0.06537424992948837
all_community_items_multi_positive,7,52,42,42,125,9,300,1.0,0.3227612249223466,0.5,0.03333333333333333,0.06735837691361536
all_community_items_multi_positive,7,52,42,42,140,10,50,1.0,0.21421282074326242,0.2,0.08,0.06611969111969111
all_community_items_multi_positive,7,52,42,42,140,10,100,1.0,0.25799629880161407,0.3,0.06,0.07227499414999414
all_community_items_multi_positive,7,52,42,42,140,10,150,1.0,0.31967089349458905,0.45,0.06,0.08230567261607084
all_community_items_multi_positive,7,52,42,42,140,10,200,1.0,0.33867104123197234,0.5,0.05,0.08513053137313299
all_community_items_multi_positive,7,52,42,42,140,10,250,1.0,0.35655455149036386,0.55,0.044,0.08737542933231666
all_community_items_multi_positive,7,52,42,42,140,10,300,1.0,0.37387719972070504,0.6,0.04,0.08942321090228253
all_community_items_multi_positive,7,52,42,42,149,11,50,0.0,0.0,0.0,0.0,0.0
all_community_items_multi_positive,7,52,42,42,149,11,100,1.0,0.04764508283053926,0.1,0.02,0.00240053050397878
all_community_items_multi_positive,7,52,42,42,149,11,150,1.0,0.0685907405797329,0.15,0.02,0.003776677292969606
all_community_items_multi_positive,7,52,42,42,149,11,200,1.0,0.1252346656006766,0.3,0.03,0.007860136961535657
all_community_items_multi_positive,7,52,42,42,149,11,250,1.0,0.16098939169710738,0.4,0.032,0.01091284365608244
all_community_items_multi_positive,7,52,42,42,149,11,300,1.0,0.2136525104185233,0.55,0.03666666666666667,0.01641004598471358
all_community_items_multi_positive,7,52,42,42,154,12,50,0.0,0.0,0.0,0.0,0.0
all_community_items_multi_positive,7,52,42,42,154,12,100,1.0,0.044285493885958635,0.1,0.02,0.001721724524076148
all_community_items_multi_positive,7,52,42,42,154,12,150,1.0,0.06454443493280432,0.15,0.02,0.002893599524076148
all_community_items_multi_positive,7,52,42,42,154,12,200,1.0,0.06454443493280432,0.15,0.015,0.002893599524076148
all_community_items_multi_positive,7,52,42,42,154,12,250,1.0,0.06454443493280432,0.15,0.012,0.002893599524076148
all_community_items_multi_positive,7,52,42,42,154,12,300,1.0,0.06454443493280432,0.15,0.01,0.002893599524076148
all_community_items_multi_positive,7,52,42,42,156,13,50,1.0,0.07887161585765425,0.1,0.04,0.01213235294117647
all_community_items_multi_positive,7,52,42,42,156,13,100,1.0,0.1967109799896239,0.35,0.07,0.031285161443113184
all_community_items_multi_positive,7,52,42,42,156,13,150,1.0,0.1967109799896239,0.35,0.04666666666666667,0.031285161443113184
all_community_items_multi_positive,7,52,42,42,156,13,200,1.0,0.25434532185167485,0.5,0.05,0.0393213388814681
all_community_items_multi_positive,7,52,42,42,156,13,250,1.0,0.27272543335370064,0.55,0.044,0.041927973952558144
all_community_items_multi_positive,7,52,42,42,156,13,300,1.0,0.3076901217908217,0.65,0.043333333333333335,0.046416874313941724
all_community_items_multi_positive,7,52,42,42,171,14,50,1.0,0.2059548137859571,0.25,0.1,0.04710975492320285
all_community_items_multi_positive,7,52,42,42,171,14,100,1.0,0.29532912349149165,0.45,0.09,0.06535081983036675
all_community_items_multi_positive,7,52,42,42,171,14,150,1.0,0.3157885751101263,0.5,0.06666666666666667,0.06944918048610446
all_community_items_multi_positive,7,52,42,42,171,14,200,1.0,0.3344782683451846,0.55,0.055,0.07229892141874694
all_community_items_multi_positive,7,52,42,42,171,14,250,1.0,0.3344782683451846,0.55,0.044,0.07229892141874694
all_community_items_multi_positive,7,52,42,42,171,14,300,1.0,0.3697962646134511,0.65,0.043333333333333335,0.07705038658045739
all_community_items_multi_positive,7,52,42,42,177,15,50,1.0,0.025040442327671112,0.05,0.02,0.001
all_community_items_multi_positive,7,52,42,42,177,15,100,1.0,0.06956251515889542,0.15,0.03,0.004006189213085765
all_community_items_multi_positive,7,52,42,42,177,15,150,1.0,0.08937304868680322,0.2,0.02666666666666667,0.005404790611687163
all_community_items_multi_positive,7,52,42,42,177,15,200,1.0,0.12763452762664165,0.3,0.03,0.008603931598870147
all_community_items_multi_positive,7,52,42,42,177,15,250,1.0,0.12763452762664165,0.3,0.024,0.008603931598870147
all_community_items_multi_positive,7,52,42,42,177,15,300,1.0,0.14541468108154645,0.35,0.023333333333333334,0.009987330808356312
all_community_items_multi_positive,7,52,42,42,195,16,50,1.0,0.1976336611695395,0.25,0.1,0.053889309923792685
all_community_items_multi_positive,7,52,42,42,195,16,100,1.0,0.26423690020923374,0.4,0.08,0.06640668045201173
all_community_items_multi_positive,7,52,42,42,195,16,150,1.0,0.345432941923884,0.6,0.08,0.08282917276983437
all_community_items_multi_positive,7,52,42,42,195,16,200,1.0,0.38375615145217123,0.7,0.07,0.09079326749863499
all_community_items_multi_positive,7,52,42,42,195,16,250,1.0,0.38375615145217123,0.7,0.056,0.09079326749863499
all_community_items_multi_positive,7,52,42,42,195,16,300,1.0,0.38375615145217123,0.7,0.04666666666666667,0.09079326749863499
all_community_items_multi_positive,7,52,42,42,196,17,50,1.0,0.25061725650528066,0.4,0.16,0.05817646872599398
all_community_items_multi_positive,7,52,42,42,196,17,100,1.0,0.272496993696802,0.45,0.09,0.06323264850127489
all_community_items_multi_positive,7,52,42,42,196,17,150,1.0,0.272496993696802,0.45,0.06,0.06323264850127489
all_community_items_multi_positive,7,52,42,42,196,17,200,1.0,0.33015110723872454,0.6,0.06,0.07309947294189449
all_community_items_multi_positive,7,52,42,42,196,17,250,1.0,0.3666290578861158,0.7,0.056,0.07923387809987842
all_community_items_multi_positive,7,52,42,42,196,17,300,1.0,0.3666290578861158,0.7,0.04666666666666667,0.07923387809987842
all_community_items_multi_positive,7,52,42,42,211,18,50,0.0,0.0,0.0,0.0,0.0
all_community_items_multi_positive,7,52,42,42,211,18,100,1.0,0.02325275778769228,0.05,0.01,0.0007352941176470588
all_community_items_multi_positive,7,52,42,42,211,18,150,1.0,0.1045068204256174,0.25,0.03333333333333333,0.006201366910145949
all_community_items_multi_positive,7,52,42,42,211,18,200,1.0,0.12388230128227493,0.3,0.03,0.00807636691014595
all_community_items_multi_positive,7,52,42,42,211,18,250,1.0,0.12388230128227493,0.3,0.024,0.00807636691014595
all_community_items_multi_positive,7,52,42,42,211,18,300,1.0,0.15887476840792084,0.4,0.02666666666666667,0.010781113910667597
all_community_items_multi_positive,7,52,42,42,237,19,50,1.0,0.24950572646788252,0.3,0.12,0.07286932955000182
all_community_items_multi_positive,7,52,42,42,237,19,100,1.0,0.34158118515523617,0.5,0.1,0.09648485529664222
all_community_items_multi_positive,7,52,42,42,237,19,150,1.0,0.36123032088752466,0.55,0.07333333333333333,0.10017613046442746
all_community_items_multi_positive,7,52,42,42,237,19,200,1.0,0.3989826923237282,0.65,0.065,0.10699228197416481
all_community_items_multi_positive,7,52,42,42,237,19,250,1.0,0.3989826923237282,0.65,0.052,0.10699228197416481
all_community_items_multi_positive,7,52,42,42,237,19,300,1.0,0.4340394919788205,0.75,0.05,0.11228112659567875
all_community_items_multi_positive,7,52,42,42,266,20,50,1.0,0.2084875659633909,0.3,0.12,0.05114008431655491
all_community_items_multi_positive,7,52,42,42,266,20,100,1.0,0.23273483473257953,0.35,0.07,0.05728043519374789
all_community_items_multi_positive,7,52,42,42,266,20,150,1.0,0.27436874677323997,0.45,0.06,0.06483103607926338
all_community_items_multi_positive,7,52,42,42,266,20,200,1.0,0.27436874677323997,0.45,0.045,0.06483103607926338
all_community_items_multi_positive,7,52,42,42,266,20,250,1.0,0.2926226310380658,0.5,0.04,0.06711414110209443
all_community_items_multi_positive,7,52,42,42,266,20,300,1.0,0.31037763599227297,0.55,0.03666666666666667,0.06927100384719248
all_community_items_multi_positive,7,52,42,42,277,21,50,0.0,0.0,0.0,0.0,0.0
all_community_items_multi_positive,7,52,42,42,277,21,100,1.0,0.04468826502263191,0.1,0.02,0.001837730669513497
all_community_items_multi_positive,7,52,42,42,277,21,150,1.0,0.04468826502263191,0.1,0.013333333333333334,0.001837730669513497
all_community_items_multi_positive,7,52,42,42,277,21,200,1.0,0.04468826502263191,0.1,0.01,0.001837730669513497
all_community_items_multi_positive,7,52,42,42,277,21,250,1.0,0.04468826502263191,0.1,0.008,0.001837730669513497
all_community_items_multi_positive,7,52,42,42,277,21,300,1.0,0.08012408211538301,0.2,0.013333333333333334,0.003192898938744267
all_community_items_multi_positive,7,52,42,42,289,22,50,1.0,0.35365425313995,0.35,0.14,0.12106545024286956
all_community_items_multi_positive,7,52,42,42,289,22,100,1.0,0.37570008354730583,0.4,0.08,0.12571661303356724
all_community_items_multi_positive,7,52,42,42,289,22,150,1.0,0.43769054749617226,0.55,0.07333333333333333,0.13859514087490973
all_community_items_multi_positive,7,52,42,42,289,22,200,1.0,0.43769054749617226,0.55,0.055,0.13859514087490973
all_community_items_multi_positive,7,52,42,42,289,22,250,1.0,0.45582434477620515,0.6,0.048,0.14123831268107714
all_community_items_multi_positive,7,52,42,42,289,22,300,1.0,0.4735544671538349,0.65,0.043333333333333335,0.14376749556045457
all_community_items_multi_positive,7,52,42,42,292,23,50,1.0,0.2812125683723204,0.3,0.12,0.07681072245831973
all_community_items_multi_positive,7,52,42,42,292,23,100,1.0,0.2812125683723204,0.3,0.06,0.07681072245831973
all_community_items_multi_positive,7,52,42,42,292,23,150,1.0,0.343938730238092,0.45,0.06,0.08769778524803737
all_community_items_multi_positive,7,52,42,42,292,23,200,1.0,0.343938730238092,0.45,0.045,0.08769778524803737
all_community_items_multi_positive,7,52,42,42,292,23,250,1.0,0.36236787531872466,0.5,0.04,0.09010163140188353
all_community_items_multi_positive,7,52,42,42,292,23,300,1.0,0.37969052354906585,0.55,0.03666666666666667,0.09197876450768558
all_community_items_multi_positive,7,52,42,42,298,24,50,0.0,0.0,0.0,0.0,0.0
all_community_items_multi_positive,7,52,42,42,298,24,100,0.0,0.0,0.0,0.0,0.0
all_community_items_multi_positive,7,52,42,42,298,24,150,1.0,0.040760485762338136,0.1,0.013333333333333334,0.0011647361647361648
all_community_items_multi_positive,7,52,42,42,298,24,200,1.0,0.05995280484502959,0.15,0.015,0.0020575933075933075
all_community_items_multi_positive,7,52,42,42,298,24,250,1.0,0.05995280484502959,0.15,0.012,0.0020575933075933075
all_community_items_multi_positive,7,52,42,42,298,24,300,1.0,0.07772035049528392,0.2,0.013333333333333334,0.002844994882396457
all_community_items_multi_positive,7,52,42,42,315,25,50,1.0,0.3684621529502141,0.55,0.22,0.13060071055015487
all_community_items_multi_positive,7,52,42,42,315,25,100,1.0,0.415977936909554,0.65,0.13,0.15080697487406627
all_community_items_multi_positive,7,52,42,42,315,25,150,1.0,0.4568846373634036,0.75,0.1,0.16266883673592814
all_community_items_multi_positive,7,52,42,42,315,25,200,1.0,0.4764819690654935,0.8,0.08,0.16796684998096126
all_community_items_multi_positive,7,52,42,42,315,25,250,1.0,0.49487831862170745,0.85,0.068,0.1720144690285803
all_community_items_multi_positive,7,52,42,42,315,25,300,1.0,0.5125960978845375,0.9,0.06,0.17550284112160358
all_community_items_multi_positive,7,52,42,42,317,26,50,1.0,0.3019947231200752,0.4,0.16,0.10165113286117125
all_community_items_multi_positive,7,52,42,42,317,26,100,1.0,0.3258501743395578,0.45,0.09,0.10902818204149911
all_community_items_multi_positive,7,52,42,42,317,26,150,1.0,0.3464151503830422,0.5,0.06666666666666667,0.11322986271376803
all_community_items_multi_positive,7,52,42,42,317,26,200,1.0,0.3655635547694352,0.55,0.055,0.11646515683141509
all_community_items_multi_positive,7,52,42,42,317,26,250,1.0,0.3837868625925229,0.6,0.048,0.11918008895811191
all_community_items_multi_positive,7,52,42,42,317,26,300,1.0,0.3837868625925229,0.6,0.04,0.11918008895811191
all_community_items_multi_positive,7,52,42,42,362,27,50,1.0,0.2259761977308832,0.25,0.1,0.08079678362573099
all_community_items_multi_positive,7,52,42,42,362,27,100,1.0,0.341236520391891,0.5,0.1,0.10852429833957114
all_community_items_multi_positive,7,52,42,42,362,27,150,1.0,0.341236520391891,0.5,0.06666666666666667,0.10852429833957114
all_community_items_multi_positive,7,52,42,42,362,27,200,1.0,0.3786710984932034,0.6,0.06,0.1145288794914036
all_community_items_multi_positive,7,52,42,42,362,27,250,1.0,0.396489484439707,0.65,0.052,0.1171288794914036
all_community_items_multi_positive,7,52,42,42,362,27,300,1.0,0.396489484439707,0.65,0.043333333333333335,0.1171288794914036
all_community_items_multi_positive,7,52,42,42,364,28,50,1.0,0.057617708824017545,0.1,0.04,0.005057471264367816
all_community_items_multi_positive,7,52,42,42,364,28,100,1.0,0.08035165369262103,0.15,0.03,0.007057471264367817
all_community_items_multi_positive,7,52,42,42,364,28,150,1.0,0.14181151490788468,0.3,0.04,0.013184832806738458
all_community_items_multi_positive,7,52,42,42,364,28,200,1.0,0.16123477663683355,0.35,0.035,0.01540002268015618
all_community_items_multi_positive,7,52,42,42,364,28,250,1.0,0.17955097266082887,0.4,0.032,0.01726048779643525
all_community_items_multi_positive,7,52,42,42,364,28,300,1.0,0.17955097266082887,0.4,0.02666666666666667,0.01726048779643525
all_community_items_multi_positive,7,52,42,42,383,29,50,1.0,0.20440355682201197,0.3,0.12,0.04923354085625892
all_community_items_multi_positive,7,52,42,42,383,29,100,1.0,0.27335817964447795,0.45,0.09,0.06586111203331049
all_community_items_multi_positive,7,52,42,42,383,29,150,1.0,0.29426358820757786,0.5,0.06666666666666667,0.07040656657876503
all_community_items_multi_positive,7,52,42,42,383,29,200,1.0,0.3516137949488527,0.65,0.065,0.08086792012906088
all_community_items_multi_positive,7,52,42,42,383,29,250,1.0,0.3516137949488527,0.65,0.052,0.08086792012906088
all_community_items_multi_positive,7,52,42,42,383,29,300,1.0,0.36923510715779995,0.7,0.04666666666666667,0.0834994990764293
all_community_items_multi_positive,7,52,42,42,393,30,50,1.0,0.05344845025440258,0.1,0.04,0.003612903225806452
all_community_items_multi_positive,7,52,42,42,393,30,100,1.0,0.07654534137422762,0.15,0.03,0.005755760368663595
all_community_items_multi_positive,7,52,42,42,393,30,150,1.0,0.15890886082703867,0.35,0.04666666666666667,0.014919513716334426
all_community_items_multi_positive,7,52,42,42,393,30,200,1.0,0.19746027455328527,0.45,0.045,0.0200791825513433
all_community_items_multi_positive,7,52,42,42,393,30,250,1.0,0.21584038605531106,0.5,0.04,0.022448850797788793
all_community_items_multi_positive,7,52,42,42,393,30,300,1.0,0.23344991606171012,0.55,0.03666666666666667,0.024508775891421752
all_community_items_multi_positive,7,52,42,42,398,31,50,1.0,0.3758560632302537,0.4,0.16,0.1324244205197552
all_community_items_multi_positive,7,52,42,42,398,31,100,1.0,0.41956263218327783,0.5,0.1,0.14301426621413052
all_community_items_multi_positive,7,52,42,42,398,31,150,1.0,0.4400568498567475,0.55,0.07333333333333333,0.14755972075958507
all_community_items_multi_positive,7,52,42,42,398,31,200,1.0,0.4775312169577198,0.65,0.065,0.1541188605445313
all_community_items_multi_positive,7,52,42,42,398,31,250,1.0,0.4955928494039723,0.7,0.056,0.15713610192384164
all_community_items_multi_positive,7,52,42,42,398,31,300,1.0,0.5132023794103714,0.75,0.05,0.1599450906878866
all_community_items_multi_positive,7,52,42,42,455,32,50,0.0,0.0,0.0,0.0,0.0
all_community_items_multi_positive,7,52,42,42,455,32,100,1.0,0.02404649914106367,0.05,0.01,0.000847457627118644
all_community_items_multi_positive,7,52,42,42,455,32,150,1.0,0.06648792071515013,0.15,0.02,0.0032841604635930393
all_community_items_multi_positive,7,52,42,42,455,32,200,1.0,0.06648792071515013,0.15,0.015,0.0032841604635930393
all_community_items_multi_positive,7,52,42,42,455,32,250,1.0,0.08472646935522925,0.2,0.016,0.004193251372683948
all_community_items_multi_positive,7,52,42,42,455,32,300,1.0,0.08472646935522925,0.2,0.013333333333333334,0.004193251372683948
all_community_items_multi_positive,7,52,42,42,465,33,50,1.0,0.38441708537639807,0.45,0.18,0.1472321036451471
all_community_items_multi_positive,7,52,42,42,465,33,100,1.0,0.4527140537420979,0.6,0.12,0.16926493192797537
all_community_items_multi_positive,7,52,42,42,465,33,150,1.0,0.4931071833233436,0.7,0.09333333333333334,0.17964807369042748
all_community_items_multi_positive,7,52,42,42,465,33,200,1.0,0.5116894324011934,0.75,0.075,0.183416917911533
all_community_items_multi_positive,7,52,42,42,465,33,250,1.0,0.5116894324011934,0.75,0.06,0.183416917911533
all_community_items_multi_positive,7,52,42,42,465,33,300,1.0,0.5467752203721966,0.85,0.056666666666666664,0.18946227657549464
all_community_items_multi_positive,7,52,42,42,471,34,50,1.0,0.19447167695005385,0.25,0.1,0.0532129329004329
all_community_items_multi_positive,7,52,42,42,471,34,100,1.0,0.24035623942588558,0.35,0.07,0.06223890692640692
all_community_items_multi_positive,7,52,42,42,471,34,150,1.0,0.2798138578776107,0.45,0.06,0.06805875210585802
all_community_items_multi_positive,7,52,42,42,471,34,200,1.0,0.2798138578776107,0.45,0.045,0.06805875210585802
all_community_items_multi_positive,7,52,42,42,471,34,250,1.0,0.2798138578776107,0.45,0.036,0.06805875210585802
all_community_items_multi_positive,7,52,42,42,471,34,300,1.0,0.29737684919167007,0.5,0.03333333333333333,0.06990377055604252
all_community_items_multi_positive,7,52,42,42,475,35,50,1.0,0.20936971356223621,0.3,0.12,0.0594093157296424
all_community_items_multi_positive,7,52,42,42,475,35,100,1.0,0.34647212888655043,0.6,0.12,0.09739048282225526
all_community_items_multi_positive,7,52,42,42,475,35,150,1.0,0.3676271550558989,0.65,0.08666666666666667,0.10364048282225527
all_community_items_multi_positive,7,52,42,42,475,35,200,1.0,0.38666882564093,0.7,0.07,0.10764048282225527
all_community_items_multi_positive,7,52,42,42,475,35,250,1.0,0.38666882564093,0.7,0.056,0.10764048282225527
all_community_items_multi_positive,7,52,42,42,475,35,300,1.0,0.40439894801855986,0.75,0.05,0.11055877075999845
all_community_items_multi_positive,7,52,42,42,476,36,50,1.0,0.1944560475633611,0.25,0.1,0.04408119658119658
all_community_items_multi_positive,7,52,42,42,476,36,100,1.0,0.3358847706675599,0.55,0.11,0.08278352071433566
all_community_items_multi_positive,7,52,42,42,476,36,150,1.0,0.37663743933412386,0.65,0.08666666666666667,0.0928157268334983
all_community_items_multi_positive,7,52,42,42,476,36,200,1.0,0.4142605365032163,0.75,0.075,0.10058887231940976
all_community_items_multi_positive,7,52,42,42,476,36,250,1.0,0.43273969215165925,0.8,0.064,0.1044913113438
all_community_items_multi_positive,7,52,42,42,476,36,300,1.0,0.45034922215805834,0.85,0.056666666666666664,0.10767483194305094
all_community_items_multi_positive,7,52,42,42,488,37,50,1.0,0.28949415027488823,0.3,0.12,0.08186006833423247
all_community_items_multi_positive,7,52,42,42,488,37,100,1.0,0.3112675373585773,0.35,0.07,0.08570622218038632
all_community_items_multi_positive,7,52,42,42,488,37,150,1.0,0.33169262076059525,0.4,0.05333333333333334,0.08895825470071152
all_community_items_multi_positive,7,52,42,42,488,37,200,1.0,0.3509071689881881,0.45,0.045,0.09165286547915463
all_community_items_multi_positive,7,52,42,42,488,37,250,1.0,0.3688172363107942,0.5,0.04,0.09371047864787892
all_community_items_multi_positive,7,52,42,42,488,37,300,1.0,0.3860684630142307,0.55,0.03666666666666667,0.09554381198121224
all_community_items_multi_positive,7,52,42,42,506,38,50,0.0,0.0,0.0,0.0,0.0
all_community_items_multi_positive,7,52,42,42,506,38,100,1.0,0.021521502333444003,0.05,0.01,0.0005208333333333333
all_community_items_multi_positive,7,52,42,42,506,38,150,1.0,0.041503151197044424,0.1,0.013333333333333334,0.0012507603406326034
all_community_items_multi_positive,7,52,42,42,506,38,200,1.0,0.041503151197044424,0.1,0.01,0.0012507603406326034
all_community_items_multi_positive,7,52,42,42,506,38,250,1.0,0.041503151197044424,0.1,0.008,0.0012507603406326034
all_community_items_multi_positive,7,52,42,42,506,38,300,1.0,0.041503151197044424,0.1,0.006666666666666667,0.0012507603406326034
all_community_items_multi_positive,7,52,42,42,532,39,50,1.0,0.03475017269886857,0.05,0.02,0.003125
all_community_items_multi_positive,7,52,42,42,532,39,100,1.0,0.12621435601263398,0.25,0.05,0.012270119640405705
all_community_items_multi_positive,7,52,42,42,532,39,150,1.0,0.1677136927928382,0.35,0.04666666666666667,0.01796846515791244
all_community_items_multi_positive,7,52,42,42,532,39,200,1.0,0.205241636480759,0.45,0.045,0.022464545785012103
all_community_items_multi_positive,7,52,42,42,532,39,250,1.0,0.205241636480759,0.45,0.036,0.022464545785012103
all_community_items_multi_positive,7,52,42,42,532,39,300,1.0,0.2230091821310133,0.5,0.03333333333333333,0.024433049722019977
all_community_items_multi_positive,7,52,42,42,559,40,50,1.0,0.12205165620049421,0.2,0.08,0.016452702702702705
all_community_items_multi_positive,7,52,42,42,559,40,100,1.0,0.14362202043842293,0.25,0.05,0.019084281650071123
all_community_items_multi_positive,7,52,42,42,559,40,150,1.0,0.1838266048238254,0.35,0.04666666666666667,0.023966950578541583
all_community_items_multi_positive,7,52,42,42,559,40,200,1.0,0.1838266048238254,0.35,0.035,0.023966950578541583
all_community_items_multi_positive,7,52,42,42,559,40,250,1.0,0.1838266048238254,0.35,0.028,0.023966950578541583
all_community_items_multi_positive,7,52,42,42,559,40,300,1.0,0.1838266048238254,0.35,0.023333333333333334,0.023966950578541583
all_community_items_multi_positive,7,52,42,42,567,41,50,1.0,0.06301002882186106,0.1,0.04,0.0063894523326572
all_community_items_multi_positive,7,52,42,42,567,41,100,1.0,0.24992294279505003,0.5,0.1,0.04327242697148633
all_community_items_multi_positive,7,52,42,42,567,41,150,1.0,0.2701179516268249,0.55,0.07333333333333333,0.047503196202255564
all_community_items_multi_positive,7,52,42,42,567,41,200,1.0,0.2893102707095163,0.6,0.06,0.051074624773684144
all_community_items_multi_positive,7,52,42,42,567,41,250,1.0,0.30780631963381844,0.65,0.052,0.05426089928348806
all_community_items_multi_positive,7,52,42,42,567,41,300,1.0,0.30780631963381844,0.65,0.043333333333333335,0.05426089928348806
all_community_items_multi_positive,7,52,42,42,585,42,50,1.0,0.08513412838814899,0.15,0.06,0.008960113960113961
all_community_items_multi_positive,7,52,42,42,585,42,100,1.0,0.1307605534148534,0.25,0.05,0.014994138415191047
all_community_items_multi_positive,7,52,42,42,585,42,150,1.0,0.1307605534148534,0.25,0.03333333333333333,0.014994138415191047
all_community_items_multi_positive,7,52,42,42,585,42,200,1.0,0.14934280249270313,0.3,0.03,0.016501676103633258
all_community_items_multi_positive,7,52,42,42,585,42,250,1.0,0.14934280249270313,0.3,0.024,0.016501676103633258
all_community_items_multi_positive,7,52,42,42,585,42,300,1.0,0.14934280249270313,0.3,0.02,0.016501676103633258
all_community_items_multi_positive,7,52,42,42,619,43,50,1.0,0.2631297496151654,0.4,0.16,0.06697182905420232
all_community_items_multi_positive,7,52,42,42,619,43,100,1.0,0.2631297496151654,0.4,0.08,0.06697182905420232
all_community_items_multi_positive,7,52,42,42,619,43,150,1.0,0.3233160885408321,0.55,0.07333333333333333,0.0781025034308549
all_community_items_multi_positive,7,52,42,42,619,43,200,1.0,0.3615836697313064,0.65,0.065,0.0854173182456697
all_community_items_multi_positive,7,52,42,42,619,43,250,1.0,0.3615836697313064,0.65,0.052,0.0854173182456697
all_community_items_multi_positive,7,52,42,42,619,43,300,1.0,0.3615836697313064,0.65,0.043333333333333335,0.0854173182456697
all_community_items_multi_positive,7,52,42,42,623,44,50,1.0,0.10180546312239047,0.15,0.06,0.015416666666666667
all_community_items_multi_positive,7,52,42,42,623,44,100,1.0,0.10180546312239047,0.15,0.03,0.015416666666666667
all_community_items_multi_positive,7,52,42,42,623,44,150,1.0,0.14138098808733265,0.25,0.03333333333333333,0.018532608695652174
all_community_items_multi_positive,7,52,42,42,623,44,200,1.0,0.15994576131941243,0.3,0.03,0.020032608695652175
all_community_items_multi_positive,7,52,42,42,623,44,250,1.0,0.15994576131941243,0.3,0.024,0.020032608695652175
all_community_items_multi_positive,7,52,42,42,623,44,300,1.0,0.17765126210722,0.35,0.023333333333333334,0.021383960047003527
all_community_items_multi_positive,7,52,42,42,631,45,50,1.0,0.22005222034379215,0.3,0.12,0.05548277809147374
all_community_items_multi_positive,7,52,42,42,631,45,100,1.0,0.31230193850161275,0.5,0.1,0.07925570262230497
all_community_items_multi_positive,7,52,42,42,631,45,150,1.0,0.3324035867833061,0.55,0.07333333333333333,0.08339104096816963
all_community_items_multi_positive,7,52,42,42,631,45,200,1.0,0.3510211513705773,0.6,0.06,0.08643672624735745
all_community_items_multi_positive,7,52,42,42,631,45,250,1.0,0.3869786719808597,0.7,0.056,0.09210708425438688
all_community_items_multi_positive,7,52,42,42,631,45,300,1.0,0.3869786719808597,0.7,0.04666666666666667,0.09210708425438688
all_community_items_multi_positive,7,52,42,42,644,46,50,1.0,0.10684912754986396,0.2,0.08,0.011991071428571429
all_community_items_multi_positive,7,52,42,42,644,46,100,1.0,0.13153076373827935,0.25,0.05,0.0167080525606469
all_community_items_multi_positive,7,52,42,42,644,46,150,1.0,0.17223478727217614,0.35,0.04666666666666667,0.02187554399574397
all_community_items_multi_positive,7,52,42,42,644,46,200,1.0,0.2107607681604973,0.45,0.045,0.027022846213552644
all_community_items_multi_positive,7,52,42,42,644,46,250,1.0,0.2107607681604973,0.45,0.036,0.027022846213552644
all_community_items_multi_positive,7,52,42,42,644,46,300,1.0,0.2107607681604973,0.45,0.03,0.027022846213552644
all_community_items_multi_positive,7,52,42,42,645,47,50,0.0,0.0,0.0,0.0,0.0
all_community_items_multi_positive,7,52,42,42,645,47,100,0.0,0.0,0.0,0.0,0.0
all_community_items_multi_positive,7,52,42,42,645,47,150,1.0,0.020132438485939527,0.05,0.006666666666666667,0.0003787878787878788
all_community_items_multi_positive,7,52,42,42,645,47,200,1.0,0.03948433799040274,0.1,0.01,0.000999905891210239
all_community_items_multi_positive,7,52,42,42,645,47,250,1.0,0.03948433799040274,0.1,0.008,0.000999905891210239
all_community_items_multi_positive,7,52,42,42,645,47,300,1.0,0.03948433799040274,0.1,0.006666666666666667,0.000999905891210239
all_community_items_multi_positive,7,52,42,42,676,48,50,1.0,0.02634118663594204,0.05,0.02,0.0012195121951219512
all_community_items_multi_positive,7,52,42,42,676,48,100,1.0,0.04943807775576708,0.1,0.02,0.00264808362369338
all_community_items_multi_positive,7,52,42,42,676,48,150,1.0,0.13203945344066076,0.3,0.04,0.010221861688587495
all_community_items_multi_positive,7,52,42,42,676,48,200,1.0,0.1512990168580344,0.35,0.035,0.012343073809799616
all_community_items_multi_positive,7,52,42,42,676,48,250,1.0,0.16941820899452803,0.4,0.032,0.014097459774711895
all_community_items_multi_positive,7,52,42,42,676,48,300,1.0,0.16941820899452803,0.4,0.02666666666666667,0.014097459774711895
all_community_items_multi_positive,7,52,42,42,688,49,50,1.0,0.3720915521548697,0.5,0.2,0.15260995031734295
all_community_items_multi_positive,7,52,42,42,688,49,100,1.0,0.3955910190706262,0.55,0.11,0.1610714887788814
all_community_items_multi_positive,7,52,42,42,688,49,150,1.0,0.3955910190706262,0.55,0.07333333333333333,0.1610714887788814
all_community_items_multi_positive,7,52,42,42,688,49,200,1.0,0.3955910190706262,0.55,0.055,0.1610714887788814
all_community_items_multi_positive,7,52,42,42,688,49,250,1.0,0.41342228772638834,0.6,0.048,0.16348112733309828
all_community_items_multi_positive,7,52,42,42,688,49,300,1.0,0.44864209738278776,0.7,0.04666666666666667,0.1685325667971187
all_community_items_multi_positive,7,52,42,42,691,50,50,1.0,0.21201576485237097,0.3,0.12,0.052588325652841786
all_community_items_multi_positive,7,52,42,42,691,50,100,1.0,0.25846396807278893,0.4,0.08,0.06354966316590342
all_community_items_multi_positive,7,52,42,42,691,50,150,1.0,0.27966258273222555,0.45,0.06,0.06791859520473838
all_community_items_multi_positive,7,52,42,42,691,50,200,1.0,0.27966258273222555,0.45,0.045,0.06791859520473838
all_community_items_multi_positive,7,52,42,42,691,50,250,1.0,0.31622963150604366,0.55,0.044,0.07274752639564862
all_community_items_multi_positive,7,52,42,42,691,50,300,1.0,0.31622963150604366,0.55,0.03666666666666667,0.07274752639564862
all_community_items_multi_positive,7,52,42,42,697,51,50,0.0,0.0,0.0,0.0,0.0
all_community_items_multi_positive,7,52,42,42,697,51,100,0.0,0.0,0.0,0.0,0.0
all_community_items_multi_positive,7,52,42,42,697,51,150,0.0,0.0,0.0,0.0,0.0
all_community_items_multi_positive,7,52,42,42,697,51,200,0.0,0.0,0.0,0.0,0.0
all_community_items_multi_positive,7,52,42,42,697,51,250,0.0,0.0,0.0,0.0,0.0
all_community_items_multi_positive,7,52,42,42,697,51,300,0.0,0.0,0.0,0.0,0.0
all_community_items_multi_positive,7,52,42,42,704,52,50,1.0,0.25761511242354784,0.2,0.08,0.08598290598290599
all_community_items_multi_positive,7,52,42,42,704,52,100,1.0,0.3043449723692303,0.3,0.06,0.09418396418396419
all_community_items_multi_positive,7,52,42,42,704,52,150,1.0,0.3043449723692303,0.3,0.04,0.09418396418396419
all_community_items_multi_positive,7,52,42,42,704,52,200,1.0,0.3043449723692303,0.3,0.03,0.09418396418396419
all_community_items_multi_positive,7,52,42,42,704,52,250,1.0,0.3043449723692303,0.3,0.024,0.09418396418396419
all_community_items_multi_positive,7,52,42,42,704,52,300,1.0,0.3043449723692303,0.3,0.02,0.09418396418396419
all_community_items_multi_positive,7,52,42,42,725,53,50,1.0,0.026689582628918167,0.05,0.02,0.001282051282051282
all_community_items_multi_positive,7,52,42,42,725,53,100,1.0,0.04879263083117698,0.1,0.02,0.0024585218702865763
all_community_items_multi_positive,7,52,42,42,725,53,150,1.0,0.0695420641919138,0.15,0.02,0.003774311343970786
all_community_items_multi_positive,7,52,42,42,725,53,200,1.0,0.0695420641919138,0.15,0.015,0.003774311343970786
all_community_items_multi_positive,7,52,42,42,725,53,250,1.0,0.08763230610927907,0.2,0.016,0.00464387656136209
all_community_items_multi_positive,7,52,42,42,725,53,300,1.0,0.10531344148662362,0.25,0.016666666666666666,0.005601730967492358
all_community_items_multi_positive,7,52,42,42,756,54,50,1.0,0.10047761015302088,0.15,0.06,0.0144017094017094
all_community_items_multi_positive,7,52,42,42,756,54,100,1.0,0.19130196983444406,0.35,0.07,0.02860868146777317
all_community_items_multi_positive,7,52,42,42,756,54,150,1.0,0.3333854543145087,0.7,0.09333333333333334,0.05851108275610779
all_community_items_multi_positive,7,52,42,42,756,54,200,1.0,0.3526450177318824,0.75,0.075,0.06305653730156233
all_community_items_multi_positive,7,52,42,42,756,54,250,1.0,0.38881845967878453,0.85,0.068,0.07021876308067918
all_community_items_multi_positive,7,52,42,42,756,54,300,1.0,0.4062911001733502,0.9,0.06,0.07344456953229209
all_community_items_multi_positive,7,52,42,42,758,55,50,1.0,0.1534338556076366,0.2,0.08,0.029993894993894994
all_community_items_multi_positive,7,52,42,42,758,55,100,1.0,0.17531359279915792,0.25,0.05,0.03280288375793994
all_community_items_multi_positive,7,52,42,42,758,55,150,1.0,0.19634133598335818,0.3,0.04,0.035606622075696946
all_community_items_multi_positive,7,52,42,42,758,55,200,1.0,0.19634133598335818,0.3,0.03,0.035606622075696946
all_community_items_multi_positive,7,52,42,42,758,55,250,1.0,0.23238982183466061,0.4,0.032,0.03879513833585955
all_community_items_multi_positive,7,52,42,42,758,55,300,1.0,0.2501448267888678,0.45,0.03,0.04055984421821249
all_community_items_multi_positive,7,52,42,42,759,56,50,1.0,0.3416825102742397,0.45,0.18,0.11656760480898412
all_community_items_multi_positive,7,52,42,42,759,56,100,1.0,0.4345422888082665,0.65,0.13,0.14999819759947944
all_community_items_multi_positive,7,52,42,42,759,56,150,1.0,0.5160599528158785,0.85,0.11333333333333333,0.1748357820105955
all_community_items_multi_positive,7,52,42,42,759,56,200,1.0,0.5160599528158785,0.85,0.085,0.1748357820105955
all_community_items_multi_positive,7,52,42,42,759,56,250,1.0,0.5523612903683806,0.95,0.076,0.1830226242705755
all_community_items_multi_positive,7,52,42,42,759,56,300,1.0,0.5699358288861537,1.0,0.06666666666666667,0.18672632797427918
all_community_items_multi_positive,7,52,42,42,760,57,50,1.0,0.15618706576743843,0.15,0.06,0.04266666666666667
all_community_items_multi_positive,7,52,42,42,760,57,100,1.0,0.24667781152288545,0.35,0.07,0.05654198317405865
all_community_items_multi_positive,7,52,42,42,760,57,150,1.0,0.26710289492490336,0.4,0.05333333333333334,0.05979401569438385
all_community_items_multi_positive,7,52,42,42,760,57,200,1.0,0.305801394304108,0.5,0.05,0.06567851861836045
all_community_items_multi_positive,7,52,42,42,760,57,250,1.0,0.305801394304108,0.5,0.04,0.06567851861836045
all_community_items_multi_positive,7,52,42,42,760,57,300,1.0,0.305801394304108,0.5,0.03333333333333333,0.06567851861836045
all_community_items_multi_positive,7,52,42,42,769,58,50,0.0,0.0,0.0,0.0,0.0
all_community_items_multi_positive,7,52,42,42,769,58,100,1.0,0.0588697367320923,0.14285714285714285,0.02,0.0031676009154532484
all_community_items_multi_positive,7,52,42,42,769,58,150,1.0,0.15869545974367194,0.42857142857142855,0.04,0.012218418996122077
all_community_items_multi_positive,7,52,42,42,769,58,200,1.0,0.15869545974367194,0.42857142857142855,0.03,0.012218418996122077
all_community_items_multi_positive,7,52,42,42,769,58,250,1.0,0.15869545974367194,0.42857142857142855,0.024,0.012218418996122077
all_community_items_multi_positive,7,52,42,42,769,58,300,1.0,0.15869545974367194,0.42857142857142855,0.02,0.012218418996122077
all_community_items_multi_positive,7,52,42,42,776,59,50,0.0,0.0,0.0,0.0,0.0
all_community_items_multi_positive,7,52,42,42,776,59,100,1.0,0.02479783732340414,0.05,0.01,0.0009615384615384616
all_community_items_multi_positive,7,52,42,42,776,59,150,1.0,0.02479783732340414,0.05,0.006666666666666667,0.0009615384615384616
all_community_items_multi_positive,7,52,42,42,776,59,200,1.0,0.02479783732340414,0.05,0.005,0.0009615384615384616
all_community_items_multi_positive,7,52,42,42,776,59,250,1.0,0.02479783732340414,0.05,0.004,0.0009615384615384616
all_community_items_multi_positive,7,52,42,42,776,59,300,1.0,0.0598016209310899,0.15,0.01,0.0018566256164820362
all_community_items_multi_positive,7,52,42,42,780,60,50,0.0,0.0,0.0,0.0,0.0
all_community_items_multi_positive,7,52,42,42,780,60,100,0.0,0.0,0.0,0.0,0.0
all_community_items_multi_positive,7,52,42,42,780,60,150,0.0,0.0,0.0,0.0,0.0
all_community_items_multi_positive,7,52,42,42,780,60,200,0.0,0.0,0.0,0.0,0.0
all_community_items_multi_positive,7,52,42,42,780,60,250,1.0,0.036112573430922286,0.1,0.008,0.0006396489798941014
all_community_items_multi_positive,7,52,42,42,780,60,300,1.0,0.036112573430922286,0.1,0.006666666666666667,0.0006396489798941014
all_community_items_multi_positive,7,52,42,42,794,61,50,1.0,0.1795964734203687,0.25,0.1,0.04296003513394818
all_community_items_multi_positive,7,52,42,42,794,61,100,1.0,0.2509012027762183,0.4,0.08,0.05985158620582711
all_community_items_multi_positive,7,52,42,42,794,61,150,1.0,0.3128011783275944,0.55,0.07333333333333333,0.07260077765624066
all_community_items_multi_positive,7,52,42,42,794,61,200,1.0,0.3322244400565433,0.6,0.06,0.07639824601067105
all_community_items_multi_positive,7,52,42,42,794,61,250,1.0,0.3322244400565433,0.6,0.048,0.07639824601067105
all_community_items_multi_positive,7,52,42,42,794,61,300,1.0,0.3322244400565433,0.6,0.04,0.07639824601067105
all_community_items_multi_positive,7,52,42,42,821,62,50,0.0,0.0,0.0,0.0,0.0
all_community_items_multi_positive,7,52,42,42,821,62,100,1.0,0.06847568877374263,0.15,0.03,0.003814140441487577
all_community_items_multi_positive,7,52,42,42,821,62,150,1.0,0.15063667540596243,0.35,0.04666666666666667,0.012857961983593921
all_community_items_multi_positive,7,52,42,42,821,62,200,1.0,0.16996519547808905,0.4,0.04,0.015327097786063056
all_community_items_multi_positive,7,52,42,42,821,62,250,1.0,0.18797060332977628,0.45,0.036,0.017233877447080007
all_community_items_multi_positive,7,52,42,42,821,62,300,1.0,0.24057470279961368,0.6,0.04,0.023255609034849332
all_community_items_multi_positive,7,52,42,42,824,63,50,1.0,0.36429290674747855,0.4,0.16,0.14248710010319918
all_community_items_multi_positive,7,52,42,42,824,63,100,1.0,0.5277540850746258,0.75,0.15,0.20419006529741796
all_community_items_multi_positive,7,52,42,42,824,63,150,1.0,0.5477951128465047,0.8,0.10666666666666667,0.2101159912233439
all_community_items_multi_positive,7,52,42,42,824,63,200,1.0,0.6052870856441938,0.95,0.095,0.22603924005356948
all_community_items_multi_positive,7,52,42,42,824,63,250,1.0,0.6052870856441938,0.95,0.076,0.22603924005356948
all_community_items_multi_positive,7,52,42,42,824,63,300,1.0,0.6227597261387595,1.0,0.06666666666666667,0.2296234694442505
all_community_items_multi_positive,7,52,42,42,838,64,50,1.0,0.02840800792673146,0.05,0.02,0.0016129032258064516
all_community_items_multi_positive,7,52,42,42,838,64,100,1.0,0.12066348266549032,0.25,0.05,0.011213435624903841
all_community_items_multi_positive,7,52,42,42,838,64,150,1.0,0.1608086881426144,0.35,0.04666666666666667,0.01605825648632915
all_community_items_multi_positive,7,52,42,42,838,64,200,1.0,0.1608086881426144,0.35,0.035,0.01605825648632915
all_community_items_multi_positive,7,52,42,42,838,64,250,1.0,0.1786270740891179,0.4,0.032,0.017658256486329148
all_community_items_multi_positive,7,52,42,42,838,64,300,1.0,0.1786270740891179,0.4,0.02666666666666667,0.017658256486329148
all_community_items_multi_positive,7,52,42,42,863,65,50,1.0,0.2828888092811095,0.35,0.14,0.08167109331770986
all_community_items_multi_positive,7,52,42,42,863,65,100,1.0,0.30757044546952483,0.4,0.08,0.08921826312903061
all_community_items_multi_positive,7,52,42,42,863,65,150,1.0,0.34796901456255014,0.5,0.06666666666666667,0.09652133624806981
all_community_items_multi_positive,7,52,42,42,863,65,200,1.0,0.3668093179959224,0.55,0.055,0.09949430922104278
all_community_items_multi_positive,7,52,42,42,863,65,250,1.0,0.42137890781302006,0.7,0.056,0.10820750685926502
all_community_items_multi_positive,7,52,42,42,863,65,300,1.0,0.4388185640145147,0.75,0.05,0.11086708132735013
all_community_items_multi_positive,7,52,42,42,864,66,50,1.0,0.4094151212582367,0.5,0.2,0.1368061600042983
all_community_items_multi_positive,7,52,42,42,864,66,100,1.0,0.455121642820017,0.6,0.12,0.1524694821893596
all_community_items_multi_positive,7,52,42,42,864,66,150,1.0,0.5162939427355806,0.75,0.1,0.1693629668559535
all_community_items_multi_positive,7,52,42,42,864,66,200,1.0,0.5356932099494773,0.8,0.08,0.174394413396834
all_community_items_multi_positive,7,52,42,42,864,66,250,1.0,0.5356932099494773,0.8,0.064,0.174394413396834
all_community_items_multi_positive,7,52,42,42,864,66,300,1.0,0.5356932099494773,0.8,0.05333333333333334,0.174394413396834
all_community_items_multi_positive,7,52,42,42,870,67,50,1.0,0.026176393164482684,0.05,0.02,0.0011904761904761904
all_community_items_multi_positive,7,52,42,42,870,67,100,1.0,0.11855118059050788,0.25,0.05,0.010677243117908608
all_community_items_multi_positive,7,52,42,42,870,67,150,1.0,0.1590818122032702,0.35,0.04666666666666667,0.01574819980985869
all_community_items_multi_positive,7,52,42,42,870,67,200,1.0,0.21575879299697498,0.5,0.05,0.023111995822415278
all_community_items_multi_positive,7,52,42,42,870,67,250,1.0,0.21575879299697498,0.5,0.04,0.023111995822415278
all_community_items_multi_positive,7,52,42,42,870,67,300,1.0,0.23305055358538157,0.55,0.03666666666666667,0.024970103930523384
all_community_items_multi_positive,7,52,42,42,874,68,50,1.0,0.029872429067781155,0.05,0.02,0.0019230769230769232
all_community_items_multi_positive,7,52,42,42,874,68,100,1.0,0.029872429067781155,0.05,0.01,0.0019230769230769232
all_community_items_multi_positive,7,52,42,42,874,68,150,1.0,0.029872429067781155,0.05,0.006666666666666667,0.0019230769230769232
all_community_items_multi_positive,7,52,42,42,874,68,200,1.0,0.04944421477256131,0.1,0.01,0.0025809716599190283
all_community_items_multi_positive,7,52,42,42,874,68,250,1.0,0.08576402713777978,0.2,0.016,0.004126479934150706
all_community_items_multi_positive,7,52,42,42,874,68,300,1.0,0.08576402713777978,0.2,0.013333333333333334,0.004126479934150706
all_community_items_multi_positive,7,52,42,42,884,69,50,1.0,0.2851259498435125,0.25,0.1,0.09121295371295371
all_community_items_multi_positive,7,52,42,42,884,69,100,1.0,0.2851259498435125,0.25,0.05,0.09121295371295371
all_community_items_multi_positive,7,52,42,42,884,69,150,1.0,0.36510825427290095,0.45,0.06,0.10210546907676074
all_community_items_multi_positive,7,52,42,42,884,69,200,1.0,0.36510825427290095,0.45,0.045,0.10210546907676074
all_community_items_multi_positive,7,52,42,42,884,69,250,1.0,0.38292664021940453,0.5,0.04,0.10410546907676074
all_community_items_multi_positive,7,52,42,42,884,69,300,1.0,0.38292664021940453,0.5,0.03333333333333333,0.10410546907676074
all_community_items_multi_positive,7,52,42,42,907,70,50,1.0,0.18637485767156403,0.3,0.12,0.037709752724596854
all_community_items_multi_positive,7,52,42,42,907,70,100,1.0,0.3265127787258166,0.6,0.12,0.0796543374659459
all_community_items_multi_positive,7,52,42,42,907,70,150,1.0,0.34749921065759454,0.65,0.08666666666666667,0.08567285598446442
all_community_items_multi_positive,7,52,42,42,907,70,200,1.0,0.38571410694695557,0.75,0.075,0.09411572417285316
all_community_items_multi_positive,7,52,42,42,907,70,250,1.0,0.40354537560271764,0.8,0.064,0.09732857557847566
all_community_items_multi_positive,7,52,42,42,907,70,300,1.0,0.40354537560271764,0.8,0.05333333333333334,0.09732857557847566
all_community_items_multi_positive,7,52,42,42,919,71,50,1.0,0.16399138165373575,0.3,0.12,0.026260109105480777
all_community_items_multi_positive,7,52,42,42,919,71,100,1.0,0.2586217424380117,0.5,0.1,0.052839816330836675
all_community_items_multi_positive,7,52,42,42,919,71,150,1.0,0.2586217424380117,0.5,0.06666666666666667,0.052839816330836675
all_community_items_multi_positive,7,52,42,42,919,71,200,1.0,0.2586217424380117,0.5,0.05,0.052839816330836675
all_community_items_multi_positive,7,52,42,42,919,71,250,1.0,0.27698572073943756,0.55,0.044,0.055434155953478184
all_community_items_multi_positive,7,52,42,42,919,71,300,1.0,0.2945372223056285,0.6,0.04,0.05764003830641936
all_community_items_multi_positive,7,52,42,42,927,72,50,0.0,0.0,0.0,0.0,0.0
all_community_items_multi_positive,7,52,42,42,927,72,100,1.0,0.02479783732340414,0.05,0.01,0.0009615384615384616
all_community_items_multi_positive,7,52,42,42,927,72,150,1.0,0.045784269255182065,0.1,0.013333333333333334,0.0018874643874643876
all_community_items_multi_positive,7,52,42,42,927,72,200,1.0,0.045784269255182065,0.1,0.01,0.0018874643874643876
all_community_items_multi_positive,7,52,42,42,927,72,250,1.0,0.06422997428408217,0.15,0.012,0.002612102068623808
all_community_items_multi_positive,7,52,42,42,927,72,300,1.0,0.08194775354691228,0.2,0.013333333333333334,0.00338729586707342
all_community_items_multi_positive,7,52,42,42,933,73,50,1.0,0.22225333774055855,0.35,0.14,0.05154675469793559
all_community_items_multi_positive,7,52,42,42,933,73,100,1.0,0.3400154211756338,0.6,0.12,0.0898438684260838
all_community_items_multi_positive,7,52,42,42,933,73,150,1.0,0.3400154211756338,0.6,0.08,0.0898438684260838
all_community_items_multi_positive,7,52,42,42,933,73,200,1.0,0.3588751802222722,0.65,0.065,0.09337647712173598
all_community_items_multi_positive,7,52,42,42,933,73,250,1.0,0.3588751802222722,0.65,0.052,0.09337647712173598
all_community_items_multi_positive,7,52,42,42,933,73,300,1.0,0.3588751802222722,0.65,0.043333333333333335,0.09337647712173598
all_community_items_multi_positive,7,52,42,42,938,74,50,1.0,0.2825090199693757,0.35,0.14,0.07943820861423558
all_community_items_multi_positive,7,52,42,42,938,74,100,1.0,0.2825090199693757,0.35,0.07,0.07943820861423558
all_community_items_multi_positive,7,52,42,42,938,74,150,1.0,0.30366404613872416,0.4,0.05333333333333334,0.08328436246038942
all_community_items_multi_positive,7,52,42,42,938,74,200,1.0,0.3228563652214156,0.45,0.045,0.08596293388896084
all_community_items_multi_positive,7,52,42,42,938,74,250,1.0,0.3228563652214156,0.45,0.036,0.08596293388896084
all_community_items_multi_positive,7,52,42,42,938,74,300,1.0,0.3228563652214156,0.45,0.03,0.08596293388896084
all_community_items_multi_positive,7,52,42,42,942,75,50,1.0,0.049710505523782283,0.07142857142857142,0.02,0.006493506493506494
all_community_items_multi_positive,7,52,42,42,942,75,100,1.0,0.049710505523782283,0.07142857142857142,0.01,0.006493506493506494
all_community_items_multi_positive,7,52,42,42,942,75,150,1.0,0.049710505523782283,0.07142857142857142,0.006666666666666667,0.006493506493506494
all_community_items_multi_positive,7,52,42,42,942,75,200,1.0,0.07342224255815268,0.14285714285714285,0.01,0.007278435849864422
all_community_items_multi_positive,7,52,42,42,942,75,250,1.0,0.07342224255815268,0.14285714285714285,0.008,0.007278435849864422
all_community_items_multi_positive,7,52,42,42,942,75,300,1.0,0.07342224255815268,0.14285714285714285,0.006666666666666667,0.007278435849864422
all_community_items_multi_positive,7,52,42,42,946,76,50,1.0,0.13876567997390654,0.15,0.06,0.03611111111111111
all_community_items_multi_positive,7,52,42,42,946,76,100,1.0,0.18291647521291823,0.25,0.05,0.041365626710454295
all_community_items_multi_positive,7,52,42,42,946,76,150,1.0,0.18291647521291823,0.25,0.03333333333333333,0.041365626710454295
all_community_items_multi_positive,7,52,42,42,946,76,200,1.0,0.2211968664821431,0.35,0.035,0.04517244489227248
all_community_items_multi_positive,7,52,42,42,946,76,250,1.0,0.23923022317994108,0.4,0.032,0.04688184660167419
all_community_items_multi_positive,7,52,42,42,946,76,300,1.0,0.2569727539170289,0.45,0.03,0.048639659101674185
all_community_items_multi_positive,7,52,42,42,952,77,50,0.0,0.0,0.0,0.0,0.0
all_community_items_multi_positive,7,52,42,42,952,77,100,0.0,0.0,0.0,0.0,0.0
all_community_items_multi_positive,7,52,42,42,952,77,150,1.0,0.02045945161863463,0.05,0.006666666666666667,0.0004098360655737705
all_community_items_multi_positive,7,52,42,42,952,77,200,1.0,0.039741806571689006,0.1,0.01,0.001019592163134746
all_community_items_multi_positive,7,52,42,42,952,77,250,1.0,0.039741806571689006,0.1,0.008,0.001019592163134746
all_community_items_multi_positive,7,52,42,42,952,77,300,1.0,0.07442953737545507,0.2,0.013333333333333334,0.0022202063484533545
all_community_items_multi_positive,7,52,42,42,964,78,50,1.0,0.3487204389422537,0.25,0.1,0.15100626118067978
all_community_items_multi_positive,7,52,42,42,964,78,100,1.0,0.41527888636782206,0.4,0.08,0.16347173432645984
all_community_items_multi_positive,7,52,42,42,964,78,150,1.0,0.4565233520533874,0.5,0.06666666666666667,0.17154532740005293
all_community_items_multi_positive,7,52,42,42,964,78,200,1.0,0.4753831111000258,0.55,0.055,0.17453445783483554
all_community_items_multi_positive,7,52,42,42,964,78,250,1.0,0.4936216597401049,0.6,0.048,0.17726173056210828
all_community_items_multi_positive,7,52,42,42,964,78,300,1.0,0.4936216597401049,0.6,0.04,0.17726173056210828
all_community_items_multi_positive,7,52,42,42,977,79,50,1.0,0.056551199051512194,0.1,0.04,0.004347826086956522
all_community_items_multi_positive,7,52,42,42,977,79,100,1.0,0.09940576357464698,0.2,0.04,0.007910326086956522
all_community_items_multi_positive,7,52,42,42,977,79,150,1.0,0.13883941086158194,0.3,0.04,0.01165857783520827
all_community_items_multi_positive,7,52,42,42,977,79,200,1.0,0.1963311369702691,0.45,0.045,0.01871345859361443
all_community_items_multi_positive,7,52,42,42,977,79,250,1.0,0.2147935117579721,0.5,0.04,0.021140643059633847
all_community_items_multi_positive,7,52,42,42,977,79,300,1.0,0.2147935117579721,0.5,0.03333333333333333,0.021140643059633847
all_community_items_multi_positive,7,52,42,42,989,80,50,1.0,0.12600739507697553,0.2,0.08,0.0197742636767027
all_community_items_multi_positive,7,52,42,42,989,80,100,1.0,0.17221540932736595,0.3,0.06,0.027615196001380682
all_community_items_multi_positive,7,52,42,42,989,80,150,1.0,0.21304319613728512,0.4,0.05333333333333334,0.03368207289009438
all_community_items_multi_positive,7,52,42,42,989,80,200,1.0,0.21304319613728512,0.4,0.04,0.03368207289009438
all_community_items_multi_positive,7,52,42,42,989,80,250,1.0,0.24911981290251167,0.5,0.04,0.03774082643635594
all_community_items_multi_positive,7,52,42,42,989,80,300,1.0,0.24911981290251167,0.5,0.03333333333333333,0.03774082643635594
all_community_items_multi_positive,7,52,42,42,991,81,50,1.0,0.14094333372188225,0.25,0.1,0.020378365605294
all_community_items_multi_positive,7,52,42,42,991,81,100,1.0,0.2131941687097271,0.4,0.08,0.03810380696490136
all_community_items_multi_positive,7,52,42,42,991,81,150,1.0,0.25348008691610496,0.5,0.06666666666666667,0.04530426779439444
all_community_items_multi_positive,7,52,42,42,991,81,200,1.0,0.27267240599879644,0.55,0.055,0.04857807731820397
all_community_items_multi_positive,7,52,42,42,991,81,250,1.0,0.27267240599879644,0.55,0.044,0.04857807731820397
all_community_items_multi_positive,7,52,42,42,991,81,300,1.0,0.27267240599879644,0.55,0.03666666666666667,0.04857807731820397
all_community_items_multi_positive,7,52,42,42,994,82,50,0.0,0.0,0.0,0.0,0.0
all_community_items_multi_positive,7,52,42,42,994,82,100,0.0,0.0,0.0,0.0,0.0
all_community_items_multi_positive,7,52,42,42,994,82,150,0.0,0.0,0.0,0.0,0.0
all_community_items_multi_positive,7,52,42,42,994,82,200,0.0,0.0,0.0,0.0,0.0
all_community_items_multi_positive,7,52,42,42,994,82,250,1.0,0.017936922936750033,0.05,0.004,0.0002074688796680498
all_community_items_multi_positive,7,52,42,42,994,82,300,1.0,0.03525957116709123,0.1,0.006666666666666667,0.0005487658079956949
all_community_items_multi_positive,7,52,42,42,1034,83,50,1.0,0.13961094794504925,0.2,0.08,0.022983357222487656
all_community_items_multi_positive,7,52,42,42,1034,83,100,1.0,0.21074720407609973,0.35,0.07,0.03717512827052952
all_community_items_multi_positive,7,52,42,42,1034,83,150,1.0,0.21074720407609973,0.35,0.04666666666666667,0.03717512827052952
all_community_items_multi_positive,7,52,42,42,1034,83,200,1.0,0.2297473518134831,0.4,0.04,0.039435015276179236
all_community_items_multi_positive,7,52,42,42,1034,83,250,1.0,0.24822650746192604,0.45,0.036,0.04163013722739875
all_community_items_multi_positive,7,52,42,42,1034,83,300,1.0,0.24822650746192604,0.45,0.03,0.04163013722739875
all_community_items_multi_positive,7,52,42,42,1062,84,50,0.0,0.0,0.0,0.0,0.0
all_community_items_multi_positive,7,52,42,42,1062,84,100,0.0,0.0,0.0,0.0,0.0
all_community_items_multi_positive,7,52,42,42,1062,84,150,1.0,0.02098643193177793,0.05,0.006666666666666667,0.0004629629629629629
all_community_items_multi_positive,7,52,42,42,1062,84,200,1.0,0.02098643193177793,0.05,0.005,0.0004629629629629629
all_community_items_multi_positive,7,52,42,42,1062,84,250,1.0,0.057220752090236825,0.15,0.012,0.0015444171737314855
all_community_items_multi_positive,7,52,42,42,1062,84,300,1.0,0.057220752090236825,0.15,0.01,0.0015444171737314855
all_community_items_multi_positive,7,52,42,42,1063,85,50,1.0,0.05273242952440358,0.1,0.04,0.0034705882352941177
all_community_items_multi_positive,7,52,42,42,1063,85,100,1.0,0.05273242952440358,0.1,0.02,0.0034705882352941177
all_community_items_multi_positive,7,52,42,42,1063,85,150,1.0,0.13265002015443136,0.3,0.04,0.00990168272113313
all_community_items_multi_positive,7,52,42,42,1063,85,200,1.0,0.17088921159327145,0.4,0.04,0.014270085853581204
all_community_items_multi_positive,7,52,42,42,1063,85,250,1.0,0.17088921159327145,0.4,0.032,0.014270085853581204
all_community_items_multi_positive,7,52,42,42,1063,85,300,1.0,0.17088921159327145,0.4,0.02666666666666667,0.014270085853581204
all_community_items_multi_positive,7,52,42,42,1067,86,50,0.0,0.0,0.0,0.0,0.0
all_community_items_multi_positive,7,52,42,42,1067,86,100,0.0,0.0,0.0,0.0,0.0
all_community_items_multi_positive,7,52,42,42,1067,86,150,1.0,0.04016136692761393,0.1,0.013333333333333334,0.0010901081744173079
all_community_items_multi_positive,7,52,42,42,1067,86,200,1.0,0.07778700870656773,0.2,0.02,0.0029614044174413
all_community_items_multi_positive,7,52,42,42,1067,86,250,1.0,0.07778700870656773,0.2,0.016,0.0029614044174413
all_community_items_multi_positive,7,52,42,42,1067,86,300,1.0,0.11278909491467762,0.3,0.02,0.0049430001509977155
all_community_items_multi_positive,7,52,42,42,1075,87,50,1.0,0.12318455844353451,0.2,0.08,0.01996351766513057
all_community_items_multi_positive,7,52,42,42,1075,87,100,1.0,0.14480452212333633,0.25,0.05,0.022623092133215675
all_community_items_multi_positive,7,52,42,42,1075,87,150,1.0,0.16442763588236348,0.3,0.04,0.024623092133215674
all_community_items_multi_positive,7,52,42,42,1075,87,200,1.0,0.20235054000981104,0.4,0.04,0.02880078824981123
all_community_items_multi_positive,7,52,42,42,1075,87,250,1.0,0.22023405026820247,0.45,0.036,0.030637522943688784
all_community_items_multi_positive,7,52,42,42,1075,87,300,1.0,0.2728803597808045,0.6,0.04,0.03668128054709511
all_community_items_multi_positive,7,52,42,42,1097,88,50,0.0,0.0,0.0,0.0,0.0
all_community_items_multi_positive,7,52,42,42,1097,88,100,1.0,0.09249144321051356,0.2,0.04,0.006694563152896486
all_community_items_multi_positive,7,52,42,42,1097,88,150,1.0,0.1547872533519042,0.35,0.04666666666666667,0.014540538284495386
all_community_items_multi_positive,7,52,42,42,1097,88,200,1.0,0.17347694658696253,0.4,0.04,0.01661307714459901
all_community_items_multi_positive,7,52,42,42,1097,88,250,1.0,0.17347694658696253,0.4,0.032,0.01661307714459901
all_community_items_multi_positive,7,52,42,42,1097,88,300,1.0,0.1911947258497926,0.45,0.03,0.01835726319111064
all_community_items_multi_positive,7,52,42,42,1130,89,50,1.0,0.1541567300934461,0.25,0.1,0.028073412698412698
all_community_items_multi_positive,7,52,42,42,1130,89,100,1.0,0.26569182455413337,0.5,0.1,0.05204463622126666
all_community_items_multi_positive,7,52,42,42,1130,89,150,1.0,0.30768406482952004,0.6,0.08,0.06269995097874861
all_community_items_multi_positive,7,52,42,42,1130,89,200,1.0,0.30768406482952004,0.6,0.06,0.06269995097874861
all_community_items_multi_positive,7,52,42,42,1130,89,250,1.0,0.3258032569660137,0.65,0.052,0.06555082817173107
all_community_items_multi_positive,7,52,42,42,1130,89,300,1.0,0.34358341042091856,0.7,0.04666666666666667,0.0683176265907034
all_community_items_multi_positive,7,52,42,42,1133,90,50,1.0,0.18324179687195255,0.2,0.08,0.043782467532467534
all_community_items_multi_positive,7,52,42,42,1133,90,100,1.0,0.3251435558854528,0.5,0.1,0.07844211314759347
all_community_items_multi_positive,7,52,42,42,1133,90,150,1.0,0.3463421705448894,0.55,0.07333333333333333,0.08378191897283618
all_community_items_multi_positive,7,52,42,42,1133,90,200,1.0,0.36536299839674063,0.6,0.06,0.0871910098819271
all_community_items_multi_positive,7,52,42,42,1133,90,250,1.0,0.36536299839674063,0.6,0.048,0.0871910098819271
all_community_items_multi_positive,7,52,42,42,1133,90,300,1.0,0.4005721144378649,0.7,0.04666666666666667,0.09223602847656401
all_community_items_multi_positive,7,52,42,42,1170,91,50,1.0,0.14421638714119958,0.2,0.08,0.025255635169428275
all_community_items_multi_positive,7,52,42,42,1170,91,100,1.0,0.2169848087812501,0.35,0.07,0.04089935419550024
all_community_items_multi_positive,7,52,42,42,1170,91,150,1.0,0.23705598877537779,0.4,0.05333333333333334,0.04388442882236591
all_community_items_multi_positive,7,52,42,42,1170,91,200,1.0,0.3134968513848192,0.6,0.06,0.05602572332340795
all_community_items_multi_positive,7,52,42,42,1170,91,250,1.0,0.3134968513848192,0.6,0.048,0.05602572332340795
all_community_items_multi_positive,7,52,42,42,1170,91,300,1.0,0.3488359428565965,0.7,0.04666666666666667,0.06117668211573761
all_community_items_multi_positive,7,52,42,42,1191,92,50,1.0,0.036356287988538835,0.05,0.02,0.0035714285714285713
all_community_items_multi_positive,7,52,42,42,1191,92,100,1.0,0.13087899653317067,0.25,0.05,0.014119951399363164
all_community_items_multi_positive,7,52,42,42,1191,92,150,1.0,0.13087899653317067,0.25,0.03333333333333333,0.014119951399363164
all_community_items_multi_positive,7,52,42,42,1191,92,200,1.0,0.16911125392918,0.35,0.035,0.01790777866899934
all_community_items_multi_positive,7,52,42,42,1191,92,250,1.0,0.2240512201327882,0.5,0.04,0.024153939941484605
all_community_items_multi_positive,7,52,42,42,1191,92,300,1.0,0.2240512201327882,0.5,0.03333333333333333,0.024153939941484605
all_community_items_multi_positive,7,52,42,42,1192,93,50,1.0,0.2247065895213235,0.35,0.14,0.050996021299202
all_community_items_multi_positive,7,52,42,42,1192,93,100,1.0,0.2718952492281178,0.45,0.09,0.06426981625883008
all_community_items_multi_positive,7,52,42,42,1192,93,150,1.0,0.332371234834825,0.6,0.08,0.07681713225218924
all_community_items_multi_positive,7,52,42,42,1192,93,200,1.0,0.35143391303597027,0.65,0.065,0.08055276443609728
all_community_items_multi_positive,7,52,42,42,1192,93,250,1.0,0.36933066487539057,0.7,0.056,0.08342161689511367
all_community_items_multi_positive,7,52,42,42,1192,93,300,1.0,0.36933066487539057,0.7,0.04666666666666667,0.08342161689511367
all_community_items_multi_positive,7,52,42,42,1199,94,50,0.0,0.0,0.0,0.0,0.0
all_community_items_multi_positive,7,52,42,42,1199,94,100,0.0,0.0,0.0,0.0,0.0
all_community_items_multi_positive,7,52,42,42,1199,94,150,0.0,0.0,0.0,0.0,0.0
all_community_items_multi_positive,7,52,42,42,1199,94,200,0.0,0.0,0.0,0.0,0.0
all_community_items_multi_positive,7,52,42,42,1199,94,250,1.0,0.036209692312323086,0.1,0.008,0.0006531647500810497
all_community_items_multi_positive,7,52,42,42,1199,94,300,1.0,0.0712110252329686,0.2,0.013333333333333334,0.001917455883691703
all_community_items_multi_positive,7,52,42,42,1239,95,50,1.0,0.18139347559830585,0.2,0.08,0.04767909356725146
all_community_items_multi_positive,7,52,42,42,1239,95,100,1.0,0.22824366299736715,0.3,0.06,0.05597043575689874
all_community_items_multi_positive,7,52,42,42,1239,95,150,1.0,0.28995721685486664,0.45,0.06,0.06599384411277193
all_community_items_multi_positive,7,52,42,42,1239,95,200,1.0,0.3091056212412596,0.5,0.05,0.06893502058336017
all_community_items_multi_positive,7,52,42,42,1239,95,250,1.0,0.3460009867176921,0.6,0.048,0.07448824039977106
all_community_items_multi_positive,7,52,42,42,1239,95,300,1.0,0.36365800818209854,0.65,0.043333333333333335,0.07695972328950491
all_community_items_multi_positive,7,52,42,42,1261,96,50,1.0,0.20898582047727063,0.25,0.1,0.05397623881494849
all_community_items_multi_positive,7,52,42,42,1261,96,100,1.0,0.2747974071652108,0.4,0.08,0.0658303873313222
all_community_items_multi_positive,7,52,42,42,1261,96,150,1.0,0.3584170996878892,0.6,0.08,0.0848292464952757
all_community_items_multi_positive,7,52,42,42,1261,96,200,1.0,0.3584170996878892,0.6,0.06,0.0848292464952757
all_community_items_multi_positive,7,52,42,42,1261,96,250,1.0,0.3584170996878892,0.6,0.048,0.0848292464952757
all_community_items_multi_positive,7,52,42,42,1261,96,300,1.0,0.3584170996878892,0.6,0.04,0.0848292464952757
all_community_items_multi_positive,7,52,42,42,1264,97,50,1.0,0.5716496343468302,0.55,0.22,0.30274341790932174
all_community_items_multi_positive,7,52,42,42,1264,97,100,1.0,0.6621868912900121,0.75,0.15,0.3378975274983629
all_community_items_multi_positive,7,52,42,42,1264,97,150,1.0,0.6621868912900121,0.75,0.1,0.3378975274983629
all_community_items_multi_positive,7,52,42,42,1264,97,200,1.0,0.6621868912900121,0.75,0.075,0.3378975274983629
all_community_items_multi_positive,7,52,42,42,1264,97,250,1.0,0.6621868912900121,0.75,0.06,0.3378975274983629
all_community_items_multi_positive,7,52,42,42,1264,97,300,1.0,0.6621868912900121,0.75,0.05,0.3378975274983629
all_community_items_multi_positive,7,52,42,42,1271,98,50,0.0,0.0,0.0,0.0,0.0
all_community_items_multi_positive,7,52,42,42,1271,98,100,1.0,0.04690206584472492,0.1,0.02,0.002148215503523528
all_community_items_multi_positive,7,52,42,42,1271,98,150,1.0,0.04690206584472492,0.1,0.013333333333333334,0.002148215503523528
all_community_items_multi_positive,7,52,42,42,1271,98,200,1.0,0.04690206584472492,0.1,0.01,0.002148215503523528
all_community_items_multi_positive,7,52,42,42,1271,98,250,1.0,0.08312610504212307,0.2,0.016,0.003678573672456683
all_community_items_multi_positive,7,52,42,42,1271,98,300,1.0,0.1008686357792109,0.25,0.016666666666666666,0.004655136172456683
all_community_items_multi_positive,7,52,42,42,1275,99,50,1.0,0.23671494732861198,0.35,0.14,0.056339396470975425
all_community_items_multi_positive,7,52,42,42,1275,99,100,1.0,0.23671494732861198,0.35,0.07,0.056339396470975425
all_community_items_multi_positive,7,52,42,42,1275,99,150,1.0,0.27802935673283324,0.45,0.06,0.063629681005842
all_community_items_multi_positive,7,52,42,42,1275,99,200,1.0,0.3161573891406927,0.55,0.055,0.06966074511687967
all_community_items_multi_positive,7,52,42,42,1275,99,250,1.0,0.3161573891406927,0.55,0.044,0.06966074511687967
all_community_items_multi_positive,7,52,42,42,1275,99,300,1.0,0.3161573891406927,0.55,0.03666666666666667,0.06966074511687967
all_community_items_multi_positive,7,52,42,42,1277,100,50,1.0,0.2774472615930007,0.25,0.1,0.10914014146772766
all_community_items_multi_positive,7,52,42,42,1277,100,100,1.0,0.34851963983640827,0.4,0.08,0.125749979334016
all_community_items_multi_positive,7,52,42,42,1277,100,150,1.0,0.38853975515838335,0.5,0.06666666666666667,0.13271794395487674
all_community_items_multi_positive,7,52,42,42,1277,100,200,1.0,0.4265531412421812,0.6,0.06,0.1392171770837111
all_community_items_multi_positive,7,52,42,42,1277,100,250,1.0,0.44488516296530894,0.65,0.052,0.1422545602612812
all_community_items_multi_positive,7,52,42,42,1277,100,300,1.0,0.4626779919717004,0.7,0.04666666666666667,0.14503233803905896
all_community_items_multi_positive,7,52,42,42,1295,101,50,1.0,0.11035741685880844,0.2,0.08,0.013348025235502547
all_community_items_multi_positive,7,52,42,42,1295,101,100,1.0,0.28945676014183247,0.6,0.12,0.05450767542236155
all_community_items_multi_positive,7,52,42,42,1295,101,150,1.0,0.28945676014183247,0.6,0.08,0.05450767542236155
all_community_items_multi_positive,7,52,42,42,1295,101,200,1.0,0.30820191009403297,0.65,0.065,0.05792872805394049
all_community_items_multi_positive,7,52,42,42,1295,101,250,1.0,0.30820191009403297,0.65,0.052,0.05792872805394049
all_community_items_multi_positive,7,52,42,42,1295,101,300,1.0,0.3433892056191137,0.75,0.05,0.06332710542028124
all_community_items_multi_positive,7,52,42,42,1302,102,50,1.0,0.14514176735552609,0.25,0.1,0.022380952380952383
all_community_items_multi_positive,7,52,42,42,1302,102,100,1.0,0.16971038904176627,0.3,0.06,0.027936507936507936
all_community_items_multi_positive,7,52,42,42,1302,102,150,1.0,0.27182961541882483,0.55,0.07333333333333333,0.04603173727442829
all_community_items_multi_positive,7,52,42,42,1302,102,200,1.0,0.31037959082219824,0.65,0.065,0.053630375219501945
all_community_items_multi_positive,7,52,42,42,1302,102,250,1.0,0.3281979767687018,0.7,0.056,0.05643037521950195
all_community_items_multi_positive,7,52,42,42,1302,102,300,1.0,0.3281979767687018,0.7,0.04666666666666667,0.05643037521950195
all_community_items_multi_positive,7,52,42,42,1303,103,50,1.0,0.16848973158381303,0.3,0.12,0.027642868644284883
all_community_items_multi_positive,7,52,42,42,1303,103,100,1.0,0.2608050050737198,0.5,0.1,0.051510253133858284
all_community_items_multi_positive,7,52,42,42,1303,103,150,1.0,0.2608050050737198,0.5,0.06666666666666667,0.051510253133858284
all_community_items_multi_positive,7,52,42,42,1303,103,200,1.0,0.2608050050737198,0.5,0.05,0.051510253133858284
all_community_items_multi_positive,7,52,42,42,1303,103,250,1.0,0.2608050050737198,0.5,0.04,0.051510253133858284
all_community_items_multi_positive,7,52,42,42,1303,103,300,1.0,0.3132205891774456,0.65,0.043333333333333335,0.057947535836406404
all_community_items_multi_positive,7,52,42,42,1339,104,50,1.0,0.2753641338367532,0.4,0.16,0.0750103812449837
all_community_items_multi_positive,7,52,42,42,1339,104,100,1.0,0.41270258102758967,0.7,0.14,0.12168876492485578
all_community_items_multi_positive,7,52,42,42,1339,104,150,1.0,0.454591184036526,0.8,0.10666666666666667,0.13589416851606237
all_community_items_multi_positive,7,52,42,42,1339,104,200,1.0,0.454591184036526,0.8,0.08,0.13589416851606237
all_community_items_multi_positive,7,52,42,42,1339,104,250,1.0,0.454591184036526,0.8,0.064,0.13589416851606237
all_community_items_multi_positive,7,52,42,42,1339,104,300,1.0,0.489278914840292,0.9,0.06,0.1419066884475571
all_community_items_multi_positive,7,52,42,42,1342,105,50,0.0,0.0,0.0,0.0,0.0
all_community_items_multi_positive,7,52,42,42,1342,105,100,1.0,0.045629406971479894,0.1,0.02,0.001996336996336996
all_community_items_multi_positive,7,52,42,42,1342,105,150,1.0,0.045629406971479894,0.1,0.013333333333333334,0.001996336996336996
all_community_items_multi_positive,7,52,42,42,1342,105,200,1.0,0.0839277844066394,0.2,0.02,0.0040386343216531895
all_community_items_multi_positive,7,52,42,42,1342,105,250,1.0,0.10207627474874972,0.25,0.02,0.005144829011918676
all_community_items_multi_positive,7,52,42,42,1342,105,300,1.0,0.136712177837565,0.35,0.023333333333333334,0.007357387939951003
all_community_items_multi_positive,7,52,42,42,1372,106,50,1.0,0.1767625419815613,0.25,0.1,0.0394345238095238
all_community_items_multi_positive,7,52,42,42,1372,106,100,1.0,0.29485496551739876,0.5,0.1,0.07022547905656286
all_community_items_multi_positive,7,52,42,42,1372,106,150,1.0,0.3354816852107197,0.6,0.08,0.0793146844538642
all_community_items_multi_positive,7,52,42,42,1372,106,200,1.0,0.3540815309136954,0.65,0.065,0.0825975127366925
all_community_items_multi_positive,7,52,42,42,1372,106,250,1.0,0.3540815309136954,0.65,0.052,0.0825975127366925
all_community_items_multi_positive,7,52,42,42,1372,106,300,1.0,0.3540815309136954,0.65,0.043333333333333335,0.0825975127366925
all_community_items_multi_positive,7,52,42,42,1383,107,50,1.0,0.24669087434643114,0.3,0.12,0.08296626984126984
all_community_items_multi_positive,7,52,42,42,1383,107,100,1.0,0.29035075159289303,0.4,0.08,0.09129033361583418
all_community_items_multi_positive,7,52,42,42,1383,107,150,1.0,0.3301406616970956,0.5,0.06666666666666667,0.09807384297855677
all_community_items_multi_positive,7,52,42,42,1383,107,200,1.0,0.3490596713984449,0.55,0.055,0.10111251701170594
all_community_items_multi_positive,7,52,42,42,1383,107,250,1.0,0.3672678321819346,0.6,0.048,0.10381521971440863
all_community_items_multi_positive,7,52,42,42,1383,107,300,1.0,0.3672678321819346,0.6,0.04,0.10381521971440863
all_community_items_multi_positive,7,52,42,42,1389,108,50,1.0,0.4196514975776592,0.45,0.18,0.15347763456287317
all_community_items_multi_positive,7,52,42,42,1389,108,100,1.0,0.48650441205247835,0.6,0.12,0.17351912003484476
all_community_items_multi_positive,7,52,42,42,1389,108,150,1.0,0.48650441205247835,0.6,0.08,0.17351912003484476
all_community_items_multi_positive,7,52,42,42,1389,108,200,1.0,0.5052309436101693,0.65,0.065,0.1769222613961013
all_community_items_multi_positive,7,52,42,42,1389,108,250,1.0,0.5592691176397354,0.8,0.064,0.18646312841087198
all_community_items_multi_positive,7,52,42,42,1389,108,300,1.0,0.5592691176397354,0.8,0.05333333333333334,0.18646312841087198
all_community_items_multi_positive,7,52,42,42,1390,109,50,1.0,0.21846170435091608,0.3,0.12,0.051299877658573315
all_community_items_multi_positive,7,52,42,42,1390,109,100,1.0,0.26274576334327326,0.4,0.08,0.060169259681045216
all_community_items_multi_positive,7,52,42,42,1390,109,150,1.0,0.30398540577458877,0.5,0.06666666666666667,0.06824189542358387
all_community_items_multi_positive,7,52,42,42,1390,109,200,1.0,0.3608680154305726,0.65,0.065,0.0782871149941812
all_community_items_multi_positive,7,52,42,42,1390,109,250,1.0,0.39772804265630063,0.75,0.06,0.08525622339225741
all_community_items_multi_positive,7,52,42,42,1390,109,300,1.0,0.41547057339338844,0.8,0.05333333333333334,0.08838122339225742
all_community_items_multi_positive,7,52,42,42,1407,110,50,1.0,0.28136858281991955,0.3,0.12,0.07899691585307715
all_community_items_multi_positive,7,52,42,42,1407,110,100,1.0,0.35109253336222346,0.45,0.09,0.09646898546257968
all_community_items_multi_positive,7,52,42,42,1407,110,150,1.0,0.3721202765464237,0.5,0.06666666666666667,0.10114188265884134
all_community_items_multi_positive,7,52,42,42,1407,110,200,1.0,0.3721202765464237,0.5,0.05,0.10114188265884134
all_community_items_multi_positive,7,52,42,42,1407,110,250,1.0,0.39043647257041897,0.55,0.044,0.10370002219372507
all_community_items_multi_positive,7,52,42,42,1407,110,300,1.0,0.39043647257041897,0.55,0.03666666666666667,0.10370002219372507
all_community_items_multi_positive,7,52,42,42,1416,111,50,1.0,0.2850629824129031,0.45,0.18,0.07614478304456987
all_community_items_multi_positive,7,52,42,42,1416,111,100,1.0,0.35629091934344403,0.6,0.12,0.10254055145526364
all_community_items_multi_positive,7,52,42,42,1416,111,150,1.0,0.35629091934344403,0.6,0.08,0.10254055145526364
all_community_items_multi_positive,7,52,42,42,1416,111,200,1.0,0.35629091934344403,0.6,0.06,0.10254055145526364
all_community_items_multi_positive,7,52,42,42,1416,111,250,1.0,0.35629091934344403,0.6,0.048,0.10254055145526364
all_community_items_multi_positive,7,52,42,42,1416,111,300,1.0,0.3739599666149556,0.65,0.043333333333333335,0.10502146748579799
all_community_items_multi_positive,7,52,42,42,1424,112,50,1.0,0.05593375550064103,0.1,0.04,0.004222222222222223
all_community_items_multi_positive,7,52,42,42,1424,112,100,1.0,0.1680699889162421,0.35,0.07,0.019235401977249805
all_community_items_multi_positive,7,52,42,42,1424,112,150,1.0,0.2086878955165551,0.45,0.06,0.02594958052188596
all_community_items_multi_positive,7,52,42,42,1424,112,200,1.0,0.2459060439318572,0.55,0.055,0.03126368308598853
all_community_items_multi_positive,7,52,42,42,1424,112,250,1.0,0.264238065654985,0.6,0.048,0.03406742140374554
all_community_items_multi_positive,7,52,42,42,1424,112,300,1.0,0.29952176303527206,0.7,0.04666666666666667,0.039171185537136124
all_community_items_multi_positive,7,52,42,42,1438,113,50,1.0,0.11440197030140765,0.15,0.06,0.020476190476190474
all_community_items_multi_positive,7,52,42,42,1438,113,100,1.0,0.18382237391885087,0.3,0.06,0.03112846751603867
all_community_items_multi_positive,7,52,42,42,1438,113,150,1.0,0.22455203241203045,0.4,0.05333333333333334,0.037120583988795995
all_community_items_multi_positive,7,52,42,42,1438,113,200,1.0,0.24341179145866887,0.45,0.045,0.03956623616270904
all_community_items_multi_positive,7,52,42,42,1438,113,250,1.0,0.24341179145866887,0.45,0.036,0.03956623616270904
all_community_items_multi_positive,7,52,42,42,1438,113,300,1.0,0.2606933497184903,0.5,0.03333333333333333,0.04124973784621072
all_community_items_multi_positive,7,52,42,42,1441,114,50,1.0,0.19208834787024093,0.3,0.12,0.03781341406341406
all_community_items_multi_positive,7,52,42,42,1441,114,100,1.0,0.2608917605518462,0.45,0.09,0.05436939431504649
all_community_items_multi_positive,7,52,42,42,1441,114,150,1.0,0.3230766106513969,0.6,0.08,0.06872165591508203
all_community_items_multi_positive,7,52,42,42,1441,114,200,1.0,0.3230766106513969,0.6,0.06,0.06872165591508203
all_community_items_multi_positive,7,52,42,42,1441,114,250,1.0,0.34102707521600456,0.65,0.052,0.07142998924841537
all_community_items_multi_positive,7,52,42,42,1441,114,300,1.0,0.35867213260573055,0.7,0.04666666666666667,0.07408150439993053
all_community_items_multi_positive,7,52,42,42,1449,115,50,1.0,0.17143990183980778,0.15,0.06,0.048947368421052635
all_community_items_multi_positive,7,52,42,42,1449,115,100,1.0,0.2626759393050927,0.35,0.07,0.06337535109572193
all_community_items_multi_positive,7,52,42,42,1449,115,150,1.0,0.2626759393050927,0.35,0.04666666666666667,0.06337535109572193
all_community_items_multi_positive,7,52,42,42,1449,115,200,1.0,0.2626759393050927,0.35,0.035,0.06337535109572193
all_community_items_multi_positive,7,52,42,42,1449,115,250,1.0,0.28049432525159623,0.4,0.032,0.06497535109572192
all_community_items_multi_positive,7,52,42,42,1449,115,300,1.0,0.28049432525159623,0.4,0.02666666666666667,0.06497535109572192
all_community_items_multi_positive,7,52,42,42,1486,116,50,1.0,0.0894757678257788,0.15,0.06,0.011083333333333334
all_community_items_multi_positive,7,52,42,42,1486,116,100,1.0,0.15432801949389993,0.3,0.06,0.018986234316311034
all_community_items_multi_positive,7,52,42,42,1486,116,150,1.0,0.21563831380269868,0.45,0.06,0.028699215346774182
all_community_items_multi_positive,7,52,42,42,1486,116,200,1.0,0.25407390172445454,0.55,0.055,0.034980577353942645
all_community_items_multi_positive,7,52,42,42,1486,116,250,1.0,0.2901126662739398,0.65,0.052,0.0402989172061808
all_community_items_multi_positive,7,52,42,42,1486,116,300,1.0,0.2901126662739398,0.65,0.043333333333333335,0.0402989172061808
all_community_items_multi_positive,7,52,42,42,1503,117,50,1.0,0.032864970567577,0.05,0.02,0.002631578947368421
all_community_items_multi_positive,7,52,42,42,1503,117,100,1.0,0.032864970567577,0.05,0.01,0.002631578947368421
all_community_items_multi_positive,7,52,42,42,1503,117,150,1.0,0.032864970567577,0.05,0.006666666666666667,0.002631578947368421
all_community_items_multi_positive,7,52,42,42,1503,117,200,1.0,0.051536440554483164,0.1,0.01,0.0031470428648941945
all_community_items_multi_positive,7,52,42,42,1503,117,250,1.0,0.0694733634912332,0.15,0.012,0.0037694495038983434
all_community_items_multi_positive,7,52,42,42,1503,117,300,1.0,0.12178138832227908,0.3,0.02,0.0064100819411170625
all_community_items_multi_positive,7,52,42,42,1508,118,50,1.0,0.33544633561093934,0.4,0.16,0.12494529571735455
all_community_items_multi_positive,7,52,42,42,1508,118,100,1.0,0.4019684947105356,0.55,0.11,0.14278657799829203
all_community_items_multi_positive,7,52,42,42,1508,118,150,1.0,0.4437406913186299,0.65,0.08666666666666667,0.15408559760613516
all_community_items_multi_positive,7,52,42,42,1508,118,200,1.0,0.4630230462716843,0.7,0.07,0.158353890289062
all_community_items_multi_positive,7,52,42,42,1508,118,250,1.0,0.4808543149274464,0.75,0.06,0.16136593848183306
all_community_items_multi_positive,7,52,42,42,1508,118,300,1.0,0.4808543149274464,0.75,0.05,0.16136593848183306
all_community_items_multi_positive,7,52,42,42,1509,119,50,1.0,0.17535359194412575,0.25,0.1,0.03949888574804445
all_community_items_multi_positive,7,52,42,42,1509,119,100,1.0,0.2204779960948691,0.35,0.07,0.04784188491954404
all_community_items_multi_positive,7,52,42,42,1509,119,150,1.0,0.30168069488239607,0.55,0.07333333333333333,0.06268301763718684
all_community_items_multi_positive,7,52,42,42,1509,119,200,1.0,0.3212020817804399,0.6,0.06,0.06657912153329074
all_community_items_multi_positive,7,52,42,42,1509,119,250,1.0,0.3212020817804399,0.6,0.048,0.06657912153329074
all_community_items_multi_positive,7,52,42,42,1509,119,300,1.0,0.3212020817804399,0.6,0.04,0.06657912153329074
all_community_items_multi_positive,7,52,42,42,1522,120,50,1.0,0.05911742587722523,0.1,0.04,0.005158730158730159
all_community_items_multi_positive,7,52,42,42,1522,120,100,1.0,0.12881854254267902,0.25,0.05,0.013686673171141117
all_community_items_multi_positive,7,52,42,42,1522,120,150,1.0,0.18999084245824271,0.4,0.05333333333333334,0.02207621080437623
all_community_items_multi_positive,7,52,42,42,1522,120,200,1.0,0.20953731445631443,0.45,0.045,0.025017387274964463
all_community_items_multi_positive,7,52,42,42,1522,120,250,1.0,0.22771545845058386,0.5,0.04,0.02724953013210732
all_community_items_multi_positive,7,52,42,42,1522,120,300,1.0,0.2626951834216911,0.6,0.04,0.031391841721227415
all_community_items_multi_positive,7,52,42,42,1524,121,50,1.0,0.06677407700890621,0.1,0.04,0.007222222222222223
all_community_items_multi_positive,7,52,42,42,1524,121,100,1.0,0.09134269869514638,0.15,0.03,0.01
all_community_items_multi_positive,7,52,42,42,1524,121,150,1.0,0.13162861690152428,0.25,0.03333333333333333,0.013398617511520739
all_community_items_multi_positive,7,52,42,42,1524,121,200,1.0,0.15073381426776947,0.3,0.03,0.015142803558032367
all_community_items_multi_positive,7,52,42,42,1524,121,250,1.0,0.15073381426776947,0.3,0.024,0.015142803558032367
all_community_items_multi_positive,7,52,42,42,1524,121,300,1.0,0.16845159353059957,0.35,0.023333333333333334,0.016499392705319187
all_community_items_multi_positive,7,52,42,42,1538,122,50,1.0,0.44365526678311507,0.4,0.16,0.19398327163033044
all_community_items_multi_positive,7,52,42,42,1538,122,100,1.0,0.4918972284082982,0.5,0.1,0.21025311290017173
all_community_items_multi_positive,7,52,42,42,1538,122,150,1.0,0.5119988766899916,0.55,0.07333333333333333,0.2143884512460364
all_community_items_multi_positive,7,52,42,42,1538,122,200,1.0,0.531191195772683,0.6,0.06,0.21795987981746495
all_community_items_multi_positive,7,52,42,42,1538,122,250,1.0,0.5492528282189355,0.65,0.052,0.22076160395539599
all_community_items_multi_positive,7,52,42,42,1538,122,300,1.0,0.566504054922372,0.7,0.04666666666666667,0.22309493728872934
all_community_items_multi_positive,7,52,42,42,1539,123,50,1.0,0.08942803777769753,0.15,0.06,0.010497835497835497
all_community_items_multi_positive,7,52,42,42,1539,123,100,1.0,0.15946797301799223,0.3,0.06,0.021493205868205866
all_community_items_multi_positive,7,52,42,42,1539,123,150,1.0,0.1793344154612737,0.35,0.04666666666666667,0.023975475371751966
all_community_items_multi_positive,7,52,42,42,1539,123,200,1.0,0.21753898880830333,0.45,0.045,0.02889987053304229
all_community_items_multi_positive,7,52,42,42,1539,123,250,1.0,0.21753898880830333,0.45,0.036,0.02889987053304229
all_community_items_multi_positive,7,52,42,42,1539,123,300,1.0,0.23498958694130695,0.5,0.03333333333333333,0.03067922996364727
all_community_items_multi_positive,7,52,42,42,1546,124,50,1.0,0.3487070598102409,0.35,0.14,0.12089593413122823
all_community_items_multi_positive,7,52,42,42,1546,124,100,1.0,0.4197035316671031,0.5,0.1,0.14215941641165966
all_community_items_multi_positive,7,52,42,42,1546,124,150,1.0,0.44090214632653973,0.55,0.07333333333333333,0.14749922223690237
all_community_items_multi_positive,7,52,42,42,1546,124,200,1.0,0.479091496618591,0.65,0.065,0.1547460830437418
all_community_items_multi_positive,7,52,42,42,1546,124,250,1.0,0.479091496618591,0.65,0.052,0.1547460830437418
all_community_items_multi_positive,7,52,42,42,1546,124,300,1.0,0.5138025549015435,0.75,0.05,0.15974513107077784
all_community_items_multi_positive,7,52,42,42,1547,125,50,1.0,0.12609841830959964,0.15,0.06,0.026158536585365856
all_community_items_multi_positive,7,52,42,42,1547,125,100,1.0,0.19621175404641644,0.3,0.06,0.037232095100556264
all_community_items_multi_positive,7,52,42,42,1547,125,150,1.0,0.23729983425988768,0.4,0.05333333333333334,0.04348035463828949
all_community_items_multi_positive,7,52,42,42,1547,125,200,1.0,0.25608262799560794,0.45,0.045,0.04587397165956608
all_community_items_multi_positive,7,52,42,42,1547,125,250,1.0,0.2740330925602155,0.5,0.04,0.047957304992899415
all_community_items_multi_positive,7,52,42,42,1547,125,300,1.0,0.29180063821046986,0.55,0.03666666666666667,0.05012265932360808
all_community_items_multi_positive,7,52,42,42,1554,126,50,1.0,0.1243408020155097,0.2,0.08,0.020403318077803205
all_community_items_multi_positive,7,52,42,42,1554,126,100,1.0,0.19307348315813821,0.35,0.07,0.03261722998850104
all_community_items_multi_positive,7,52,42,42,1554,126,150,1.0,0.2557996450239098,0.5,0.06666666666666667,0.04486938970194395
all_community_items_multi_positive,7,52,42,42,1554,126,200,1.0,0.29328100432302234,0.6,0.06,0.0509064431008064
all_community_items_multi_positive,7,52,42,42,1554,126,250,1.0,0.32970856911272445,0.7,0.056,0.056991303666679115
all_community_items_multi_positive,7,52,42,42,1554,126,300,1.0,0.3473655905771309,0.75,0.05,0.05984301469329508
all_community_items_multi_positive,7,52,42,42,1559,127,50,1.0,0.2010246559540514,0.3,0.12,0.04045166337285903
all_community_items_multi_positive,7,52,42,42,1559,127,100,1.0,0.32070126244584257,0.55,0.11,0.07737472964631457
all_community_items_multi_positive,7,52,42,42,1559,127,150,1.0,0.3614801124323842,0.65,0.08666666666666667,0.08744201743099367
all_community_items_multi_positive,7,52,42,42,1559,127,200,1.0,0.3614801124323842,0.65,0.065,0.08744201743099367
all_community_items_multi_positive,7,52,42,42,1559,127,250,1.0,0.37949945426280696,0.7,0.056,0.090420740835249
all_community_items_multi_positive,7,52,42,42,1559,127,300,1.0,0.39690659633298286,0.75,0.05,0.09305231978261741
all_community_items_multi_positive,7,52,42,42,1565,128,50,1.0,0.265607917322722,0.45,0.18,0.06734026665888719
all_community_items_multi_positive,7,52,42,42,1565,128,100,1.0,0.28708127639379655,0.5,0.1,0.07249490583414493
all_community_items_multi_positive,7,52,42,42,1565,128,150,1.0,0.368060719788493,0.7,0.09333333333333334,0.09184174090325975
all_community_items_multi_positive,7,52,42,42,1565,128,200,1.0,0.368060719788493,0.7,0.07,0.09184174090325975
all_community_items_multi_positive,7,52,42,42,1565,128,250,1.0,0.3865567687127951,0.75,0.06,0.09551821149149504
all_community_items_multi_positive,7,52,42,42,1565,128,300,1.0,0.3865567687127951,0.75,0.05,0.09551821149149504
all_community_items_multi_positive,7,52,42,42,1566,129,50,1.0,0.4792903724166556,0.65,0.26,0.22000356014488442
all_community_items_multi_positive,7,52,42,42,1566,129,100,1.0,0.5271923227772018,0.75,0.15,0.24416304889175855
all_community_items_multi_positive,7,52,42,42,1566,129,150,1.0,0.5483909374366385,0.8,0.10666666666666667,0.2519300391830207
all_community_items_multi_positive,7,52,42,42,1566,129,200,1.0,0.5864873099430225,0.9,0.09,0.26195936469621717
all_community_items_multi_positive,7,52,42,42,1566,129,250,1.0,0.5864873099430225,0.9,0.072,0.26195936469621717
all_community_items_multi_positive,7,52,42,42,1566,129,300,1.0,0.6039160764496192,0.95,0.06333333333333334,0.2653162551555811
all_community_items_multi_positive,7,52,42,42,1573,130,50,1.0,0.1794353298649056,0.3,0.12,0.033059033260646166
all_community_items_multi_positive,7,52,42,42,1573,130,100,1.0,0.2482046714653185,0.45,0.09,0.049500003059147715
all_community_items_multi_positive,7,52,42,42,1573,130,150,1.0,0.2482046714653185,0.45,0.06,0.049500003059147715
all_community_items_multi_positive,7,52,42,42,1573,130,200,1.0,0.28547561123581205,0.55,0.055,0.054855983795839114
all_community_items_multi_positive,7,52,42,42,1573,130,250,1.0,0.3036837720193017,0.6,0.048,0.05755868649854181
all_community_items_multi_positive,7,52,42,42,1573,130,300,1.0,0.3036837720193017,0.6,0.04,0.05755868649854181
all_community_items_multi_positive,7,52,42,42,1575,131,50,0.0,0.0,0.0,0.0,0.0
all_community_items_multi_positive,7,52,42,42,1575,131,100,0.0,0.0,0.0,0.0,0.0
all_community_items_multi_positive,7,52,42,42,1575,131,150,0.0,0.0,0.0,0.0,0.0
all_community_items_multi_positive,7,52,42,42,1575,131,200,1.0,0.019105197366245195,0.05,0.005,0.00029069767441860465
all_community_items_multi_positive,7,52,42,42,1575,131,250,1.0,0.019105197366245195,0.05,0.004,0.00029069767441860465
all_community_items_multi_positive,7,52,42,42,1575,131,300,1.0,0.03642784559658639,0.1,0.006666666666666667,0.0006319946027462497
all_community_items_multi_positive,7,52,42,42,1579,132,50,1.0,0.14259978476277252,0.25,0.1,0.02132936142804564
all_community_items_multi_positive,7,52,42,42,1579,132,100,1.0,0.18575898737125818,0.35,0.07,0.02816269476137897
all_community_items_multi_positive,7,52,42,42,1579,132,150,1.0,0.2269990162504927,0.45,0.06,0.03538396036620032
all_community_items_multi_positive,7,52,42,42,1579,132,200,1.0,0.2464709044436163,0.5,0.05,0.03858908857132852
all_community_items_multi_positive,7,52,42,42,1579,132,250,1.0,0.28304853986635925,0.6,0.048,0.04388818659719646
all_community_items_multi_positive,7,52,42,42,1579,132,300,1.0,0.28304853986635925,0.6,0.04,0.04388818659719646
all_community_items_multi_positive,7,52,42,42,1581,133,50,1.0,0.09265183632067582,0.15,0.06,0.010768093694922964
all_community_items_multi_positive,7,52,42,42,1581,133,100,1.0,0.11493248903871664,0.2,0.04,0.013207118085166867
all_community_items_multi_positive,7,52,42,42,1581,133,150,1.0,0.11493248903871664,0.2,0.02666666666666667,0.013207118085166867
all_community_items_multi_positive,7,52,42,42,1581,133,200,1.0,0.13399516723986188,0.25,0.025,0.01464389969436227
all_community_items_multi_positive,7,52,42,42,1581,133,250,1.0,0.22533258058541134,0.5,0.04,0.023752919685425793
all_community_items_multi_positive,7,52,42,42,1581,133,300,1.0,0.22533258058541134,0.5,0.03333333333333333,0.023752919685425793
all_community_items_multi_positive,7,52,42,42,1594,134,50,1.0,0.33912571858709883,0.4,0.16,0.12107407407407408
all_community_items_multi_positive,7,52,42,42,1594,134,100,1.0,0.3615935539534212,0.45,0.09,0.12677027660571966
all_community_items_multi_positive,7,52,42,42,1594,134,150,1.0,0.38234298731415806,0.5,0.06666666666666667,0.13115624151800037
all_community_items_multi_positive,7,52,42,42,1594,134,200,1.0,0.43921706039812475,0.65,0.065,0.14118484805735368
all_community_items_multi_positive,7,52,42,42,1594,134,250,1.0,0.47599478715015264,0.75,0.06,0.14807116346662724
all_community_items_multi_positive,7,52,42,42,1594,134,300,1.0,0.49365180861455915,0.8,0.05333333333333334,0.15111298856168426
all_community_items_multi_positive,7,52,42,42,1615,135,50,1.0,0.09291337929439955,0.15,0.06,0.011691176470588236
all_community_items_multi_positive,7,52,42,42,1615,135,100,1.0,0.13664498179177054,0.25,0.05,0.016703707798909038
all_community_items_multi_positive,7,52,42,42,1615,135,150,1.0,0.13664498179177054,0.25,0.03333333333333333,0.016703707798909038
all_community_items_multi_positive,7,52,42,42,1615,135,200,1.0,0.15566580964362173,0.3,0.03,0.018408253253454493
all_community_items_multi_positive,7,52,42,42,1615,135,250,1.0,0.19221532955994067,0.4,0.032,0.021843054180355696
all_community_items_multi_positive,7,52,42,42,1615,135,300,1.0,0.2097553983295533,0.45,0.03,0.023491405828707342
all_community_items_multi_positive,7,52,42,42,1626,136,50,1.0,0.02543258609441271,0.05,0.02,0.0010638297872340426
all_community_items_multi_positive,7,52,42,42,1626,136,100,1.0,0.02543258609441271,0.05,0.01,0.0010638297872340426
all_community_items_multi_positive,7,52,42,42,1626,136,150,1.0,0.02543258609441271,0.05,0.006666666666666667,0.0010638297872340426
all_community_items_multi_positive,7,52,42,42,1626,136,200,1.0,0.04480806695107023,0.1,0.01,0.0016888297872340425
all_community_items_multi_positive,7,52,42,42,1626,136,250,1.0,0.04480806695107023,0.1,0.008,0.0016888297872340425
all_community_items_multi_positive,7,52,42,42,1626,136,300,1.0,0.04480806695107023,0.1,0.006666666666666667,0.0016888297872340425
all_community_items_multi_positive,7,52,42,42,1646,137,50,1.0,0.02634118663594204,0.05,0.02,0.0012195121951219512
all_community_items_multi_positive,7,52,42,42,1646,137,100,1.0,0.02634118663594204,0.05,0.01,0.0012195121951219512
all_community_items_multi_positive,7,52,42,42,1646,137,150,1.0,0.06654597789828694,0.15,0.02,0.0030663590419687985
all_community_items_multi_positive,7,52,42,42,1646,137,200,1.0,0.12451499248842314,0.3,0.03,0.007669829755773008
all_community_items_multi_positive,7,52,42,42,1646,137,250,1.0,0.14259088752071333,0.35,0.028,0.009184981270924524
all_community_items_multi_positive,7,52,42,42,1646,137,300,1.0,0.14259088752071333,0.35,0.023333333333333334,0.009184981270924524
all_community_items_multi_positive,7,52,42,42,1656,138,50,1.0,0.35440512177223815,0.4,0.16,0.1148825208607817
all_community_items_multi_positive,7,52,42,42,1656,138,100,1.0,0.47340467758462346,0.65,0.13,0.15899264957807405
all_community_items_multi_positive,7,52,42,42,1656,138,150,1.0,0.5346352672717902,0.8,0.10666666666666667,0.17719956642360477
all_community_items_multi_positive,7,52,42,42,1656,138,200,1.0,0.554034534485687,0.85,0.085,0.18254547837329033
all_community_items_multi_positive,7,52,42,42,1656,138,250,1.0,0.554034534485687,0.85,0.068,0.18254547837329033
all_community_items_multi_positive,7,52,42,42,1656,138,300,1.0,0.554034534485687,0.85,0.056666666666666664,0.18254547837329033
all_community_items_multi_positive,7,52,42,42,1664,139,50,1.0,0.05285330252603926,0.1,0.04,0.003689024390243903
all_community_items_multi_positive,7,52,42,42,1664,139,100,1.0,0.09964235386858898,0.2,0.04,0.00887644072223855
all_community_items_multi_positive,7,52,42,42,1664,139,150,1.0,0.13937635505741794,0.3,0.04,0.012772903971219784
all_community_items_multi_positive,7,52,42,42,1664,139,200,1.0,0.13937635505741794,0.3,0.03,0.012772903971219784
all_community_items_multi_positive,7,52,42,42,1664,139,250,1.0,0.13937635505741794,0.3,0.024,0.012772903971219784
all_community_items_multi_positive,7,52,42,42,1664,139,300,1.0,0.1567514414068522,0.35,0.023333333333333334,0.013988181748997564
all_community_items_multi_positive,7,52,42,42,1674,140,50,1.0,0.1777654061253347,0.25,0.1,0.034531388152077805
all_community_items_multi_positive,7,52,42,42,1674,140,100,1.0,0.22589739230512612,0.35,0.07,0.045541489162178816
all_community_items_multi_positive,7,52,42,42,1674,140,150,1.0,0.22589739230512612,0.35,0.04666666666666667,0.045541489162178816
all_community_items_multi_positive,7,52,42,42,1674,140,200,1.0,0.24524929180958935,0.4,0.04,0.04802596121186826
all_community_items_multi_positive,7,52,42,42,1674,140,250,1.0,0.26310653773249626,0.45,0.036,0.0498478235600464
all_community_items_multi_positive,7,52,42,42,1674,140,300,1.0,0.2985298177831339,0.55,0.03666666666666667,0.053909360179722546
all_community_items_multi_positive,7,52,42,42,1680,141,50,0.0,0.0,0.0,0.0,0.0
all_community_items_multi_positive,7,52,42,42,1680,141,100,1.0,0.022874805763078664,0.05,0.01,0.0006849315068493151
all_community_items_multi_positive,7,52,42,42,1680,141,150,1.0,0.022874805763078664,0.05,0.006666666666666667,0.0006849315068493151
all_community_items_multi_positive,7,52,42,42,1680,141,200,1.0,0.022874805763078664,0.05,0.005,0.0006849315068493151
all_community_items_multi_positive,7,52,42,42,1680,141,250,1.0,0.058655067860890434,0.15,0.012,0.0017070124703822693
all_community_items_multi_positive,7,52,42,42,1680,141,300,1.0,0.058655067860890434,0.15,0.01,0.0017070124703822693
all_community_items_multi_positive,7,52,42,42,1682,142,50,1.0,0.3307392303691929,0.35,0.14,0.10238001150835743
all_community_items_multi_positive,7,52,42,42,1682,142,100,1.0,0.40015130700423396,0.5,0.1,0.12168681964275177
all_community_items_multi_positive,7,52,42,42,1682,142,150,1.0,0.4404641350116342,0.6,0.08,0.13044172839766052
all_community_items_multi_positive,7,52,42,42,1682,142,200,1.0,0.4404641350116342,0.6,0.06,0.13044172839766052
all_community_items_multi_positive,7,52,42,42,1682,142,250,1.0,0.47685365313830536,0.7,0.056,0.1364938886616816
all_community_items_multi_positive,7,52,42,42,1682,142,300,1.0,0.4944868076268009,0.75,0.05,0.13932407734092692
all_community_items_multi_positive,7,52,42,42,1685,143,50,1.0,0.1350237214006175,0.25,0.1,0.018340043947946683
all_community_items_multi_positive,7,52,42,42,1685,143,100,1.0,0.15789852716369615,0.3,0.06,0.022449632989042574
all_community_items_multi_positive,7,52,42,42,1685,143,150,1.0,0.15789852716369615,0.3,0.04,0.022449632989042574
all_community_items_multi_positive,7,52,42,42,1685,143,200,1.0,0.15789852716369615,0.3,0.03,0.022449632989042574
all_community_items_multi_positive,7,52,42,42,1685,143,250,1.0,0.19482505480580622,0.4,0.032,0.02608706816113121
all_community_items_multi_positive,7,52,42,42,1685,143,300,1.0,0.19482505480580622,0.4,0.02666666666666667,0.02608706816113121
all_community_items_multi_positive,7,52,42,42,1688,144,50,1.0,0.13724366048904332,0.25,0.1,0.019136904761904765
all_community_items_multi_positive,7,52,42,42,1688,144,100,1.0,0.18436573502131062,0.35,0.07,0.02919458320458681
all_community_items_multi_positive,7,52,42,42,1688,144,150,1.0,0.2257364761725222,0.45,0.06,0.03652284456059486
all_community_items_multi_positive,7,52,42,42,1688,144,200,1.0,0.2257364761725222,0.45,0.045,0.03652284456059486
all_community_items_multi_positive,7,52,42,42,1688,144,250,1.0,0.24389974843474543,0.5,0.04,0.038745066782817084
all_community_items_multi_positive,7,52,42,42,1688,144,300,1.0,0.24389974843474543,0.5,0.03333333333333333,0.038745066782817084
all_community_items_multi_positive,7,52,42,42,1695,145,50,1.0,0.23531515048587012,0.35,0.14,0.05638072484002461
all_community_items_multi_positive,7,52,42,42,1695,145,100,1.0,0.3264815027922961,0.55,0.11,0.08177255058600838
all_community_items_multi_positive,7,52,42,42,1695,145,150,1.0,0.34746793472407406,0.6,0.08,0.08732810614156394
all_community_items_multi_positive,7,52,42,42,1695,145,200,1.0,0.36605018380192383,0.65,0.065,0.0905944377998554
all_community_items_multi_positive,7,52,42,42,1695,145,250,1.0,0.36605018380192383,0.65,0.052,0.0905944377998554
all_community_items_multi_positive,7,52,42,42,1695,145,300,1.0,0.3835788762280037,0.7,0.04666666666666667,0.09314918232540284
all_community_items_multi_positive,7,52,42,42,1696,146,50,1.0,0.08163817070090405,0.1,0.04,0.012564102564102564
all_community_items_multi_positive,7,52,42,42,1696,146,100,1.0,0.148249561168538,0.25,0.05,0.01972703168924099
all_community_items_multi_positive,7,52,42,42,1696,146,150,1.0,0.24963161192894756,0.5,0.06666666666666667,0.03523694343084258
all_community_items_multi_positive,7,52,42,42,1696,146,200,1.0,0.24963161192894756,0.5,0.05,0.03523694343084258
all_community_items_multi_positive,7,52,42,42,1696,146,250,1.0,0.26779488419117076,0.55,0.044,0.03768138787528702
all_community_items_multi_positive,7,52,42,42,1696,146,300,1.0,0.26779488419117076,0.55,0.03666666666666667,0.03768138787528702
all_community_items_multi_positive,7,52,42,42,1699,147,50,1.0,0.10229526794987165,0.1,0.04,0.024285714285714285
all_community_items_multi_positive,7,52,42,42,1699,147,100,1.0,0.14852573188852297,0.2,0.04,0.02922473867595819
all_community_items_multi_positive,7,52,42,42,1699,147,150,1.0,0.1692751652492598,0.25,0.03333333333333333,0.03141772113209854
all_community_items_multi_positive,7,52,42,42,1699,147,200,1.0,0.20703048824578232,0.35,0.035,0.034955948889681523
all_community_items_multi_positive,7,52,42,42,1699,147,250,1.0,0.20703048824578232,0.35,0.028,0.034955948889681523
all_community_items_multi_positive,7,52,42,42,1699,147,300,1.0,0.20703048824578232,0.35,0.023333333333333334,0.034955948889681523
all_community_items_multi_positive,7,52,42,42,1705,148,50,1.0,0.14929059499713446,0.2,0.08,0.030000000000000006
all_community_items_multi_positive,7,52,42,42,1705,148,100,1.0,0.21994392806845356,0.35,0.07,0.04379721596573497
all_community_items_multi_positive,7,52,42,42,1705,148,150,1.0,0.24058135450695342,0.4,0.05333333333333334,0.047216019384538385
all_community_items_multi_positive,7,52,42,42,1705,148,200,1.0,0.27844595853785753,0.5,0.05,0.052472484637633134
all_community_items_multi_positive,7,52,42,42,1705,148,250,1.0,0.27844595853785753,0.5,0.04,0.052472484637633134
all_community_items_multi_positive,7,52,42,42,1705,148,300,1.0,0.27844595853785753,0.5,0.03333333333333333,0.052472484637633134
all_community_items_multi_positive,7,52,42,42,1707,149,50,1.0,0.4557344062980705,0.45,0.18,0.18803746764593202
all_community_items_multi_positive,7,52,42,42,1707,149,100,1.0,0.4794977303269856,0.5,0.1,0.19610198377496427
all_community_items_multi_positive,7,52,42,42,1707,149,150,1.0,0.4993360811789115,0.55,0.07333333333333333,0.19997522321158398
all_community_items_multi_positive,7,52,42,42,1707,149,200,1.0,0.5383058149059321,0.65,0.065,0.20801071588966788
all_community_items_multi_positive,7,52,42,42,1707,149,250,1.0,0.5383058149059321,0.65,0.052,0.20801071588966788
all_community_items_multi_positive,7,52,42,42,1707,149,300,1.0,0.5558458836755448,0.7,0.04666666666666667,0.21057481845377043
all_community_items_multi_positive,7,52,42,42,1709,150,50,1.0,0.051296358693972186,0.1,0.04,0.0032640232108317214
all_community_items_multi_positive,7,52,42,42,1709,150,100,1.0,0.07312249911276704,0.15,0.03,0.0049306898774983884
all_community_items_multi_positive,7,52,42,42,1709,150,150,1.0,0.09358195073140167,0.2,0.02666666666666667,0.006570034139793471
all_community_items_multi_positive,7,52,42,42,1709,150,200,1.0,0.11218179643437737,0.25,0.025,0.007832660402419733
all_community_items_multi_positive,7,52,42,42,1709,150,250,1.0,0.13061094151501,0.3,0.024,0.009274968094727425
all_community_items_multi_positive,7,52,42,42,1709,150,300,1.0,0.13061094151501,0.3,0.02,0.009274968094727425
all_community_items_multi_positive,7,52,42,42,1727,151,50,1.0,0.17157806490635416,0.25,0.1,0.03350574712643678
all_community_items_multi_positive,7,52,42,42,1727,151,100,1.0,0.2161697850927674,0.35,0.07,0.04141530976542863
all_community_items_multi_positive,7,52,42,42,1727,151,150,1.0,0.25768420424038924,0.45,0.06,0.048864077898055844
all_community_items_multi_positive,7,52,42,42,1727,151,200,1.0,0.27720559113843307,0.5,0.05,0.05211083114480909
all_community_items_multi_positive,7,52,42,42,1727,151,250,1.0,0.29542889896152086,0.55,0.044,0.05459951892761452
all_community_items_multi_positive,7,52,42,42,1727,151,300,1.0,0.31312218531718417,0.6,0.04,0.05690721123530683
all_community_items_multi_positive,7,52,42,42,1778,152,50,1.0,0.4885287070669602,0.45,0.18,0.24119047619047618
all_community_items_multi_positive,7,52,42,42,1778,152,100,1.0,0.5326811865984169,0.55,0.11,0.25345179643051985
all_community_items_multi_positive,7,52,42,42,1778,152,150,1.0,0.5742612961697833,0.65,0.08666666666666667,0.264505580045279
all_community_items_multi_positive,7,52,42,42,1778,152,200,1.0,0.5742612961697833,0.65,0.065,0.264505580045279
all_community_items_multi_positive,7,52,42,42,1778,152,250,1.0,0.5922253792585953,0.7,0.056,0.2674344503381661
all_community_items_multi_positive,7,52,42,42,1778,152,300,1.0,0.5922253792585953,0.7,0.04666666666666667,0.2674344503381661
all_community_items_multi_positive,7,52,42,42,1797,153,50,1.0,0.23301127530596505,0.25,0.1,0.06680964052287583
all_community_items_multi_positive,7,52,42,42,1797,153,100,1.0,0.2547327296606711,0.3,0.06,0.07007051008809322
all_community_items_multi_positive,7,52,42,42,1797,153,150,1.0,0.33765594085347367,0.5,0.06666666666666667,0.08482445501728855
all_community_items_multi_positive,7,52,42,42,1797,153,200,1.0,0.37659993528097613,0.6,0.06,0.09219449816501815
all_community_items_multi_positive,7,52,42,42,1797,153,250,1.0,0.39466156772722866,0.65,0.052,0.0949962223029492
all_community_items_multi_positive,7,52,42,42,1797,153,300,1.0,0.42977027120023487,0.75,0.05,0.10032755249622513
all_community_items_multi_positive,7,52,42,42,1805,154,50,1.0,0.12569228663796844,0.15,0.06,0.026944444444444444
all_community_items_multi_positive,7,52,42,42,1805,154,100,1.0,0.19293808909770443,0.3,0.06,0.03614275218996769
all_community_items_multi_positive,7,52,42,42,1805,154,150,1.0,0.2536905943226252,0.45,0.06,0.045421299024343345
all_community_items_multi_positive,7,52,42,42,1805,154,200,1.0,0.27256995498493813,0.5,0.05,0.04815353946150181
all_community_items_multi_positive,7,52,42,42,1805,154,250,1.0,0.27256995498493813,0.5,0.04,0.04815353946150181
all_community_items_multi_positive,7,52,42,42,1805,154,300,1.0,0.27256995498493813,0.5,0.03333333333333333,0.04815353946150181
all_community_items_multi_positive,7,52,42,42,1814,155,50,1.0,0.17920711898608296,0.25,0.1,0.04095394736842105
all_community_items_multi_positive,7,52,42,42,1814,155,100,1.0,0.2280343710892811,0.35,0.07,0.0526488074855323
all_community_items_multi_positive,7,52,42,42,1814,155,150,1.0,0.26952156589211596,0.45,0.06,0.06007564983270558
all_community_items_multi_positive,7,52,42,42,1814,155,200,1.0,0.26952156589211596,0.45,0.045,0.06007564983270558
all_community_items_multi_positive,7,52,42,42,1814,155,250,1.0,0.26952156589211596,0.45,0.036,0.06007564983270558
all_community_items_multi_positive,7,52,42,42,1814,155,300,1.0,0.26952156589211596,0.45,0.03,0.06007564983270558
all_community_items_multi_positive,7,52,42,42,1824,156,50,1.0,0.09018493687324117,0.15,0.06,0.011333573833573833
all_community_items_multi_positive,7,52,42,42,1824,156,100,1.0,0.16058099796163236,0.3,0.06,0.02256548728861102
all_community_items_multi_positive,7,52,42,42,1824,156,150,1.0,0.18165060193954694,0.35,0.04666666666666667,0.02586737408106385
all_community_items_multi_positive,7,52,42,42,1824,156,200,1.0,0.18165060193954694,0.35,0.035,0.02586737408106385
all_community_items_multi_positive,7,52,42,42,1824,156,250,1.0,0.21772025864064815,0.45,0.036,0.02949676004597613
all_community_items_multi_positive,7,52,42,42,1824,156,300,1.0,0.21772025864064815,0.45,0.03,0.02949676004597613
all_community_items_multi_positive,7,52,42,42,1831,157,50,1.0,0.1392279094848348,0.15,0.06,0.030952380952380953
all_community_items_multi_positive,7,52,42,42,1831,157,100,1.0,0.2284878717186613,0.35,0.07,0.044285760449553555
all_community_items_multi_positive,7,52,42,42,1831,157,150,1.0,0.31081683006690813,0.55,0.07333333333333333,0.06015785603840451
all_community_items_multi_positive,7,52,42,42,1831,157,200,1.0,0.31081683006690813,0.55,0.055,0.06015785603840451
all_community_items_multi_positive,7,52,42,42,1831,157,250,1.0,0.36478111148285913,0.7,0.056,0.06835930323649214
all_community_items_multi_positive,7,52,42,42,1831,157,300,1.0,0.3998388988458799,0.8,0.05333333333333334,0.07401208471107293
all_community_items_multi_positive,7,52,42,42,1832,158,50,1.0,0.1738828662663871,0.3,0.12,0.03210823218176159
all_community_items_multi_positive,7,52,42,42,1832,158,100,1.0,0.3138183442674275,0.6,0.12,0.0737031229025007
all_community_items_multi_positive,7,52,42,42,1832,158,150,1.0,0.3340133530992023,0.65,0.08666666666666667,0.0787031229025007
all_community_items_multi_positive,7,52,42,42,1832,158,200,1.0,0.39151595423934804,0.8,0.08,0.09197680154649303
all_community_items_multi_positive,7,52,42,42,1832,158,250,1.0,0.42780588102169115,0.9,0.072,0.09971211399779425
all_community_items_multi_positive,7,52,42,42,1832,158,300,1.0,0.46270032719446097,1.0,0.06666666666666667,0.10664150126352279
all_community_items_multi_positive,7,52,42,42,1846,159,50,1.0,0.17188868490755238,0.3,0.12,0.030028420440989557
all_community_items_multi_positive,7,52,42,42,1846,159,100,1.0,0.19404992316699463,0.35,0.07,0.03419508710765622
all_community_items_multi_positive,7,52,42,42,1846,159,150,1.0,0.21409095093887345,0.4,0.05333333333333334,0.03715805007061919
all_community_items_multi_positive,7,52,42,42,1846,159,200,1.0,0.23341947101100008,0.45,0.045,0.039935827848396964
all_community_items_multi_positive,7,52,42,42,1846,159,250,1.0,0.23341947101100008,0.45,0.036,0.039935827848396964
all_community_items_multi_positive,7,52,42,42,1846,159,300,1.0,0.2679933459447778,0.55,0.03666666666666667,0.04347564582336852
all_community_items_multi_positive,7,52,42,42,1855,160,50,1.0,0.036356287988538835,0.05,0.02,0.0035714285714285713
all_community_items_multi_positive,7,52,42,42,1855,160,100,1.0,0.17468968206829166,0.35,0.07,0.021415319032937773
all_community_items_multi_positive,7,52,42,42,1855,160,150,1.0,0.17468968206829166,0.35,0.04666666666666667,0.021415319032937773
all_community_items_multi_positive,7,52,42,42,1855,160,200,1.0,0.17468968206829166,0.35,0.035,0.021415319032937773
all_community_items_multi_positive,7,52,42,42,1855,160,250,1.0,0.17468968206829166,0.35,0.028,0.021415319032937773
all_community_items_multi_positive,7,52,42,42,1855,160,300,1.0,0.17468968206829166,0.35,0.023333333333333334,0.021415319032937773
all_community_items_multi_positive,7,52,42,42,1875,161,50,1.0,0.15344786922787523,0.15,0.06,0.03642857142857143
all_community_items_multi_positive,7,52,42,42,1875,161,100,1.0,0.17487378546285845,0.2,0.04,0.038469387755102044
all_community_items_multi_positive,7,52,42,42,1875,161,150,1.0,0.17487378546285845,0.2,0.02666666666666667,0.038469387755102044
all_community_items_multi_positive,7,52,42,42,1875,161,200,1.0,0.2322564614560856,0.35,0.035,0.04370188875292182
all_community_items_multi_positive,7,52,42,42,1875,161,250,1.0,0.2322564614560856,0.35,0.028,0.04370188875292182
all_community_items_multi_positive,7,52,42,42,1875,161,300,1.0,0.24979653022569828,0.4,0.02666666666666667,0.04516709021812329
all_community_items_multi_positive,7,52,42,42,1888,162,50,1.0,0.08961728720334347,0.05,0.02,0.025
all_community_items_multi_positive,7,52,42,42,1888,162,100,1.0,0.1357386379121061,0.15,0.03,0.028532608695652172
all_community_items_multi_positive,7,52,42,42,1888,162,150,1.0,0.15572028677570654,0.2,0.02666666666666667,0.02999246271025071
all_community_items_multi_positive,7,52,42,42,1888,162,200,1.0,0.15572028677570654,0.2,0.02,0.02999246271025071
all_community_items_multi_positive,7,52,42,42,1888,162,250,1.0,0.15572028677570654,0.2,0.016,0.02999246271025071
all_community_items_multi_positive,7,52,42,42,1888,162,300,1.0,0.15572028677570654,0.2,0.013333333333333334,0.02999246271025071
all_community_items_multi_positive,7,52,42,42,1924,163,50,0.0,0.0,0.0,0.0,0.0
all_community_items_multi_positive,7,52,42,42,1924,163,100,0.0,0.0,0.0,0.0,0.0
all_community_items_multi_positive,7,52,42,42,1924,163,150,0.0,0.0,0.0,0.0,0.0
all_community_items_multi_positive,7,52,42,42,1924,163,200,0.0,0.0,0.0,0.0,0.0
all_community_items_multi_positive,7,52,42,42,1924,163,250,0.0,0.0,0.0,0.0,0.0
all_community_items_multi_positive,7,52,42,42,1924,163,300,1.0,0.0174505981330036,0.05,0.0033333333333333335,0.0001779359430604982
all_community_items_multi_positive,7,52,42,42,1931,164,50,0.0,0.0,0.0,0.0,0.0
all_community_items_multi_positive,7,52,42,42,1931,164,100,0.0,0.0,0.0,0.0,0.0
all_community_items_multi_positive,7,52,42,42,1931,164,150,0.0,0.0,0.0,0.0,0.0
all_community_items_multi_positive,7,52,42,42,1931,164,200,0.0,0.0,0.0,0.0,0.0
all_community_items_multi_positive,7,52,42,42,1931,164,250,1.0,0.07232488083492095,0.2,0.016,0.002126739005778307
all_community_items_multi_positive,7,52,42,42,1931,164,300,1.0,0.08978647358185723,0.25,0.016666666666666666,0.0030195961486354497
all_community_items_multi_positive,7,52,42,42,1941,165,50,1.0,0.0921553234795575,0.1,0.04,0.019642857142857142
all_community_items_multi_positive,7,52,42,42,1941,165,100,1.0,0.0921553234795575,0.1,0.02,0.019642857142857142
all_community_items_multi_positive,7,52,42,42,1941,165,150,1.0,0.0921553234795575,0.1,0.013333333333333334,0.019642857142857142
all_community_items_multi_positive,7,52,42,42,1941,165,200,1.0,0.0921553234795575,0.1,0.01,0.019642857142857142
all_community_items_multi_positive,7,52,42,42,1941,165,250,1.0,0.11003883373794897,0.15,0.012,0.020255102040816327
all_community_items_multi_positive,7,52,42,42,1941,165,300,1.0,0.14504049525449791,0.25,0.016666666666666666,0.0218805599162742
all_community_items_multi_positive,7,52,42,42,1949,166,50,1.0,0.15222502113952346,0.3,0.12,0.021745220999284696
all_community_items_multi_positive,7,52,42,42,1949,166,100,1.0,0.2216434864977915,0.45,0.09,0.038907701624799666
all_community_items_multi_positive,7,52,42,42,1949,166,150,1.0,0.2612118442500523,0.55,0.07333333333333333,0.04619529751421926
all_community_items_multi_positive,7,52,42,42,1949,166,200,1.0,0.2612118442500523,0.55,0.055,0.04619529751421926
all_community_items_multi_positive,7,52,42,42,1949,166,250,1.0,0.2612118442500523,0.55,0.044,0.04619529751421926
all_community_items_multi_positive,7,52,42,42,1949,166,300,1.0,0.27852414944387305,0.6,0.04,0.04823611384074988
all_community_items_multi_positive,7,52,42,42,1964,167,50,1.0,0.09674029697314257,0.15,0.06,0.012655038759689924
all_community_items_multi_positive,7,52,42,42,1964,167,100,1.0,0.1405542353092685,0.25,0.05,0.01773675479646214
all_community_items_multi_positive,7,52,42,42,1964,167,150,1.0,0.1405542353092685,0.25,0.03333333333333333,0.01773675479646214
all_community_items_multi_positive,7,52,42,42,1964,167,200,1.0,0.17927097931187,0.35,0.035,0.021768545027347392
all_community_items_multi_positive,7,52,42,42,1964,167,250,1.0,0.21553184899562447,0.45,0.036,0.025502141589883683
all_community_items_multi_positive,7,52,42,42,1964,167,300,1.0,0.25045517064509615,0.55,0.03666666666666667,0.029246247617664995
all_community_items_multi_positive,7,52,42,42,1966,168,50,1.0,0.3246116878841959,0.35,0.14,0.12155436720142603
all_community_items_multi_positive,7,52,42,42,1966,168,100,1.0,0.39539362071084944,0.5,0.1,0.1425332575785318
all_community_items_multi_positive,7,52,42,42,1966,168,150,1.0,0.39539362071084944,0.5,0.06666666666666667,0.1425332575785318
all_community_items_multi_positive,7,52,42,42,1966,168,200,1.0,0.41458593979354086,0.55,0.055,0.14580706710234134
all_community_items_multi_positive,7,52,42,42,1966,168,250,1.0,0.41458593979354086,0.55,0.044,0.14580706710234134
all_community_items_multi_positive,7,52,42,42,1966,168,300,1.0,0.4493421287016485,0.65,0.043333333333333335,0.15014704512776908
all_community_items_multi_positive,7,52,42,42,1977,169,50,0.0,0.0,0.0,0.0,0.0
all_community_items_multi_positive,7,52,42,42,1977,169,100,1.0,0.07166080536508851,0.15,0.03,0.00465472027972028
all_community_items_multi_positive,7,52,42,42,1977,169,150,1.0,0.0924872441457151,0.2,0.02666666666666667,0.0064404345654345664
all_community_items_multi_positive,7,52,42,42,1977,169,200,1.0,0.14949766817482477,0.35,0.035,0.011493698217988998
all_community_items_multi_positive,7,52,42,42,1977,169,250,1.0,0.16769077468165985,0.4,0.032,0.013287420191083168
all_community_items_multi_positive,7,52,42,42,1977,169,300,1.0,0.16769077468165985,0.4,0.02666666666666667,0.013287420191083168
all_community_items_multi_positive,7,52,42,42,1997,170,50,1.0,0.37358701209208856,0.5,0.2,0.14898858551389332
all_community_items_multi_positive,7,52,42,42,1997,170,100,1.0,0.3966839032119136,0.55,0.11,0.15684572837103616
all_community_items_multi_positive,7,52,42,42,1997,170,150,1.0,0.3966839032119136,0.55,0.07333333333333333,0.15684572837103616
all_community_items_multi_positive,7,52,42,42,1997,170,200,1.0,0.3966839032119136,0.55,0.055,0.15684572837103616
all_community_items_multi_positive,7,52,42,42,1997,170,250,1.0,0.3966839032119136,0.55,0.044,0.15684572837103616
all_community_items_multi_positive,7,52,42,42,1997,170,300,1.0,0.3966839032119136,0.55,0.03666666666666667,0.15684572837103616
all_community_items_multi_positive,7,52,42,42,1998,171,50,1.0,0.06538243897619547,0.1,0.04,0.007179487179487179
all_community_items_multi_positive,7,52,42,42,1998,171,100,1.0,0.20183321463833967,0.4,0.08,0.028055542376484426
all_community_items_multi_positive,7,52,42,42,1998,171,150,1.0,0.2227788723875333,0.45,0.06,0.03218398274345691
all_community_items_multi_positive,7,52,42,42,1998,171,200,1.0,0.24199342061512613,0.5,0.05,0.035177994719504814
all_community_items_multi_positive,7,52,42,42,1998,171,250,1.0,0.24199342061512613,0.5,0.04,0.035177994719504814
all_community_items_multi_positive,7,52,42,42,1998,171,300,1.0,0.24199342061512613,0.5,0.03333333333333333,0.035177994719504814
all_community_items_multi_positive,7,52,42,42,2008,172,50,1.0,0.2263798911303777,0.35,0.14,0.053322112579634304
all_community_items_multi_positive,7,52,42,42,2008,172,100,1.0,0.27301211558879485,0.45,0.09,0.06595277460054023
all_community_items_multi_positive,7,52,42,42,2008,172,150,1.0,0.2927951013972352,0.5,0.06666666666666667,0.06942499682276246
all_community_items_multi_positive,7,52,42,42,2008,172,200,1.0,0.3118789544068516,0.55,0.055,0.07260418757420753
all_community_items_multi_positive,7,52,42,42,2008,172,250,1.0,0.34788165680173677,0.65,0.052,0.07788882774606574
all_community_items_multi_positive,7,52,42,42,2008,172,300,1.0,0.34788165680173677,0.65,0.043333333333333335,0.07788882774606574
all_community_items_multi_positive,7,52,42,42,2010,173,50,1.0,0.32543588107118315,0.25,0.1,0.1257034632034632
all_community_items_multi_positive,7,52,42,42,2010,173,100,1.0,0.41830757053953044,0.45,0.09,0.14720750689060547
all_community_items_multi_positive,7,52,42,42,2010,173,150,1.0,0.43806327368227627,0.5,0.06666666666666667,0.15065578275267444
all_community_items_multi_positive,7,52,42,42,2010,173,200,1.0,0.45739179375440286,0.55,0.055,0.15405084448106948
all_community_items_multi_positive,7,52,42,42,2010,173,250,1.0,0.45739179375440286,0.55,0.044,0.15405084448106948
all_community_items_multi_positive,7,52,42,42,2010,173,300,1.0,0.45739179375440286,0.55,0.03666666666666667,0.15405084448106948
all_community_items_multi_positive,7,52,42,42,2013,174,50,1.0,0.2925301228050897,0.35,0.14,0.10351190476190475
all_community_items_multi_positive,7,52,42,42,2013,174,100,1.0,0.3385439460029699,0.45,0.09,0.11541666666666665
all_community_items_multi_positive,7,52,42,42,2013,174,150,1.0,0.37915966813883617,0.55,0.07333333333333333,0.12371562929633795
all_community_items_multi_positive,7,52,42,42,2013,174,200,1.0,0.37915966813883617,0.55,0.055,0.12371562929633795
all_community_items_multi_positive,7,52,42,42,2013,174,250,1.0,0.4153545840423165,0.65,0.052,0.12916180358910423
all_community_items_multi_positive,7,52,42,42,2013,174,300,1.0,0.4153545840423165,0.65,0.043333333333333335,0.12916180358910423
all_community_items_multi_positive,7,52,42,42,2016,175,50,0.0,0.0,0.0,0.0,0.0
all_community_items_multi_positive,7,52,42,42,2016,175,100,0.0,0.0,0.0,0.0,0.0
all_community_items_multi_positive,7,52,42,42,2016,175,150,0.0,0.0,0.0,0.0,0.0
all_community_items_multi_positive,7,52,42,42,2016,175,200,1.0,0.019148404386392977,0.05,0.005,0.0002941176470588235
all_community_items_multi_positive,7,52,42,42,2016,175,250,1.0,0.037071861827061674,0.1,0.008,0.0007073407875546913
all_community_items_multi_positive,7,52,42,42,2016,175,300,1.0,0.037071861827061674,0.1,0.006666666666666667,0.0007073407875546913
all_community_items_multi_positive,7,52,42,42,2032,176,50,1.0,0.25968384221798213,0.25,0.1,0.09084546472564389
all_community_items_multi_positive,7,52,42,42,2032,176,100,1.0,0.30570449807085986,0.35,0.07,0.09995477646653458
all_community_items_multi_positive,7,52,42,42,2032,176,150,1.0,0.32677410204877444,0.4,0.05333333333333334,0.10372836137219496
all_community_items_multi_positive,7,52,42,42,2032,176,200,1.0,0.38395623304562454,0.55,0.055,0.1123128458200531
all_community_items_multi_positive,7,52,42,42,2032,176,250,1.0,0.40194778698545136,0.6,0.048,0.11484449138967334
all_community_items_multi_positive,7,52,42,42,2032,176,300,1.0,0.43711570234127706,0.7,0.04666666666666667,0.11985441202459397
all_community_items_multi_positive,7,52,42,42,2034,177,50,1.0,0.2916400253843593,0.35,0.14,0.1052721216691805
all_community_items_multi_positive,7,52,42,42,2034,177,100,1.0,0.36328766535083823,0.5,0.1,0.12734162317290348
all_community_items_multi_positive,7,52,42,42,2034,177,150,1.0,0.36328766535083823,0.5,0.06666666666666667,0.12734162317290348
all_community_items_multi_positive,7,52,42,42,2034,177,200,1.0,0.4019765112369379,0.6,0.06,0.13446143884110623
all_community_items_multi_positive,7,52,42,42,2034,177,250,1.0,0.42042221626583803,0.65,0.052,0.13760153545946371
all_community_items_multi_positive,7,52,42,42,2034,177,300,1.0,0.4380553707543336,0.7,0.04666666666666667,0.14024304489342598
all_community_items_multi_positive,7,52,42,42,2051,178,50,1.0,0.029872429067781155,0.05,0.02,0.0019230769230769232
all_community_items_multi_positive,7,52,42,42,2051,178,100,1.0,0.052404944919436015,0.1,0.02,0.003205128205128205
all_community_items_multi_positive,7,52,42,42,2051,178,150,1.0,0.07315437828017285,0.15,0.02,0.004520917678812415
all_community_items_multi_positive,7,52,42,42,2051,178,200,1.0,0.09267576517821664,0.2,0.02,0.005819618977513714
all_community_items_multi_positive,7,52,42,42,2051,178,250,1.0,0.12850928994149147,0.3,0.024,0.008087244729987952
all_community_items_multi_positive,7,52,42,42,2051,178,300,1.0,0.12850928994149147,0.3,0.02,0.008087244729987952
all_community_items_multi_positive,7,52,42,42,2052,179,50,0.0,0.0,0.0,0.0,0.0
all_community_items_multi_positive,7,52,42,42,2052,179,100,1.0,0.09256111925038497,0.2,0.04,0.006665906665906667
all_community_items_multi_positive,7,52,42,42,2052,179,150,1.0,0.09256111925038497,0.2,0.02666666666666667,0.006665906665906667
all_community_items_multi_positive,7,52,42,42,2052,179,200,1.0,0.09256111925038497,0.2,0.02,0.006665906665906667
all_community_items_multi_positive,7,52,42,42,2052,179,250,1.0,0.1110402748988279,0.25,0.02,0.007885418861028618
all_community_items_multi_positive,7,52,42,42,2052,179,300,1.0,0.1110402748988279,0.25,0.016666666666666666,0.007885418861028618
all_community_items_multi_positive,7,52,42,42,2084,180,50,1.0,0.3229793719877969,0.4,0.16,0.10832375860707284
all_community_items_multi_positive,7,52,42,42,2084,180,100,1.0,0.3471249879025796,0.45,0.09,0.11608237929672802
all_community_items_multi_positive,7,52,42,42,2084,180,150,1.0,0.3471249879025796,0.45,0.06,0.11608237929672802
all_community_items_multi_positive,7,52,42,42,2084,180,200,1.0,0.3667223196046695,0.5,0.05,0.11939363757487371
all_community_items_multi_positive,7,52,42,42,2084,180,250,1.0,0.40289201753876563,0.6,0.048,0.1243806402873511
all_community_items_multi_positive,7,52,42,42,2084,180,300,1.0,0.40289201753876563,0.6,0.04,0.1243806402873511
all_community_items_multi_positive,7,52,42,42,2092,181,50,1.0,0.0918818800245196,0.15,0.06,0.011673669467787116
all_community_items_multi_positive,7,52,42,42,2092,181,100,1.0,0.18257201112600996,0.35,0.07,0.025926340249403212
all_community_items_multi_positive,7,52,42,42,2092,181,150,1.0,0.22510243571397928,0.45,0.06,0.03429850099488953
all_community_items_multi_positive,7,52,42,42,2092,181,200,1.0,0.24425084010037224,0.5,0.05,0.03723967746547776
all_community_items_multi_positive,7,52,42,42,2092,181,250,1.0,0.298419290628104,0.65,0.052,0.04496763336932471
all_community_items_multi_positive,7,52,42,42,2092,181,300,1.0,0.298419290628104,0.65,0.043333333333333335,0.04496763336932471
