User	Movie	Rating
5	180	5.0
5	217	5.0
5	223	5.0
5	243	5.0
5	453	5.0
5	531	5.0
5	652	4.0
5	682	5.0
5	719	3.0
5	816	4.0
5	847	4.0
5	1001	3.0
5	1076	5.0
5	1125	3.0
5	1140	5.0
5	1181	4.0
5	1185	3.0
5	1295	5.0
5	1421	5.0
5	1600	5.0
5	1629	4.0
5	1682	4.0
5	1772	5.0
5	1941	5.0
5	2015	4.0
5	2025	5.0
5	2122	3.0
5	2135	5.0
5	2252	4.0
5	2443	5.0
5	2485	4.0
5	2619	5.0
5	2763	3.0
5	2931	5.0
5	3056	5.0
5	3144	4.0
5	3150	4.0
5	3309	5.0
5	3392	5.0
5	3433	2.0
5	3449	5.0
5	3555	2.0
5	3576	5.0
5	3661	5.0
5	3768	5.0
5	3791	5.0
5	3821	5.0
5	3869	1.0
5	3978	3.0
5	4025	4.0
5	4097	5.0
5	4119	3.0
5	4296	5.0
5	4480	4.0
5	4623	5.0
5	4947	5.0
5	5124	5.0
5	5154	3.0
5	5200	4.0
5	5386	5.0
5	5472	4.0
5	5704	5.0
5	6200	5.0
5	6577	5.0
5	6661	3.0
5	6878	4.0
54	7	4.0
54	19	3.0
54	60	2.0
54	83	5.0
54	141	4.0
54	170	4.0
54	214	5.0
54	304	2.0
54	358	3.0
54	359	3.0
54	453	3.0
54	459	3.0
54	483	2.0
54	500	4.0
54	667	3.0
54	681	4.0
54	777	3.0
54	778	4.0
54	849	4.0
54	858	3.0
54	883	1.0
54	893	4.0
54	1056	4.0
54	1143	3.0
54	1183	4.0
54	1194	4.0
54	1319	3.0
54	1343	4.0
54	1349	4.0
54	1375	4.0
54	1381	4.0
54	1388	4.0
54	1432	5.0
54	1491	5.0
54	1566	2.0
54	1575	5.0
54	1745	2.0
54	1825	5.0
54	1849	1.0
54	1922	5.0
54	1933	5.0
54	1950	4.0
54	2048	2.0
54	2119	3.0
54	2162	3.0
54	2178	1.0
54	2264	3.0
54	2274	4.0
54	2278	3.0
54	2304	3.0
54	2391	4.0
54	2456	5.0
54	2471	5.0
54	2472	3.0
54	2477	4.0
54	2492	4.0
54	2520	5.0
54	2650	3.0
54	2664	2.0
54	2693	4.0
54	2757	3.0
54	2823	5.0
54	2901	3.0
54	2927	3.0
54	3055	4.0
54	3083	5.0
54	3107	4.0
54	3145	5.0
54	3149	4.0
54	3253	3.0
54	3270	5.0
54	3310	4.0
54	3338	3.0
54	3381	4.0
54	3430	3.0
54	3513	5.0
54	3526	4.0
54	3577	5.0
54	3592	4.0
54	3633	3.0
54	3635	3.0
54	3652	2.0
54	3669	4.0
54	3694	5.0
54	3746	4.0
54	3773	3.0
54	3808	5.0
54	3822	3.0
54	3828	3.0
54	3864	4.0
54	3873	3.0
54	4014	3.0
54	4094	5.0
54	4127	5.0
54	4128	4.0
54	4172	2.0
54	4333	3.0
54	4338	4.0
54	4401	4.0
54	4409	4.0
54	4421	4.0
54	4446	3.0
54	4463	5.0
54	4512	3.0
54	4671	4.0
54	4993	4.0
54	5124	4.0
54	5191	4.0
54	5247	4.0
54	5270	4.0
54	5271	3.0
54	5311	3.0
54	5325	4.0
54	5445	3.0
54	5456	2.0
54	5521	5.0
54	5575	3.0
54	5582	4.0
54	5597	4.0
54	5664	4.0
54	5688	5.0
54	5710	4.0
54	5781	5.0
54	5850	3.0
54	5884	4.0
54	5979	5.0
54	6014	4.0
54	6132	3.0
54	6256	4.0
54	6286	3.0
54	6288	4.0
54	6321	3.0
54	6433	4.0
54	6523	4.0
54	6527	4.0
54	6544	5.0
54	6624	4.0
54	6642	5.0
54	6658	2.0
54	6704	5.0
54	6716	5.0
54	6738	3.0
54	6785	4.0
54	6786	4.0
54	6866	3.0
71	192	4.0
71	241	1.0
71	254	3.0
71	429	3.0
71	483	1.0
71	491	1.0
71	561	3.0
71	624	2.0
71	797	3.0
71	847	3.0
71	884	3.0
71	1047	5.0
71	1074	3.0
71	1175	3.0
71	1177	4.0
71	1544	3.0
71	1587	3.0
71	1600	3.0
71	1728	5.0
71	1792	4.0
71	2048	2.0
71	2159	2.0
71	2367	2.0
71	2384	2.0
71	2421	3.0
71	2492	3.0
71	2602	2.0
71	2628	1.0
71	2698	3.0
71	3085	3.0
71	3517	4.0
71	3612	2.0
71	3777	5.0
71	3889	2.0
71	4031	3.0
71	4037	4.0
71	4055	3.0
71	4202	3.0
71	4269	3.0
71	4434	2.0
71	4460	1.0
71	4729	3.0
71	4980	1.0
71	5005	3.0
71	5036	2.0
71	5262	2.0
71	5386	3.0
71	5440	2.0
71	5572	3.0
71	5575	4.0
71	5582	3.0
71	5686	3.0
71	5707	3.0
71	5709	4.0
71	5888	3.0
71	6244	3.0
71	6516	2.0
71	6955	3.0
104	192	4.0
104	613	4.0
104	656	4.0
104	858	3.0
104	1030	3.0
104	1145	4.0
104	1607	4.0
104	1681	4.0
104	1808	4.0
104	1999	4.0
104	2325	5.0
104	2462	4.0
104	3056	4.0
104	3060	4.0
104	3615	3.0
104	3690	4.0
104	3777	5.0
104	3828	4.0
104	4097	4.0
104	4161	4.0
104	4180	2.0
104	4206	4.0
104	4928	3.0
104	5049	4.0
104	5124	3.0
104	5572	5.0
104	5686	2.0
104	5936	4.0
104	6578	3.0
106	3	4.0
106	141	4.0
106	217	3.0
106	223	5.0
106	246	4.0
106	282	3.0
106	375	5.0
106	675	4.0
106	680	4.0
106	816	4.0
106	920	5.0
106	1052	5.0
106	1148	3.0
106	1175	3.0
106	1224	4.0
106	1242	4.0
106	1400	4.0
106	1523	4.0
106	1587	2.0
106	1728	4.0
106	1847	4.0
106	1859	4.0
106	1956	4.0
106	1991	5.0
106	2029	4.0
106	2033	4.0
106	2128	3.0
106	2243	4.0
106	2248	4.0
106	2266	3.0
106	2421	4.0
106	2539	4.0
106	2686	4.0
106	2792	5.0
106	2845	3.0
106	2874	3.0
106	3022	4.0
106	3023	4.0
106	3027	4.0
106	3056	3.0
106	3226	2.0
106	3411	4.0
106	3419	5.0
106	3449	2.0
106	3453	4.0
106	3564	4.0
106	3570	3.0
106	3601	3.0
106	3627	4.0
106	3641	4.0
106	3739	5.0
106	3777	5.0
106	3785	2.0
106	3794	4.0
106	3831	4.0
106	3835	4.0
106	3836	3.0
106	3844	5.0
106	3865	3.0
106	3874	4.0
106	4030	4.0
106	4053	5.0
106	4068	3.0
106	4215	4.0
106	4245	3.0
106	4296	4.0
106	4376	5.0
106	4477	5.0
106	4487	3.0
106	4644	4.0
106	4708	4.0
106	4842	2.0
106	4911	3.0
106	5178	4.0
106	5258	5.0
106	5421	4.0
106	5476	5.0
106	5597	4.0
106	5606	4.0
106	5615	4.0
106	5763	3.0
106	5795	4.0
106	5813	4.0
106	6193	4.0
106	6283	4.0
106	6366	4.0
106	6415	2.0
106	6916	3.0
106	6925	4.0
106	6955	5.0
106	6956	4.0
152	132	4.0
152	176	2.0
152	194	1.0
152	371	3.0
152	401	3.0
152	483	1.0
152	629	2.0
152	797	1.0
152	1397	4.0
152	1415	3.0
152	1587	3.0
152	1588	3.0
152	1607	1.0
152	1632	4.0
152	1681	4.0
152	1738	4.0
152	2029	5.0
152	2384	3.0
152	2460	4.0
152	2714	4.0
152	2758	5.0
152	3130	4.0
152	3196	5.0
152	3269	5.0
152	3331	3.0
152	3527	1.0
152	3630	2.0
152	3670	4.0
152	4054	3.0
152	4172	3.0
152	4186	5.0
152	4323	4.0
152	4673	3.0
152	4781	5.0
152	4922	3.0
152	4927	5.0
152	5100	4.0
152	5124	5.0
152	5386	4.0
152	5430	1.0
152	5440	3.0
152	5515	4.0
152	5534	4.0
152	5719	5.0
152	5800	3.0
152	6203	4.0
152	6217	5.0
152	6469	4.0
152	6637	4.0
152	6953	5.0
155	223	4.0
155	323	4.0
155	341	4.0
155	369	4.0
155	561	3.0
155	612	2.0
155	807	3.0
155	912	4.0
155	1171	3.0
155	1448	1.0
155	1588	3.0
155	1629	4.0
155	1728	4.0
155	1941	3.0
155	2159	3.0
155	2756	3.0
155	2931	3.0
155	2932	4.0
155	3095	4.0
155	3141	3.0
155	3309	3.0
155	3324	2.0
155	3378	3.0
155	3690	3.0
155	3692	3.0
155	3777	4.0
155	3781	4.0
155	3791	5.0
155	3863	1.0
155	4037	3.0
155	4054	4.0
155	4135	2.0
155	4180	3.0
155	4236	3.0
155	4296	5.0
155	4477	4.0
155	4517	3.0
155	4555	4.0
155	4658	4.0
155	4706	3.0
155	4889	4.0
155	5047	2.0
155	5059	3.0
155	5294	4.0
155	5385	3.0
155	5386	4.0
155	5445	4.0
155	5581	3.0
155	5630	3.0
155	5864	4.0
155	5978	4.0
155	6053	4.0
155	6055	2.0
155	6199	3.0
155	6208	4.0
155	6370	4.0
155	6740	4.0
155	6813	2.0
155	6881	5.0
158	7	4.0
158	176	1.0
158	180	5.0
158	453	5.0
158	475	4.0
158	547	3.0
158	649	4.0
158	680	5.0
158	699	4.0
158	923	2.0
158	946	5.0
158	1105	3.0
158	1247	4.0
158	1263	3.0
158	1759	4.0
158	1782	4.0
158	1799	5.0
158	1808	4.0
158	1933	3.0
158	1941	4.0
158	2028	5.0
158	2274	4.0
158	2307	4.0
158	2717	4.0
158	2839	4.0
158	2931	5.0
158	3046	4.0
158	3248	4.0
158	3564	3.0
158	3668	3.0
158	3717	3.0
158	3923	4.0
158	4053	4.0
158	4159	4.0
158	4186	4.0
158	4246	4.0
158	4258	4.0
158	4296	4.0
158	4487	4.0
158	4513	1.0
158	4560	3.0
158	4695	4.0
158	4854	3.0
158	4889	3.0
158	4923	4.0
158	4928	5.0
158	5057	5.0
158	5124	5.0
158	5150	3.0
158	5247	5.0
158	5266	5.0
158	5283	3.0
158	5344	4.0
158	5389	5.0
158	5423	3.0
158	5476	4.0
158	5566	4.0
158	5581	3.0
158	5686	3.0
158	6208	4.0
158	6577	4.0
158	6826	5.0
158	6887	3.0
158	6955	5.0
160	311	3.0
160	341	3.0
160	353	5.0
160	444	4.0
160	501	3.0
160	561	3.0
160	709	3.0
160	818	5.0
160	832	5.0
160	1076	4.0
160	1077	3.0
160	1125	2.0
160	1298	3.0
160	1441	5.0
160	1574	4.0
160	1695	4.0
160	1728	3.0
160	1740	5.0
160	1770	4.0
160	1797	5.0
160	1868	4.0
160	1959	5.0
160	2351	4.0
160	2520	5.0
160	2628	3.0
160	2739	5.0
160	2938	2.0
160	3045	4.0
160	3087	4.0
160	3144	4.0
160	3188	4.0
160	3378	3.0
160	3777	4.0
160	3786	3.0
160	4016	5.0
160	4030	5.0
160	4090	5.0
160	4164	2.0
160	4186	4.0
160	4236	1.0
160	4590	3.0
160	4665	5.0
160	4947	1.0
160	5251	4.0
160	5501	3.0
160	5628	4.0
160	5694	3.0
160	5936	4.0
160	6150	3.0
160	6201	5.0
160	6340	3.0
160	6370	5.0
160	6637	4.0
160	6653	4.0
160	6774	5.0
160	6886	5.0
200	53	3.0
200	131	4.0
200	217	4.0
200	358	3.0
200	397	2.0
200	494	3.0
200	537	3.0
200	601	4.0
200	655	3.0
200	770	3.0
200	846	4.0
200	884	3.0
200	1005	4.0
200	1035	4.0
200	1077	4.0
200	1137	4.0
200	1329	4.0
200	1355	4.0
200	1493	3.0
200	1557	4.0
200	1591	2.0
200	1702	4.0
200	1740	5.0
200	1770	5.0
200	2017	4.0
200	2160	4.0
200	2209	3.0
200	2220	4.0
200	2221	4.0
200	2249	4.0
200	2250	4.0
200	2384	4.0
200	2463	4.0
200	2492	4.0
200	2522	4.0
200	2739	4.0
200	2786	5.0
200	2840	4.0
200	2859	5.0
200	2935	3.0
200	2941	4.0
200	2962	5.0
200	3060	4.0
200	3096	4.0
200	3098	3.0
200	3110	3.0
200	3144	3.0
200	3163	4.0
200	3174	4.0
200	3213	4.0
200	3268	4.0
200	3389	4.0
200	3400	3.0
200	3407	3.0
200	3472	4.0
200	3511	4.0
200	3687	4.0
200	3779	5.0
200	3787	4.0
200	3865	4.0
200	4053	4.0
200	4067	4.0
200	4097	4.0
200	4202	3.0
200	4307	5.0
200	4310	3.0
200	4738	4.0
200	4771	4.0
200	4791	4.0
200	4812	4.0
200	4927	5.0
200	4951	3.0
200	4982	4.0
200	4993	3.0
200	5042	4.0
200	5194	4.0
200	5258	4.0
200	5328	4.0
200	5362	4.0
200	5440	3.0
200	5531	4.0
200	5591	4.0
200	5670	4.0
200	5856	4.0
200	6068	2.0
200	6138	5.0
200	6172	4.0
200	6200	3.0
200	6311	5.0
200	6370	5.0
200	6396	4.0
200	6599	3.0
200	6672	5.0
200	6849	4.0
200	6923	4.0
200	6948	4.0
200	6956	5.0
200	6968	3.0
217	83	5.0
217	105	5.0
217	126	2.0
217	141	5.0
217	243	4.0
217	656	4.0
217	680	5.0
217	706	4.0
217	712	5.0
217	723	4.0
217	858	4.0
217	911	5.0
217	921	3.0
217	929	4.0
217	1033	5.0
217	1036	5.0
217	1076	5.0
217	1127	3.0
217	1249	5.0
217	1295	4.0
217	1305	4.0
217	1432	3.0
217	1468	3.0
217	1503	4.0
217	1602	2.0
217	1642	3.0
217	1707	3.0
217	1732	4.0
217	1767	5.0
217	2025	5.0
217	2029	5.0
217	2048	4.0
217	2128	5.0
217	2197	5.0
217	2221	5.0
217	2274	5.0
217	2324	5.0
217	2425	5.0
217	2460	4.0
217	2461	4.0
217	2561	4.0
217	2672	4.0
217	2708	4.0
217	2717	4.0
217	2901	4.0
217	2916	5.0
217	2931	5.0
217	2980	4.0
217	2991	4.0
217	3017	5.0
217	3060	4.0
217	3110	4.0
217	3124	4.0
217	3407	4.0
217	3417	5.0
217	3804	5.0
217	3874	5.0
217	3919	5.0
217	3949	4.0
217	3950	3.0
217	4172	5.0
217	4202	4.0
217	4220	4.0
217	4463	4.0
217	4511	4.0
217	4620	5.0
217	4857	5.0
217	4894	5.0
217	4982	5.0
217	5065	4.0
217	5082	5.0
217	5124	5.0
217	5133	5.0
217	5187	4.0
217	5262	3.0
217	5385	5.0
217	5386	5.0
217	5566	5.0
217	5582	4.0
217	5686	2.0
217	5719	3.0
217	5725	4.0
217	5844	4.0
217	5936	3.0
217	6203	4.0
217	6659	4.0
217	6664	4.0
217	6749	5.0
217	6773	4.0
217	6850	3.0
217	6875	3.0
227	50	4.0
227	122	4.0
227	248	3.0
227	256	3.0
227	275	4.0
227	352	4.0
227	500	4.0
227	561	3.0
227	752	2.0
227	793	4.0
227	810	3.0
227	827	5.0
227	843	3.0
227	908	4.0
227	1080	3.0
227	1139	4.0
227	1181	3.0
227	1193	4.0
227	1233	4.0
227	1316	4.0
227	1377	4.0
227	1397	4.0
227	1436	3.0
227	1589	3.0
227	1773	3.0
227	1941	4.0
227	2014	3.0
227	2068	4.0
227	2167	4.0
227	2186	3.0
227	2230	2.0
227	2242	4.0
227	2287	3.0
227	2334	3.0
227	2421	4.0
227	2509	3.0
227	2872	3.0
227	2973	4.0
227	3077	4.0
227	3085	3.0
227	3099	3.0
227	3129	3.0
227	3186	3.0
227	3309	4.0
227	3331	3.0
227	3410	3.0
227	3416	3.0
227	3440	3.0
227	3528	4.0
227	3651	4.0
227	3684	4.0
227	3691	3.0
227	3707	3.0
227	3781	4.0
227	3856	4.0
227	3931	2.0
227	4025	4.0
227	4053	4.0
227	4055	3.0
227	4164	3.0
227	4202	4.0
227	4204	3.0
227	4321	4.0
227	4460	3.0
227	4477	3.0
227	4511	4.0
227	4517	3.0
227	4520	4.0
227	4555	3.0
227	4644	4.0
227	4665	3.0
227	4684	4.0
227	4713	3.0
227	4922	4.0
227	4928	4.0
227	4993	4.0
227	5082	4.0
227	5124	4.0
227	5157	3.0
227	5179	3.0
227	5258	4.0
227	5410	4.0
227	5417	3.0
227	5501	3.0
227	5591	2.0
227	5598	3.0
227	5605	3.0
227	5663	4.0
227	5735	4.0
227	5934	3.0
227	6116	3.0
227	6179	3.0
227	6182	4.0
227	6209	3.0
227	6377	3.0
227	6524	3.0
227	6594	4.0
227	6630	4.0
227	6676	3.0
227	6770	3.0
227	6820	4.0
227	6828	3.0
227	6918	4.0
227	6971	3.0
251	7	4.0
251	83	4.0
251	94	3.0
251	105	3.0
251	141	5.0
251	211	4.0
251	233	3.0
251	246	3.0
251	289	4.0
251	292	3.0
251	293	3.0
251	311	2.0
251	331	5.0
251	351	3.0
251	399	4.0
251	479	4.0
251	484	4.0
251	492	3.0
251	500	3.0
251	549	2.0
251	553	3.0
251	649	4.0
251	724	4.0
251	729	4.0
251	747	5.0
251	756	3.0
251	786	5.0
251	787	3.0
251	817	5.0
251	831	3.0
251	847	2.0
251	912	3.0
251	1059	2.0
251	1137	4.0
251	1148	3.0
251	1159	4.0
251	1186	3.0
251	1280	3.0
251	1336	3.0
251	1384	5.0
251	1405	2.0
251	1639	4.0
251	1653	4.0
251	1698	3.0
251	1751	3.0
251	1766	4.0
251	1777	4.0
251	1809	4.0
251	1815	3.0
251	1859	3.0
251	1956	3.0
251	2014	4.0
251	2028	3.0
251	2029	5.0
251	2147	2.0
251	2150	5.0
251	2197	3.0
251	2199	3.0
251	2225	5.0
251	2356	5.0
251	2490	3.0
251	2508	3.0
251	2519	3.0
251	2520	3.0
251	2564	3.0
251	2574	4.0
251	2763	3.0
251	2823	4.0
251	2923	3.0
251	2962	4.0
251	2973	4.0
251	2999	4.0
251	3016	4.0
251	3024	5.0
251	3036	3.0
251	3060	3.0
251	3099	5.0
251	3103	4.0
251	3125	4.0
251	3151	5.0
251	3170	3.0
251	3196	2.0
251	3255	4.0
251	3308	3.0
251	3371	4.0
251	3435	3.0
251	3513	4.0
251	3537	4.0
251	3569	5.0
251	3594	3.0
251	3653	3.0
251	3687	4.0
251	3700	3.0
251	3739	4.0
251	3905	4.0
251	3908	4.0
251	3915	4.0
251	3950	2.0
251	3993	2.0
251	4053	4.0
251	4084	4.0
251	4097	3.0
251	4109	4.0
251	4178	4.0
251	4194	4.0
251	4269	3.0
251	4295	4.0
251	4394	2.0
251	4514	3.0
251	4541	4.0
251	4542	3.0
251	4562	4.0
251	4610	3.0
251	4643	4.0
251	4684	4.0
251	4774	4.0
251	4781	4.0
251	4993	3.0
251	5114	4.0
251	5124	5.0
251	5210	4.0
251	5258	4.0
251	5265	4.0
251	5317	3.0
251	5325	2.0
251	5343	4.0
251	5424	2.0
251	5508	4.0
251	5534	3.0
251	5606	5.0
251	5621	4.0
251	5726	3.0
251	5810	4.0
251	5836	3.0
251	5844	5.0
251	5873	4.0
251	6024	3.0
251	6199	3.0
251	6200	3.0
251	6214	3.0
251	6286	3.0
251	6384	3.0
251	6409	3.0
251	6420	3.0
251	6427	4.0
251	6473	4.0
251	6479	4.0
251	6491	5.0
251	6583	4.0
251	6662	3.0
251	6685	5.0
251	6700	3.0
251	6741	5.0
251	6758	4.0
251	6797	3.0
251	6894	3.0
251	6922	3.0
251	6925	3.0
251	6927	3.0
266	465	4.0
266	535	5.0
266	601	5.0
266	613	4.0
266	711	5.0
266	816	5.0
266	1073	3.0
266	1175	5.0
266	1587	4.0
266	1774	4.0
266	1925	4.0
266	2004	5.0
266	2029	4.0
266	2240	5.0
266	2350	5.0
266	2461	4.0
266	3056	3.0
266	3073	5.0
266	3111	3.0
266	3129	4.0
266	3167	4.0
266	3580	3.0
266	3794	5.0
266	3835	4.0
266	3910	4.0
266	4124	3.0
266	4169	5.0
266	4194	3.0
266	4304	3.0
266	4316	4.0
266	4349	4.0
266	4796	5.0
266	5204	4.0
266	5481	3.0
266	5753	3.0
266	6283	5.0
266	6538	4.0
266	6691	5.0
266	6877	3.0
266	6955	4.0
279	54	4.0
279	272	4.0
279	323	3.0
279	567	4.0
279	805	4.0
279	964	4.0
279	977	3.0
279	1155	3.0
279	1421	4.0
279	1506	3.0
279	1544	2.0
279	1601	3.0
279	1647	4.0
279	1654	3.0
279	1740	3.0
279	1770	3.0
279	1920	3.0
279	1941	3.0
279	2029	5.0
279	2274	4.0
279	2350	3.0
279	2797	3.0
279	2841	4.0
279	3110	5.0
279	3296	4.0
279	3317	4.0
279	3411	3.0
279	3440	4.0
279	3649	3.0
279	3691	3.0
279	3906	3.0
279	4054	5.0
279	4151	4.0
279	4323	4.0
279	4852	4.0
279	4894	3.0
279	5015	5.0
279	5311	2.0
279	5387	4.0
279	5435	4.0
279	5489	4.0
279	5924	4.0
279	5973	2.0
279	6370	4.0
279	6545	3.0
279	6578	4.0
279	6722	4.0
279	6723	5.0
279	6734	3.0
279	6848	4.0
279	6955	4.0
279	6963	2.0
284	56	5.0
284	141	5.0
284	219	4.0
284	236	1.0
284	353	5.0
284	459	4.0
284	703	5.0
284	818	5.0
284	858	4.0
284	1056	4.0
284	1145	5.0
284	1282	5.0
284	1306	5.0
284	1700	5.0
284	1759	5.0
284	1808	5.0
284	2522	5.0
284	2823	5.0
284	2846	5.0
284	3018	3.0
284	3371	4.0
284	3378	5.0
284	3794	4.0
284	4067	5.0
284	4094	4.0
284	4171	5.0
284	4333	2.0
284	4340	5.0
284	4485	4.0
284	4569	1.0
284	4639	4.0
284	4885	5.0
284	4893	4.0
284	5124	5.0
284	5143	4.0
284	5150	5.0
284	5283	4.0
284	5417	4.0
284	5476	5.0
284	5552	3.0
284	5590	5.0
284	5989	3.0
284	6370	5.0
284	6469	4.0
284	6867	3.0
304	96	5.0
304	233	4.0
304	453	4.0
304	469	3.0
304	705	1.0
304	1415	3.0
304	1432	5.0
304	1587	4.0
304	1624	5.0
304	1808	4.0
304	1887	3.0
304	2430	4.0
304	2455	4.0
304	2588	4.0
304	3060	4.0
304	3089	4.0
304	3234	4.0
304	3613	2.0
304	3657	3.0
304	3690	3.0
304	3754	4.0
304	3781	5.0
304	3874	5.0
304	3891	5.0
304	4053	5.0
304	4187	5.0
304	4333	2.0
304	4398	4.0
304	4459	4.0
304	4487	2.0
304	4553	4.0
304	4791	4.0
304	4929	5.0
304	4993	4.0
304	4997	4.0
304	5035	3.0
304	5046	4.0
304	5053	4.0
304	5328	5.0
304	5566	4.0
304	5592	3.0
304	5598	4.0
304	5726	4.0
304	5849	3.0
304	5872	4.0
304	6287	3.0
304	6956	5.0
308	42	5.0
308	260	3.0
308	341	4.0
308	399	4.0
308	462	4.0
308	557	3.0
308	578	3.0
308	594	3.0
308	634	4.0
308	653	4.0
308	737	4.0
308	782	4.0
308	998	4.0
308	1080	4.0
308	1364	4.0
308	1426	4.0
308	1518	3.0
308	1587	4.0
308	1654	4.0
308	1690	5.0
308	1740	4.0
308	1999	3.0
308	2090	4.0
308	2483	5.0
308	2602	4.0
308	2603	4.0
308	2717	4.0
308	2880	5.0
308	2883	4.0
308	2931	4.0
308	3554	4.0
308	3629	4.0
308	3718	4.0
308	4004	2.0
308	4237	5.0
308	4321	3.0
308	4463	4.0
308	4523	4.0
308	4607	4.0
308	4673	3.0
308	5294	5.0
308	5359	3.0
308	5401	3.0
308	5404	3.0
308	5802	5.0
308	5834	4.0
308	6105	4.0
308	6109	3.0
308	6178	4.0
308	6203	3.0
308	6370	5.0
308	6418	4.0
308	6554	3.0
308	6562	5.0
308	6789	4.0
308	6929	4.0
344	217	5.0
344	236	2.0
344	341	4.0
344	485	4.0
344	533	2.0
344	537	3.0
344	608	4.0
344	653	4.0
344	671	5.0
344	729	5.0
344	821	4.0
344	913	5.0
344	1104	3.0
344	1125	3.0
344	1145	4.0
344	1296	2.0
344	1587	4.0
344	1699	4.0
344	2014	5.0
344	2072	3.0
344	2262	5.0
344	2282	3.0
344	2431	3.0
344	2707	4.0
344	2841	3.0
344	3147	4.0
344	3408	3.0
344	3419	5.0
344	3440	4.0
344	3555	2.0
344	3613	4.0
344	3649	5.0
344	3680	3.0
344	3785	2.0
344	4037	4.0
344	4135	4.0
344	4175	5.0
344	4230	4.0
344	4236	5.0
344	4487	4.0
344	4517	4.0
344	4580	4.0
344	4801	4.0
344	4928	4.0
344	5251	4.0
344	5283	3.0
344	5534	4.0
344	5928	4.0
344	6199	5.0
344	6313	5.0
344	6370	5.0
344	6789	3.0
344	6931	5.0
404	27	3.0
404	30	5.0
404	155	4.0
404	170	5.0
404	192	4.0
404	194	3.0
404	217	5.0
404	223	5.0
404	316	3.0
404	423	4.0
404	519	5.0
404	545	3.0
404	546	3.0
404	553	4.0
404	590	5.0
404	643	4.0
404	747	5.0
404	770	5.0
404	777	4.0
404	810	3.0
404	831	3.0
404	850	2.0
404	858	4.0
404	884	3.0
404	1049	3.0
404	1065	2.0
404	1070	3.0
404	1079	4.0
404	1168	4.0
404	1231	4.0
404	1247	3.0
404	1248	4.0
404	1305	4.0
404	1352	3.0
404	1384	4.0
404	1468	3.0
404	1488	5.0
404	1493	3.0
404	1503	4.0
404	1521	4.0
404	1644	4.0
404	1733	4.0
404	1774	4.0
404	1885	5.0
404	1897	3.0
404	2072	1.0
404	2104	4.0
404	2169	4.0
404	2208	5.0
404	2337	4.0
404	2386	4.0
404	2477	4.0
404	2542	4.0
404	2545	4.0
404	2554	4.0
404	2633	4.0
404	2667	3.0
404	2709	4.0
404	2855	5.0
404	2962	5.0
404	2976	3.0
404	2988	5.0
404	3006	3.0
404	3024	5.0
404	3056	3.0
404	3062	3.0
404	3089	4.0
404	3144	3.0
404	3172	5.0
404	3213	4.0
404	3307	5.0
404	3356	4.0
404	3394	3.0
404	3410	3.0
404	3411	4.0
404	3426	5.0
404	3434	4.0
404	3442	3.0
404	3649	5.0
404	3661	4.0
404	3684	5.0
404	3739	5.0
404	3777	5.0
404	3856	3.0
404	3886	3.0
404	3910	4.0
404	3926	4.0
404	3964	2.0
404	3973	4.0
404	4037	5.0
404	4202	4.0
404	4230	4.0
404	4317	3.0
404	4323	4.0
404	4333	3.0
404	4458	3.0
404	4484	5.0
404	4487	4.0
404	4542	4.0
404	4550	5.0
404	4553	4.0
404	4569	3.0
404	4592	4.0
404	4612	5.0
404	4618	3.0
404	4665	5.0
404	4857	5.0
404	4982	5.0
404	5036	2.0
404	5049	4.0
404	5053	5.0
404	5124	5.0
404	5145	3.0
404	5187	4.0
404	5213	4.0
404	5293	4.0
404	5294	5.0
404	5297	4.0
404	5393	5.0
404	5401	4.0
404	5432	5.0
404	5443	5.0
404	5478	3.0
404	5501	3.0
404	5581	3.0
404	5591	5.0
404	5696	4.0
404	5749	3.0
404	5792	5.0
404	5910	4.0
404	5936	3.0
404	5946	3.0
404	6101	3.0
404	6209	3.0
404	6231	4.0
404	6251	4.0
404	6313	4.0
404	6360	4.0
404	6364	5.0
404	6439	4.0
404	6469	3.0
404	6535	4.0
404	6601	4.0
404	6655	3.0
404	6684	5.0
404	6692	3.0
404	6700	4.0
404	6731	4.0
404	6961	4.0
429	43	2.0
429	131	4.0
429	233	3.0
429	276	4.0
429	346	4.0
429	656	3.0
429	729	3.0
429	846	4.0
429	861	4.0
429	986	3.0
429	1079	3.0
429	1415	3.0
429	1515	3.0
429	1527	4.0
429	1650	4.0
429	1654	3.0
429	1835	3.0
429	2003	4.0
429	2135	4.0
429	2615	4.0
429	2633	3.0
429	2931	4.0
429	2960	4.0
429	2982	3.0
429	3025	3.0
429	3239	3.0
429	3427	3.0
429	3551	3.0
429	3623	4.0
429	3779	4.0
429	3796	4.0
429	3856	4.0
429	4173	4.0
429	4463	4.0
429	4553	4.0
429	4658	4.0
429	4928	5.0
429	5213	3.0
429	5435	3.0
429	5792	4.0
429	5819	3.0
429	6232	4.0
429	6370	4.0
429	6523	4.0
429	6645	4.0
429	6881	4.0
456	203	3.0
456	220	5.0
456	353	5.0
456	399	5.0
456	629	4.0
456	682	4.0
456	821	5.0
456	827	4.0
456	1033	4.0
456	1129	3.0
456	1201	4.0
456	1297	5.0
456	1728	5.0
456	1774	4.0
456	1808	4.0
456	1813	4.0
456	2029	4.0
456	2188	5.0
456	2240	3.0
456	2274	5.0
456	2320	3.0
456	2350	5.0
456	2462	5.0
456	2846	5.0
456	2874	3.0
456	3026	5.0
456	3147	4.0
456	3238	3.0
456	3376	5.0
456	3463	4.0
456	3564	5.0
456	3612	4.0
456	4030	4.0
456	4169	4.0
456	4236	5.0
456	4507	2.0
456	4612	4.0
456	4665	5.0
456	5288	3.0
456	5508	3.0
456	5515	4.0
456	5534	4.0
456	5566	4.0
456	5791	3.0
456	5928	5.0
456	6022	5.0
456	6113	3.0
456	6200	5.0
456	6232	4.0
456	6523	5.0
456	6568	2.0
456	6750	4.0
456	6922	3.0
456	6940	5.0
456	6955	5.0
477	8	3.0
477	133	3.0
477	167	4.0
477	190	3.0
477	226	4.0
477	257	3.0
477	340	3.0
477	353	3.0
477	605	4.0
477	606	5.0
477	668	3.0
477	680	3.0
477	734	4.0
477	741	4.0
477	793	3.0
477	921	3.0
477	990	3.0
477	1001	4.0
477	1073	3.0
477	1125	3.0
477	1200	3.0
477	1301	4.0
477	1574	3.0
477	1627	3.0
477	1664	3.0
477	1722	3.0
477	1743	3.0
477	1774	3.0
477	1779	3.0
477	1793	4.0
477	1881	4.0
477	1922	4.0
477	2512	4.0
477	2631	4.0
477	2927	2.0
477	3598	4.0
477	3649	4.0
477	3717	3.0
477	3722	1.0
477	3871	4.0
477	3873	4.0
477	3977	5.0
477	4151	3.0
477	4215	5.0
477	4390	3.0
477	4685	3.0
477	4917	4.0
477	4928	3.0
477	5012	3.0
477	5251	3.0
477	5385	3.0
477	5394	4.0
477	5721	3.0
477	5936	4.0
477	6143	3.0
477	6163	3.0
477	6197	2.0
477	6229	3.0
477	6232	4.0
477	6583	4.0
477	6671	4.0
477	6722	4.0
477	6738	3.0
477	6916	4.0
490	30	3.0
490	88	4.0
490	198	1.0
490	220	5.0
490	241	1.0
490	333	3.0
490	343	1.0
490	346	3.0
490	359	4.0
490	402	4.0
490	512	5.0
490	522	1.0
490	675	4.0
490	723	2.0
490	729	1.0
490	801	4.0
490	810	1.0
490	821	5.0
490	831	2.0
490	936	2.0
490	1060	3.0
490	1077	5.0
490	1095	1.0
490	1473	3.0
490	1474	2.0
490	1482	3.0
490	1521	3.0
490	1575	2.0
490	1633	1.0
490	1656	3.0
490	1664	4.0
490	1738	1.0
490	1770	5.0
490	1805	2.0
490	1820	5.0
490	1897	1.0
490	1999	1.0
490	2017	3.0
490	2029	2.0
490	2053	3.0
490	2087	5.0
490	2443	2.0
490	2444	1.0
490	2559	2.0
490	2602	1.0
490	2625	5.0
490	2708	1.0
490	2742	4.0
490	2761	2.0
490	2772	5.0
490	2775	3.0
490	2823	3.0
490	2939	5.0
490	3052	4.0
490	3129	3.0
490	3144	1.0
490	3193	1.0
490	3296	3.0
490	3517	5.0
490	3606	3.0
490	3754	3.0
490	3764	5.0
490	3768	5.0
490	3777	2.0
490	3781	5.0
490	3794	3.0
490	3822	4.0
490	3830	4.0
490	3852	4.0
490	3878	2.0
490	3948	5.0
490	3949	5.0
490	3954	5.0
490	4120	2.0
490	4131	3.0
490	4172	2.0
490	4202	3.0
490	4242	5.0
490	4296	5.0
490	4307	3.0
490	4312	3.0
490	4319	4.0
490	4365	5.0
490	4416	5.0
490	4505	5.0
490	4507	3.0
490	4527	2.0
490	4555	1.0
490	4572	5.0
490	4592	3.0
490	4731	2.0
490	4743	4.0
490	4860	4.0
490	4915	3.0
490	4979	1.0
490	5285	1.0
490	5291	4.0
490	5328	4.0
490	5386	3.0
490	5515	2.0
490	5636	2.0
490	5681	3.0
490	5719	5.0
490	5806	5.0
490	5889	4.0
490	5890	4.0
490	5900	3.0
490	6232	5.0
490	6320	3.0
490	6369	1.0
490	6393	5.0
490	6481	4.0
490	6533	5.0
490	6650	5.0
490	6754	3.0
490	6815	4.0
490	6881	5.0
512	174	5.0
512	350	5.0
512	353	4.0
512	453	4.0
512	831	3.0
512	912	5.0
512	913	4.0
512	921	3.0
512	929	5.0
512	1061	5.0
512	1125	3.0
512	1140	5.0
512	1800	3.0
512	1963	3.0
512	2014	4.0
512	2029	5.0
512	2173	5.0
512	2279	4.0
512	2294	3.0
512	2356	5.0
512	2493	3.0
512	2670	3.0
512	3056	4.0
512	3153	5.0
512	3253	5.0
512	3341	5.0
512	3486	4.0
512	3517	5.0
512	3570	4.0
512	3754	5.0
512	4003	4.0
512	4063	5.0
512	4067	4.0
512	4077	5.0
512	4171	5.0
512	4236	4.0
512	4241	4.0
512	4260	5.0
512	4928	5.0
512	5037	4.0
512	5059	4.0
512	5132	3.0
512	5659	4.0
512	5714	4.0
512	6171	3.0
512	6208	4.0
512	6273	5.0
512	6299	2.0
512	6578	2.0
512	6609	5.0
512	6672	4.0
512	6685	5.0
512	6691	5.0
512	6731	5.0
512	6878	4.0
523	105	4.0
523	264	3.0
523	302	5.0
523	375	5.0
523	577	3.0
523	629	3.0
523	706	4.0
523	1125	4.0
523	1513	5.0
523	1521	5.0
523	2394	5.0
523	2654	4.0
523	2982	5.0
523	2995	2.0
523	3076	4.0
523	3158	5.0
523	3192	5.0
523	4055	4.0
523	4309	3.0
523	4478	3.0
523	4675	4.0
523	4983	3.0
523	5124	5.0
523	5217	5.0
523	5401	5.0
523	5445	4.0
523	5710	5.0
523	5884	5.0
523	6260	3.0
523	6955	4.0
546	1	3.0
546	6	3.0
546	18	3.0
546	29	4.0
546	55	3.0
546	180	4.0
546	233	4.0
546	258	3.0
546	284	4.0
546	316	3.0
546	371	4.0
546	422	3.0
546	514	3.0
546	519	2.0
546	561	3.0
546	624	3.0
546	629	3.0
546	656	4.0
546	685	4.0
546	800	4.0
546	833	5.0
546	840	3.0
546	844	4.0
546	870	4.0
546	874	4.0
546	912	4.0
546	919	5.0
546	974	3.0
546	1005	3.0
546	1021	4.0
546	1083	4.0
546	1091	3.0
546	1117	2.0
546	1194	5.0
546	1204	4.0
546	1219	3.0
546	1259	4.0
546	1263	5.0
546	1271	3.0
546	1339	3.0
546	1394	3.0
546	1499	4.0
546	1513	4.0
546	1681	4.0
546	1701	4.0
546	1728	5.0
546	1772	4.0
546	1854	3.0
546	1866	3.0
546	1884	4.0
546	1890	4.0
546	1914	3.0
546	1950	4.0
546	2017	3.0
546	2025	3.0
546	2026	4.0
546	2029	5.0
546	2086	4.0
546	2108	3.0
546	2109	3.0
546	2178	2.0
546	2209	3.0
546	2217	3.0
546	2279	4.0
546	2293	4.0
546	2320	3.0
546	2356	4.0
546	2507	3.0
546	2511	4.0
546	2606	4.0
546	2625	4.0
546	2628	2.0
546	2633	3.0
546	2772	5.0
546	2858	4.0
546	2859	4.0
546	2900	5.0
546	2906	3.0
546	2907	3.0
546	2938	3.0
546	2940	3.0
546	2943	3.0
546	2955	2.0
546	2959	5.0
546	2997	4.0
546	3050	4.0
546	3060	3.0
546	3092	5.0
546	3100	4.0
546	3167	3.0
546	3173	4.0
546	3193	4.0
546	3247	3.0
546	3270	4.0
546	3341	4.0
546	3349	3.0
546	3386	2.0
546	3394	3.0
546	3403	2.0
546	3430	4.0
546	3440	3.0
546	3447	4.0
546	3466	3.0
546	3517	4.0
546	3533	4.0
546	3546	4.0
546	3549	4.0
546	3707	4.0
546	3739	2.0
546	3754	4.0
546	3756	4.0
546	3777	4.0
546	3778	4.0
546	3840	4.0
546	3876	4.0
546	3942	4.0
546	3950	2.0
546	3955	4.0
546	3977	4.0
546	3986	2.0
546	3996	3.0
546	4029	3.0
546	4038	4.0
546	4055	3.0
546	4094	4.0
546	4097	3.0
546	4117	4.0
546	4180	2.0
546	4252	3.0
546	4254	3.0
546	4307	4.0
546	4339	1.0
546	4366	5.0
546	4481	3.0
546	4507	3.0
546	4522	3.0
546	4735	4.0
546	4760	2.0
546	4860	4.0
546	4893	3.0
546	4928	2.0
546	5087	3.0
546	5150	3.0
546	5177	3.0
546	5236	3.0
546	5262	3.0
546	5337	2.0
546	5353	3.0
546	5440	3.0
546	5511	3.0
546	5543	4.0
546	5582	3.0
546	5621	3.0
546	5666	4.0
546	5707	3.0
546	5781	4.0
546	5814	4.0
546	5910	3.0
546	6004	3.0
546	6182	3.0
546	6190	5.0
546	6199	3.0
546	6200	4.0
546	6355	4.0
546	6357	4.0
546	6366	3.0
546	6369	3.0
546	6397	3.0
546	6479	4.0
546	6487	3.0
546	6687	5.0
546	6692	3.0
546	6695	3.0
546	6703	4.0
546	6740	3.0
546	6772	4.0
546	6773	3.0
546	6845	4.0
546	6875	3.0
546	6888	3.0
546	6922	4.0
555	180	3.0
555	240	4.0
555	289	3.0
555	294	5.0
555	386	3.0
555	475	5.0
555	578	4.0
555	817	5.0
555	1001	3.0
555	1079	3.0
555	1125	3.0
555	1137	3.0
555	1379	3.0
555	1384	4.0
555	1740	4.0
555	1760	4.0
555	1771	5.0
555	1773	5.0
555	1849	3.0
555	2029	5.0
555	2089	4.0
555	2135	5.0
555	2196	3.0
555	2324	3.0
555	2586	5.0
555	2627	4.0
555	2721	3.0
555	2756	4.0
555	2839	3.0
555	2960	3.0
555	3025	5.0
555	3268	4.0
555	3310	4.0
555	3386	3.0
555	3409	5.0
555	3436	4.0
555	3486	4.0
555	3511	3.0
555	3535	5.0
555	3564	3.0
555	3630	3.0
555	3661	4.0
555	3690	4.0
555	3739	5.0
555	3777	5.0
555	3779	4.0
555	3787	4.0
555	3791	5.0
555	3946	4.0
555	3955	2.0
555	4067	5.0
555	4135	3.0
555	4171	3.0
555	4200	4.0
555	4202	4.0
555	4209	5.0
555	4269	3.0
555	4293	4.0
555	4307	4.0
555	4459	3.0
555	4513	2.0
555	4596	4.0
555	4649	2.0
555	4803	4.0
555	4826	3.0
555	4926	4.0
555	4982	4.0
555	5057	5.0
555	5150	5.0
555	5379	4.0
555	5385	5.0
555	5386	5.0
555	5501	3.0
555	5507	4.0
555	5534	3.0
555	5575	3.0
555	5616	5.0
555	5663	5.0
555	5712	3.0
555	5910	4.0
555	6024	4.0
555	6107	4.0
555	6182	3.0
555	6203	3.0
555	6208	3.0
555	6370	4.0
555	6637	3.0
555	6682	4.0
555	6691	4.0
555	6948	3.0
573	34	4.0
573	50	3.0
573	211	4.0
573	220	5.0
573	223	5.0
573	241	3.0
573	243	5.0
573	300	3.0
573	311	3.0
573	341	4.0
573	359	3.0
573	375	3.0
573	448	4.0
573	528	4.0
573	557	5.0
573	561	3.0
573	624	3.0
573	724	3.0
573	794	5.0
573	799	4.0
573	821	4.0
573	876	5.0
573	913	4.0
573	938	3.0
573	974	4.0
573	1072	4.0
573	1125	3.0
573	1377	4.0
573	1493	4.0
573	1521	4.0
573	1587	3.0
573	1588	2.0
573	1628	4.0
573	1631	3.0
573	1722	5.0
573	1732	4.0
573	1770	5.0
573	1772	4.0
573	1850	3.0
573	1933	3.0
573	1951	4.0
573	2033	5.0
573	2104	4.0
573	2120	4.0
573	2161	4.0
573	2179	3.0
573	2320	4.0
573	2351	4.0
573	2423	3.0
573	2460	4.0
573	2462	5.0
573	2657	5.0
573	2715	4.0
573	2739	5.0
573	2792	5.0
573	2841	3.0
573	2901	5.0
573	2972	4.0
573	2984	4.0
573	3014	3.0
573	3022	4.0
573	3024	5.0
573	3026	5.0
573	3056	4.0
573	3060	5.0
573	3144	3.0
573	3175	4.0
573	3326	5.0
573	3409	4.0
573	3517	4.0
573	3528	4.0
573	3538	5.0
573	3773	4.0
573	3781	5.0
573	3796	4.0
573	3861	3.0
573	3873	5.0
573	3876	4.0
573	3991	4.0
573	3993	3.0
573	4037	4.0
573	4053	5.0
573	4117	5.0
573	4316	4.0
573	4349	4.0
573	4487	4.0
573	4523	4.0
573	4527	5.0
573	4559	3.0
573	4686	4.0
573	4743	5.0
573	4774	5.0
573	4803	4.0
573	4923	5.0
573	4927	5.0
573	4955	3.0
573	5124	5.0
573	5158	3.0
573	5262	2.0
573	5445	5.0
573	5493	3.0
573	5534	5.0
573	5538	4.0
573	5566	3.0
573	5664	4.0
573	5719	4.0
573	5871	4.0
573	5873	5.0
573	5875	5.0
573	5936	4.0
573	6193	3.0
573	6208	5.0
573	6232	5.0
573	6253	5.0
573	6255	5.0
573	6313	5.0
573	6342	4.0
573	6352	5.0
573	6439	5.0
573	6537	5.0
573	6539	4.0
573	6577	4.0
573	6599	3.0
573	6774	4.0
573	6924	4.0
573	6952	5.0
573	6956	5.0
589	233	4.0
589	561	3.0
589	649	4.0
589	711	4.0
589	808	4.0
589	835	3.0
589	1001	3.0
589	1329	4.0
589	1453	3.0
589	1513	4.0
589	1544	3.0
589	1722	4.0
589	1728	4.0
589	1770	4.0
589	2246	3.0
589	2430	4.0
589	2462	3.0
589	3008	3.0
589	3023	5.0
589	3110	4.0
589	3292	3.0
589	3514	3.0
589	3568	3.0
589	3707	3.0
589	3732	4.0
589	3739	3.0
589	3754	4.0
589	3794	3.0
589	3876	3.0
589	4037	3.0
589	4236	4.0
589	4507	3.0
589	4673	4.0
589	4706	2.0
589	4934	5.0
589	5100	3.0
589	5154	3.0
589	5262	3.0
589	5394	2.0
589	5410	3.0
589	5476	4.0
589	5508	3.0
589	5534	4.0
589	5572	3.0
589	5631	4.0
589	5875	3.0
589	5896	3.0
589	6066	3.0
589	6198	3.0
589	6208	5.0
589	6217	3.0
589	6637	4.0
589	6878	4.0
589	6922	4.0
628	159	4.0
628	190	5.0
628	223	4.0
628	241	2.0
628	266	5.0
628	272	4.0
628	296	1.0
628	460	1.0
628	466	2.0
628	499	3.0
628	513	3.0
628	807	4.0
628	849	3.0
628	858	5.0
628	861	3.0
628	936	4.0
628	993	3.0
628	1023	3.0
628	1063	3.0
628	1083	5.0
628	1352	3.0
628	1429	2.0
628	1574	3.0
628	1593	5.0
628	1650	3.0
628	1671	4.0
628	1703	3.0
628	1707	3.0
628	1738	4.0
628	1743	3.0
628	1793	1.0
628	1796	5.0
628	1866	4.0
628	1902	3.0
628	2075	3.0
628	2169	3.0
628	2175	5.0
628	2221	4.0
628	2242	4.0
628	2313	4.0
628	2414	2.0
628	2511	5.0
628	2520	2.0
628	2527	2.0
628	2541	4.0
628	2580	3.0
628	2607	1.0
628	2628	2.0
628	2693	5.0
628	2933	5.0
628	2997	5.0
628	3076	3.0
628	3084	4.0
628	3149	5.0
628	3363	5.0
628	3406	4.0
628	3455	3.0
628	3649	4.0
628	3676	3.0
628	3726	3.0
628	3754	3.0
628	3757	5.0
628	3777	5.0
628	3834	4.0
628	4161	3.0
628	4218	5.0
628	4296	5.0
628	4327	1.0
628	4390	2.0
628	4671	4.0
628	4674	4.0
628	4765	5.0
628	4809	4.0
628	4987	3.0
628	5050	2.0
628	5071	5.0
628	5081	2.0
628	5135	3.0
628	5152	5.0
628	5183	5.0
628	5394	4.0
628	5489	3.0
628	5505	2.0
628	5506	2.0
628	5544	1.0
628	5582	3.0
628	5724	3.0
628	5763	4.0
628	5800	2.0
628	5844	5.0
628	5849	4.0
628	5979	5.0
628	6010	4.0
628	6064	5.0
628	6152	5.0
628	6174	5.0
628	6200	4.0
628	6203	3.0
628	6214	3.0
628	6355	4.0
628	6417	5.0
628	6578	4.0
628	6593	5.0
628	6664	3.0
628	6725	5.0
628	6869	3.0
628	6885	3.0
636	7	3.0
636	10	3.0
636	76	3.0
636	96	4.0
636	137	4.0
636	217	5.0
636	225	3.0
636	558	3.0
636	729	4.0
636	797	3.0
636	812	3.0
636	998	4.0
636	1007	4.0
636	1033	4.0
636	1059	3.0
636	1210	4.0
636	1468	3.0
636	1488	4.0
636	1503	3.0
636	1608	4.0
636	1713	4.0
636	1766	4.0
636	1881	3.0
636	1999	3.0
636	2186	3.0
636	2188	3.0
636	2264	3.0
636	2282	3.0
636	2394	4.0
636	2420	5.0
636	2598	4.0
636	2676	4.0
636	2754	3.0
636	2806	3.0
636	3084	3.0
636	3226	3.0
636	3240	4.0
636	3262	3.0
636	3343	3.0
636	3344	4.0
636	3440	3.0
636	3487	3.0
636	3538	3.0
636	3555	3.0
636	3564	4.0
636	3587	5.0
636	3649	4.0
636	3704	4.0
636	3822	4.0
636	3997	3.0
636	4004	3.0
636	4037	3.0
636	4271	4.0
636	4323	4.0
636	4369	3.0
636	4458	3.0
636	4487	5.0
636	4590	3.0
636	5018	4.0
636	5134	5.0
636	5193	2.0
636	5407	3.0
636	5430	3.0
636	5507	3.0
636	5577	3.0
636	5686	3.0
636	5769	4.0
636	5916	5.0
636	5936	3.0
636	6105	5.0
636	6328	5.0
636	6340	4.0
636	6370	5.0
636	6424	4.0
636	6671	4.0
636	6673	3.0
636	6731	4.0
636	6789	3.0
636	6916	4.0
640	60	4.0
640	69	3.0
640	124	4.0
640	139	5.0
640	358	5.0
640	770	5.0
640	912	5.0
640	913	4.0
640	1077	4.0
640	1282	5.0
640	1377	3.0
640	1418	4.0
640	1432	5.0
640	1521	4.0
640	1588	4.0
640	1653	4.0
640	1664	4.0
640	2028	5.0
640	2029	5.0
640	2042	5.0
640	2131	4.0
640	2384	4.0
640	2529	3.0
640	2815	5.0
640	3060	5.0
640	3420	3.0
640	3431	4.0
640	4014	4.0
640	4097	5.0
640	4460	3.0
640	4779	4.0
640	4924	4.0
640	4928	5.0
640	5575	4.0
640	5592	2.0
640	5698	4.0
640	5845	4.0
640	5884	5.0
640	5888	4.0
640	6011	5.0
640	6067	3.0
640	6190	5.0
640	6273	4.0
640	6415	5.0
640	6533	5.0
643	2	3.0
643	161	5.0
643	174	4.0
643	285	4.0
643	493	3.0
643	510	3.0
643	688	2.0
643	734	4.0
643	990	3.0
643	1162	4.0
643	1195	5.0
643	1214	4.0
643	1432	4.0
643	1458	3.0
643	1534	3.0
643	1587	4.0
643	1699	3.0
643	1753	4.0
643	1768	3.0
643	1804	2.0
643	1821	1.0
643	1827	4.0
643	1956	3.0
643	2029	4.0
643	2044	2.0
643	2089	4.0
643	2245	4.0
643	2293	3.0
643	2320	4.0
643	2357	3.0
643	2436	3.0
643	2609	2.0
643	2611	4.0
643	2734	5.0
643	2825	3.0
643	2852	3.0
643	2966	1.0
643	3056	4.0
643	3106	2.0
643	3110	3.0
643	3132	3.0
643	3421	3.0
643	3440	5.0
643	3449	4.0
643	3483	2.0
643	3486	3.0
643	3555	1.0
643	3601	4.0
643	3618	3.0
643	3658	2.0
643	3707	3.0
643	3717	3.0
643	3831	4.0
643	3880	3.0
643	4101	4.0
643	4164	2.0
643	4180	2.0
643	4230	3.0
643	4309	4.0
643	4339	4.0
643	4392	2.0
643	4398	4.0
643	4483	3.0
643	4617	3.0
643	4932	3.0
643	5005	4.0
643	5057	4.0
643	5109	4.0
643	5124	4.0
643	5293	4.0
643	5297	4.0
643	5376	1.0
643	5433	3.0
643	5566	3.0
643	5582	4.0
643	5664	4.0
643	5698	2.0
643	5753	4.0
643	5850	2.0
643	5888	4.0
643	6084	2.0
643	6199	3.0
643	6665	3.0
643	6706	3.0
728	113	4.0
728	126	2.0
728	130	5.0
728	158	5.0
728	195	4.0
728	201	4.0
728	235	5.0
728	272	3.0
728	341	3.0
728	369	5.0
728	499	4.0
728	605	5.0
728	789	5.0
728	795	5.0
728	924	5.0
728	939	5.0
728	1001	3.0
728	1046	1.0
728	1186	5.0
728	1259	5.0
728	1263	4.0
728	1274	5.0
728	1300	4.0
728	1387	2.0
728	1413	1.0
728	1436	5.0
728	1491	5.0
728	1506	5.0
728	1510	4.0
728	1676	3.0
728	1746	4.0
728	1815	4.0
728	1881	5.0
728	1958	2.0
728	1969	4.0
728	2010	4.0
728	2253	3.0
728	2311	4.0
728	2384	4.0
728	2429	3.0
728	2481	5.0
728	2496	4.0
728	2596	5.0
728	2654	4.0
728	2663	4.0
728	2665	4.0
728	2776	4.0
728	2801	5.0
728	2860	5.0
728	2901	3.0
728	2926	3.0
728	2931	5.0
728	2970	4.0
728	2975	4.0
728	2982	3.0
728	2996	1.0
728	3031	3.0
728	3055	4.0
728	3081	2.0
728	3094	1.0
728	3226	3.0
728	3237	5.0
728	3404	3.0
728	3408	2.0
728	3437	1.0
728	3469	2.0
728	3526	4.0
728	3544	4.0
728	3556	3.0
728	3620	4.0
728	3660	1.0
728	3730	3.0
728	3818	3.0
728	3864	2.0
728	3919	4.0
728	3921	4.0
728	3956	5.0
728	3990	5.0
728	4009	5.0
728	4066	4.0
728	4081	4.0
728	4138	3.0
728	4151	4.0
728	4253	5.0
728	4321	3.0
728	4357	5.0
728	4364	4.0
728	4371	4.0
728	4464	5.0
728	4477	4.0
728	4527	5.0
728	4696	4.0
728	4803	3.0
728	4866	2.0
728	5124	4.0
728	5126	5.0
728	5213	2.0
728	5220	5.0
728	5243	3.0
728	5270	5.0
728	5340	4.0
728	5417	2.0
728	5449	4.0
728	5486	5.0
728	5493	3.0
728	5507	3.0
728	5583	3.0
728	5629	4.0
728	5641	5.0
728	5725	4.0
728	5733	4.0
728	5768	4.0
728	5813	4.0
728	5819	3.0
728	5921	3.0
728	5934	3.0
728	5965	5.0
728	5968	4.0
728	6009	4.0
728	6219	4.0
728	6234	5.0
728	6332	3.0
728	6370	4.0
728	6461	5.0
728	6462	4.0
728	6479	4.0
728	6630	4.0
728	6768	5.0
728	6776	4.0
728	6844	5.0
728	6863	5.0
728	6878	5.0
728	6916	5.0
728	6955	3.0
728	6968	3.0
743	30	5.0
743	62	3.0
743	80	5.0
743	84	3.0
743	94	4.0
743	188	4.0
743	214	5.0
743	220	5.0
743	316	3.0
743	353	5.0
743	394	3.0
743	437	4.0
743	479	4.0
743	520	5.0
743	528	3.0
743	629	3.0
743	723	5.0
743	741	5.0
743	785	4.0
743	793	4.0
743	818	5.0
743	833	5.0
743	919	5.0
743	957	4.0
743	963	3.0
743	1077	3.0
743	1080	3.0
743	1099	5.0
743	1164	3.0
743	1171	3.0
743	1189	3.0
743	1397	3.0
743	1473	4.0
743	1491	3.0
743	1591	3.0
743	1717	3.0
743	1760	5.0
743	1876	5.0
743	1887	1.0
743	2068	4.0
743	2212	3.0
743	2520	4.0
743	2528	3.0
743	2667	3.0
743	2848	3.0
743	2850	3.0
743	2930	3.0
743	2976	3.0
743	3008	4.0
743	3018	3.0
743	3090	4.0
743	3110	3.0
743	3115	3.0
743	3175	4.0
743	3180	3.0
743	3185	3.0
743	3268	4.0
743	3270	4.0
743	3281	4.0
743	3319	4.0
743	3368	4.0
743	3517	5.0
743	3630	3.0
743	3778	3.0
743	3790	4.0
743	3823	3.0
743	3877	3.0
743	3935	3.0
743	3964	4.0
743	4014	4.0
743	4092	5.0
743	4117	3.0
743	4124	5.0
743	4186	4.0
743	4187	4.0
743	4206	5.0
743	4241	4.0
743	4296	4.0
743	4442	5.0
743	4487	3.0
743	4511	3.0
743	4523	4.0
743	4700	3.0
743	4771	4.0
743	4779	5.0
743	4835	3.0
743	4900	3.0
743	5117	4.0
743	5251	2.0
743	5262	2.0
743	5294	4.0
743	5311	4.0
743	5344	3.0
743	5347	4.0
743	5369	4.0
743	5445	5.0
743	5508	3.0
743	5534	5.0
743	5613	3.0
743	5698	4.0
743	5753	5.0
743	5774	5.0
743	5844	4.0
743	5871	4.0
743	6039	4.0
743	6075	4.0
743	6109	3.0
743	6156	3.0
743	6175	3.0
743	6385	3.0
743	6484	4.0
743	6567	3.0
743	6776	4.0
743	6876	5.0
743	6916	4.0
770	241	2.0
770	453	3.0
770	532	5.0
770	1030	4.0
770	1049	5.0
770	1126	4.0
770	1411	4.0
770	1522	3.0
770	1881	3.0
770	2323	2.0
770	2667	3.0
770	2762	4.0
770	2938	4.0
770	3018	2.0
770	3129	4.0
770	3244	4.0
770	3991	5.0
770	4000	5.0
770	4025	5.0
770	4186	3.0
770	4291	1.0
770	4507	4.0
770	4628	3.0
770	4736	4.0
770	4857	4.0
770	5129	3.0
770	5256	5.0
770	5413	3.0
770	5440	3.0
770	5628	4.0
770	5856	3.0
770	6534	2.0
781	150	4.0
781	233	3.0
781	275	3.0
781	347	3.0
781	355	4.0
781	362	3.0
781	444	4.0
781	499	3.0
781	596	5.0
781	678	5.0
781	706	3.0
781	729	3.0
781	861	3.0
781	1126	3.0
781	1189	3.0
781	1249	3.0
781	1377	4.0
781	1421	2.0
781	1525	5.0
781	1608	4.0
781	1683	5.0
781	1857	4.0
781	1983	5.0
781	2017	4.0
781	2021	4.0
781	2089	4.0
781	2132	4.0
781	2199	3.0
781	2240	4.0
781	2287	4.0
781	2384	3.0
781	2431	3.0
781	2520	3.0
781	2573	4.0
781	2600	1.0
781	2801	2.0
781	2931	4.0
781	3026	4.0
781	3056	4.0
781	3213	4.0
781	3310	2.0
781	3642	3.0
781	3777	5.0
781	3955	4.0
781	4056	2.0
781	4176	4.0
781	4204	3.0
781	4209	4.0
781	4306	4.0
781	4312	4.0
781	4372	3.0
781	4424	4.0
781	4453	5.0
781	4462	2.0
781	4477	4.0
781	4592	4.0
781	4759	4.0
781	4883	4.0
781	4927	5.0
781	4951	2.0
781	5005	3.0
781	5152	3.0
781	5175	5.0
781	5207	3.0
781	5251	3.0
781	5293	3.0
781	5297	4.0
781	5389	5.0
781	5432	4.0
781	5856	5.0
781	5928	3.0
781	5954	3.0
781	6107	4.0
781	6193	4.0
781	6566	5.0
781	6672	5.0
781	6700	4.0
781	6927	4.0
786	161	4.0
786	223	5.0
786	350	2.0
786	519	5.0
786	1064	5.0
786	1076	4.0
786	1080	5.0
786	1129	5.0
786	1226	5.0
786	1432	4.0
786	1647	4.0
786	1903	5.0
786	1938	5.0
786	2079	4.0
786	2350	4.0
786	2581	3.0
786	2717	4.0
786	2935	2.0
786	2938	4.0
786	3024	4.0
786	3285	3.0
786	3371	5.0
786	3490	5.0
786	3773	4.0
786	3901	4.0
786	4015	4.0
786	4097	4.0
786	4110	4.0
786	4186	3.0
786	4202	4.0
786	4404	5.0
786	4592	4.0
786	4857	5.0
786	4923	3.0
786	5217	3.0
786	5236	5.0
786	5633	5.0
786	6007	4.0
786	6190	5.0
786	6299	2.0
786	6376	3.0
786	6534	3.0
786	6664	4.0
786	6699	5.0
786	6706	3.0
786	6963	5.0
818	7	2.0
818	72	3.0
818	95	3.0
818	126	3.0
818	243	3.0
818	339	3.0
818	351	2.0
818	359	4.0
818	371	3.0
818	420	3.0
818	438	4.0
818	459	3.0
818	537	3.0
818	553	4.0
818	690	2.0
818	729	4.0
818	787	3.0
818	827	5.0
818	858	3.0
818	1008	3.0
818	1018	3.0
818	1079	3.0
818	1171	3.0
818	1189	2.0
818	1305	4.0
818	1377	3.0
818	1401	4.0
818	1411	4.0
818	1432	4.0
818	1517	4.0
818	1587	4.0
818	1644	3.0
818	1767	3.0
818	1859	4.0
818	1933	3.0
818	1964	4.0
818	2075	3.0
818	2179	3.0
818	2199	3.0
818	2344	4.0
818	2350	3.0
818	2351	3.0
818	2477	3.0
818	2532	3.0
818	2687	3.0
818	2710	3.0
818	2715	4.0
818	2799	3.0
818	2842	3.0
818	3026	3.0
818	3037	2.0
818	3056	4.0
818	3147	3.0
818	3197	3.0
818	3309	3.0
818	3378	3.0
818	3449	4.0
818	3551	2.0
818	3622	4.0
818	3665	4.0
818	3680	3.0
818	3777	4.0
818	3865	3.0
818	3921	4.0
818	4001	4.0
818	4067	4.0
818	4189	4.0
818	4317	4.0
818	4390	3.0
818	4513	1.0
818	4617	3.0
818	4705	2.0
818	4743	5.0
818	4773	3.0
818	4918	2.0
818	4976	3.0
818	5046	3.0
818	5204	4.0
818	5262	3.0
818	5340	3.0
818	5386	5.0
818	5389	5.0
818	5507	5.0
818	5538	3.0
818	5567	4.0
818	5750	4.0
818	6169	3.0
818	6198	3.0
818	6200	4.0
818	6210	3.0
818	6275	4.0
818	6415	4.0
818	6578	3.0
818	6695	4.0
818	6700	2.0
818	6850	4.0
818	6962	4.0
855	401	3.0
855	479	5.0
855	629	3.0
855	789	3.0
855	1056	5.0
855	1133	4.0
855	1195	4.0
855	1401	4.0
855	1432	3.0
855	1760	3.0
855	1766	5.0
855	1812	4.0
855	1859	4.0
855	1941	4.0
855	2029	4.0
855	2135	3.0
855	2163	3.0
855	2179	2.0
855	2342	4.0
855	2448	2.0
855	2478	5.0
855	2774	3.0
855	2886	3.0
855	3213	4.0
855	3371	4.0
855	3438	4.0
855	3638	4.0
855	3649	3.0
855	3749	4.0
855	3753	4.0
855	3761	3.0
855	3773	3.0
855	3777	4.0
855	4037	4.0
855	4109	3.0
855	4132	4.0
855	4349	3.0
855	4385	4.0
855	4399	4.0
855	4602	4.0
855	4635	4.0
855	4854	3.0
855	4960	5.0
855	5049	3.0
855	5086	3.0
855	5154	3.0
855	5236	4.0
855	5534	3.0
855	5622	3.0
855	5659	4.0
855	5710	3.0
855	5719	3.0
855	5802	3.0
855	6244	3.0
855	6370	4.0
855	6491	5.0
855	6762	3.0
855	6878	4.0
857	32	3.0
857	91	2.0
857	149	3.0
857	170	4.0
857	223	5.0
857	255	2.0
857	282	3.0
857	300	5.0
857	359	3.0
857	438	5.0
857	453	4.0
857	461	1.0
857	483	2.0
857	552	4.0
857	568	3.0
857	606	3.0
857	677	4.0
857	681	5.0
857	729	3.0
857	741	5.0
857	810	2.0
857	912	3.0
857	970	5.0
857	1005	4.0
857	1079	4.0
857	1204	3.0
857	1274	4.0
857	1432	4.0
857	1448	1.0
857	1461	3.0
857	1521	3.0
857	1571	5.0
857	1577	3.0
857	1591	2.0
857	1608	5.0
857	1611	5.0
857	1622	2.0
857	1629	3.0
857	1731	5.0
857	1774	4.0
857	1808	4.0
857	1850	4.0
857	1944	3.0
857	2003	5.0
857	2133	4.0
857	2229	5.0
857	2240	4.0
857	2249	4.0
857	2257	4.0
857	2287	5.0
857	2356	4.0
857	2384	3.0
857	2430	2.0
857	2463	5.0
857	2485	4.0
857	2508	3.0
857	2509	5.0
857	2612	4.0
857	2638	3.0
857	2710	3.0
857	2749	5.0
857	2782	5.0
857	2792	3.0
857	2823	5.0
857	2842	3.0
857	2923	3.0
857	2960	4.0
857	2982	3.0
857	3014	3.0
857	3026	5.0
857	3060	5.0
857	3095	2.0
857	3116	3.0
857	3198	2.0
857	3213	3.0
857	3244	3.0
857	3273	3.0
857	3294	3.0
857	3295	5.0
857	3409	5.0
857	3440	5.0
857	3465	4.0
857	3513	4.0
857	3517	4.0
857	3528	5.0
857	3537	4.0
857	3555	1.0
857	3684	3.0
857	3690	2.0
857	3781	5.0
857	3793	4.0
857	3852	4.0
857	3999	4.0
857	4001	5.0
857	4053	3.0
857	4080	3.0
857	4200	5.0
857	4296	4.0
857	4457	5.0
857	4477	5.0
857	4480	3.0
857	4517	3.0
857	4538	5.0
857	4665	5.0
857	4675	5.0
857	4777	3.0
857	4790	3.0
857	4811	3.0
857	4856	3.0
857	4889	5.0
857	4910	3.0
857	4963	1.0
857	4965	4.0
857	4985	5.0
857	5037	4.0
857	5047	2.0
857	5057	5.0
857	5127	3.0
857	5129	3.0
857	5150	2.0
857	5210	4.0
857	5246	3.0
857	5392	3.0
857	5400	5.0
857	5430	3.0
857	5433	4.0
857	5480	4.0
857	5544	3.0
857	5597	4.0
857	5670	4.0
857	5783	4.0
857	5879	3.0
857	5884	3.0
857	5945	3.0
857	5968	3.0
857	6105	3.0
857	6123	3.0
857	6144	3.0
857	6163	2.0
857	6299	1.0
857	6399	3.0
857	6415	3.0
857	6536	4.0
857	6577	4.0
857	6708	2.0
857	6731	3.0
857	6772	4.0
857	6799	3.0
857	6819	2.0
857	6851	3.0
857	6881	4.0
892	7	3.0
892	190	4.0
892	223	5.0
892	243	4.0
892	275	3.0
892	346	3.0
892	362	4.0
892	438	3.0
892	456	5.0
892	465	4.0
892	513	4.0
892	523	4.0
892	565	3.0
892	601	4.0
892	706	4.0
892	799	3.0
892	912	3.0
892	1030	5.0
892	1050	3.0
892	1061	5.0
892	1101	4.0
892	1137	4.0
892	1204	5.0
892	1297	4.0
892	1305	4.0
892	1432	5.0
892	1482	4.0
892	1503	4.0
892	1578	4.0
892	1617	5.0
892	1779	3.0
892	1814	3.0
892	1956	3.0
892	2159	4.0
892	2203	5.0
892	2302	5.0
892	2326	5.0
892	2350	5.0
892	2443	4.0
892	2594	4.0
892	2609	4.0
892	2633	5.0
892	2799	3.0
892	2815	5.0
892	2842	3.0
892	3003	4.0
892	3018	4.0
892	3088	4.0
892	3100	4.0
892	3120	3.0
892	3255	3.0
892	3296	4.0
892	3320	2.0
892	3331	3.0
892	3349	4.0
892	3463	4.0
892	3466	3.0
892	3479	3.0
892	3687	3.0
892	3743	3.0
892	3787	5.0
892	3906	4.0
892	3993	4.0
892	4110	4.0
892	4127	5.0
892	4180	3.0
892	4200	5.0
892	4241	5.0
892	4258	4.0
892	4317	4.0
892	4390	3.0
892	4463	4.0
892	4464	4.0
892	4487	4.0
892	4541	4.0
892	4645	4.0
892	4656	5.0
892	4713	4.0
892	4726	4.0
892	4848	1.0
892	4959	5.0
892	4997	3.0
892	5057	5.0
892	5064	4.0
892	5294	4.0
892	5493	4.0
892	6203	4.0
892	6210	3.0
892	6232	4.0
892	6252	4.0
892	6302	4.0
892	6350	5.0
892	6370	4.0
892	6491	5.0
892	6690	3.0
892	6705	3.0
892	6773	3.0
892	6776	5.0
892	6799	5.0
892	6901	4.0
892	6955	5.0
920	78	3.0
920	95	3.0
920	133	5.0
920	141	5.0
920	223	5.0
920	241	3.0
920	243	4.0
920	347	3.0
920	358	3.0
920	433	3.0
920	480	3.0
920	565	3.0
920	574	4.0
920	584	5.0
920	601	3.0
920	748	3.0
920	749	4.0
920	898	5.0
920	921	3.0
920	1001	4.0
920	1012	4.0
920	1030	5.0
920	1061	4.0
920	1091	3.0
920	1180	4.0
920	1233	3.0
920	1249	3.0
920	1367	3.0
920	1375	4.0
920	1398	4.0
920	1405	3.0
920	1463	3.0
920	1517	4.0
920	1629	3.0
920	1677	4.0
920	1683	5.0
920	1776	5.0
920	1817	3.0
920	1843	4.0
920	1850	4.0
920	1859	4.0
920	1894	3.0
920	1903	5.0
920	1922	5.0
920	1933	3.0
920	2072	2.0
920	2093	4.0
920	2152	4.0
920	2176	3.0
920	2243	4.0
920	2268	5.0
920	2291	4.0
920	2299	5.0
920	2350	4.0
920	2421	4.0
920	2456	5.0
920	2461	3.0
920	2464	4.0
920	2477	4.0
920	2490	3.0
920	2499	5.0
920	2509	3.0
920	2572	3.0
920	2663	3.0
920	2782	4.0
920	2850	4.0
920	2901	3.0
920	2939	4.0
920	2962	4.0
920	3055	3.0
920	3210	5.0
920	3262	3.0
920	3295	5.0
920	3307	4.0
920	3319	4.0
920	3331	3.0
920	3387	3.0
920	3456	5.0
920	3466	4.0
920	3507	5.0
920	3511	4.0
920	3527	3.0
920	3561	3.0
920	3582	4.0
920	3622	4.0
920	3624	3.0
920	3627	5.0
920	3703	3.0
920	3777	4.0
920	3786	4.0
920	3874	5.0
920	3895	5.0
920	3993	4.0
920	4097	4.0
920	4109	5.0
920	4190	5.0
920	4221	4.0
920	4295	4.0
920	4345	4.0
920	4364	4.0
920	4388	3.0
920	4394	3.0
920	4398	3.0
920	4421	4.0
920	4480	3.0
920	4483	3.0
920	4592	4.0
920	4629	4.0
920	4684	4.0
920	4712	3.0
920	4857	3.0
920	4860	3.0
920	4879	4.0
920	4917	5.0
920	4926	5.0
920	4929	3.0
920	5036	3.0
920	5050	3.0
920	5153	4.0
920	5191	3.0
920	5195	3.0
920	5254	4.0
920	5293	4.0
920	5394	3.0
920	5399	3.0
920	5430	3.0
920	5480	4.0
920	5501	3.0
920	5598	4.0
920	5694	5.0
920	5707	3.0
920	5713	4.0
920	5725	4.0
920	5726	3.0
920	5768	5.0
920	5818	5.0
920	5837	3.0
920	5924	3.0
920	5936	3.0
920	6083	3.0
920	6150	4.0
920	6211	5.0
920	6415	4.0
920	6426	4.0
920	6433	3.0
920	6456	5.0
920	6571	3.0
920	6578	3.0
920	6661	3.0
920	6681	4.0
920	6888	3.0
920	6940	4.0
920	6956	5.0
920	6957	4.0
960	43	2.0
960	101	3.0
960	192	4.0
960	223	5.0
960	243	3.0
960	280	3.0
960	371	4.0
960	401	4.0
960	438	4.0
960	483	2.0
960	500	4.0
960	549	3.0
960	561	3.0
960	817	5.0
960	831	4.0
960	832	5.0
960	967	2.0
960	1116	4.0
960	1125	3.0
960	1126	4.0
960	1138	4.0
960	1155	3.0
960	1350	4.0
960	1401	4.0
960	1421	4.0
960	1527	4.0
960	1607	4.0
960	1608	5.0
960	1617	5.0
960	1682	3.0
960	1722	4.0
960	1863	5.0
960	1871	2.0
960	1964	4.0
960	2025	5.0
960	2029	5.0
960	2093	4.0
960	2104	4.0
960	2190	4.0
960	2270	3.0
960	2285	1.0
960	2322	3.0
960	2430	4.0
960	2443	4.0
960	2461	4.0
960	2498	5.0
960	2609	3.0
960	2659	3.0
960	2725	4.0
960	2775	4.0
960	2782	4.0
960	2958	4.0
960	2960	4.0
960	3018	3.0
960	3024	4.0
960	3025	5.0
960	3075	4.0
960	3084	3.0
960	3091	4.0
960	3120	4.0
960	3268	5.0
960	3595	4.0
960	3655	5.0
960	3670	4.0
960	3691	5.0
960	3743	5.0
960	4037	4.0
960	4161	3.0
960	4219	5.0
960	4241	4.0
960	4323	4.0
960	4454	4.0
960	4523	5.0
960	4665	4.0
960	4760	3.0
960	4803	4.0
960	4868	4.0
960	4923	4.0
960	5071	5.0
960	5090	4.0
960	5151	5.0
960	5206	5.0
960	5263	5.0
960	5501	3.0
960	5503	4.0
960	5555	3.0
960	5572	5.0
960	5719	3.0
960	5725	3.0
960	5800	4.0
960	5885	4.0
960	6051	3.0
960	6189	5.0
960	6200	4.0
960	6203	4.0
960	6283	4.0
960	6286	3.0
960	6369	3.0
960	6545	4.0
960	6567	5.0
960	6577	4.0
960	6645	4.0
960	6648	4.0
960	6786	5.0
960	6924	3.0
967	223	5.0
967	804	3.0
967	827	5.0
967	832	5.0
967	1001	5.0
967	1247	3.0
967	1249	3.0
967	1608	4.0
967	1728	5.0
967	1868	4.0
967	2029	4.0
967	2188	4.0
967	2220	5.0
967	2481	5.0
967	2738	5.0
967	2842	3.0
967	3026	4.0
967	3331	4.0
967	3777	5.0
967	3910	4.0
967	4053	5.0
967	4469	5.0
967	4538	3.0
967	4922	5.0
967	4982	5.0
967	5246	3.0
967	5508	3.0
967	5645	5.0
967	6200	4.0
967	6479	5.0
993	141	4.0
993	211	4.0
993	289	4.0
993	427	3.0
993	502	4.0
993	514	5.0
993	729	4.0
993	828	3.0
993	829	4.0
993	1005	3.0
993	1177	5.0
993	1249	3.0
993	1270	5.0
993	1305	3.0
993	1329	3.0
993	1538	3.0
993	1587	4.0
993	1588	3.0
993	1609	4.0
993	1611	4.0
993	1654	3.0
993	1699	4.0
993	1740	4.0
993	1861	4.0
993	1934	3.0
993	1941	5.0
993	1964	5.0
993	2135	4.0
993	2174	4.0
993	2186	3.0
993	2391	4.0
993	2443	4.0
993	2462	5.0
993	2709	4.0
993	2971	4.0
993	3056	3.0
993	3060	3.0
993	3089	3.0
993	3156	4.0
993	3198	3.0
993	3213	4.0
993	3378	3.0
993	3449	4.0
993	3511	4.0
993	3649	4.0
993	3688	3.0
993	3690	3.0
993	3794	4.0
993	3921	3.0
993	3993	3.0
993	4017	4.0
993	4098	3.0
993	4203	4.0
993	4236	4.0
993	4309	4.0
993	4312	4.0
993	4469	4.0
993	4483	3.0
993	4487	4.0
993	4513	2.0
993	4549	4.0
993	4684	4.0
993	4781	4.0
993	5158	3.0
993	5236	3.0
993	5262	3.0
993	5266	4.0
993	5274	5.0
993	5294	5.0
993	5394	5.0
993	5423	4.0
993	5437	2.0
993	5578	4.0
993	5686	2.0
993	5753	4.0
993	5768	4.0
993	5871	3.0
993	5928	3.0
993	5936	3.0
993	6081	3.0
993	6147	4.0
993	6208	4.0
993	6340	5.0
993	6415	3.0
993	6566	5.0
993	6695	4.0
993	6764	4.0
993	6797	5.0
993	6916	4.0
1012	2	4.0
1012	133	5.0
1012	217	4.0
1012	223	5.0
1012	289	5.0
1012	642	4.0
1012	1180	5.0
1012	1391	4.0
1012	1421	4.0
1012	1488	5.0
1012	1674	4.0
1012	1683	4.0
1012	1742	5.0
1012	1793	4.0
1012	2001	4.0
1012	2209	3.0
1012	2339	4.0
1012	2699	3.0
1012	2717	5.0
1012	2722	4.0
1012	2971	4.0
1012	3056	4.0
1012	3067	5.0
1012	3282	4.0
1012	3361	4.0
1012	3520	3.0
1012	3564	5.0
1012	3619	4.0
1012	3627	4.0
1012	3777	5.0
1012	4042	4.0
1012	4202	4.0
1012	4309	5.0
1012	4457	5.0
1012	4483	4.0
1012	4613	4.0
1012	4673	4.0
1012	4695	5.0
1012	4983	3.0
1012	5124	5.0
1012	5204	4.0
1012	5271	3.0
1012	5394	4.0
1012	5597	5.0
1012	5836	5.0
1012	6022	4.0
1012	6176	4.0
1012	6203	3.0
1012	6448	4.0
1012	6450	4.0
1012	6514	4.0
1012	6629	4.0
1012	6758	4.0
1012	6831	5.0
1020	3	4.0
1020	224	5.0
1020	479	3.0
1020	500	3.0
1020	641	2.0
1020	699	4.0
1020	816	5.0
1020	829	4.0
1020	831	3.0
1020	913	3.0
1020	919	2.0
1020	965	2.0
1020	1189	3.0
1020	1749	3.0
1020	2015	3.0
1020	2017	3.0
1020	2132	5.0
1020	2384	3.0
1020	2421	3.0
1020	2607	3.0
1020	2730	3.0
1020	3024	5.0
1020	3492	1.0
1020	3564	4.0
1020	3661	3.0
1020	3794	3.0
1020	3876	5.0
1020	3950	1.0
1020	3991	3.0
1020	4053	4.0
1020	4097	4.0
1020	4186	4.0
1020	4645	1.0
1020	4684	5.0
1020	4748	3.0
1020	4793	2.0
1020	5100	5.0
1020	5129	3.0
1020	5293	3.0
1020	5297	4.0
1020	5304	3.0
1020	5322	3.0
1020	5504	3.0
1020	5531	3.0
1020	5572	4.0
1020	5753	5.0
1020	6084	2.0
1020	6145	5.0
1020	6302	3.0
1020	6370	3.0
1020	6465	2.0
1020	6544	3.0
1020	6578	3.0
1020	6708	3.0
1020	6878	3.0
1020	6956	5.0
1040	44	4.0
1040	131	3.0
1040	269	3.0
1040	281	4.0
1040	341	3.0
1040	347	3.0
1040	353	5.0
1040	399	3.0
1040	438	3.0
1040	453	3.0
1040	475	3.0
1040	479	4.0
1040	683	4.0
1040	816	4.0
1040	821	4.0
1040	832	4.0
1040	835	4.0
1040	1006	4.0
1040	1076	4.0
1040	1125	3.0
1040	1401	3.0
1040	1410	3.0
1040	1551	4.0
1040	1563	3.0
1040	1588	3.0
1040	1669	3.0
1040	1743	3.0
1040	1745	3.0
1040	1776	4.0
1040	1791	4.0
1040	1813	4.0
1040	1818	4.0
1040	1850	3.0
1040	1871	3.0
1040	1999	3.0
1040	2296	3.0
1040	2323	3.0
1040	2331	3.0
1040	2431	3.0
1040	2443	3.0
1040	2458	3.0
1040	2462	4.0
1040	2509	3.0
1040	2611	4.0
1040	2709	4.0
1040	3006	3.0
1040	3024	4.0
1040	3026	3.0
1040	3027	3.0
1040	3056	3.0
1040	3089	4.0
1040	3099	3.0
1040	3115	3.0
1040	3188	4.0
1040	3193	3.0
1040	3275	4.0
1040	3295	4.0
1040	3296	3.0
1040	3331	3.0
1040	3527	2.0
1040	3529	3.0
1040	3531	3.0
1040	3592	3.0
1040	3627	4.0
1040	3709	4.0
1040	3714	3.0
1040	4097	3.0
1040	4135	3.0
1040	4183	3.0
1040	4187	4.0
1040	4202	3.0
1040	4306	4.0
1040	4311	5.0
1040	4350	3.0
1040	4643	4.0
1040	4791	4.0
1040	4826	3.0
1040	4932	4.0
1040	4993	3.0
1040	5036	3.0
1040	5053	3.0
1040	5057	3.0
1040	5251	3.0
1040	5304	3.0
1040	5503	3.0
1040	5508	4.0
1040	5515	3.0
1040	5575	4.0
1040	5696	3.0
1040	5712	4.0
1040	5714	3.0
1040	5736	4.0
1040	5871	4.0
1040	5877	3.0
1040	5879	4.0
1040	5884	3.0
1040	5993	3.0
1040	6125	3.0
1040	6147	3.0
1040	6148	4.0
1040	6199	3.0
1040	6399	3.0
1040	6609	4.0
1040	6667	3.0
1040	6672	3.0
1040	6755	3.0
1040	6951	3.0
1048	76	2.0
1048	136	3.0
1048	180	3.0
1048	223	4.0
1048	240	2.0
1048	342	4.0
1048	353	5.0
1048	359	2.0
1048	375	4.0
1048	453	3.0
1048	706	2.0
1048	768	3.0
1048	787	2.0
1048	933	3.0
1048	998	3.0
1048	1079	4.0
1048	1189	3.0
1048	1195	3.0
1048	1204	3.0
1048	1336	4.0
1048	1377	3.0
1048	1384	4.0
1048	1441	4.0
1048	1491	3.0
1048	1513	3.0
1048	1515	3.0
1048	1552	4.0
1048	1740	3.0
1048	1772	4.0
1048	1798	2.0
1048	1994	2.0
1048	2135	3.0
1048	2186	1.0
1048	2242	4.0
1048	2282	2.0
1048	2283	3.0
1048	2307	3.0
1048	2351	3.0
1048	2473	5.0
1048	2520	3.0
1048	2591	3.0
1048	2607	2.0
1048	2730	2.0
1048	2788	4.0
1048	2792	3.0
1048	2960	3.0
1048	2972	3.0
1048	3024	4.0
1048	3056	3.0
1048	3185	2.0
1048	3371	5.0
1048	3517	5.0
1048	3521	3.0
1048	3602	4.0
1048	3787	5.0
1048	3884	3.0
1048	3932	2.0
1048	3977	4.0
1048	4054	5.0
1048	4094	3.0
1048	4171	3.0
1048	4172	3.0
1048	4182	3.0
1048	4189	5.0
1048	4309	3.0
1048	4333	1.0
1048	4477	5.0
1048	4485	2.0
1048	4527	3.0
1048	4668	3.0
1048	4673	3.0
1048	4699	3.0
1048	4743	4.0
1048	4826	3.0
1048	4828	2.0
1048	4958	3.0
1048	5037	4.0
1048	5040	4.0
1048	5163	3.0
1048	5251	3.0
1048	5297	3.0
1048	5386	3.0
1048	5439	3.0
1048	5566	4.0
1048	5577	3.0
1048	5694	4.0
1048	5885	3.0
1048	5936	3.0
1048	6174	3.0
1048	6179	3.0
1048	6200	3.0
1048	6284	3.0
1048	6416	3.0
1048	6479	3.0
1048	6645	3.0
1048	6672	4.0
1048	6690	3.0
1048	6747	3.0
1048	6776	3.0
1048	6878	5.0
1048	6884	4.0
1048	6914	3.0
1048	6923	3.0
1048	6956	5.0
1055	92	3.0
1055	167	4.0
1055	174	4.0
1055	179	3.0
1055	210	3.0
1055	217	4.0
1055	223	5.0
1055	241	2.0
1055	307	2.0
1055	419	3.0
1055	453	3.0
1055	479	5.0
1055	594	1.0
1055	675	3.0
1055	793	5.0
1055	817	5.0
1055	821	4.0
1055	832	5.0
1055	836	4.0
1055	844	2.0
1055	1001	3.0
1055	1019	5.0
1055	1027	3.0
1055	1121	3.0
1055	1125	3.0
1055	1175	4.0
1055	1201	3.0
1055	1233	3.0
1055	1389	3.0
1055	1403	4.0
1055	1471	3.0
1055	1496	4.0
1055	1504	3.0
1055	1556	3.0
1055	1565	3.0
1055	1587	3.0
1055	1628	3.0
1055	1682	3.0
1055	1770	5.0
1055	1776	5.0
1055	2015	3.0
1055	2240	4.0
1055	2326	4.0
1055	2366	4.0
1055	2630	4.0
1055	2714	4.0
1055	2750	4.0
1055	2901	4.0
1055	2966	3.0
1055	2971	4.0
1055	3024	5.0
1055	3056	3.0
1055	3058	5.0
1055	3085	3.0
1055	3089	4.0
1055	3214	4.0
1055	3269	3.0
1055	3299	3.0
1055	3371	5.0
1055	3422	4.0
1055	3449	3.0
1055	3528	5.0
1055	3556	2.0
1055	3612	3.0
1055	3629	3.0
1055	3791	3.0
1055	4054	3.0
1055	4127	4.0
1055	4161	4.0
1055	4246	4.0
1055	4316	2.0
1055	4392	4.0
1055	4398	3.0
1055	4477	5.0
1055	4523	3.0
1055	4596	4.0
1055	4598	3.0
1055	4635	4.0
1055	4658	5.0
1055	4684	4.0
1055	4729	3.0
1055	4884	5.0
1055	5076	3.0
1055	5111	3.0
1055	5247	3.0
1055	5299	4.0
1055	5312	2.0
1055	5326	4.0
1055	5355	3.0
1055	5389	5.0
1055	5394	5.0
1055	5453	4.0
1055	5481	3.0
1055	5511	2.0
1055	5527	1.0
1055	5541	3.0
1055	5588	2.0
1055	5663	5.0
1055	5740	3.0
1055	5781	1.0
1055	5850	3.0
1055	5886	3.0
1055	5922	4.0
1055	5928	3.0
1055	5936	3.0
1055	6131	4.0
1055	6327	4.0
1055	6388	3.0
1055	6558	3.0
1055	6871	4.0
1055	6884	4.0
1055	6948	3.0
1066	131	4.0
1066	141	4.0
1066	145	4.0
1066	155	4.0
1066	194	3.0
1066	328	2.0
1066	358	3.0
1066	417	4.0
1066	429	3.0
1066	498	4.0
1066	673	4.0
1066	688	4.0
1066	849	3.0
1066	858	4.0
1066	891	4.0
1066	960	3.0
1066	964	4.0
1066	1001	3.0
1066	1024	4.0
1066	1080	5.0
1066	1152	5.0
1066	1178	5.0
1066	1248	4.0
1066	1354	3.0
1066	1396	3.0
1066	1456	3.0
1066	1488	5.0
1066	1643	3.0
1066	1664	4.0
1066	1701	4.0
1066	1728	5.0
1066	1808	4.0
1066	1822	5.0
1066	1834	4.0
1066	1952	5.0
1066	1956	4.0
1066	2017	3.0
1066	2086	5.0
1066	2106	3.0
1066	2168	4.0
1066	2183	4.0
1066	2213	3.0
1066	2340	4.0
1066	2462	4.0
1066	2509	3.0
1066	2541	4.0
1066	2712	3.0
1066	2719	4.0
1066	2823	4.0
1066	2836	4.0
1066	2886	4.0
1066	2949	3.0
1066	2959	4.0
1066	3017	5.0
1066	3182	4.0
1066	3255	5.0
1066	3340	3.0
1066	3359	4.0
1066	3476	3.0
1066	3563	3.0
1066	3570	4.0
1066	3595	4.0
1066	3613	3.0
1066	3773	4.0
1066	3877	3.0
1066	3994	3.0
1066	4087	4.0
1066	4110	4.0
1066	4117	4.0
1066	4189	4.0
1066	4202	3.0
1066	4386	4.0
1066	4441	4.0
1066	4455	4.0
1066	4507	3.0
1066	4583	4.0
1066	4656	5.0
1066	4857	4.0
1066	4945	3.0
1066	5002	4.0
1066	5005	4.0
1066	5124	4.0
1066	5151	4.0
1066	5262	3.0
1066	5293	4.0
1066	5299	4.0
1066	5304	4.0
1066	5385	4.0
1066	5476	5.0
1066	5725	3.0
1066	5844	5.0
1066	5892	3.0
1066	5936	3.0
1066	6035	4.0
1066	6107	4.0
1066	6123	3.0
1066	6138	4.0
1066	6229	3.0
1066	6370	5.0
1066	6385	4.0
1066	6472	3.0
1066	6482	3.0
1066	6584	5.0
1066	6606	3.0
1066	6609	4.0
1066	6672	4.0
1066	6700	4.0
1066	6706	3.0
1066	6916	4.0
1066	6955	5.0
1082	13	4.0
1082	170	3.0
1082	994	4.0
1082	1112	4.0
1082	1125	5.0
1082	1145	5.0
1082	1703	4.0
1082	1727	5.0
1082	2196	5.0
1082	2197	5.0
1082	2221	5.0
1082	2263	3.0
1082	2633	5.0
1082	2739	4.0
1082	2818	4.0
1082	3002	4.0
1082	3110	5.0
1082	3497	5.0
1082	3773	5.0
1082	3932	4.0
1082	4039	5.0
1082	4042	5.0
1082	4135	4.0
1082	4202	5.0
1082	4402	4.0
1082	4482	4.0
1082	4485	4.0
1082	4487	5.0
1082	4527	4.0
1082	4594	5.0
1082	4658	4.0
1082	4893	4.0
1082	4951	5.0
1082	5049	4.0
1082	5124	5.0
1082	5410	4.0
1082	5633	5.0
1082	6200	5.0
1082	6833	4.0
1082	6931	5.0
1082	6955	4.0
1128	54	3.0
1128	95	3.0
1128	170	4.0
1128	232	4.0
1128	282	4.0
1128	311	3.0
1128	324	4.0
1128	341	3.0
1128	362	3.0
1128	440	3.0
1128	528	4.0
1128	561	3.0
1128	567	4.0
1128	649	5.0
1128	682	4.0
1128	716	4.0
1128	748	3.0
1128	793	4.0
1128	849	3.0
1128	851	3.0
1128	936	3.0
1128	948	1.0
1128	994	4.0
1128	1001	4.0
1128	1021	4.0
1128	1071	4.0
1128	1073	4.0
1128	1074	4.0
1128	1076	5.0
1128	1079	4.0
1128	1125	3.0
1128	1127	3.0
1128	1139	3.0
1128	1263	5.0
1128	1271	5.0
1128	1274	3.0
1128	1384	4.0
1128	1532	3.0
1128	1577	3.0
1128	1608	4.0
1128	1647	4.0
1128	1654	3.0
1128	1680	2.0
1128	1821	4.0
1128	1834	5.0
1128	1957	3.0
1128	1973	3.0
1128	2000	2.0
1128	2029	4.0
1128	2169	4.0
1128	2240	4.0
1128	2246	4.0
1128	2249	3.0
1128	2258	4.0
1128	2340	4.0
1128	2356	5.0
1128	2448	3.0
1128	2528	4.0
1128	2585	4.0
1128	2713	4.0
1128	2716	4.0
1128	2758	3.0
1128	2841	3.0
1128	2922	3.0
1128	2931	5.0
1128	2940	4.0
1128	3085	3.0
1128	3124	3.0
1128	3144	3.0
1128	3185	2.0
1128	3269	3.0
1128	3331	3.0
1128	3341	5.0
1128	3439	3.0
1128	3483	3.0
1128	3527	3.0
1128	3592	4.0
1128	3618	3.0
1128	3629	4.0
1128	3670	4.0
1128	3686	3.0
1128	3728	2.0
1128	3737	3.0
1128	3757	4.0
1128	3794	3.0
1128	3796	5.0
1128	3817	3.0
1128	3835	4.0
1128	3921	3.0
1128	3977	5.0
1128	4194	3.0
1128	4295	4.0
1128	4339	2.0
1128	4373	3.0
1128	4392	4.0
1128	4398	4.0
1128	4517	3.0
1128	4597	5.0
1128	4647	3.0
1128	4665	4.0
1128	4672	3.0
1128	4695	4.0
1128	4699	4.0
1128	4742	4.0
1128	4760	3.0
1128	4894	4.0
1128	4923	5.0
1128	4928	3.0
1128	4991	3.0
1128	5015	4.0
1128	5032	3.0
1128	5037	3.0
1128	5043	3.0
1128	5071	3.0
1128	5084	3.0
1128	5178	4.0
1128	5193	3.0
1128	5236	4.0
1128	5258	4.0
1128	5299	4.0
1128	5347	5.0
1128	5365	3.0
1128	5386	5.0
1128	5445	5.0
1128	5504	3.0
1128	5534	3.0
1128	5645	4.0
1128	5662	3.0
1128	5671	5.0
1128	5892	3.0
1128	5920	4.0
1128	5936	3.0
1128	5937	3.0
1128	6081	3.0
1128	6223	3.0
1128	6329	3.0
1128	6368	3.0
1128	6370	4.0
1128	6428	4.0
1128	6469	3.0
1128	6656	4.0
1128	6708	3.0
1128	6738	4.0
1128	6739	3.0
1128	6869	3.0
1128	6888	3.0
1128	6916	4.0
1128	6922	4.0
1151	96	3.0
1151	223	5.0
1151	358	3.0
1151	369	3.0
1151	386	4.0
1151	475	4.0
1151	605	4.0
1151	706	4.0
1151	729	3.0
1151	919	4.0
1151	1400	3.0
1151	1483	4.0
1151	1933	4.0
1151	2078	3.0
1151	2089	4.0
1151	2151	3.0
1151	2462	5.0
1151	2739	4.0
1151	2846	5.0
1151	2861	3.0
1151	2931	3.0
1151	2962	3.0
1151	3056	3.0
1151	3100	4.0
1151	3102	5.0
1151	3193	3.0
1151	3777	4.0
1151	3977	3.0
1151	4202	3.0
1151	4260	3.0
1151	4421	4.0
1151	4453	3.0
1151	4928	3.0
1151	5323	4.0
1151	5566	3.0
1151	5572	5.0
1151	5884	3.0
1151	6200	3.0
1151	6214	4.0
1151	6232	3.0
1151	6370	4.0
1151	6563	2.0
1151	6695	3.0
1151	6878	4.0
1151	6953	3.0
1162	14	3.0
1162	174	4.0
1162	296	3.0
1162	330	4.0
1162	414	4.0
1162	472	3.0
1162	474	3.0
1162	483	3.0
1162	572	3.0
1162	711	4.0
1162	729	3.0
1162	818	4.0
1162	1016	2.0
1162	1042	4.0
1162	1044	3.0
1162	1045	3.0
1162	1062	3.0
1162	1076	5.0
1162	1443	3.0
1162	1453	3.0
1162	1455	3.0
1162	1468	3.0
1162	1488	4.0
1162	1727	3.0
1162	1728	4.0
1162	1842	4.0
1162	1950	4.0
1162	2029	4.0
1162	2037	3.0
1162	2044	3.0
1162	2069	4.0
1162	2072	3.0
1162	2201	3.0
1162	2241	4.0
1162	2422	2.0
1162	2425	4.0
1162	2553	4.0
1162	2633	4.0
1162	2675	3.0
1162	2681	4.0
1162	2706	4.0
1162	2757	3.0
1162	2801	3.0
1162	2899	4.0
1162	2950	4.0
1162	2962	4.0
1162	3102	5.0
1162	3128	3.0
1162	3145	4.0
1162	3172	3.0
1162	3224	4.0
1162	3386	3.0
1162	3419	4.0
1162	3437	3.0
1162	3551	3.0
1162	3583	4.0
1162	3606	4.0
1162	3755	4.0
1162	3791	4.0
1162	3794	4.0
1162	3826	3.0
1162	3879	3.0
1162	3896	4.0
1162	4034	4.0
1162	4053	4.0
1162	4136	4.0
1162	4230	4.0
1162	4445	3.0
1162	4501	4.0
1162	4560	4.0
1162	4624	3.0
1162	4634	4.0
1162	4923	4.0
1162	5216	4.0
1162	5218	4.0
1162	5390	4.0
1162	5400	4.0
1162	5422	3.0
1162	5434	4.0
1162	5601	4.0
1162	5678	4.0
1162	5686	4.0
1162	5781	4.0
1162	5975	4.0
1162	5982	4.0
1162	6465	4.0
1162	6677	4.0
1162	6805	4.0
1170	1	4.0
1170	54	3.0
1170	105	3.0
1170	180	4.0
1170	204	3.0
1170	260	4.0
1170	275	3.0
1170	336	4.0
1170	350	4.0
1170	353	4.0
1170	453	4.0
1170	471	3.0
1170	709	4.0
1170	846	4.0
1170	1056	4.0
1170	1091	4.0
1170	1196	4.0
1170	1503	4.0
1170	1608	4.0
1170	1609	4.0
1170	1629	4.0
1170	1745	4.0
1170	1933	4.0
1170	2014	4.0
1170	2218	4.0
1170	2287	4.0
1170	2320	4.0
1170	2326	5.0
1170	2509	3.0
1170	2511	3.0
1170	2544	3.0
1170	2611	4.0
1170	2670	4.0
1170	2714	4.0
1170	2715	4.0
1170	2806	2.0
1170	2825	4.0
1170	2842	2.0
1170	2900	4.0
1170	3192	5.0
1170	3296	3.0
1170	3309	4.0
1170	3449	4.0
1170	3610	4.0
1170	3661	4.0
1170	3675	3.0
1170	3692	3.0
1170	3743	4.0
1170	3781	5.0
1170	3866	4.0
1170	4053	4.0
1170	4114	3.0
1170	4161	4.0
1170	4272	5.0
1170	4295	4.0
1170	4392	4.0
1170	4394	3.0
1170	4404	4.0
1170	4463	4.0
1170	4472	4.0
1170	4538	4.0
1170	4658	4.0
1170	4894	3.0
1170	5018	5.0
1170	5059	4.0
1170	5082	4.0
1170	5124	4.0
1170	5251	4.0
1170	5362	3.0
1170	5505	2.0
1170	5508	3.0
1170	5790	3.0
1170	5884	4.0
1170	6056	5.0
1170	6208	4.0
1170	6327	4.0
1170	6370	4.0
1170	6433	3.0
1170	6442	4.0
1170	6580	4.0
1170	6659	4.0
1170	6736	4.0
1170	6955	4.0
1189	371	5.0
1189	466	4.0
1189	561	4.0
1189	629	4.0
1189	921	5.0
1189	1076	4.0
1189	1125	4.0
1189	1189	3.0
1189	1591	3.0
1189	1819	4.0
1189	2048	3.0
1189	2174	3.0
1189	2322	3.0
1189	2427	4.0
1189	2429	4.0
1189	2477	4.0
1189	2496	5.0
1189	2509	4.0
1189	2606	3.0
1189	2823	5.0
1189	2862	4.0
1189	2918	3.0
1189	2940	4.0
1189	3026	5.0
1189	3054	4.0
1189	3055	4.0
1189	3198	4.0
1189	3527	4.0
1189	3738	3.0
1189	4018	4.0
1189	4135	4.0
1189	4183	3.0
1189	4333	4.0
1189	4357	4.0
1189	4379	4.0
1189	4673	4.0
1189	4675	4.0
1189	4980	3.0
1189	5213	3.0
1189	5235	4.0
1189	5288	3.0
1189	5392	4.0
1189	5534	4.0
1189	5707	4.0
1189	5805	3.0
1189	5871	4.0
1189	6210	4.0
1224	1	4.0
1224	174	5.0
1224	358	4.0
1224	708	4.0
1224	729	3.0
1224	770	5.0
1224	827	5.0
1224	832	5.0
1224	873	5.0
1224	912	5.0
1224	1030	4.0
1224	1226	5.0
1224	1377	5.0
1224	1432	5.0
1224	1503	5.0
1224	1587	5.0
1224	1613	4.0
1224	1780	4.0
1224	2017	4.0
1224	2033	5.0
1224	2169	4.0
1224	2206	1.0
1224	2221	5.0
1224	2295	3.0
1224	2300	3.0
1224	2325	4.0
1224	2931	5.0
1224	2938	4.0
1224	3309	5.0
1224	3421	3.0
1224	3594	3.0
1224	3650	5.0
1224	3731	5.0
1224	4056	5.0
1224	4171	4.0
1224	4186	5.0
1224	4253	5.0
1224	4254	5.0
1224	4304	5.0
1224	4345	5.0
1224	4364	4.0
1224	4368	5.0
1224	4617	2.0
1224	4907	1.0
1224	4924	5.0
1224	4985	5.0
1224	5124	5.0
1224	5194	3.0
1224	5274	4.0
1224	5294	4.0
1224	5304	4.0
1224	5401	5.0
1224	5662	4.0
1224	6084	3.0
1224	6366	3.0
1224	6370	4.0
1224	6523	5.0
1224	6538	4.0
1224	6578	4.0
1224	6600	4.0
1224	6664	5.0
1224	6706	4.0
1255	126	3.0
1255	232	3.0
1255	268	5.0
1255	371	5.0
1255	533	1.0
1255	578	3.0
1255	723	4.0
1255	832	5.0
1255	1213	5.0
1255	1532	5.0
1255	1567	3.0
1255	1617	3.0
1255	1728	4.0
1255	1808	5.0
1255	1904	5.0
1255	1918	5.0
1255	1929	5.0
1255	1946	5.0
1255	1990	2.0
1255	2167	3.0
1255	2444	5.0
1255	2483	4.0
1255	2739	5.0
1255	2782	4.0
1255	2841	3.0
1255	2908	5.0
1255	2924	4.0
1255	2946	4.0
1255	3213	3.0
1255	3269	5.0
1255	3306	4.0
1255	3320	1.0
1255	3380	3.0
1255	3440	5.0
1255	3649	4.0
1255	3783	3.0
1255	3887	5.0
1255	3950	1.0
1255	3964	4.0
1255	4086	3.0
1255	4110	4.0
1255	4202	3.0
1255	4230	5.0
1255	4453	5.0
1255	4469	4.0
1255	4549	5.0
1255	4860	5.0
1255	5046	3.0
1255	5124	3.0
1255	5262	3.0
1255	5390	5.0
1255	5469	5.0
1255	5493	3.0
1255	5525	4.0
1255	5624	5.0
1255	5664	4.0
1255	5696	5.0
1255	5725	4.0
1255	6109	4.0
1255	6190	5.0
1255	6200	4.0
1255	6275	5.0
1255	6287	5.0
1255	6355	4.0
1255	6384	4.0
1255	6479	4.0
1255	6574	5.0
1255	6770	4.0
1255	6803	1.0
1255	6936	4.0
1255	6948	5.0
1257	177	5.0
1257	194	4.0
1257	238	5.0
1257	300	5.0
1257	311	3.0
1257	358	3.0
1257	362	4.0
1257	397	3.0
1257	499	3.0
1257	500	4.0
1257	649	5.0
1257	680	4.0
1257	770	3.0
1257	783	4.0
1257	861	4.0
1257	1023	3.0
1257	1065	5.0
1257	1068	3.0
1257	1240	3.0
1257	1289	5.0
1257	1300	4.0
1257	1313	3.0
1257	1350	4.0
1257	1377	3.0
1257	1468	3.0
1257	1527	3.0
1257	1613	4.0
1257	1622	3.0
1257	1681	4.0
1257	1696	3.0
1257	1772	5.0
1257	1776	4.0
1257	1798	3.0
1257	1799	5.0
1257	1817	3.0
1257	1834	3.0
1257	1866	3.0
1257	1885	3.0
1257	2029	5.0
1257	2188	5.0
1257	2284	3.0
1257	2322	3.0
1257	2351	3.0
1257	2386	3.0
1257	2431	4.0
1257	2439	3.0
1257	2739	5.0
1257	2743	3.0
1257	2752	4.0
1257	2778	3.0
1257	2788	4.0
1257	2841	3.0
1257	2842	3.0
1257	2995	3.0
1257	3024	5.0
1257	3026	4.0
1257	3057	4.0
1257	3295	5.0
1257	3305	3.0
1257	3335	4.0
1257	3362	4.0
1257	3458	4.0
1257	3521	3.0
1257	3527	3.0
1257	3555	2.0
1257	3556	3.0
1257	3607	5.0
1257	3618	3.0
1257	3622	4.0
1257	3645	4.0
1257	3650	4.0
1257	3675	3.0
1257	3864	3.0
1257	3869	3.0
1257	3908	4.0
1257	3921	4.0
1257	3978	3.0
1257	3998	4.0
1257	4067	5.0
1257	4154	4.0
1257	4180	4.0
1257	4185	3.0
1257	4202	4.0
1257	4291	3.0
1257	4307	4.0
1257	4330	3.0
1257	4350	3.0
1257	4360	3.0
1257	4390	4.0
1257	4459	5.0
1257	4463	4.0
1257	4480	3.0
1257	4634	5.0
1257	4665	5.0
1257	4667	2.0
1257	4673	4.0
1257	4772	4.0
1257	4783	2.0
1257	4857	4.0
1257	4894	4.0
1257	4979	2.0
1257	4982	5.0
1257	5012	4.0
1257	5124	5.0
1257	5150	3.0
1257	5207	5.0
1257	5222	3.0
1257	5247	4.0
1257	5263	4.0
1257	5283	3.0
1257	5311	3.0
1257	5349	4.0
1257	5386	4.0
1257	5395	3.0
1257	5440	3.0
1257	5508	5.0
1257	5527	3.0
1257	5534	5.0
1257	5555	3.0
1257	5566	3.0
1257	5780	4.0
1257	5934	3.0
1257	5962	3.0
1257	6066	4.0
1257	6157	5.0
1257	6197	3.0
1257	6200	4.0
1257	6232	5.0
1257	6261	4.0
1257	6285	3.0
1257	6363	3.0
1257	6426	4.0
1257	6446	3.0
1257	6538	5.0
1257	6563	3.0
1257	6577	4.0
1257	6582	4.0
1257	6671	3.0
1257	6672	3.0
1257	6700	4.0
1257	6719	3.0
1257	6748	3.0
1257	6760	3.0
1257	6773	3.0
1257	6789	3.0
1257	6795	3.0
1257	6799	4.0
1257	6850	4.0
1257	6884	4.0
1260	13	3.0
1260	34	3.0
1260	105	3.0
1260	174	5.0
1260	187	4.0
1260	211	3.0
1260	260	3.0
1260	311	3.0
1260	359	3.0
1260	499	3.0
1260	557	3.0
1260	629	3.0
1260	678	4.0
1260	720	2.0
1260	818	3.0
1260	827	3.0
1260	1024	4.0
1260	1073	3.0
1260	1195	4.0
1260	1384	3.0
1260	1487	3.0
1260	1517	2.0
1260	1532	4.0
1260	1587	3.0
1260	1588	3.0
1260	1591	3.0
1260	1779	3.0
1260	1803	3.0
1260	1813	3.0
1260	1826	3.0
1260	1875	3.0
1260	1937	3.0
1260	2017	3.0
1260	2025	3.0
1260	2072	3.0
1260	2123	3.0
1260	2221	3.0
1260	2302	4.0
1260	2443	3.0
1260	2462	3.0
1260	2490	2.0
1260	2586	4.0
1260	2609	3.0
1260	2625	3.0
1260	2758	3.0
1260	2900	4.0
1260	3102	4.0
1260	3173	3.0
1260	3212	4.0
1260	3295	4.0
1260	3359	3.0
1260	3431	3.0
1260	3450	3.0
1260	3536	3.0
1260	3538	4.0
1260	3564	3.0
1260	3568	3.0
1260	3717	3.0
1260	3738	3.0
1260	3753	3.0
1260	3876	3.0
1260	4034	3.0
1260	4097	3.0
1260	4146	3.0
1260	4186	3.0
1260	4317	3.0
1260	4338	3.0
1260	4339	2.0
1260	4358	3.0
1260	4484	3.0
1260	4647	3.0
1260	4791	3.0
1260	4803	3.0
1260	4993	3.0
1260	5015	4.0
1260	5071	3.0
1260	5323	3.0
1260	5440	3.0
1260	5515	3.0
1260	5538	3.0
1260	5710	3.0
1260	6109	4.0
1260	6110	3.0
1260	6128	3.0
1260	6262	3.0
1260	6286	3.0
1260	6311	3.0
1260	6634	3.0
1260	6705	3.0
1260	6708	3.0
1260	6770	3.0
1273	119	4.0
1273	174	4.0
1273	553	3.0
1273	662	4.0
1273	709	4.0
1273	1042	4.0
1273	1200	3.0
1273	1271	3.0
1273	1483	4.0
1273	1617	4.0
1273	1728	5.0
1273	1730	4.0
1273	1832	3.0
1273	1892	5.0
1273	2098	5.0
1273	2127	5.0
1273	2154	5.0
1273	2262	5.0
1273	2452	3.0
1273	2461	4.0
1273	2676	4.0
1273	2693	4.0
1273	2706	5.0
1273	2725	3.0
1273	2931	4.0
1273	2962	4.0
1273	3237	4.0
1273	3268	5.0
1273	3341	4.0
1273	3344	3.0
1273	3363	4.0
1273	3418	5.0
1273	3657	4.0
1273	3756	4.0
1273	3953	3.0
1273	3991	4.0
1273	4142	3.0
1273	4202	4.0
1273	4206	4.0
1273	4513	2.0
1273	4517	3.0
1273	4612	4.0
1273	4759	5.0
1273	5005	3.0
1273	5034	5.0
1273	5195	3.0
1273	5262	3.0
1273	5616	4.0
1273	5690	3.0
1273	5698	5.0
1273	5875	5.0
1273	5892	3.0
1273	5936	3.0
1273	5985	3.0
1273	6067	3.0
1273	6171	3.0
1273	6199	4.0
1273	6327	5.0
1273	6328	4.0
1273	6516	3.0
1273	6664	4.0
1273	6691	5.0
1273	6693	3.0
1273	6852	5.0
1281	180	5.0
1281	233	3.0
1281	236	3.0
1281	276	5.0
1281	292	5.0
1281	353	5.0
1281	594	4.0
1281	596	5.0
1281	611	5.0
1281	828	4.0
1281	921	5.0
1281	970	4.0
1281	1004	5.0
1281	1076	5.0
1281	1162	5.0
1281	1187	5.0
1281	1496	5.0
1281	1557	5.0
1281	1606	4.0
1281	1759	5.0
1281	1843	5.0
1281	2029	5.0
1281	2350	5.0
1281	2717	5.0
1281	2780	5.0
1281	3270	5.0
1281	3483	4.0
1281	3555	3.0
1281	3876	5.0
1281	4053	5.0
1281	4072	5.0
1281	4083	5.0
1281	4307	5.0
1281	4321	5.0
1281	4330	2.0
1281	4457	5.0
1281	4480	3.0
1281	4644	5.0
1281	5084	4.0
1281	5193	3.0
1281	5530	4.0
1281	5657	5.0
1281	5710	4.0
1281	5792	5.0
1281	5850	3.0
1281	5946	4.0
1281	5961	5.0
1281	6055	5.0
1281	6384	5.0
1281	6927	5.0
1293	42	5.0
1293	150	4.0
1293	182	5.0
1293	223	5.0
1293	370	5.0
1293	453	5.0
1293	475	5.0
1293	513	3.0
1293	582	5.0
1293	606	5.0
1293	652	5.0
1293	719	5.0
1293	734	5.0
1293	783	3.0
1293	830	5.0
1293	831	5.0
1293	858	5.0
1293	912	5.0
1293	931	5.0
1293	1159	5.0
1293	1193	4.0
1293	1195	5.0
1293	1289	5.0
1293	1439	5.0
1293	1514	4.0
1293	1557	5.0
1293	1624	5.0
1293	1625	3.0
1293	1631	4.0
1293	1644	4.0
1293	1654	4.0
1293	1659	5.0
1293	1667	4.0
1293	1675	5.0
1293	1703	5.0
1293	1774	4.0
1293	1779	5.0
1293	1824	5.0
1293	1838	4.0
1293	1850	5.0
1293	1926	4.0
1293	1950	4.0
1293	2005	5.0
1293	2017	4.0
1293	2029	5.0
1293	2153	5.0
1293	2169	5.0
1293	2179	5.0
1293	2283	5.0
1293	2424	5.0
1293	2425	3.0
1293	2514	5.0
1293	2519	5.0
1293	2537	4.0
1293	2574	4.0
1293	2612	5.0
1293	2708	5.0
1293	2709	5.0
1293	2739	3.0
1293	2749	5.0
1293	2806	3.0
1293	2825	5.0
1293	2851	4.0
1293	2931	5.0
1293	2962	5.0
1293	2972	4.0
1293	3025	4.0
1293	3055	5.0
1293	3056	5.0
1293	3158	5.0
1293	3222	5.0
1293	3281	4.0
1293	3301	5.0
1293	3326	5.0
1293	3371	5.0
1293	3394	4.0
1293	3469	3.0
1293	3527	3.0
1293	3649	5.0
1293	3738	4.0
1293	3739	5.0
1293	3791	4.0
1293	3864	4.0
1293	3908	4.0
1293	3964	4.0
1293	3968	4.0
1293	4001	5.0
1293	4025	5.0
1293	4030	5.0
1293	4151	4.0
1293	4172	5.0
1293	4185	5.0
1293	4202	5.0
1293	4209	5.0
1293	4223	4.0
1293	4295	5.0
1293	4324	3.0
1293	4344	5.0
1293	4367	2.0
1293	4381	5.0
1293	4548	4.0
1293	4781	5.0
1293	4860	5.0
1293	4955	5.0
1293	4989	4.0
1293	5037	5.0
1293	5165	4.0
1293	5177	5.0
1293	5178	5.0
1293	5213	5.0
1293	5417	4.0
1293	5445	5.0
1293	5473	5.0
1293	5582	4.0
1293	5609	5.0
1293	5819	4.0
1293	5871	5.0
1293	5928	4.0
1293	5936	5.0
1293	6028	2.0
1293	6101	4.0
1293	6146	5.0
1293	6183	5.0
1293	6270	5.0
1293	6273	5.0
1293	6342	5.0
1293	6390	3.0
1293	6437	5.0
1293	6485	4.0
1293	6538	4.0
1293	6599	5.0
1293	6616	5.0
1293	6795	4.0
1293	6820	5.0
1293	6833	5.0
1293	6942	5.0
1368	643	3.0
1368	706	3.0
1368	755	4.0
1368	1263	5.0
1368	1375	4.0
1368	1741	3.0
1368	1826	3.0
1368	2029	5.0
1368	2245	5.0
1368	2322	1.0
1368	2601	3.0
1368	2663	3.0
1368	2806	1.0
1368	2938	4.0
1368	3094	5.0
1368	3386	4.0
1368	3450	3.0
1368	3622	4.0
1368	3671	5.0
1368	3719	4.0
1368	3738	4.0
1368	4607	3.0
1368	4623	4.0
1368	4684	5.0
1368	4928	5.0
1368	4982	5.0
1368	4993	3.0
1368	5053	4.0
1368	5592	2.0
1368	5663	4.0
1368	5698	5.0
1368	5710	4.0
1368	5888	5.0
1368	5936	5.0
1368	6145	4.0
1368	6208	5.0
1368	6249	3.0
1368	6370	4.0
1368	6539	4.0
1368	6554	2.0
1368	6930	1.0
1375	38	1.0
1375	96	4.0
1375	279	5.0
1375	304	5.0
1375	376	4.0
1375	482	4.0
1375	502	4.0
1375	581	4.0
1375	868	3.0
1375	1125	3.0
1375	1179	5.0
1375	1587	4.0
1375	1933	3.0
1375	1999	4.0
1375	2050	3.0
1375	2186	3.0
1375	2386	4.0
1375	2501	4.0
1375	2659	3.0
1375	3019	4.0
1375	3622	4.0
1375	3655	4.0
1375	3707	4.0
1375	3794	4.0
1375	3921	5.0
1375	4553	2.0
1375	4619	3.0
1375	4648	5.0
1375	4791	3.0
1375	5136	4.0
1375	5251	3.0
1375	5507	4.0
1375	5575	5.0
1375	5850	3.0
1375	5991	4.0
1375	6061	4.0
1375	6208	5.0
1375	6370	4.0
1375	6384	4.0
1375	6484	3.0
1375	6671	3.0
1375	6672	4.0
1375	6691	4.0
1375	6719	2.0
1375	6731	4.0
1375	6820	4.0
1404	152	3.0
1404	170	3.0
1404	588	4.0
1404	921	4.0
1404	936	3.0
1404	1208	3.0
1404	1464	4.0
1404	1468	2.0
1404	1881	3.0
1404	2075	3.0
1404	2421	4.0
1404	2483	5.0
1404	2550	5.0
1404	2565	5.0
1404	2886	2.0
1404	3309	5.0
1404	3691	3.0
1404	3874	3.0
1404	4042	3.0
1404	4105	4.0
1404	4153	3.0
1404	4460	2.0
1404	4462	2.0
1404	4559	3.0
1404	4663	3.0
1404	4665	4.0
1404	5154	3.0
1404	5219	3.0
1404	5229	4.0
1404	5457	3.0
1404	5534	3.0
1404	5555	4.0
1404	5572	5.0
1404	5719	4.0
1404	6154	2.0
1404	6355	4.0
1404	6555	3.0
1404	6637	3.0
1404	6639	5.0
1404	6869	5.0
1404	6886	3.0
1404	6916	4.0
1405	105	4.0
1405	112	5.0
1405	178	3.0
1405	211	4.0
1405	235	5.0
1405	269	4.0
1405	282	5.0
1405	300	5.0
1405	308	4.0
1405	321	4.0
1405	399	5.0
1405	438	4.0
1405	471	4.0
1405	475	5.0
1405	479	4.0
1405	512	5.0
1405	514	5.0
1405	549	5.0
1405	609	4.0
1405	623	5.0
1405	642	4.0
1405	768	4.0
1405	794	4.0
1405	883	5.0
1405	1030	5.0
1405	1138	5.0
1405	1162	5.0
1405	1175	5.0
1405	1240	4.0
1405	1263	4.0
1405	1297	5.0
1405	1313	5.0
1405	1400	5.0
1405	1461	4.0
1405	1745	5.0
1405	1767	5.0
1405	1889	4.0
1405	1945	4.0
1405	1994	3.0
1405	2078	5.0
1405	2178	2.0
1405	2213	4.0
1405	2258	5.0
1405	2270	4.0
1405	2274	5.0
1405	2278	5.0
1405	2293	5.0
1405	2340	5.0
1405	2458	5.0
1405	2475	4.0
1405	2528	5.0
1405	2702	4.0
1405	2722	5.0
1405	2762	4.0
1405	2825	5.0
1405	2842	4.0
1405	2968	5.0
1405	2984	5.0
1405	2994	5.0
1405	3056	3.0
1405	3073	5.0
1405	3155	5.0
1405	3158	5.0
1405	3177	5.0
1405	3357	3.0
1405	3417	4.0
1405	3465	4.0
1405	3592	4.0
1405	3773	4.0
1405	3779	5.0
1405	3862	4.0
1405	3874	4.0
1405	3977	5.0
1405	3998	5.0
1405	4037	5.0
1405	4040	4.0
1405	4042	5.0
1405	4065	4.0
1405	4195	4.0
1405	4209	5.0
1405	4272	5.0
1405	4383	4.0
1405	4386	5.0
1405	4415	5.0
1405	4437	4.0
1405	4458	4.0
1405	4537	5.0
1405	4542	4.0
1405	4562	5.0
1405	4597	5.0
1405	4611	4.0
1405	4615	3.0
1405	4674	4.0
1405	4779	5.0
1405	4910	5.0
1405	4936	5.0
1405	4969	5.0
1405	5124	4.0
1405	5127	5.0
1405	5195	4.0
1405	5217	3.0
1405	5395	5.0
1405	5405	4.0
1405	5434	4.0
1405	5468	5.0
1405	5476	5.0
1405	5478	4.0
1405	5479	5.0
1405	5509	5.0
1405	5520	4.0
1405	5611	4.0
1405	5659	4.0
1405	5747	5.0
1405	5755	5.0
1405	5990	5.0
1405	6006	5.0
1405	6024	5.0
1405	6059	4.0
1405	6109	5.0
1405	6119	5.0
1405	6200	4.0
1405	6228	3.0
1405	6286	4.0
1405	6311	5.0
1405	6323	4.0
1405	6384	5.0
1405	6433	4.0
1405	6473	4.0
1405	6474	4.0
1405	6485	4.0
1405	6522	5.0
1405	6573	5.0
1405	6578	4.0
1405	6584	5.0
1405	6626	4.0
1405	6640	4.0
1405	6662	5.0
1405	6677	4.0
1405	6686	5.0
1405	6820	5.0
1405	6876	4.0
1405	6923	5.0
1405	6925	5.0
1411	70	5.0
1411	176	1.0
1411	358	5.0
1411	958	5.0
1411	1001	4.0
1411	1018	1.0
1411	1073	5.0
1411	1074	5.0
1411	1078	1.0
1411	1772	5.0
1411	1859	5.0
1411	1903	5.0
1411	1933	3.0
1411	1985	1.0
1411	2228	5.0
1411	2243	5.0
1411	2603	5.0
1411	2647	5.0
1411	2824	5.0
1411	3006	2.0
1411	3129	5.0
1411	3251	3.0
1411	3317	5.0
1411	3349	4.0
1411	3358	4.0
1411	3371	5.0
1411	3905	4.0
1411	3970	1.0
1411	4037	5.0
1411	4042	4.0
1411	4055	3.0
1411	4124	3.0
1411	4135	3.0
1411	4168	5.0
1411	4202	5.0
1411	4304	5.0
1411	4349	3.0
1411	4894	3.0
1411	5236	4.0
1411	5251	5.0
1411	5258	5.0
1411	5294	5.0
1411	5386	5.0
1411	5710	4.0
1411	5936	4.0
1411	6012	5.0
1411	6115	5.0
1411	6271	3.0
1411	6300	1.0
1411	6479	4.0
1411	6577	3.0
1411	6770	2.0
1411	6835	5.0
1447	29	5.0
1447	61	4.0
1447	234	3.0
1447	241	3.0
1447	275	3.0
1447	276	4.0
1447	281	4.0
1447	309	3.0
1447	453	3.0
1447	561	3.0
1447	565	3.0
1447	585	3.0
1447	631	3.0
1447	671	5.0
1447	715	3.0
1447	755	4.0
1447	807	3.0
1447	853	3.0
1447	873	4.0
1447	884	4.0
1447	890	4.0
1447	891	4.0
1447	1058	4.0
1447	1126	3.0
1447	1132	4.0
1447	1149	5.0
1447	1159	4.0
1447	1233	4.0
1447	1373	3.0
1447	1396	2.0
1447	1513	5.0
1447	1563	4.0
1447	1653	5.0
1447	1747	4.0
1447	1801	3.0
1447	1823	2.0
1447	1839	3.0
1447	1857	4.0
1447	1878	3.0
1447	1880	3.0
1447	1883	3.0
1447	1973	3.0
1447	2015	2.0
1447	2048	3.0
1447	2093	3.0
1447	2103	5.0
1447	2167	3.0
1447	2220	4.0
1447	2287	4.0
1447	2293	3.0
1447	2301	3.0
1447	2318	4.0
1447	2445	3.0
1447	2462	5.0
1447	2481	5.0
1447	2547	3.0
1447	2564	3.0
1447	2604	4.0
1447	2629	3.0
1447	2821	5.0
1447	2840	3.0
1447	2855	4.0
1447	2874	4.0
1447	2974	4.0
1447	3026	5.0
1447	3033	4.0
1447	3060	3.0
1447	3062	3.0
1447	3198	1.0
1447	3294	5.0
1447	3298	5.0
1447	3473	4.0
1447	3487	3.0
1447	3526	3.0
1447	3561	4.0
1447	3680	2.0
1447	3738	2.0
1447	3794	5.0
1447	3876	5.0
1447	3900	3.0
1447	3913	3.0
1447	3914	4.0
1447	3916	4.0
1447	3942	5.0
1447	3955	4.0
1447	3956	3.0
1447	3993	3.0
1447	4008	4.0
1447	4053	5.0
1447	4074	3.0
1447	4132	4.0
1447	4202	3.0
1447	4252	5.0
1447	4261	4.0
1447	4305	4.0
1447	4344	3.0
1447	4357	3.0
1447	4372	3.0
1447	4391	3.0
1447	4457	5.0
1447	4563	3.0
1447	4636	3.0
1447	4677	3.0
1447	4693	4.0
1447	4774	4.0
1447	4786	3.0
1447	4923	3.0
1447	4980	3.0
1447	5036	3.0
1447	5043	3.0
1447	5050	3.0
1447	5076	3.0
1447	5263	3.0
1447	5268	4.0
1447	5437	2.0
1447	5444	4.0
1447	5456	3.0
1447	5476	5.0
1447	5491	3.0
1447	5541	5.0
1447	5707	3.0
1447	5755	3.0
1447	5769	4.0
1447	5800	3.0
1447	5805	3.0
1447	5874	3.0
1447	5878	3.0
1447	5885	4.0
1447	5889	4.0
1447	5890	4.0
1447	5902	3.0
1447	5921	3.0
1447	5945	4.0
1447	6018	3.0
1447	6042	3.0
1447	6043	3.0
1447	6050	3.0
1447	6097	3.0
1447	6147	4.0
1447	6234	4.0
1447	6433	3.0
1447	6487	3.0
1447	6553	3.0
1447	6607	3.0
1447	6679	4.0
1447	6737	4.0
1447	6901	3.0
1447	6916	3.0
1447	6921	3.0
1447	6955	5.0
1457	99	4.0
1457	141	4.0
1457	227	4.0
1457	241	3.0
1457	243	4.0
1457	309	4.0
1457	348	3.0
1457	371	3.0
1457	374	3.0
1457	387	3.0
1457	438	4.0
1457	459	4.0
1457	567	4.0
1457	680	4.0
1457	747	5.0
1457	821	5.0
1457	832	5.0
1457	844	3.0
1457	919	5.0
1457	1023	2.0
1457	1125	4.0
1457	1195	5.0
1457	1378	5.0
1457	1616	5.0
1457	1617	5.0
1457	1681	4.0
1457	1980	4.0
1457	2028	4.0
1457	2029	5.0
1457	2230	2.0
1457	2287	4.0
1457	2430	4.0
1457	2522	4.0
1457	2706	5.0
1457	2782	4.0
1457	2838	5.0
1457	2931	5.0
1457	2940	4.0
1457	3089	5.0
1457	3239	4.0
1457	3251	3.0
1457	3359	5.0
1457	3629	4.0
1457	3634	3.0
1457	4312	4.0
1457	4469	5.0
1457	4635	5.0
1457	4727	4.0
1457	4927	5.0
1457	4997	3.0
1457	5386	5.0
1457	5445	4.0
1457	5654	4.0
1457	5780	4.0
1457	6182	5.0
1457	6208	4.0
1457	6599	4.0
1457	6948	5.0
1457	6950	5.0
1457	6952	4.0
1457	6955	5.0
1464	117	5.0
1464	241	5.0
1464	243	5.0
1464	438	5.0
1464	466	5.0
1464	483	5.0
1464	594	5.0
1464	723	5.0
1464	817	5.0
1464	1607	5.0
1464	1782	5.0
1464	2048	5.0
1464	2141	5.0
1464	2287	5.0
1464	2444	5.0
1464	2715	5.0
1464	2717	5.0
1464	2755	5.0
1464	2774	5.0
1464	2799	3.0
1464	2825	5.0
1464	2882	5.0
1464	3056	5.0
1464	3123	5.0
1464	3124	5.0
1464	3129	4.0
1464	3192	5.0
1464	3309	3.0
1464	3692	5.0
1464	3723	5.0
1464	3785	5.0
1464	3949	5.0
1464	3964	4.0
1464	4034	5.0
1464	4152	5.0
1464	4171	5.0
1464	4260	3.0
1464	4392	5.0
1464	4596	5.0
1464	4712	5.0
1464	4842	5.0
1464	4857	4.0
1464	4893	5.0
1464	4927	5.0
1464	5018	5.0
1464	5304	5.0
1464	5430	5.0
1464	5432	3.0
1464	5456	5.0
1464	5469	5.0
1464	5473	5.0
1464	5501	5.0
1464	5505	5.0
1464	5510	5.0
1464	5846	5.0
1464	5936	5.0
1464	6107	5.0
1464	6144	5.0
1464	6229	5.0
1464	6271	5.0
1464	6335	5.0
1464	6376	5.0
1464	6389	5.0
1464	6578	5.0
1464	6630	5.0
1464	6766	5.0
1464	6811	5.0
1464	6968	5.0
1481	170	4.0
1481	203	3.0
1481	369	5.0
1481	676	3.0
1481	1078	2.0
1481	1145	3.0
1481	1294	4.0
1481	1347	5.0
1481	1503	4.0
1481	1730	4.0
1481	1957	3.0
1481	1999	3.0
1481	2015	3.0
1481	2029	5.0
1481	2274	4.0
1481	2336	4.0
1481	2676	4.0
1481	2846	4.0
1481	2900	4.0
1481	2910	3.0
1481	2992	4.0
1481	3014	2.0
1481	3144	2.0
1481	3345	3.0
1481	3378	3.0
1481	3395	3.0
1481	3468	3.0
1481	3570	4.0
1481	3690	3.0
1481	3693	4.0
1481	3772	5.0
1481	3869	3.0
1481	3870	2.0
1481	3874	5.0
1481	4037	3.0
1481	4083	3.0
1481	4130	3.0
1481	4169	3.0
1481	4171	5.0
1481	4340	3.0
1481	4480	3.0
1481	4718	4.0
1481	4875	4.0
1481	4932	4.0
1481	5124	3.0
1481	5386	3.0
1481	5534	3.0
1481	5567	4.0
1481	5686	4.0
1481	6273	4.0
1481	6348	3.0
1481	6447	4.0
1481	6782	4.0
1523	42	4.0
1523	126	3.0
1523	176	3.0
1523	190	4.0
1523	483	3.0
1523	500	3.0
1523	509	4.0
1523	578	3.0
1523	706	3.0
1523	734	4.0
1523	755	4.0
1523	789	3.0
1523	912	4.0
1523	1164	3.0
1523	1180	4.0
1523	1305	4.0
1523	1432	5.0
1523	1682	4.0
1523	1699	4.0
1523	1728	5.0
1523	2015	4.0
1523	2098	5.0
1523	2191	4.0
1523	2262	4.0
1523	2283	4.0
1523	2350	4.0
1523	2384	4.0
1523	2797	3.0
1523	2931	4.0
1523	2938	3.0
1523	3123	4.0
1523	3440	4.0
1523	3486	3.0
1523	3538	5.0
1523	3655	4.0
1523	3692	4.0
1523	3754	4.0
1523	3794	5.0
1523	3856	4.0
1523	3941	3.0
1523	4180	3.0
1523	4513	4.0
1523	4628	4.0
1523	4821	3.0
1523	4893	3.0
1523	4922	4.0
1523	4934	5.0
1523	4960	5.0
1523	4993	4.0
1523	5057	5.0
1523	5111	4.0
1523	5150	3.0
1523	5389	5.0
1523	5407	5.0
1523	5445	4.0
1523	5507	4.0
1523	5534	3.0
1523	5804	4.0
1523	6197	3.0
1523	6285	3.0
1523	6302	3.0
1523	6370	5.0
1523	6394	4.0
1523	6850	3.0
1523	6878	4.0
1523	6916	4.0
1569	141	4.0
1569	272	3.0
1569	423	3.0
1569	438	4.0
1569	613	4.0
1569	643	3.0
1569	747	5.0
1569	799	4.0
1569	836	3.0
1569	874	4.0
1569	1195	4.0
1569	1322	4.0
1569	1461	2.0
1569	1682	4.0
1569	1753	4.0
1569	1782	2.0
1569	1813	5.0
1569	1825	4.0
1569	1826	3.0
1569	1962	4.0
1569	2017	4.0
1569	2025	3.0
1569	2029	5.0
1569	2080	3.0
1569	2135	4.0
1569	2178	3.0
1569	2430	4.0
1569	2509	2.0
1569	2520	5.0
1569	2656	3.0
1569	2782	4.0
1569	2947	3.0
1569	3062	3.0
1569	3089	3.0
1569	3193	4.0
1569	3213	3.0
1569	3219	3.0
1569	3570	4.0
1569	3670	4.0
1569	3707	4.0
1569	3739	4.0
1569	3779	4.0
1569	4025	3.0
1569	4056	3.0
1569	4183	4.0
1569	4187	4.0
1569	4349	3.0
1569	4523	4.0
1569	4538	3.0
1569	4542	4.0
1569	4658	4.0
1569	4707	3.0
1569	4860	3.0
1569	4927	4.0
1569	4982	4.0
1569	5257	4.0
1569	5297	3.0
1569	5304	3.0
1569	5592	2.0
1569	5664	4.0
1569	6109	4.0
1569	6255	3.0
1569	6435	3.0
1569	6577	4.0
1569	6583	3.0
1569	6628	5.0
1569	6677	4.0
1569	6685	4.0
1569	6772	3.0
1696	28	3.0
1696	96	4.0
1696	124	4.0
1696	140	4.0
1696	174	4.0
1696	220	4.0
1696	232	4.0
1696	269	3.0
1696	419	4.0
1696	438	4.0
1696	475	4.0
1696	514	3.0
1696	528	4.0
1696	539	4.0
1696	542	3.0
1696	678	4.0
1696	817	4.0
1696	853	4.0
1696	887	4.0
1696	929	4.0
1696	1018	3.0
1696	1071	4.0
1696	1074	4.0
1696	1152	3.0
1696	1168	3.0
1696	1367	3.0
1696	1384	4.0
1696	1415	4.0
1696	1425	4.0
1696	1488	4.0
1696	1518	4.0
1696	1527	4.0
1696	1536	3.0
1696	1588	3.0
1696	1670	4.0
1696	1682	4.0
1696	1738	4.0
1696	1774	3.0
1696	1799	4.0
1696	1838	3.0
1696	2018	4.0
1696	2023	4.0
1696	2049	4.0
1696	2055	4.0
1696	2167	4.0
1696	2168	4.0
1696	2221	4.0
1696	2258	4.0
1696	2350	4.0
1696	2356	4.0
1696	2383	3.0
1696	2432	4.0
1696	2459	4.0
1696	2508	4.0
1696	2512	4.0
1696	2533	4.0
1696	2605	4.0
1696	2609	4.0
1696	2681	3.0
1696	2709	4.0
1696	2792	4.0
1696	2825	4.0
1696	2903	4.0
1696	2907	4.0
1696	2938	4.0
1696	2993	4.0
1696	2995	3.0
1696	3239	4.0
1696	3242	3.0
1696	3253	4.0
1696	3285	4.0
1696	3307	4.0
1696	3310	3.0
1696	3341	4.0
1696	3476	3.0
1696	3611	3.0
1696	3618	4.0
1696	3661	4.0
1696	3747	5.0
1696	3864	3.0
1696	3886	3.0
1696	3911	4.0
1696	3962	4.0
1696	3994	3.0
1696	4090	4.0
1696	4200	3.0
1696	4230	4.0
1696	4293	4.0
1696	4305	4.0
1696	4312	4.0
1696	4403	3.0
1696	4457	4.0
1696	4463	4.0
1696	4506	4.0
1696	4596	4.0
1696	4674	4.0
1696	4715	3.0
1696	4817	3.0
1696	4851	3.0
1696	4860	4.0
1696	4953	3.0
1696	4974	4.0
1696	5014	4.0
1696	5059	4.0
1696	5089	3.0
1696	5145	4.0
1696	5213	4.0
1696	5216	3.0
1696	5304	4.0
1696	5393	3.0
1696	5395	4.0
1696	5424	4.0
1696	5432	4.0
1696	5538	4.0
1696	5585	3.0
1696	5630	4.0
1696	5728	3.0
1696	5846	4.0
1696	5853	4.0
1696	5910	3.0
1696	5919	4.0
1696	5990	4.0
1696	6200	4.0
1696	6214	4.0
1696	6229	4.0
1696	6232	4.0
1696	6275	4.0
1696	6286	4.0
1696	6311	4.0
1696	6350	4.0
1696	6370	4.0
1696	6449	4.0
1696	6450	4.0
1696	6465	4.0
1696	6604	4.0
1696	6626	4.0
1696	6634	4.0
1696	6637	3.0
1696	6672	4.0
1696	6685	4.0
1696	6691	4.0
1696	6695	4.0
1696	6731	4.0
1696	6762	4.0
1696	6819	4.0
1696	6884	4.0
1696	6957	4.0
1700	90	3.0
1700	105	3.0
1700	180	4.0
1700	210	4.0
1700	217	5.0
1700	234	3.0
1700	235	4.0
1700	276	5.0
1700	440	3.0
1700	453	3.0
1700	551	4.0
1700	656	4.0
1700	714	4.0
1700	768	3.0
1700	789	4.0
1700	817	5.0
1700	921	4.0
1700	1014	3.0
1700	1024	3.0
1700	1044	3.0
1700	1150	3.0
1700	1160	4.0
1700	1261	3.0
1700	1301	5.0
1700	1361	3.0
1700	1409	3.0
1700	1483	4.0
1700	1491	5.0
1700	1517	3.0
1700	1533	4.0
1700	1588	3.0
1700	1600	2.0
1700	1608	5.0
1700	1642	3.0
1700	1650	4.0
1700	1707	3.0
1700	1801	3.0
1700	1871	3.0
1700	1894	3.0
1700	1951	3.0
1700	2017	4.0
1700	2041	3.0
1700	2069	3.0
1700	2169	3.0
1700	2221	4.0
1700	2240	4.0
1700	2255	2.0
1700	2262	5.0
1700	2303	2.0
1700	2350	4.0
1700	2384	4.0
1700	2391	3.0
1700	2462	5.0
1700	2475	4.0
1700	2511	5.0
1700	2563	3.0
1700	2565	4.0
1700	2588	3.0
1700	2656	4.0
1700	2699	2.0
1700	2806	3.0
1700	2858	4.0
1700	2874	4.0
1700	2901	4.0
1700	2962	5.0
1700	2982	3.0
1700	3006	2.0
1700	3062	4.0
1700	3124	3.0
1700	3129	3.0
1700	3141	3.0
1700	3150	3.0
1700	3192	5.0
1700	3198	3.0
1700	3253	3.0
1700	3518	3.0
1700	3519	4.0
1700	3598	3.0
1700	3622	4.0
1700	3649	4.0
1700	3666	3.0
1700	3690	3.0
1700	3718	3.0
1700	3779	5.0
1700	3848	3.0
1700	3964	3.0
1700	4067	5.0
1700	4094	4.0
1700	4128	4.0
1700	4151	5.0
1700	4268	2.0
1700	4291	3.0
1700	4312	5.0
1700	4317	3.0
1700	4321	3.0
1700	4339	1.0
1700	4364	3.0
1700	4487	3.0
1700	4501	4.0
1700	4538	5.0
1700	4750	4.0
1700	4796	5.0
1700	4857	5.0
1700	4860	4.0
1700	5129	5.0
1700	5210	4.0
1700	5213	4.0
1700	5256	3.0
1700	5294	5.0
1700	5295	4.0
1700	5304	3.0
1700	5365	3.0
1700	5391	3.0
1700	5404	4.0
1700	5407	5.0
1700	5437	3.0
1700	5465	5.0
1700	5480	3.0
1700	5501	4.0
1700	5504	3.0
1700	5506	2.0
1700	5515	4.0
1700	5527	3.0
1700	5592	2.0
1700	5659	3.0
1700	5707	3.0
1700	5709	3.0
1700	5719	3.0
1700	5736	3.0
1700	5856	4.0
1700	5884	2.0
1700	5986	4.0
1700	5998	3.0
1700	6101	3.0
1700	6169	5.0
1700	6217	5.0
1700	6220	3.0
1700	6229	4.0
1700	6328	4.0
1700	6329	3.0
1700	6370	5.0
1700	6384	4.0
1700	6393	4.0
1700	6396	3.0
1700	6399	4.0
1700	6446	3.0
1700	6619	2.0
1700	6653	4.0
1700	6695	4.0
1700	6748	3.0
1700	6901	3.0
1700	6923	5.0
1746	180	4.0
1746	223	5.0
1746	528	4.0
1746	772	5.0
1746	831	3.0
1746	912	4.0
1746	929	4.0
1746	1071	3.0
1746	1076	4.0
1746	1294	5.0
1746	1367	3.0
1746	1377	3.0
1746	1432	4.0
1746	1468	4.0
1746	1587	4.0
1746	1617	5.0
1746	1765	3.0
1746	1772	4.0
1746	2029	5.0
1746	2188	4.0
1746	2242	4.0
1746	2272	4.0
1746	2739	4.0
1746	2958	4.0
1746	2959	5.0
1746	3309	3.0
1746	3378	3.0
1746	3517	4.0
1746	3570	4.0
1746	3604	3.0
1746	3738	4.0
1746	3754	4.0
1746	3791	4.0
1746	4137	4.0
1746	4202	4.0
1746	4383	4.0
1746	4548	3.0
1746	4613	4.0
1746	4635	3.0
1746	4857	5.0
1746	4896	3.0
1746	5445	4.0
1746	5698	4.0
1746	5936	3.0
1746	6067	4.0
1746	6200	4.0
1746	6208	4.0
1746	6273	3.0
1746	6287	2.0
1746	6319	4.0
1746	6808	3.0
1746	6955	4.0
1766	34	3.0
1766	131	3.0
1766	170	5.0
1766	217	3.0
1766	219	4.0
1766	243	4.0
1766	281	4.0
1766	289	4.0
1766	372	5.0
1766	386	5.0
1766	406	3.0
1766	448	4.0
1766	474	2.0
1766	524	4.0
1766	552	4.0
1766	624	4.0
1766	712	3.0
1766	846	3.0
1766	1036	3.0
1766	1116	3.0
1766	1162	4.0
1766	1204	3.0
1766	1388	3.0
1766	1527	3.0
1766	1682	3.0
1766	1859	4.0
1766	2072	3.0
1766	2142	3.0
1766	2235	5.0
1766	2300	2.0
1766	2324	4.0
1766	2421	3.0
1766	2458	4.0
1766	2509	3.0
1766	2959	5.0
1766	3000	4.0
1766	3085	2.0
1766	3269	3.0
1766	3378	3.0
1766	3405	3.0
1766	3618	3.0
1766	3629	3.0
1766	3630	3.0
1766	3690	3.0
1766	3692	3.0
1766	3777	5.0
1766	3778	3.0
1766	3783	3.0
1766	3812	3.0
1766	3877	3.0
1766	3948	4.0
1766	3964	3.0
1766	4025	3.0
1766	4053	5.0
1766	4067	3.0
1766	4110	3.0
1766	4171	5.0
1766	4181	3.0
1766	4202	3.0
1766	4239	3.0
1766	4269	3.0
1766	4557	4.0
1766	4590	3.0
1766	4596	4.0
1766	4631	5.0
1766	4684	5.0
1766	4926	4.0
1766	4927	4.0
1766	4928	3.0
1766	4934	3.0
1766	4953	5.0
1766	4993	3.0
1766	5100	3.0
1766	5154	3.0
1766	5304	3.0
1766	5394	3.0
1766	5400	5.0
1766	5407	3.0
1766	5499	3.0
1766	5515	4.0
1766	5531	5.0
1766	5539	3.0
1766	5662	3.0
1766	5686	3.0
1766	5892	3.0
1766	5928	3.0
1766	5973	5.0
1766	6138	3.0
1766	6200	4.0
1766	6384	4.0
1766	6427	3.0
1766	6583	3.0
1766	6691	5.0
1766	6770	3.0
1850	224	4.0
1850	353	5.0
1850	359	4.0
1850	683	5.0
1850	1270	5.0
1850	1587	5.0
1850	1628	4.0
1850	1773	5.0
1850	1776	5.0
1850	2227	3.0
1850	2350	4.0
1850	2462	4.0
1850	2545	3.0
1850	2574	5.0
1850	2741	5.0
1850	2825	5.0
1850	3295	4.0
1850	3331	3.0
1850	3409	5.0
1850	3494	5.0
1850	3520	5.0
1850	3600	5.0
1850	3794	4.0
1850	3827	5.0
1850	4025	4.0
1850	4191	5.0
1850	4310	2.0
1850	4384	3.0
1850	4469	4.0
1850	4514	4.0
1850	4542	2.0
1850	4682	4.0
1850	5606	4.0
1850	5753	3.0
1850	6137	5.0
1850	6172	2.0
1850	6173	4.0
1850	6311	4.0
1850	6370	4.0
1850	6449	4.0
1850	6539	4.0
1850	6572	5.0
1850	6573	5.0
1850	6671	4.0
1850	6691	4.0
1850	6709	4.0
1850	6772	4.0
1850	6898	5.0
1850	6954	5.0
1856	124	5.0
1856	233	4.0
1856	243	5.0
1856	351	3.0
1856	371	3.0
1856	387	4.0
1856	401	5.0
1856	444	4.0
1856	469	3.0
1856	517	5.0
1856	528	5.0
1856	613	5.0
1856	629	2.0
1856	729	5.0
1856	770	5.0
1856	797	4.0
1856	808	2.0
1856	827	5.0
1856	831	5.0
1856	832	5.0
1856	884	5.0
1856	1012	5.0
1856	1018	3.0
1856	1030	4.0
1856	1050	5.0
1856	1073	5.0
1856	1140	4.0
1856	1171	4.0
1856	1202	4.0
1856	1246	5.0
1856	1384	5.0
1856	1513	5.0
1856	1517	3.0
1856	1522	3.0
1856	1532	4.0
1856	1534	3.0
1856	1759	5.0
1856	1782	5.0
1856	1903	5.0
1856	1907	5.0
1856	1912	5.0
1856	2015	5.0
1856	2017	4.0
1856	2046	5.0
1856	2093	4.0
1856	2104	5.0
1856	2186	5.0
1856	2232	5.0
1856	2269	4.0
1856	2300	2.0
1856	2350	3.0
1856	2417	4.0
1856	2609	5.0
1856	2707	5.0
1856	2715	5.0
1856	2893	5.0
1856	2936	1.0
1856	2940	4.0
1856	2976	2.0
1856	3026	4.0
1856	3057	5.0
1856	3102	3.0
1856	3192	4.0
1856	3408	2.0
1856	3463	5.0
1856	3465	3.0
1856	3483	4.0
1856	3492	3.0
1856	3513	2.0
1856	3620	4.0
1856	3662	5.0
1856	3738	4.0
1856	3781	5.0
1856	3856	3.0
1856	3873	4.0
1856	3910	4.0
1856	4094	5.0
1856	4097	5.0
1856	4111	5.0
1856	4119	2.0
1856	4135	3.0
1856	4148	4.0
1856	4164	5.0
1856	4171	4.0
1856	4172	5.0
1856	4173	5.0
1856	4202	5.0
1856	4204	5.0
1856	4252	5.0
1856	4286	5.0
1856	4340	5.0
1856	4353	3.0
1856	4421	5.0
1856	4523	3.0
1856	4639	3.0
1856	4782	3.0
1856	4799	2.0
1856	4836	4.0
1856	4868	3.0
1856	4922	5.0
1856	4923	5.0
1856	4932	5.0
1856	4988	5.0
1856	5032	5.0
1856	5151	2.0
1856	5236	5.0
1856	5251	4.0
1856	5294	5.0
1856	5299	5.0
1856	5304	4.0
1856	5353	5.0
1856	5423	3.0
1856	5430	2.0
1856	5672	3.0
1856	5686	3.0
1856	5696	2.0
1856	5697	5.0
1856	5719	3.0
1856	5793	4.0
1856	5842	4.0
1856	5910	4.0
1856	5953	4.0
1856	5990	5.0
1856	6019	5.0
1856	6115	5.0
1856	6127	5.0
1856	6138	5.0
1856	6208	5.0
1856	6214	4.0
1856	6232	5.0
1856	6323	5.0
1856	6327	3.0
1856	6370	5.0
1856	6379	5.0
1856	6479	4.0
1856	6523	5.0
1856	6524	3.0
1856	6606	2.0
1856	6612	3.0
1856	6631	2.0
1856	6690	3.0
1856	6704	3.0
1856	6708	2.0
1856	6765	5.0
1856	6773	3.0
1856	6963	5.0
1897	3	5.0
1897	108	3.0
1897	187	5.0
1897	190	5.0
1897	225	3.0
1897	234	4.0
1897	449	4.0
1897	483	3.0
1897	500	3.0
1897	513	4.0
1897	668	4.0
1897	686	3.0
1897	817	4.0
1897	1061	5.0
1897	1276	4.0
1897	1300	4.0
1897	1355	4.0
1897	1384	4.0
1897	1421	4.0
1897	1453	3.0
1897	1532	4.0
1897	1600	3.0
1897	1617	4.0
1897	1770	5.0
1897	2135	4.0
1897	2221	3.0
1897	2240	4.0
1897	2300	3.0
1897	2350	5.0
1897	2422	3.0
1897	2739	4.0
1897	2787	5.0
1897	2818	5.0
1897	2825	3.0
1897	2843	3.0
1897	2901	4.0
1897	2959	4.0
1897	3141	4.0
1897	3213	5.0
1897	3367	5.0
1897	3486	4.0
1897	3531	5.0
1897	3564	4.0
1897	3692	3.0
1897	3717	5.0
1897	3821	4.0
1897	3856	3.0
1897	3871	4.0
1897	3905	3.0
1897	3998	4.0
1897	4202	4.0
1897	4523	4.0
1897	4596	4.0
1897	4684	4.0
1897	4743	5.0
1897	4767	4.0
1897	4782	5.0
1897	5005	5.0
1897	5055	4.0
1897	5124	4.0
1897	5154	4.0
1897	5293	5.0
1897	5304	4.0
1897	5401	5.0
1897	5493	3.0
1897	5793	4.0
1897	5850	4.0
1897	5953	5.0
1897	6087	3.0
1897	6109	3.0
1897	6182	5.0
1897	6208	4.0
1897	6432	5.0
1897	6458	4.0
1897	6539	4.0
1897	6700	3.0
1897	6706	4.0
1897	6708	3.0
1897	6953	5.0
1906	20	4.0
1906	152	4.0
1906	272	3.0
1906	453	4.0
1906	509	4.0
1906	578	2.0
1906	770	4.0
1906	810	3.0
1906	1001	4.0
1906	1125	3.0
1906	1195	5.0
1906	1421	4.0
1906	1432	5.0
1906	1587	4.0
1906	1622	3.0
1906	1647	4.0
1906	1683	4.0
1906	1963	4.0
1906	2017	4.0
1906	2029	5.0
1906	2069	5.0
1906	2250	4.0
1906	2252	5.0
1906	2350	5.0
1906	2509	3.0
1906	2706	4.0
1906	2818	5.0
1906	2906	4.0
1906	3088	4.0
1906	3089	4.0
1906	3102	5.0
1906	3115	3.0
1906	3125	4.0
1906	3268	4.0
1906	3580	5.0
1906	3645	5.0
1906	3781	5.0
1906	3869	3.0
1906	4097	3.0
1906	4135	4.0
1906	4180	3.0
1906	4299	3.0
1906	4364	5.0
1906	4538	5.0
1906	4559	3.0
1906	4732	4.0
1906	4779	4.0
1906	4893	3.0
1906	4922	4.0
1906	4928	4.0
1906	5036	3.0
1906	5154	4.0
1906	5262	3.0
1906	5387	4.0
1906	5489	4.0
1906	6089	4.0
1906	6238	4.0
1906	6328	5.0
1906	6740	3.0
1906	6778	4.0
1906	6968	3.0
1930	30	3.0
1930	170	3.0
1930	180	5.0
1930	194	3.0
1930	220	4.0
1930	226	5.0
1930	243	5.0
1930	358	5.0
1930	405	4.0
1930	417	4.0
1930	438	3.0
1930	453	4.0
1930	469	2.0
1930	519	3.0
1930	535	4.0
1930	553	3.0
1930	605	4.0
1930	613	5.0
1930	818	5.0
1930	868	4.0
1930	967	2.0
1930	1162	3.0
1930	1163	3.0
1930	1166	3.0
1930	1187	3.0
1930	1190	4.0
1930	1249	3.0
1930	1377	4.0
1930	1396	4.0
1930	1432	5.0
1930	1476	2.0
1930	1488	4.0
1930	1571	3.0
1930	1609	4.0
1930	1628	4.0
1930	1681	4.0
1930	1727	3.0
1930	1772	5.0
1930	1930	5.0
1930	1964	5.0
1930	2017	3.0
1930	2070	4.0
1930	2135	3.0
1930	2190	3.0
1930	2196	4.0
1930	2199	3.0
1930	2242	5.0
1930	2287	3.0
1930	2316	2.0
1930	2322	2.0
1930	2384	3.0
1930	2425	4.0
1930	2469	2.0
1930	2482	3.0
1930	2504	5.0
1930	2509	3.0
1930	2587	3.0
1930	2823	3.0
1930	2859	5.0
1930	2874	4.0
1930	2909	2.0
1930	2959	5.0
1930	2999	3.0
1930	3039	3.0
1930	3078	3.0
1930	3213	5.0
1930	3258	3.0
1930	3349	2.0
1930	3438	4.0
1930	3445	5.0
1930	3450	3.0
1930	3545	3.0
1930	3629	3.0
1930	3791	5.0
1930	3796	3.0
1930	3869	3.0
1930	3874	3.0
1930	3946	4.0
1930	4037	4.0
1930	4171	2.0
1930	4176	5.0
1930	4183	4.0
1930	4202	5.0
1930	4204	3.0
1930	4209	5.0
1930	4304	4.0
1930	4305	3.0
1930	4316	5.0
1930	4330	1.0
1930	4344	3.0
1930	4392	3.0
1930	4399	5.0
1930	4483	4.0
1930	4513	2.0
1930	4635	4.0
1930	4684	3.0
1930	4760	2.0
1930	4779	2.0
1930	4840	3.0
1930	4860	3.0
1930	4920	5.0
1930	4934	2.0
1930	4944	4.0
1930	5050	3.0
1930	5053	4.0
1930	5055	3.0
1930	5074	2.0
1930	5124	5.0
1930	5127	3.0
1930	5139	3.0
1930	5207	3.0
1930	5213	5.0
1930	5317	4.0
1930	5432	4.0
1930	5437	2.0
1930	5515	3.0
1930	5530	3.0
1930	5647	3.0
1930	5648	3.0
1930	5710	3.0
1930	5745	3.0
1930	5818	5.0
1930	5880	3.0
1930	5885	4.0
1930	5896	2.0
1930	5934	3.0
1930	5943	3.0
1930	6010	5.0
1930	6050	4.0
1930	6179	2.0
1930	6208	5.0
1930	6229	4.0
1930	6232	3.0
1930	6328	3.0
1930	6390	2.0
1930	6503	4.0
1930	6523	4.0
1930	6532	1.0
1930	6656	3.0
1930	6808	1.0
1930	6851	4.0
1930	6872	3.0
1930	6968	3.0
2038	234	3.0
2038	292	4.0
2038	295	4.0
2038	358	4.0
2038	399	5.0
2038	453	4.0
2038	508	4.0
2038	519	5.0
2038	642	4.0
2038	708	4.0
2038	709	5.0
2038	832	5.0
2038	833	5.0
2038	835	4.0
2038	883	3.0
2038	960	4.0
2038	968	3.0
2038	1076	5.0
2038	1077	5.0
2038	1079	4.0
2038	1125	3.0
2038	1384	5.0
2038	1488	5.0
2038	1493	3.0
2038	1617	5.0
2038	1654	3.0
2038	1695	5.0
2038	1781	5.0
2038	1834	5.0
2038	1868	5.0
2038	1929	3.0
2038	1964	5.0
2038	2028	4.0
2038	2168	4.0
2038	2217	5.0
2038	2220	5.0
2038	2287	5.0
2038	2302	5.0
2038	2460	5.0
2038	2520	5.0
2038	2544	2.0
2038	2549	4.0
2038	2633	4.0
2038	2697	4.0
2038	2706	5.0
2038	2818	5.0
2038	2825	5.0
2038	2838	5.0
2038	2904	3.0
2038	3056	4.0
2038	3167	5.0
2038	3185	3.0
2038	3255	5.0
2038	3281	3.0
2038	3427	2.0
2038	3430	5.0
2038	3466	3.0
2038	3564	5.0
2038	4014	5.0
2038	4258	4.0
2038	4340	5.0
2038	4372	4.0
2038	4501	3.0
2038	4917	5.0
2038	5046	4.0
2038	5124	5.0
2038	5195	4.0
2038	5217	4.0
2038	5304	4.0
2038	5347	5.0
2038	5410	5.0
2038	5432	5.0
2038	5536	3.0
2038	5541	5.0
2038	5575	5.0
2038	5880	5.0
2038	5910	4.0
2038	5927	5.0
2038	6116	5.0
2038	6123	4.0
2038	6200	4.0
2038	6228	5.0
2038	6271	2.0
2038	6275	4.0
2038	6577	5.0
2038	6578	3.0
2038	6580	4.0
2038	6634	4.0
2038	6916	5.0
2062	225	1.0
2062	233	5.0
2062	243	5.0
2062	317	4.0
2062	353	3.0
2062	478	1.0
2062	479	5.0
2062	561	3.0
2062	625	5.0
2062	763	3.0
2062	773	5.0
2062	832	5.0
2062	1559	2.0
2062	1693	4.0
2062	1738	3.0
2062	2048	5.0
2062	2154	3.0
2062	2331	5.0
2062	2473	5.0
2062	2614	4.0
2062	2774	5.0
2062	3026	5.0
2062	3056	5.0
2062	3100	4.0
2062	3390	1.0
2062	3753	5.0
2062	3821	5.0
2062	3911	3.0
2062	3928	3.0
2062	4202	4.0
2062	4291	3.0
2062	4306	4.0
2062	4617	5.0
2062	4893	3.0
2062	4894	4.0
2062	5124	5.0
2062	5154	5.0
2062	5165	3.0
2062	5263	3.0
2062	5386	4.0
2062	5424	5.0
2062	5534	5.0
2062	5910	5.0
2062	6040	2.0
2062	6171	4.0
2062	6438	5.0
2062	6761	3.0
2062	6916	5.0
2083	58	5.0
2083	104	4.0
2083	420	3.0
2083	519	5.0
2083	655	4.0
2083	817	5.0
2083	832	5.0
2083	858	4.0
2083	891	5.0
2083	912	5.0
2083	921	3.0
2083	1166	5.0
2083	1384	5.0
2083	1521	4.0
2083	1753	4.0
2083	1780	4.0
2083	1792	4.0
2083	1859	4.0
2083	1952	5.0
2083	2191	4.0
2083	2324	4.0
2083	2340	4.0
2083	2574	4.0
2083	2633	4.0
2083	2681	5.0
2083	2722	3.0
2083	2767	4.0
2083	2823	4.0
2083	2842	3.0
2083	3025	4.0
2083	3145	3.0
2083	3167	5.0
2083	3174	4.0
2083	3237	5.0
2083	3326	5.0
2083	3570	4.0
2083	3598	4.0
2083	3627	5.0
2083	3629	4.0
2083	3649	3.0
2083	3717	4.0
2083	3758	3.0
2083	3964	4.0
2083	3986	5.0
2083	4120	5.0
2083	4125	5.0
2083	4204	4.0
2083	4241	4.0
2083	4296	4.0
2083	4392	4.0
2083	4415	5.0
2083	4587	4.0
2083	4665	5.0
2083	4787	5.0
2083	4791	5.0
2083	4853	4.0
2083	4928	3.0
2083	5347	5.0
2083	5566	4.0
2083	5582	3.0
2083	5642	4.0
2083	5936	3.0
2083	6075	5.0
2083	6200	4.0
2083	6222	5.0
2083	6370	5.0
2083	6455	4.0
2083	6628	3.0
2083	6659	4.0
2083	6774	4.0
2083	6916	4.0
2090	63	1.0
2090	221	5.0
2090	375	5.0
2090	552	3.0
2090	605	4.0
2090	783	2.0
2090	912	5.0
2090	1336	5.0
2090	1607	3.0
2090	1703	4.0
2090	1713	4.0
2090	1770	5.0
2090	2320	3.0
2090	2418	4.0
2090	2421	5.0
2090	2549	4.0
2090	2901	3.0
2090	3090	4.0
2090	3307	5.0
2090	3479	3.0
2090	3564	5.0
2090	3570	4.0
2090	3583	4.0
2090	3587	4.0
2090	3864	4.0
2090	3964	4.0
2090	4025	4.0
2090	4173	3.0
2090	4202	4.0
2090	4517	3.0
2090	4767	4.0
2090	4860	4.0
2090	4927	5.0
2090	5154	3.0
2090	5187	4.0
2090	5387	4.0
2090	5666	4.0
2090	5719	3.0
2090	5910	4.0
2090	6370	4.0
2090	6523	4.0
2090	6687	5.0
2090	6700	4.0
2090	6881	5.0
2104	126	3.0
2104	235	5.0
2104	399	5.0
2104	438	5.0
2104	549	4.0
2104	553	3.0
2104	561	3.0
2104	687	4.0
2104	714	4.0
2104	858	4.0
2104	1871	4.0
2104	1953	3.0
2104	2167	3.0
2104	2459	4.0
2104	2675	3.0
2104	2709	5.0
2104	2968	5.0
2104	3180	3.0
2104	3309	4.0
2104	3310	4.0
2104	3331	5.0
2104	3594	4.0
2104	3759	3.0
2104	3921	5.0
2104	4110	4.0
2104	4183	4.0
2104	4230	5.0
2104	4407	4.0
2104	4596	5.0
2104	4617	3.0
2104	4674	5.0
2104	4983	4.0
2104	5089	3.0
2104	5145	3.0
2104	5304	4.0
2104	5430	3.0
2104	5480	5.0
2104	5515	3.0
2104	5577	5.0
2104	5842	4.0
2104	6252	3.0
2104	6255	4.0
2104	6370	5.0
2104	6416	3.0
2104	6708	3.0
2104	6799	4.0
2104	6837	3.0
2185	103	3.0
2185	138	2.0
2185	174	4.0
2185	220	5.0
2185	243	5.0
2185	500	4.0
2185	601	4.0
2185	642	3.0
2185	648	4.0
2185	929	4.0
2185	1001	3.0
2185	1114	5.0
2185	1195	4.0
2185	1246	5.0
2185	1301	3.0
2185	1313	3.0
2185	1434	4.0
2185	1488	5.0
2185	1561	4.0
2185	1673	3.0
2185	1699	3.0
2185	1959	5.0
2185	2029	4.0
2185	2047	4.0
2185	2058	3.0
2185	2067	3.0
2185	2098	5.0
2185	2262	5.0
2185	2325	4.0
2185	2384	4.0
2185	2425	4.0
2185	2434	4.0
2185	2515	4.0
2185	2535	4.0
2185	2574	3.0
2185	2586	5.0
2185	2788	4.0
2185	2861	5.0
2185	2901	3.0
2185	2959	5.0
2185	3295	5.0
2185	3330	3.0
2185	3339	3.0
2185	3359	3.0
2185	3627	4.0
2185	3676	5.0
2185	3856	4.0
2185	3950	3.0
2185	4001	4.0
2185	4053	4.0
2185	4193	4.0
2185	4195	4.0
2185	4260	4.0
2185	4404	5.0
2185	4463	4.0
2185	4706	3.0
2185	4743	4.0
2185	4774	4.0
2185	4917	5.0
2185	4973	5.0
2185	5204	4.0
2185	5267	4.0
2185	5385	4.0
2185	5408	4.0
2185	5453	5.0
2185	5476	5.0
2185	5507	5.0
2185	5561	5.0
2185	5590	4.0
2185	5670	4.0
2185	5751	4.0
2185	6002	5.0
2185	6022	4.0
2185	6370	4.0
2185	6517	4.0
2185	6539	4.0
2185	6664	3.0
2185	6772	4.0
2185	6960	4.0
2214	174	5.0
2214	311	4.0
2214	371	4.0
2214	548	5.0
2214	680	3.0
2214	729	4.0
2214	1018	2.0
2214	1384	5.0
2214	1608	3.0
2214	1613	5.0
2214	1740	3.0
2214	1749	4.0
2214	2075	4.0
2214	2159	3.0
2214	2160	5.0
2214	2199	2.0
2214	2220	4.0
2214	2241	4.0
2214	2250	4.0
2214	2512	5.0
2214	3060	4.0
2214	3144	2.0
2214	3309	5.0
2214	3407	5.0
2214	3564	5.0
2214	3592	4.0
2214	3679	3.0
2214	3739	5.0
2214	3785	3.0
2214	3835	3.0
2214	3866	5.0
2214	4053	5.0
2214	4126	4.0
2214	4202	5.0
2214	4241	4.0
2214	4272	4.0
2214	4307	5.0
2214	4312	5.0
2214	4549	4.0
2214	4592	3.0
2214	4665	5.0
2214	4673	5.0
2214	4951	4.0
2214	5124	5.0
2214	5145	2.0
2214	5150	2.0
2214	5154	2.0
2214	5249	2.0
2214	5304	3.0
2214	5328	5.0
2214	5480	5.0
2214	5534	4.0
2214	5555	5.0
2214	5663	5.0
2214	5991	5.0
2214	6123	4.0
2214	6198	4.0
2214	6200	3.0
2214	6269	4.0
2214	6287	4.0
2214	6664	4.0
2214	6695	3.0
2214	6749	5.0
2214	6877	4.0
2227	29	4.0
2227	141	5.0
2227	194	4.0
2227	275	4.0
2227	339	4.0
2227	399	4.0
2227	468	4.0
2227	656	5.0
2227	858	4.0
2227	873	5.0
2227	936	3.0
2227	1207	3.0
2227	1226	3.0
2227	1331	4.0
2227	1354	5.0
2227	1377	5.0
2227	1517	3.0
2227	1563	5.0
2227	1587	5.0
2227	1588	3.0
2227	1760	4.0
2227	1813	4.0
2227	1817	3.0
2227	1871	3.0
2227	1881	4.0
2227	2159	3.0
2227	2196	5.0
2227	2287	4.0
2227	2350	4.0
2227	2714	4.0
2227	2825	5.0
2227	2931	4.0
2227	2973	4.0
2227	3146	4.0
2227	3222	5.0
2227	3237	4.0
2227	3281	3.0
2227	3331	3.0
2227	3449	5.0
2227	3483	3.0
2227	3486	5.0
2227	3692	4.0
2227	3723	4.0
2227	3738	4.0
2227	3777	5.0
2227	3787	5.0
2227	3974	3.0
2227	4037	4.0
2227	4090	5.0
2227	4230	3.0
2227	4236	4.0
2227	4291	2.0
2227	4295	5.0
2227	4323	3.0
2227	4345	5.0
2227	4382	4.0
2227	4415	4.0
2227	4590	3.0
2227	4673	3.0
2227	4900	5.0
2227	4932	4.0
2227	5047	3.0
2227	5154	3.0
2227	5207	4.0
2227	5304	4.0
2227	5381	3.0
2227	5657	4.0
2227	5663	5.0
2227	5856	4.0
2227	5928	3.0
2227	5934	3.0
2227	6051	4.0
2227	6084	3.0
2227	6252	4.0
2227	6433	3.0
2227	6551	3.0
2227	6578	4.0
2227	6655	3.0
2227	6762	4.0
2227	6799	5.0
2247	30	5.0
2247	38	2.0
2247	105	3.0
2247	128	3.0
2247	223	5.0
2247	243	5.0
2247	263	5.0
2247	281	5.0
2247	309	3.0
2247	336	3.0
2247	346	3.0
2247	358	3.0
2247	370	4.0
2247	438	3.0
2247	467	4.0
2247	515	5.0
2247	517	5.0
2247	519	5.0
2247	553	3.0
2247	574	4.0
2247	608	3.0
2247	652	5.0
2247	714	4.0
2247	720	3.0
2247	836	4.0
2247	846	4.0
2247	933	3.0
2247	992	4.0
2247	1001	4.0
2247	1074	3.0
2247	1116	3.0
2247	1263	5.0
2247	1271	4.0
2247	1516	3.0
2247	1521	4.0
2247	1544	3.0
2247	1566	4.0
2247	1587	4.0
2247	1588	3.0
2247	1591	1.0
2247	1594	3.0
2247	1629	3.0
2247	1701	4.0
2247	1759	5.0
2247	1779	4.0
2247	1814	2.0
2247	1817	3.0
2247	1821	4.0
2247	1871	3.0
2247	1888	4.0
2247	1902	3.0
2247	1904	4.0
2247	1915	3.0
2247	1955	3.0
2247	1964	5.0
2247	1973	3.0
2247	1996	4.0
2247	2069	5.0
2247	2078	4.0
2247	2162	4.0
2247	2190	4.0
2247	2196	4.0
2247	2250	4.0
2247	2270	4.0
2247	2305	1.0
2247	2396	1.0
2247	2410	5.0
2247	2458	5.0
2247	2588	5.0
2247	2747	5.0
2247	2823	3.0
2247	2825	4.0
2247	2850	3.0
2247	3044	3.0
2247	3051	3.0
2247	3124	3.0
2247	3144	3.0
2247	3150	2.0
2247	3281	3.0
2247	3296	4.0
2247	3378	3.0
2247	3386	4.0
2247	3438	4.0
2247	3449	3.0
2247	3544	4.0
2247	3555	3.0
2247	3738	4.0
2247	3773	4.0
2247	3774	3.0
2247	3779	5.0
2247	3781	5.0
2247	3880	4.0
2247	4001	5.0
2247	4065	4.0
2247	4075	4.0
2247	4097	4.0
2247	4121	5.0
2247	4124	5.0
2247	4183	3.0
2247	4190	5.0
2247	4202	4.0
2247	4209	4.0
2247	4230	3.0
2247	4262	5.0
2247	4307	3.0
2247	4350	2.0
2247	4438	4.0
2247	4513	2.0
2247	4522	2.0
2247	4585	2.0
2247	4590	2.0
2247	4608	2.0
2247	4668	4.0
2247	4675	3.0
2247	4730	3.0
2247	4760	3.0
2247	4765	4.0
2247	4774	4.0
2247	4776	4.0
2247	4799	3.0
2247	4828	2.0
2247	4944	3.0
2247	4949	4.0
2247	4982	5.0
2247	5053	4.0
2247	5057	5.0
2247	5082	3.0
2247	5204	2.0
2247	5239	5.0
2247	5247	4.0
2247	5501	3.0
2247	5510	2.0
2247	5534	3.0
2247	5575	5.0
2247	5619	3.0
2247	5646	2.0
2247	5663	5.0
2247	5726	3.0
2247	5792	4.0
2247	5884	3.0
2247	6104	4.0
2247	6118	5.0
2247	6120	5.0
2247	6182	4.0
2247	6199	4.0
2247	6209	2.0
2247	6329	3.0
2247	6363	4.0
2247	6379	4.0
2247	6383	3.0
2247	6483	3.0
2247	6599	3.0
2247	6627	1.0
2247	6656	5.0
2247	6657	3.0
2247	6705	3.0
2247	6731	3.0
2247	6735	4.0
2247	6774	3.0
2247	6881	4.0
2247	6888	2.0
2247	6916	4.0
2247	6956	5.0
2247	6968	2.0
2249	26	4.0
2249	72	3.0
2249	81	3.0
2249	97	2.0
2249	179	3.0
2249	194	3.0
2249	234	3.0
2249	258	3.0
2249	320	2.0
2249	347	3.0
2249	401	3.0
2249	445	3.0
2249	468	3.0
2249	483	2.0
2249	567	3.0
2249	568	3.0
2249	686	4.0
2249	800	2.0
2249	812	2.0
2249	859	4.0
2249	887	4.0
2249	1027	4.0
2249	1073	3.0
2249	1112	4.0
2249	1125	3.0
2249	1189	3.0
2249	1434	4.0
2249	1455	4.0
2249	1480	3.0
2249	1527	4.0
2249	1571	2.0
2249	1588	3.0
2249	1628	4.0
2249	1629	3.0
2249	1678	4.0
2249	1814	1.0
2249	1848	4.0
2249	1874	3.0
2249	1981	4.0
2249	2035	4.0
2249	2068	3.0
2249	2128	3.0
2249	2155	3.0
2249	2176	3.0
2249	2279	3.0
2249	2320	3.0
2249	2332	3.0
2249	2398	3.0
2249	2465	5.0
2249	2507	3.0
2249	2520	3.0
2249	2591	3.0
2249	2676	3.0
2249	2692	3.0
2249	2757	5.0
2249	2763	3.0
2249	2843	3.0
2249	3069	3.0
2249	3180	3.0
2249	3241	3.0
2249	3351	4.0
2249	3367	3.0
2249	3378	4.0
2249	3419	5.0
2249	3679	3.0
2249	3740	3.0
2249	3757	4.0
2249	3909	3.0
2249	3940	4.0
2249	4068	4.0
2249	4086	3.0
2249	4189	4.0
2249	4264	3.0
2249	4404	4.0
2249	4453	4.0
2249	4507	3.0
2249	4546	3.0
2249	4746	2.0
2249	4793	3.0
2249	4807	4.0
2249	4842	3.0
2249	4853	4.0
2249	4927	5.0
2249	5065	3.0
2249	5082	4.0
2249	5089	3.0
2249	5123	3.0
2249	5134	4.0
2249	5136	4.0
2249	5229	2.0
2249	5250	5.0
2249	5287	4.0
2249	5437	3.0
2249	5497	5.0
2249	5555	3.0
2249	5592	3.0
2249	5665	3.0
2249	5795	5.0
2249	5817	4.0
2249	5943	3.0
2249	6064	3.0
2249	6081	3.0
2249	6123	3.0
2249	6169	4.0
2249	6200	3.0
2249	6283	4.0
2249	6373	4.0
2249	6385	3.0
2249	6395	3.0
2249	6426	4.0
2249	6503	4.0
2249	6522	3.0
2249	6536	4.0
2249	6611	4.0
2249	6643	3.0
2249	6650	4.0
2249	6706	3.0
2249	6860	5.0
2249	6899	3.0
2264	235	3.0
2264	275	3.0
2264	358	3.0
2264	537	4.0
2264	680	3.0
2264	706	3.0
2264	908	4.0
2264	936	1.0
2264	941	5.0
2264	1116	3.0
2264	1274	3.0
2264	1305	3.0
2264	1681	3.0
2264	1771	3.0
2264	1780	4.0
2264	1941	4.0
2264	1962	3.0
2264	2009	4.0
2264	2028	3.0
2264	2135	5.0
2264	2159	2.0
2264	2252	3.0
2264	2270	3.0
2264	2287	4.0
2264	2535	5.0
2264	2709	3.0
2264	2825	3.0
2264	2958	3.0
2264	3025	4.0
2264	3056	3.0
2264	3087	4.0
2264	3091	3.0
2264	3102	4.0
2264	3277	4.0
2264	3379	4.0
2264	3422	4.0
2264	3563	4.0
2264	3653	3.0
2264	3661	3.0
2264	3676	3.0
2264	3704	1.0
2264	3781	3.0
2264	3791	3.0
2264	3847	4.0
2264	3866	3.0
2264	3906	3.0
2264	3910	3.0
2264	4135	3.0
2264	4256	3.0
2264	4296	3.0
2264	4463	3.0
2264	4480	2.0
2264	4485	2.0
2264	4487	4.0
2264	4507	3.0
2264	4706	2.0
2264	4743	3.0
2264	4875	3.0
2264	5134	4.0
2264	5154	3.0
2264	5236	3.0
2264	5262	3.0
2264	5408	3.0
2264	5578	3.0
2264	5690	4.0
2264	5820	3.0
2264	5889	5.0
2264	5890	4.0
2264	5966	3.0
2264	6200	3.0
2264	6207	3.0
2264	6303	3.0
2264	6397	5.0
2264	6399	4.0
2264	6544	4.0
2264	6577	4.0
2264	6607	3.0
2264	6682	3.0
2264	6731	5.0
2264	6794	5.0
2264	6852	3.0
2264	6875	3.0
2397	31	4.0
2397	56	4.0
2397	194	3.0
2397	282	4.0
2397	387	3.0
2397	403	5.0
2397	527	4.0
2397	561	3.0
2397	576	4.0
2397	709	4.0
2397	755	4.0
2397	763	3.0
2397	770	3.0
2397	773	3.0
2397	789	3.0
2397	800	3.0
2397	810	3.0
2397	835	4.0
2397	863	3.0
2397	939	5.0
2397	1123	4.0
2397	1125	3.0
2397	1137	3.0
2397	1165	4.0
2397	1247	4.0
2397	1298	3.0
2397	1364	3.0
2397	1588	3.0
2397	1598	4.0
2397	1654	3.0
2397	1663	4.0
2397	1710	3.0
2397	1730	3.0
2397	1738	3.0
2397	1766	3.0
2397	1821	3.0
2397	1876	5.0
2397	1994	3.0
2397	2028	4.0
2397	2102	3.0
2397	2174	4.0
2397	2188	4.0
2397	2287	4.0
2397	2417	3.0
2397	2481	3.0
2397	2565	5.0
2397	2602	4.0
2397	2619	4.0
2397	2682	4.0
2397	2762	3.0
2397	2763	3.0
2397	2782	4.0
2397	2874	4.0
2397	2960	3.0
2397	3088	4.0
2397	3251	3.0
2397	3275	4.0
2397	3356	3.0
2397	3359	3.0
2397	3452	3.0
2397	3465	4.0
2397	3580	5.0
2397	3629	4.0
2397	3726	3.0
2397	3743	4.0
2397	3825	5.0
2397	3876	4.0
2397	4057	5.0
2397	4072	4.0
2397	4097	5.0
2397	4183	3.0
2397	4201	3.0
2397	4226	4.0
2397	4352	4.0
2397	4415	4.0
2397	4422	4.0
2397	4522	3.0
2397	4561	3.0
2397	4630	5.0
2397	4726	3.0
2397	4847	4.0
2397	4885	4.0
2397	4899	3.0
2397	4922	4.0
2397	5040	4.0
2397	5049	3.0
2397	5095	3.0
2397	5217	3.0
2397	5262	3.0
2397	5286	5.0
2397	5310	3.0
2397	5340	4.0
2397	5358	3.0
2397	5392	4.0
2397	5400	4.0
2397	5407	5.0
2397	5472	4.0
2397	5476	4.0
2397	5480	4.0
2397	5506	3.0
2397	5603	5.0
2397	5641	3.0
2397	5648	4.0
2397	5665	3.0
2397	5710	4.0
2397	5844	4.0
2397	5995	4.0
2397	6040	3.0
2397	6182	3.0
2397	6190	5.0
2397	6200	3.0
2397	6301	3.0
2397	6390	3.0
2397	6427	4.0
2397	6628	3.0
2397	6760	5.0
2397	6776	3.0
2397	6792	4.0
2397	6825	3.0
2397	6862	3.0
2397	6941	5.0
2405	1	4.0
2405	46	3.0
2405	130	3.0
2405	171	3.0
2405	424	3.0
2405	516	2.0
2405	561	1.0
2405	594	3.0
2405	627	3.0
2405	641	3.0
2405	981	1.0
2405	999	2.0
2405	1189	1.0
2405	1240	3.0
2405	1261	2.0
2405	1268	3.0
2405	1303	4.0
2405	1305	3.0
2405	1346	1.0
2405	1401	3.0
2405	1521	3.0
2405	1582	3.0
2405	1585	1.0
2405	1596	2.0
2405	1698	3.0
2405	1747	3.0
2405	1749	3.0
2405	1759	2.0
2405	1782	1.0
2405	1853	3.0
2405	1900	1.0
2405	2016	3.0
2405	2080	3.0
2405	2273	3.0
2405	2322	1.0
2405	2411	2.0
2405	2431	2.0
2405	2441	2.0
2405	2560	1.0
2405	2571	3.0
2405	2581	2.0
2405	2631	4.0
2405	2704	3.0
2405	2746	2.0
2405	2936	1.0
2405	3091	2.0
2405	3098	2.0
2405	3141	1.0
2405	3146	2.0
2405	3281	5.0
2405	3363	4.0
2405	3427	1.0
2405	3527	1.0
2405	3555	2.0
2405	3656	3.0
2405	3824	2.0
2405	3851	1.0
2405	3903	3.0
2405	3999	3.0
2405	4001	4.0
2405	4076	2.0
2405	4078	3.0
2405	4110	3.0
2405	4162	2.0
2405	4164	1.0
2405	4230	3.0
2405	4263	2.0
2405	4313	3.0
2405	4339	1.0
2405	4387	2.0
2405	4463	5.0
2405	4596	3.0
2405	4760	1.0
2405	4860	4.0
2405	4916	3.0
2405	4918	1.0
2405	4922	4.0
2405	5015	3.0
2405	5025	3.0
2405	5086	2.0
2405	5089	2.0
2405	5096	1.0
2405	5129	4.0
2405	5246	2.0
2405	5340	3.0
2405	5379	4.0
2405	5427	1.0
2405	5432	4.0
2405	5476	5.0
2405	5493	2.0
2405	5501	1.0
2405	5527	1.0
2405	5576	1.0
2405	5633	3.0
2405	5690	1.0
2405	5750	3.0
2405	5789	2.0
2405	5876	4.0
2405	5936	4.0
2405	5946	1.0
2405	5993	2.0
2405	6192	4.0
2405	6209	2.0
2405	6252	2.0
2405	6300	1.0
2405	6390	2.0
2405	6399	3.0
2405	6416	1.0
2405	6442	2.0
2405	6574	3.0
2405	6664	3.0
2405	6737	2.0
2405	6762	2.0
2405	6850	3.0
2405	6916	3.0
2417	30	4.0
2417	96	4.0
2417	210	4.0
2417	236	1.0
2417	275	3.0
2417	289	5.0
2417	399	3.0
2417	481	3.0
2417	499	3.0
2417	561	3.0
2417	585	3.0
2417	649	5.0
2417	673	4.0
2417	709	3.0
2417	967	2.0
2417	1073	3.0
2417	1160	3.0
2417	1214	1.0
2417	1313	4.0
2417	1394	3.0
2417	1401	3.0
2417	1432	4.0
2417	1440	5.0
2417	1517	2.0
2417	1520	4.0
2417	1527	4.0
2417	1533	4.0
2417	1654	3.0
2417	1681	3.0
2417	1685	1.0
2417	1822	5.0
2417	1826	3.0
2417	1915	3.0
2417	1945	3.0
2417	1954	4.0
2417	1994	2.0
2417	2023	3.0
2417	2025	4.0
2417	2058	4.0
2417	2078	3.0
2417	2196	4.0
2417	2322	2.0
2417	2368	4.0
2417	2430	4.0
2417	2458	4.0
2417	2475	3.0
2417	2586	5.0
2417	2591	3.0
2417	2639	1.0
2417	2667	4.0
2417	2674	4.0
2417	2709	2.0
2417	2730	2.0
2417	2818	5.0
2417	2855	5.0
2417	2936	2.0
2417	3017	4.0
2417	3062	4.0
2417	3076	3.0
2417	3078	4.0
2417	3100	4.0
2417	3117	4.0
2417	3168	4.0
2417	3307	5.0
2417	3373	3.0
2417	3406	3.0
2417	3449	4.0
2417	3564	5.0
2417	3594	2.0
2417	3596	3.0
2417	3622	3.0
2417	3692	4.0
2417	3714	3.0
2417	3874	4.0
2417	3969	4.0
2417	4034	3.0
2417	4097	4.0
2417	4189	4.0
2417	4202	3.0
2417	4245	4.0
2417	4246	4.0
2417	4258	3.0
2417	4307	4.0
2417	4354	3.0
2417	4416	4.0
2417	4525	3.0
2417	4532	5.0
2417	4542	4.0
2417	4557	4.0
2417	4611	4.0
2417	4623	5.0
2417	4686	5.0
2417	4695	3.0
2417	4783	1.0
2417	4857	4.0
2417	4916	2.0
2417	4924	5.0
2417	5036	2.0
2417	5045	4.0
2417	5195	2.0
2417	5352	4.0
2417	5381	3.0
2417	5393	4.0
2417	5496	3.0
2417	5534	3.0
2417	5612	3.0
2417	5696	1.0
2417	5750	3.0
2417	5810	5.0
2417	5816	3.0
2417	5840	3.0
2417	5879	5.0
2417	5884	3.0
2417	5890	4.0
2417	5893	1.0
2417	5928	3.0
2417	5934	1.0
2417	5990	2.0
2417	6106	3.0
2417	6126	3.0
2417	6144	2.0
2417	6203	4.0
2417	6275	4.0
2417	6369	4.0
2417	6415	2.0
2417	6424	4.0
2417	6539	4.0
2417	6542	5.0
2417	6571	2.0
2417	6637	4.0
2417	6677	4.0
2417	6708	2.0
2417	6731	4.0
2417	6837	3.0
2417	6877	4.0
2417	6922	3.0
2417	6955	4.0
2432	76	3.0
2432	96	3.0
2432	101	3.0
2432	108	3.0
2432	141	4.0
2432	166	4.0
2432	174	4.0
2432	276	3.0
2432	282	3.0
2432	289	4.0
2432	308	2.0
2432	385	4.0
2432	594	3.0
2432	604	3.0
2432	627	3.0
2432	682	2.0
2432	688	4.0
2432	714	3.0
2432	747	4.0
2432	797	2.0
2432	883	3.0
2432	909	2.0
2432	912	4.0
2432	958	5.0
2432	1065	3.0
2432	1073	3.0
2432	1074	4.0
2432	1076	4.0
2432	1101	3.0
2432	1125	2.0
2432	1126	3.0
2432	1163	2.0
2432	1204	2.0
2432	1209	2.0
2432	1364	3.0
2432	1367	3.0
2432	1506	3.0
2432	1588	1.0
2432	1743	2.0
2432	1903	5.0
2432	1904	3.0
2432	2029	5.0
2432	2075	2.0
2432	2080	4.0
2432	2178	3.0
2432	2179	3.0
2432	2196	2.0
2432	2220	4.0
2432	2242	3.0
2432	2265	2.0
2432	2287	3.0
2432	2322	3.0
2432	2384	3.0
2432	2486	3.0
2432	2509	4.0
2432	2549	3.0
2432	2687	4.0
2432	2758	3.0
2432	2825	3.0
2432	2900	4.0
2432	2906	3.0
2432	2916	2.0
2432	2922	2.0
2432	3102	2.0
2432	3168	2.0
2432	3180	3.0
2432	3248	4.0
2432	3296	4.0
2432	3360	3.0
2432	3417	3.0
2432	3427	2.0
2432	3556	2.0
2432	3577	3.0
2432	3644	3.0
2432	3672	4.0
2432	3690	4.0
2432	3692	3.0
2432	3720	3.0
2432	3726	3.0
2432	3754	4.0
2432	3781	3.0
2432	3785	3.0
2432	3828	4.0
2432	4045	3.0
2432	4067	3.0
2432	4109	4.0
2432	4168	3.0
2432	4202	4.0
2432	4203	2.0
2432	4258	3.0
2432	4295	2.0
2432	4307	3.0
2432	4344	3.0
2432	4373	1.0
2432	4501	2.0
2432	4673	2.0
2432	4860	4.0
2432	4889	3.0
2432	4927	4.0
2432	5005	4.0
2432	5086	2.0
2432	5118	3.0
2432	5236	4.0
2432	5251	3.0
2432	5392	3.0
2432	5501	3.0
2432	5662	3.0
2432	5780	3.0
2432	5888	3.0
2432	5890	4.0
2432	6104	4.0
2432	6199	3.0
2432	6286	2.0
2432	6370	4.0
2432	6539	4.0
2432	6572	3.0
2432	6583	3.0
2432	6586	3.0
2432	6655	2.0
2432	6711	2.0
2432	6761	3.0
2432	6784	3.0
2432	6872	4.0
2432	6876	3.0
2432	6884	4.0
2443	29	4.0
2443	62	4.0
2443	185	3.0
2443	220	4.0
2443	281	5.0
2443	417	4.0
2443	483	3.0
2443	496	4.0
2443	509	4.0
2443	709	3.0
2443	1462	3.0
2443	2208	5.0
2443	2235	4.0
2443	2356	4.0
2443	2775	2.0
2443	2818	4.0
2443	2825	2.0
2443	2886	3.0
2443	3014	2.0
2443	3085	4.0
2443	3129	3.0
2443	3343	3.0
2443	3458	4.0
2443	3532	4.0
2443	3587	4.0
2443	3628	3.0
2443	3762	3.0
2443	3777	5.0
2443	3781	4.0
2443	3794	4.0
2443	3910	4.0
2443	4087	3.0
2443	4097	4.0
2443	4111	3.0
2443	4295	5.0
2443	4424	3.0
2443	4662	3.0
2443	4665	4.0
2443	4695	4.0
2443	4699	4.0
2443	4803	4.0
2443	4924	4.0
2443	4927	4.0
2443	4928	3.0
2443	4932	4.0
2443	5090	3.0
2443	5151	5.0
2443	5152	4.0
2443	5294	4.0
2443	5386	5.0
2443	5394	4.0
2443	5494	5.0
2443	5534	3.0
2443	5572	5.0
2443	5633	4.0
2443	5680	2.0
2443	5890	4.0
2443	6105	3.0
2443	6107	4.0
2443	6138	3.0
2443	6198	3.0
2443	6566	5.0
2443	6774	3.0
2443	6927	4.0
2443	6963	4.0
2475	31	4.0
2475	241	3.0
2475	272	3.0
2475	295	4.0
2475	341	3.0
2475	353	5.0
2475	375	5.0
2475	483	3.0
2475	512	4.0
2475	555	3.0
2475	710	3.0
2475	711	4.0
2475	738	4.0
2475	747	5.0
2475	831	3.0
2475	835	5.0
2475	884	3.0
2475	894	4.0
2475	912	4.0
2475	913	3.0
2475	920	3.0
2475	921	3.0
2475	953	3.0
2475	1024	5.0
2475	1146	3.0
2475	1230	3.0
2475	1255	4.0
2475	1432	4.0
2475	1488	4.0
2475	1681	3.0
2475	1740	5.0
2475	1764	3.0
2475	1770	5.0
2475	1871	3.0
2475	1881	3.0
2475	1888	3.0
2475	1941	4.0
2475	2011	4.0
2475	2029	4.0
2475	2159	3.0
2475	2350	5.0
2475	2384	4.0
2475	2414	4.0
2475	2462	4.0
2475	2492	4.0
2475	2511	3.0
2475	2531	5.0
2475	2549	4.0
2475	2573	4.0
2475	2806	2.0
2475	2836	4.0
2475	2858	4.0
2475	2886	3.0
2475	2924	5.0
2475	2950	3.0
2475	3114	3.0
2475	3173	4.0
2475	3253	5.0
2475	3263	4.0
2475	3268	4.0
2475	3270	5.0
2475	3336	4.0
2475	3359	4.0
2475	3365	4.0
2475	3423	3.0
2475	3456	5.0
2475	3513	3.0
2475	3563	3.0
2475	3642	3.0
2475	3725	4.0
2475	3776	4.0
2475	3852	4.0
2475	3871	3.0
2475	4038	5.0
2475	4135	2.0
2475	4162	3.0
2475	4180	2.0
2475	4339	3.0
2475	4507	3.0
2475	4513	2.0
2475	4773	2.0
2475	4874	4.0
2475	4894	4.0
2475	4917	5.0
2475	4924	4.0
2475	5110	4.0
2475	5124	5.0
2475	5187	3.0
2475	5201	4.0
2475	5222	2.0
2475	5228	3.0
2475	5347	5.0
2475	5382	4.0
2475	5398	3.0
2475	5440	3.0
2475	5578	4.0
2475	5662	4.0
2475	5830	4.0
2475	5887	2.0
2475	5927	4.0
2475	5936	3.0
2475	5953	5.0
2475	5955	4.0
2475	5983	3.0
2475	5998	5.0
2475	6200	4.0
2475	6203	3.0
2475	6216	3.0
2475	6217	3.0
2475	6262	4.0
2475	6370	4.0
2475	6390	3.0
2475	6396	4.0
2475	6500	3.0
2475	6572	4.0
2475	6777	4.0
2475	6931	4.0
2475	6953	4.0
2564	30	4.0
2564	31	3.0
2564	110	4.0
2564	152	3.0
2564	170	3.0
2564	227	3.0
2564	234	3.0
2564	375	3.0
2564	453	2.0
2564	500	3.0
2564	513	2.0
2564	528	3.0
2564	574	3.0
2564	709	3.0
2564	711	3.0
2564	755	2.0
2564	789	4.0
2564	858	3.0
2564	913	3.0
2564	946	3.0
2564	1042	3.0
2564	1061	5.0
2564	1278	5.0
2564	1379	3.0
2564	1406	3.0
2564	1432	4.0
2564	1513	5.0
2564	1515	3.0
2564	1527	3.0
2564	1533	3.0
2564	1701	3.0
2564	1738	3.0
2564	1850	4.0
2564	1881	3.0
2564	1962	3.0
2564	2208	4.0
2564	2230	2.0
2564	2262	5.0
2564	2279	4.0
2564	2491	5.0
2564	2497	3.0
2564	2618	3.0
2564	2725	5.0
2564	2739	5.0
2564	2801	3.0
2564	2924	4.0
2564	3024	5.0
2564	3178	4.0
2564	3295	4.0
2564	3331	3.0
2564	3366	3.0
2564	3458	4.0
2564	3471	5.0
2564	3521	5.0
2564	3536	3.0
2564	3726	3.0
2564	3768	5.0
2564	3915	3.0
2564	4029	4.0
2564	4126	2.0
2564	4202	4.0
2564	4417	3.0
2564	4891	2.0
2564	4934	4.0
2564	4987	3.0
2564	5082	3.0
2564	5124	5.0
2564	5236	3.0
2564	5309	4.0
2564	5344	3.0
2564	5401	5.0
2564	5432	5.0
2564	5434	2.0
2564	5457	3.0
2564	5505	3.0
2564	5508	3.0
2564	5663	4.0
2564	5709	3.0
2564	5827	3.0
2564	5875	3.0
2564	5891	4.0
2564	5928	3.0
2564	5936	4.0
2564	6109	2.0
2564	6161	3.0
2564	6182	4.0
2564	6198	3.0
2564	6427	4.0
2564	6465	3.0
2564	6574	4.0
2564	6600	5.0
2564	6634	3.0
2564	6637	4.0
2564	6706	3.0
2564	6731	4.0
2564	6833	3.0
2564	6861	5.0
2564	6878	4.0
2597	133	4.0
2597	192	4.0
2597	316	3.0
2597	348	4.0
2597	483	2.0
2597	699	4.0
2597	931	5.0
2597	1166	5.0
2597	1294	4.0
2597	1388	3.0
2597	1396	3.0
2597	1397	5.0
2597	1587	3.0
2597	1820	5.0
2597	2028	3.0
2597	2159	2.0
2597	2196	4.0
2597	2230	4.0
2597	2286	4.0
2597	2340	4.0
2597	2461	4.0
2597	2522	5.0
2597	2628	4.0
2597	2678	2.0
2597	2698	4.0
2597	2806	2.0
2597	2910	4.0
2597	2928	4.0
2597	2966	3.0
2597	2982	4.0
2597	3056	4.0
2597	3409	4.0
2597	3517	5.0
2597	3679	4.0
2597	3737	3.0
2597	3785	3.0
2597	3796	4.0
2597	3977	4.0
2597	4161	5.0
2597	4180	4.0
2597	4306	5.0
2597	4372	3.0
2597	4572	3.0
2597	4658	4.0
2597	4684	4.0
2597	4687	4.0
2597	4706	5.0
2597	4726	2.0
2597	4841	3.0
2597	4928	3.0
2597	4951	2.0
2597	4953	3.0
2597	5005	4.0
2597	5086	5.0
2597	5262	2.0
2597	5401	4.0
2597	5407	4.0
2597	5534	3.0
2597	5567	3.0
2597	5603	3.0
2597	5668	4.0
2597	5683	4.0
2597	5791	4.0
2597	5830	5.0
2597	5848	4.0
2597	5864	5.0
2597	5928	3.0
2597	6051	3.0
2597	6256	3.0
2597	6260	5.0
2597	6273	4.0
2597	6540	2.0
2597	6799	3.0
2597	6901	3.0
2604	111	3.0
2604	268	4.0
2604	271	3.0
2604	275	3.0
2604	324	3.0
2604	373	3.0
2604	438	3.0
2604	466	2.0
2604	501	1.0
2604	565	3.0
2604	576	3.0
2604	578	2.0
2604	721	3.0
2604	746	3.0
2604	755	3.0
2604	804	3.0
2604	814	4.0
2604	815	3.0
2604	828	3.0
2604	909	2.0
2604	1096	3.0
2604	1125	3.0
2604	1139	3.0
2604	1140	3.0
2604	1168	3.0
2604	1175	3.0
2604	1209	2.0
2604	1300	3.0
2604	1372	3.0
2604	1388	2.0
2604	1432	3.0
2604	1591	2.0
2604	1650	4.0
2604	1713	3.0
2604	1738	3.0
2604	1742	3.0
2604	1821	3.0
2604	1825	3.0
2604	1838	3.0
2604	1871	3.0
2604	1934	3.0
2604	2025	3.0
2604	2029	5.0
2604	2037	3.0
2604	2068	3.0
2604	2140	3.0
2604	2186	3.0
2604	2190	3.0
2604	2279	3.0
2604	2317	3.0
2604	2421	3.0
2604	2434	3.0
2604	2582	3.0
2604	2665	3.0
2604	2691	2.0
2604	2693	5.0
2604	2696	3.0
2604	2738	2.0
2604	2798	4.0
2604	2801	4.0
2604	2863	3.0
2604	2893	3.0
2604	2894	2.0
2604	2948	3.0
2604	2964	3.0
2604	3088	3.0
2604	3144	2.0
2604	3147	3.0
2604	3168	3.0
2604	3193	4.0
2604	3213	3.0
2604	3242	2.0
2604	3255	5.0
2604	3260	3.0
2604	3268	3.0
2604	3331	3.0
2604	3332	3.0
2604	3358	3.0
2604	3378	2.0
2604	3410	3.0
2604	3411	4.0
2604	3450	3.0
2604	3466	3.0
2604	3504	3.0
2604	3549	4.0
2604	3566	2.0
2604	3616	3.0
2604	3644	2.0
2604	3834	3.0
2604	3877	3.0
2604	3893	3.0
2604	3921	3.0
2604	4097	3.0
2604	4163	4.0
2604	4202	3.0
2604	4327	3.0
2604	4339	1.0
2604	4367	2.0
2604	4418	2.0
2604	4443	2.0
2604	4507	3.0
2604	4522	3.0
2604	4579	3.0
2604	4585	3.0
2604	4590	3.0
2604	4608	2.0
2604	4621	3.0
2604	4671	5.0
2604	4726	3.0
2604	4757	3.0
2604	4868	3.0
2604	4894	3.0
2604	4932	3.0
2604	4937	3.0
2604	4984	3.0
2604	5018	5.0
2604	5118	3.0
2604	5154	3.0
2604	5213	3.0
2604	5218	2.0
2604	5222	1.0
2604	5263	3.0
2604	5298	3.0
2604	5344	4.0
2604	5392	3.0
2604	5435	3.0
2604	5619	3.0
2604	5662	4.0
2604	5686	3.0
2604	5689	3.0
2604	5710	3.0
2604	5853	3.0
2604	5907	2.0
2604	5931	1.0
2604	6002	4.0
2604	6154	3.0
2604	6160	3.0
2604	6163	3.0
2604	6209	3.0
2604	6271	3.0
2604	6384	3.0
2604	6390	3.0
2604	6396	4.0
2604	6415	3.0
2604	6442	3.0
2604	6487	3.0
2604	6695	3.0
2604	6715	1.0
2604	6875	4.0
2604	6916	3.0
2610	100	3.0
2610	164	4.0
2610	225	5.0
2610	371	4.0
2610	421	4.0
2610	817	5.0
2610	912	5.0
2610	1073	5.0
2610	1195	5.0
2610	1352	5.0
2610	1664	4.0
2610	1682	5.0
2610	1727	5.0
2610	1728	5.0
2610	1770	5.0
2610	1798	1.0
2610	1888	5.0
2610	1956	4.0
2610	2028	4.0
2610	2049	3.0
2610	2135	5.0
2610	2430	5.0
2610	2451	3.0
2610	2522	5.0
2610	2568	4.0
2610	2806	2.0
2610	3417	4.0
2610	3463	4.0
2610	3618	4.0
2610	3622	3.0
2610	3679	5.0
2610	3707	5.0
2610	3832	5.0
2610	4188	5.0
2610	4200	4.0
2610	4202	5.0
2610	4464	4.0
2610	4523	3.0
2610	4592	4.0
2610	4672	5.0
2610	5089	2.0
2610	5256	5.0
2610	5649	2.0
2610	5781	5.0
2610	5879	4.0
2610	6066	3.0
2610	6182	3.0
2610	6283	5.0
2610	6327	5.0
2610	6584	3.0
2610	6916	4.0
2617	2	3.0
2617	346	3.0
2617	353	4.0
2617	370	3.0
2617	453	3.0
2617	517	5.0
2617	601	4.0
2617	626	4.0
2617	627	2.0
2617	753	5.0
2617	861	3.0
2617	883	3.0
2617	912	4.0
2617	992	4.0
2617	1073	4.0
2617	1107	5.0
2617	1185	3.0
2617	1194	3.0
2617	1299	5.0
2617	1435	5.0
2617	1458	2.0
2617	1473	5.0
2617	1474	5.0
2617	1540	5.0
2617	1587	3.0
2617	1617	3.0
2617	1647	5.0
2617	1666	3.0
2617	1681	3.0
2617	1727	3.0
2617	1728	5.0
2617	1743	4.0
2617	1885	3.0
2617	1935	4.0
2617	2028	3.0
2617	2029	3.0
2617	2186	3.0
2617	2197	4.0
2617	2242	5.0
2617	2294	4.0
2617	2384	5.0
2617	2461	5.0
2617	2717	4.0
2617	2874	3.0
2617	2880	5.0
2617	2889	3.0
2617	2905	5.0
2617	3125	5.0
2617	3266	5.0
2617	3338	3.0
2617	3339	3.0
2617	3403	3.0
2617	3424	3.0
2617	3623	5.0
2617	3755	3.0
2617	3874	4.0
2617	3883	5.0
2617	3926	4.0
2617	4008	3.0
2617	4032	4.0
2617	4053	5.0
2617	4126	5.0
2617	4191	4.0
2617	4195	4.0
2617	4200	3.0
2617	4257	5.0
2617	4260	5.0
2617	4345	5.0
2617	4601	5.0
2617	4613	3.0
2617	4639	3.0
2617	4684	4.0
2617	4727	3.0
2617	4791	3.0
2617	4923	4.0
2617	4927	5.0
2617	5195	4.0
2617	5323	4.0
2617	5341	5.0
2617	5394	5.0
2617	5489	4.0
2617	5508	4.0
2617	5614	4.0
2617	5741	5.0
2617	5785	5.0
2617	5879	4.0
2617	6025	5.0
2617	6109	3.0
2617	6115	5.0
2617	6208	5.0
2617	6302	3.0
2617	6350	5.0
2617	6429	3.0
2617	6574	5.0
2617	6650	4.0
2617	6733	5.0
2617	6772	3.0
2617	6774	4.0
2617	6814	3.0
2617	6854	5.0
2617	6879	4.0
2617	6923	4.0
2617	6948	5.0
2617	6952	5.0
2617	6960	3.0
2618	20	3.0
2618	91	3.0
2618	106	3.0
2618	203	3.0
2618	243	4.0
2618	254	3.0
2618	386	5.0
2618	387	3.0
2618	435	3.0
2618	437	4.0
2618	467	3.0
2618	561	3.0
2618	699	3.0
2618	770	4.0
2618	847	3.0
2618	933	3.0
2618	1008	3.0
2618	1064	4.0
2618	1131	4.0
2618	1298	3.0
2618	1331	3.0
2618	1388	3.0
2618	1491	5.0
2618	1522	3.0
2618	1563	3.0
2618	1588	3.0
2618	1592	3.0
2618	1684	3.0
2618	1701	4.0
2618	1773	4.0
2618	1774	4.0
2618	1817	3.0
2618	1826	4.0
2618	1840	4.0
2618	1994	2.0
2618	1999	3.0
2618	2029	4.0
2618	2082	4.0
2618	2111	2.0
2618	2220	5.0
2618	2221	3.0
2618	2340	3.0
2618	2414	3.0
2618	2448	3.0
2618	2454	2.0
2618	2511	3.0
2618	2532	5.0
2618	2586	5.0
2618	2609	3.0
2618	2771	4.0
2618	2775	3.0
2618	2818	5.0
2618	2824	4.0
2618	2910	5.0
2618	2938	3.0
2618	2946	3.0
2618	2972	4.0
2618	3100	5.0
2618	3279	2.0
2618	3307	4.0
2618	3345	3.0
2618	3428	3.0
2618	3511	3.0
2618	3521	5.0
2618	3756	5.0
2618	3781	4.0
2618	3862	3.0
2618	3904	3.0
2618	3912	4.0
2618	3930	5.0
2618	3991	3.0
2618	4073	4.0
2618	4083	4.0
2618	4112	3.0
2618	4127	5.0
2618	4270	4.0
2618	4483	3.0
2618	4507	3.0
2618	4513	2.0
2618	4612	5.0
2618	4735	3.0
2618	4805	3.0
2618	4927	5.0
2618	5034	4.0
2618	5124	4.0
2618	5191	5.0
2618	5220	3.0
2618	5264	3.0
2618	5344	4.0
2618	5400	5.0
2618	5440	3.0
2618	5457	3.0
2618	5512	3.0
2618	5572	5.0
2618	5581	3.0
2618	5652	4.0
2618	5662	3.0
2618	5700	4.0
2618	5720	3.0
2618	5767	2.0
2618	5781	5.0
2618	5789	3.0
2618	5845	3.0
2618	5957	3.0
2618	5973	4.0
2618	6214	3.0
2618	6273	5.0
2618	6286	3.0
2618	6329	3.0
2618	6370	5.0
2618	6607	3.0
2618	6650	4.0
2618	6681	5.0
2618	6778	2.0
2618	6866	3.0
2618	6916	3.0
2618	6921	3.0
2618	6923	4.0
2618	6967	4.0
2622	309	4.0
2622	347	4.0
2622	371	3.0
2622	399	4.0
2622	483	2.0
2622	499	4.0
2622	513	4.0
2622	545	3.0
2622	549	3.0
2622	602	4.0
2622	657	4.0
2622	793	5.0
2622	817	4.0
2622	923	3.0
2622	1012	4.0
2622	1065	3.0
2622	1214	2.0
2622	1453	4.0
2622	1503	4.0
2622	1520	5.0
2622	1577	3.0
2622	1587	3.0
2622	1650	5.0
2622	1654	3.0
2622	1664	3.0
2622	1667	3.0
2622	1743	4.0
2622	1753	4.0
2622	1808	3.0
2622	1825	3.0
2622	2044	3.0
2622	2078	5.0
2622	2128	3.0
2622	2167	3.0
2622	2199	2.0
2622	2320	3.0
2622	2430	4.0
2622	2482	3.0
2622	2693	4.0
2622	2704	4.0
2622	2935	2.0
2622	2949	3.0
2622	3056	3.0
2622	3224	3.0
2622	3283	4.0
2622	3310	4.0
2622	3386	3.0
2622	3455	3.0
2622	3458	4.0
2622	3483	4.0
2622	3518	4.0
2622	3577	4.0
2622	3714	4.0
2622	3777	5.0
2622	3908	3.0
2622	4117	4.0
2622	4324	1.0
2622	4372	2.0
2622	4434	3.0
2622	4480	1.0
2622	4596	4.0
2622	4658	4.0
2622	4799	4.0
2622	4975	4.0
2622	5124	4.0
2622	5205	3.0
2622	5395	4.0
2622	5432	4.0
2622	5527	2.0
2622	5657	4.0
2622	5663	3.0
2622	5896	3.0
2622	5928	4.0
2622	6051	4.0
2622	6109	4.0
2622	6169	4.0
2622	6214	3.0
2622	6300	1.0
2622	6340	2.0
2622	6415	3.0
2622	6578	2.0
2622	6700	4.0
2622	6916	3.0
2640	46	4.0
2640	112	3.0
2640	233	2.0
2640	575	3.0
2640	783	2.0
2640	912	5.0
2640	1139	4.0
2640	2080	2.0
2640	2196	4.0
2640	2350	5.0
2640	2443	4.0
2640	2846	5.0
2640	2900	5.0
2640	2901	3.0
2640	3309	2.0
2640	3486	4.0
2640	4296	4.0
2640	4382	5.0
2640	4457	5.0
2640	4613	5.0
2640	4721	5.0
2640	4779	3.0
2640	4791	4.0
2640	4922	5.0
2640	4928	5.0
2640	4965	4.0
2640	4982	5.0
2640	5246	5.0
2640	5258	5.0
2640	5294	5.0
2640	5341	4.0
2640	5534	3.0
2640	5546	5.0
2640	5606	5.0
2640	5936	4.0
2640	5962	4.0
2640	6010	5.0
2640	6208	5.0
2640	6691	5.0
2640	6799	4.0
2640	6923	5.0
2640	6927	5.0
2675	1	2.0
2675	469	3.0
2675	500	3.0
2675	680	4.0
2675	770	4.0
2675	1042	3.0
2675	1055	3.0
2675	1350	3.0
2675	1432	4.0
2675	1491	3.0
2675	1522	2.0
2675	1536	3.0
2675	1563	3.0
2675	1664	3.0
2675	1682	4.0
2675	1745	4.0
2675	2262	4.0
2675	2565	4.0
2675	2788	4.0
2675	3056	4.0
2675	3110	4.0
2675	3268	4.0
2675	3351	5.0
2675	3371	4.0
2675	3486	4.0
2675	3687	3.0
2675	3717	5.0
2675	3732	3.0
2675	3991	2.0
2675	4202	4.0
2675	4353	3.0
2675	4672	4.0
2675	4736	4.0
2675	4774	5.0
2675	4800	2.0
2675	4857	3.0
2675	4868	3.0
2675	4926	3.0
2675	5005	2.0
2675	5012	3.0
2675	5213	3.0
2675	5344	4.0
2675	5394	5.0
2675	5410	4.0
2675	5781	4.0
2675	6182	4.0
2675	6217	4.0
2675	6328	3.0
2675	6903	5.0
2675	6925	5.0
2690	133	4.0
2690	190	4.0
2690	194	4.0
2690	223	5.0
2690	276	5.0
2690	297	2.0
2690	300	4.0
2690	311	3.0
2690	358	3.0
2690	371	3.0
2690	553	3.0
2690	568	4.0
2690	680	5.0
2690	709	4.0
2690	858	4.0
2690	1024	5.0
2690	1073	4.0
2690	1125	2.0
2690	1384	4.0
2690	1440	4.0
2690	1587	4.0
2690	1772	4.0
2690	1779	4.0
2690	1834	5.0
2690	1871	2.0
2690	1931	3.0
2690	1951	4.0
2690	1972	3.0
2690	2014	4.0
2690	2165	3.0
2690	2169	3.0
2690	2242	4.0
2690	2292	3.0
2690	2301	3.0
2690	2384	4.0
2690	2421	3.0
2690	2425	4.0
2690	2430	4.0
2690	2462	5.0
2690	2516	4.0
2690	2839	4.0
2690	2850	4.0
2690	2918	4.0
2690	3056	3.0
2690	3215	4.0
2690	3359	4.0
2690	3371	4.0
2690	3410	3.0
2690	3449	4.0
2690	3492	3.0
2690	3564	3.0
2690	3623	4.0
2690	3628	3.0
2690	3649	3.0
2690	3679	4.0
2690	3687	4.0
2690	3754	3.0
2690	3759	3.0
2690	3779	4.0
2690	3963	4.0
2690	4164	3.0
2690	4202	4.0
2690	4230	3.0
2690	4260	4.0
2690	4373	3.0
2690	4522	2.0
2690	4620	4.0
2690	4685	4.0
2690	4695	4.0
2690	4924	5.0
2690	4927	4.0
2690	4937	3.0
2690	4976	3.0
2690	5100	4.0
2690	5158	3.0
2690	5251	4.0
2690	5258	5.0
2690	5390	4.0
2690	5392	4.0
2690	5395	4.0
2690	5505	3.0
2690	5506	2.0
2690	5530	3.0
2690	5534	4.0
2690	5538	3.0
2690	5582	3.0
2690	5645	5.0
2690	5662	3.0
2690	5713	4.0
2690	5750	4.0
2690	5788	4.0
2690	5885	3.0
2690	5936	3.0
2690	5946	1.0
2690	6105	3.0
2690	6174	3.0
2690	6203	3.0
2690	6206	3.0
2690	6209	3.0
2690	6287	3.0
2690	6293	3.0
2690	6350	4.0
2690	6379	3.0
2690	6472	3.0
2690	6483	4.0
2690	6573	4.0
2690	6577	4.0
2690	6584	4.0
2690	6631	3.0
2690	6659	4.0
2690	6731	4.0
2690	6877	3.0
2690	6885	3.0
2697	1	4.0
2697	72	4.0
2697	248	4.0
2697	293	4.0
2697	299	5.0
2697	337	3.0
2697	371	3.0
2697	475	4.0
2697	496	3.0
2697	519	5.0
2697	535	4.0
2697	557	3.0
2697	602	4.0
2697	777	3.0
2697	789	3.0
2697	873	5.0
2697	875	4.0
2697	1028	4.0
2697	1073	4.0
2697	1074	4.0
2697	1093	4.0
2697	1196	4.0
2697	1236	4.0
2697	1354	4.0
2697	1355	4.0
2697	1402	5.0
2697	1491	4.0
2697	1527	4.0
2697	1544	3.0
2697	1571	4.0
2697	1588	3.0
2697	1608	5.0
2697	1617	4.0
2697	1772	4.0
2697	1821	4.0
2697	2053	3.0
2697	2182	4.0
2697	2199	3.0
2697	2242	3.0
2697	2350	4.0
2697	2431	3.0
2697	2443	5.0
2697	2517	4.0
2697	2537	2.0
2697	2565	3.0
2697	2670	4.0
2697	2691	3.0
2697	2725	4.0
2697	2815	4.0
2697	2835	4.0
2697	2941	4.0
2697	2978	4.0
2697	2988	4.0
2697	3024	3.0
2697	3095	3.0
2697	3125	4.0
2697	3173	4.0
2697	3201	5.0
2697	3255	4.0
2697	3307	5.0
2697	3309	5.0
2697	3331	3.0
2697	3338	4.0
2697	3371	4.0
2697	3414	3.0
2697	3427	3.0
2697	3598	3.0
2697	3606	4.0
2697	3695	4.0
2697	3732	4.0
2697	3738	3.0
2697	3828	4.0
2697	3841	2.0
2697	3932	3.0
2697	3950	3.0
2697	3959	4.0
2697	3970	3.0
2697	4161	3.0
2697	4339	3.0
2697	4340	5.0
2697	4394	3.0
2697	4457	5.0
2697	4507	4.0
2697	4617	3.0
2697	4662	4.0
2697	4847	5.0
2697	4884	5.0
2697	4894	4.0
2697	4932	4.0
2697	4974	5.0
2697	5049	4.0
2697	5124	4.0
2697	5145	2.0
2697	5194	3.0
2697	5205	3.0
2697	5257	4.0
2697	5293	4.0
2697	5386	3.0
2697	5435	4.0
2697	5686	3.0
2697	5724	5.0
2697	5732	4.0
2697	5781	5.0
2697	5792	4.0
2697	5800	4.0
2697	5884	4.0
2697	6029	4.0
2697	6084	3.0
2697	6228	3.0
2697	6286	2.0
2697	6287	3.0
2697	6398	4.0
2697	6676	4.0
2697	6687	4.0
2697	6748	3.0
2697	6800	3.0
2697	6877	3.0
2697	6897	3.0
2738	112	4.0
2738	180	5.0
2738	217	5.0
2738	223	5.0
2738	279	5.0
2738	350	5.0
2738	359	4.0
2738	596	5.0
2738	729	4.0
2738	738	5.0
2738	808	5.0
2738	1501	5.0
2738	1728	5.0
2738	1772	4.0
2738	1774	5.0
2738	1793	4.0
2738	1866	4.0
2738	1933	3.0
2738	2015	4.0
2738	2027	5.0
2738	2029	5.0
2738	2262	5.0
2738	2388	5.0
2738	2489	4.0
2738	2572	3.0
2738	2611	5.0
2738	2685	5.0
2738	2822	5.0
2738	2959	5.0
2738	3056	4.0
2738	3423	4.0
2738	3449	4.0
2738	3545	4.0
2738	3650	5.0
2738	3700	4.0
2738	3781	5.0
2738	3787	5.0
2738	3791	5.0
2738	3796	5.0
2738	3852	4.0
2738	3876	5.0
2738	3910	4.0
2738	4083	5.0
2738	4307	5.0
2738	4345	5.0
2738	4519	4.0
2738	5037	5.0
2738	5158	4.0
2738	5194	5.0
2738	5199	5.0
2738	5258	5.0
2738	5265	5.0
2738	5322	5.0
2738	5387	5.0
2738	5394	4.0
2738	5621	5.0
2738	5645	5.0
2738	5710	3.0
2738	5779	5.0
2738	5780	5.0
2738	5818	5.0
2738	5856	5.0
2738	6145	5.0
2738	6200	4.0
2738	6301	5.0
2738	6449	5.0
2738	6529	5.0
2738	6948	4.0
2738	6953	5.0
2738	6954	5.0
2738	6955	4.0
2747	437	3.0
2747	611	4.0
2747	832	5.0
2747	858	3.0
2747	906	3.0
2747	1021	4.0
2747	1062	3.0
2747	1171	2.0
2747	1588	4.0
2747	1722	5.0
2747	1964	5.0
2747	2017	4.0
2747	2153	5.0
2747	2168	4.0
2747	2199	4.0
2747	2274	5.0
2747	2544	3.0
2747	2790	3.0
2747	2838	5.0
2747	2843	4.0
2747	3102	5.0
2747	3197	2.0
2747	3650	4.0
2747	3709	5.0
2747	3754	5.0
2747	3794	5.0
2747	3912	5.0
2747	3921	5.0
2747	4054	4.0
2747	4094	3.0
2747	4097	4.0
2747	4117	3.0
2747	4189	4.0
2747	4214	5.0
2747	4457	5.0
2747	4523	4.0
2747	4583	5.0
2747	4638	4.0
2747	4649	2.0
2747	5196	5.0
2747	5236	5.0
2747	5243	5.0
2747	5294	5.0
2747	5344	5.0
2747	5440	4.0
2747	5560	2.0
2747	5707	3.0
2747	5780	5.0
2747	5792	4.0
2747	5845	5.0
2747	6314	4.0
2747	6336	5.0
2747	6370	5.0
2747	6438	3.0
2747	6469	3.0
2747	6479	4.0
2747	6534	3.0
2747	6601	4.0
2755	168	4.0
2755	362	4.0
2755	453	4.0
2755	575	3.0
2755	681	5.0
2755	706	3.0
2755	711	4.0
2755	769	3.0
2755	810	2.0
2755	817	5.0
2755	832	5.0
2755	861	4.0
2755	899	3.0
2755	926	2.0
2755	1080	5.0
2755	1116	5.0
2755	1125	4.0
2755	1294	3.0
2755	1388	3.0
2755	1587	4.0
2755	1770	5.0
2755	1799	4.0
2755	2443	3.0
2755	2511	4.0
2755	2739	5.0
2755	2910	5.0
2755	3023	4.0
2755	3056	4.0
2755	3099	4.0
2755	3251	3.0
2755	3378	4.0
2755	3386	5.0
2755	3510	5.0
2755	3568	3.0
2755	3644	3.0
2755	3679	4.0
2755	3950	3.0
2755	4173	4.0
2755	4329	3.0
2755	4340	5.0
2755	4349	4.0
2755	4673	4.0
2755	4679	3.0
2755	4989	3.0
2755	5150	3.0
2755	5154	4.0
2755	5296	4.0
2755	5407	5.0
2755	5569	1.0
2755	5575	4.0
2755	5712	5.0
2755	5832	3.0
2755	6159	5.0
2755	6179	4.0
2755	6302	4.0
2755	6385	4.0
2755	6706	3.0
2755	6731	5.0
2755	6833	5.0
2755	6878	5.0
2755	6956	5.0
2767	1	4.0
2767	375	4.0
2767	561	3.0
2767	883	3.0
2767	884	4.0
2767	1030	5.0
2767	1296	3.0
2767	1432	4.0
2767	1517	3.0
2767	1620	5.0
2767	1782	1.0
2767	2014	4.0
2767	2135	4.0
2767	2196	3.0
2767	2384	3.0
2767	2399	3.0
2767	2846	5.0
2767	2874	4.0
2767	2959	5.0
2767	2987	4.0
2767	3062	5.0
2767	3110	4.0
2767	3129	3.0
2767	3144	3.0
2767	3353	3.0
2767	3371	4.0
2767	3378	4.0
2767	3406	4.0
2767	3435	3.0
2767	3437	1.0
2767	3527	3.0
2767	3606	3.0
2767	3754	3.0
2767	4135	4.0
2767	4143	5.0
2767	4180	3.0
2767	4260	3.0
2767	4448	3.0
2767	5072	4.0
2767	5544	4.0
2767	5572	4.0
2767	5657	4.0
2767	6203	3.0
2767	6370	5.0
2767	6523	4.0
2767	6561	3.0
2767	6691	5.0
2767	6731	4.0
2783	346	4.0
2783	353	5.0
2783	420	3.0
2783	605	5.0
2783	643	3.0
2783	1001	3.0
2783	1167	5.0
2783	1515	3.0
2783	1516	3.0
2783	1517	3.0
2783	1587	3.0
2783	1733	3.0
2783	1819	4.0
2783	1900	3.0
2783	1915	3.0
2783	1956	5.0
2783	2028	3.0
2783	2029	5.0
2783	2080	4.0
2783	2112	4.0
2783	2283	4.0
2783	2399	3.0
2783	2824	4.0
2783	2884	2.0
2783	2980	4.0
2783	3036	3.0
2783	3132	4.0
2783	3296	3.0
2783	3675	3.0
2783	3777	3.0
2783	3952	5.0
2783	4037	5.0
2783	4067	4.0
2783	4236	3.0
2783	4297	3.0
2783	4748	4.0
2783	4826	4.0
2783	4860	5.0
2783	4892	4.0
2783	5157	4.0
2783	5304	3.0
2783	5325	4.0
2783	5871	4.0
2783	5879	4.0
2783	5880	4.0
2783	6092	4.0
2783	6275	4.0
2783	6311	4.0
2783	6424	4.0
2783	6538	4.0
2783	6666	4.0
2783	6691	4.0
2783	6762	4.0
2793	50	3.0
2793	61	3.0
2793	106	5.0
2793	109	5.0
2793	119	4.0
2793	126	4.0
2793	141	4.0
2793	180	4.0
2793	185	5.0
2793	231	3.0
2793	311	3.0
2793	359	4.0
2793	363	2.0
2793	474	3.0
2793	500	4.0
2793	575	3.0
2793	631	3.0
2793	633	4.0
2793	656	4.0
2793	666	3.0
2793	676	4.0
2793	750	2.0
2793	752	2.0
2793	828	3.0
2793	879	4.0
2793	899	4.0
2793	921	4.0
2793	949	3.0
2793	1060	4.0
2793	1116	3.0
2793	1126	4.0
2793	1134	3.0
2793	1412	4.0
2793	1422	3.0
2793	1432	5.0
2793	1506	4.0
2793	1532	3.0
2793	1549	4.0
2793	1588	3.0
2793	1592	3.0
2793	1617	4.0
2793	1629	4.0
2793	1684	4.0
2793	1703	3.0
2793	1722	3.0
2793	1738	3.0
2793	1780	5.0
2793	1783	3.0
2793	1838	4.0
2793	1840	5.0
2793	1889	4.0
2793	2017	4.0
2793	2026	4.0
2793	2120	3.0
2793	2125	3.0
2793	2188	5.0
2793	2209	3.0
2793	2263	3.0
2793	2287	3.0
2793	2544	4.0
2793	2549	3.0
2793	2595	3.0
2793	2620	5.0
2793	2743	3.0
2793	2798	4.0
2793	2825	4.0
2793	2840	3.0
2793	2845	3.0
2793	2908	4.0
2793	2931	4.0
2793	2932	4.0
2793	2960	3.0
2793	3087	4.0
2793	3099	5.0
2793	3115	3.0
2793	3122	3.0
2793	3292	3.0
2793	3420	3.0
2793	3482	3.0
2793	3483	5.0
2793	3543	4.0
2793	3661	4.0
2793	3680	2.0
2793	3696	4.0
2793	3903	3.0
2793	3923	3.0
2793	3956	4.0
2793	4048	4.0
2793	4080	3.0
2793	4097	4.0
2793	4143	4.0
2793	4158	3.0
2793	4200	4.0
2793	4306	5.0
2793	4339	3.0
2793	4354	3.0
2793	4392	5.0
2793	4434	3.0
2793	4487	4.0
2793	4596	4.0
2793	4644	3.0
2793	4740	5.0
2793	4852	3.0
2793	4928	3.0
2793	4951	4.0
2793	4959	5.0
2793	4993	5.0
2793	5018	4.0
2793	5083	3.0
2793	5159	3.0
2793	5204	3.0
2793	5277	5.0
2793	5401	5.0
2793	5432	4.0
2793	5534	3.0
2793	5571	3.0
2793	5572	4.0
2793	5575	5.0
2793	5593	5.0
2793	5627	4.0
2793	5678	3.0
2793	5682	2.0
2793	5696	3.0
2793	5757	4.0
2793	5758	5.0
2793	5768	4.0
2793	5805	3.0
2793	5831	4.0
2793	5849	4.0
2793	5887	3.0
2793	5892	4.0
2793	5936	3.0
2793	5946	2.0
2793	5994	3.0
2793	6009	2.0
2793	6169	4.0
2793	6189	5.0
2793	6209	4.0
2793	6212	4.0
2793	6302	4.0
2793	6310	3.0
2793	6320	4.0
2793	6327	4.0
2793	6340	4.0
2793	6461	4.0
2793	6487	4.0
2793	6493	4.0
2793	6659	5.0
2793	6664	4.0
2793	6691	4.0
2794	112	1.0
2794	192	4.0
2794	203	3.0
2794	237	4.0
2794	260	4.0
2794	437	4.0
2794	453	4.0
2794	509	4.0
2794	561	3.0
2794	673	4.0
2794	830	4.0
2794	884	3.0
2794	946	4.0
2794	1159	5.0
2794	1377	4.0
2794	1629	4.0
2794	1682	4.0
2794	1709	3.0
2794	1876	5.0
2794	2028	4.0
2794	2135	5.0
2794	2384	3.0
2794	2470	4.0
2794	2509	3.0
2794	2515	4.0
2794	2591	4.0
2794	2763	4.0
2794	2823	4.0
2794	2842	3.0
2794	2973	5.0
2794	3145	4.0
2794	3239	3.0
2794	3361	4.0
2794	3387	4.0
2794	3430	5.0
2794	3490	4.0
2794	3587	3.0
2794	3629	4.0
2794	3746	4.0
2794	3781	4.0
2794	3856	3.0
2794	3874	4.0
2794	3952	5.0
2794	3968	4.0
2794	3993	4.0
2794	4067	4.0
2794	4074	5.0
2794	4108	4.0
2794	4202	4.0
2794	4252	5.0
2794	4321	4.0
2794	4365	5.0
2794	4665	4.0
2794	4900	5.0
2794	4928	4.0
2794	4993	4.0
2794	5219	4.0
2794	5251	4.0
2794	5392	5.0
2794	5418	4.0
2794	5432	4.0
2794	5465	5.0
2794	5577	5.0
2794	5646	3.0
2794	5791	4.0
2794	5890	5.0
2794	6062	4.0
2794	6159	5.0
2794	6190	5.0
2794	6369	3.0
2794	6679	5.0
2794	6922	4.0
2795	38	2.0
2795	466	2.0
2795	537	3.0
2795	831	3.0
2795	1030	4.0
2795	1195	4.0
2795	1248	5.0
2795	1294	4.0
2795	1421	3.0
2795	1563	4.0
2795	1642	2.0
2795	1808	5.0
2795	2029	5.0
2795	2098	5.0
2795	2123	5.0
2795	2228	5.0
2795	2260	5.0
2795	2283	4.0
2795	2340	4.0
2795	2425	4.0
2795	3192	4.0
2795	3269	3.0
2795	3661	5.0
2795	3874	5.0
2795	3993	3.0
2795	4097	5.0
2795	4186	5.0
2795	4309	4.0
2795	4592	4.0
2795	4673	3.0
2795	4927	5.0
2795	5050	4.0
2795	5311	4.0
2795	5362	4.0
2795	5587	4.0
2795	5850	4.0
2795	6012	3.0
2795	6182	5.0
2795	6311	4.0
2795	6370	4.0
2795	6578	3.0
2803	27	3.0
2803	117	3.0
2803	231	4.0
2803	272	4.0
2803	316	2.0
2803	438	3.0
2803	459	4.0
2803	469	2.0
2803	561	3.0
2803	577	2.0
2803	578	1.0
2803	581	3.0
2803	723	1.0
2803	782	4.0
2803	801	1.0
2803	817	4.0
2803	951	3.0
2803	1071	4.0
2803	1077	4.0
2803	1159	4.0
2803	1344	1.0
2803	1608	3.0
2803	1617	3.0
2803	1789	3.0
2803	1843	5.0
2803	1854	4.0
2803	1938	5.0
2803	1941	4.0
2803	1999	4.0
2803	2053	4.0
2803	2196	3.0
2803	2213	4.0
2803	2386	3.0
2803	2391	3.0
2803	2414	2.0
2803	2709	3.0
2803	2782	4.0
2803	2806	1.0
2803	2841	4.0
2803	2882	5.0
2803	2921	5.0
2803	2924	4.0
2803	2931	2.0
2803	3129	4.0
2803	3152	4.0
2803	3175	4.0
2803	3504	2.0
2803	3679	4.0
2803	3691	3.0
2803	3777	5.0
2803	3852	2.0
2803	3921	2.0
2803	3993	3.0
2803	4067	4.0
2803	4097	4.0
2803	4131	4.0
2803	4189	3.0
2803	4307	1.0
2803	4372	2.0
2803	4460	2.0
2803	4712	2.0
2803	4726	3.0
2803	4732	3.0
2803	4763	4.0
2803	4768	4.0
2803	4910	3.0
2803	4925	2.0
2803	4951	3.0
2803	5344	3.0
2803	5480	3.0
2803	5534	3.0
2803	5567	4.0
2803	5583	4.0
2803	5584	1.0
2803	5663	3.0
2803	5707	3.0
2803	6087	1.0
2803	6113	2.0
2803	6249	3.0
2803	6280	5.0
2803	6289	4.0
2803	6295	4.0
2803	6570	3.0
2803	6584	3.0
2803	6699	4.0
2803	6773	2.0
2803	6778	2.0
2827	194	3.0
2827	233	3.0
2827	311	3.0
2827	459	3.0
2827	461	2.0
2827	561	4.0
2827	729	4.0
2827	788	5.0
2827	795	3.0
2827	1031	4.0
2827	1257	5.0
2827	1432	5.0
2827	1521	3.0
2827	1642	3.0
2827	1722	4.0
2827	1759	5.0
2827	1815	5.0
2827	1818	4.0
2827	1821	3.0
2827	1881	4.0
2827	1914	4.0
2827	1957	3.0
2827	2188	5.0
2827	2221	5.0
2827	2350	4.0
2827	2460	3.0
2827	2995	2.0
2827	3089	4.0
2827	3150	3.0
2827	3311	4.0
2827	3427	2.0
2827	3449	4.0
2827	3527	3.0
2827	3620	3.0
2827	3653	3.0
2827	3661	4.0
2827	3670	5.0
2827	3676	4.0
2827	3743	4.0
2827	3869	2.0
2827	3905	5.0
2827	3910	4.0
2827	3911	4.0
2827	4037	4.0
2827	4053	4.0
2827	4097	4.0
2827	4176	4.0
2827	4312	4.0
2827	4324	2.0
2827	4339	3.0
2827	4464	4.0
2827	4477	3.0
2827	4617	3.0
2827	4644	4.0
2827	4712	3.0
2827	4774	3.0
2827	4857	5.0
2827	4922	5.0
2827	4949	3.0
2827	4951	4.0
2827	5294	5.0
2827	5552	2.0
2827	5572	5.0
2827	5648	3.0
2827	5662	5.0
2827	5719	3.0
2827	5793	4.0
2827	6066	3.0
2827	6084	3.0
2827	6199	3.0
2827	6200	4.0
2827	6370	4.0
2827	6397	4.0
2827	6572	4.0
2827	6615	4.0
2827	6691	5.0
2827	6855	5.0
2833	341	4.0
2833	404	3.0
2833	755	5.0
2833	818	3.0
2833	828	2.0
2833	861	4.0
2833	918	4.0
2833	1296	2.0
2833	1521	4.0
2833	1629	4.0
2833	1633	3.0
2833	2017	4.0
2833	2029	5.0
2833	2179	4.0
2833	2186	5.0
2833	2421	5.0
2833	2431	3.0
2833	2462	5.0
2833	2605	2.0
2833	2606	4.0
2833	2763	4.0
2833	2843	4.0
2833	2947	4.0
2833	3019	5.0
2833	3024	5.0
2833	3056	4.0
2833	3690	4.0
2833	3921	4.0
2833	4161	5.0
2833	4183	5.0
2833	4469	4.0
2833	4477	4.0
2833	4480	4.0
2833	4743	5.0
2833	4894	4.0
2833	5053	4.0
2833	5258	4.0
2833	5294	5.0
2833	5354	3.0
2833	5386	4.0
2833	5480	4.0
2833	5492	4.0
2833	5508	4.0
2833	5768	5.0
2833	5991	5.0
2833	6040	5.0
2833	6955	5.0
2868	72	3.0
2868	170	5.0
2868	181	2.0
2868	194	4.0
2868	236	2.0
2868	296	2.0
2868	348	3.0
2868	359	3.0
2868	439	3.0
2868	459	3.0
2868	496	2.0
2868	581	1.0
2868	599	2.0
2868	653	3.0
2868	729	3.0
2868	793	5.0
2868	817	4.0
2868	912	3.0
2868	989	3.0
2868	1004	3.0
2868	1070	3.0
2868	1159	4.0
2868	1219	3.0
2868	1329	3.0
2868	1355	3.0
2868	1432	5.0
2868	1441	2.0
2868	1713	4.0
2868	1738	3.0
2868	1740	5.0
2868	1760	3.0
2868	1772	3.0
2868	1840	4.0
2868	1871	1.0
2868	1881	2.0
2868	2029	5.0
2868	2090	5.0
2868	2098	5.0
2868	2135	3.0
2868	2159	1.0
2868	2317	2.0
2868	2421	4.0
2868	2430	3.0
2868	2454	1.0
2868	2496	2.0
2868	2602	3.0
2868	2960	4.0
2868	2982	2.0
2868	3003	3.0
2868	3006	2.0
2868	3014	1.0
2868	3054	2.0
2868	3134	3.0
2868	3234	4.0
2868	3292	2.0
2868	3331	2.0
2868	3345	3.0
2868	3370	3.0
2868	3387	3.0
2868	3492	3.0
2868	3527	2.0
2868	3781	5.0
2868	3785	2.0
2868	3834	3.0
2868	3917	4.0
2868	3946	2.0
2868	3970	2.0
2868	4030	3.0
2868	4130	3.0
2868	4151	5.0
2868	4180	2.0
2868	4206	4.0
2868	4214	3.0
2868	4345	3.0
2868	4349	3.0
2868	4463	2.0
2868	4517	3.0
2868	4628	3.0
2868	4662	3.0
2868	4852	2.0
2868	4877	3.0
2868	4951	5.0
2868	5152	2.0
2868	5159	3.0
2868	5213	2.0
2868	5220	3.0
2868	5294	4.0
2868	5295	2.0
2868	5515	3.0
2868	5545	3.0
2868	5575	4.0
2868	5619	3.0
2868	5696	3.0
2868	5710	3.0
2868	5726	3.0
2868	5889	4.0
2868	5936	2.0
2868	5986	3.0
2868	6082	3.0
2868	6121	3.0
2868	6161	3.0
2868	6200	3.0
2868	6328	3.0
2868	6394	3.0
2868	6577	4.0
2868	6788	2.0
2868	6825	3.0
2869	16	3.0
2869	46	3.0
2869	174	4.0
2869	217	4.0
2869	242	3.0
2869	282	4.0
2869	387	3.0
2869	399	4.0
2869	535	4.0
2869	657	3.0
2869	1125	3.0
2869	1247	3.0
2869	1263	4.0
2869	1301	4.0
2869	1305	3.0
2869	1377	3.0
2869	1538	3.0
2869	1794	2.0
2869	1817	3.0
2869	1914	3.0
2869	1964	4.0
2869	2072	1.0
2869	2078	4.0
2869	2174	3.0
2869	2287	3.0
2869	2291	4.0
2869	2356	4.0
2869	2460	3.0
2869	2716	3.0
2869	2799	4.0
2869	2859	4.0
2869	2940	4.0
2869	3014	3.0
2869	3026	4.0
2869	3027	3.0
2869	3145	4.0
2869	3268	4.0
2869	3295	4.0
2869	3518	3.0
2869	3622	3.0
2869	3695	3.0
2869	3734	3.0
2869	3750	2.0
2869	3886	3.0
2869	4053	4.0
2869	4097	3.0
2869	4100	3.0
2869	4344	3.0
2869	4392	3.0
2869	4545	3.0
2869	4623	4.0
2869	4684	4.0
2869	4774	4.0
2869	4840	3.0
2869	4857	3.0
2869	4975	3.0
2869	5386	4.0
2869	5395	4.0
2869	5401	3.0
2869	5423	2.0
2869	5871	4.0
2869	5962	3.0
2869	6208	4.0
2869	6384	4.0
2869	6429	4.0
2869	6512	3.0
2869	6659	3.0
2869	6773	4.0
2869	6955	4.0
2872	958	4.0
2872	1059	4.0
2872	1180	4.0
2872	1377	5.0
2872	1488	3.0
2872	2132	5.0
2872	2159	5.0
2872	2461	5.0
2872	2586	4.0
2872	2772	5.0
2872	2925	5.0
2872	3006	3.0
2872	3026	5.0
2872	3296	5.0
2872	3307	4.0
2872	3418	4.0
2872	3570	4.0
2872	3679	5.0
2872	3684	4.0
2872	3739	4.0
2872	3743	5.0
2872	3852	5.0
2872	4214	4.0
2872	4260	4.0
2872	4309	5.0
2872	4487	4.0
2872	4592	5.0
2872	4596	5.0
2872	4672	5.0
2872	4729	4.0
2872	4743	4.0
2872	4781	3.0
2872	4922	5.0
2872	4982	5.0
2872	4990	5.0
2872	5057	5.0
2872	5124	5.0
2872	5236	5.0
2872	5317	3.0
2872	5394	4.0
2872	5536	5.0
2872	5662	4.0
2872	5750	5.0
2872	5811	4.0
2872	6145	4.0
2872	6578	3.0
2872	6650	4.0
2872	6773	5.0
2872	6852	5.0
2872	6916	5.0
2898	141	5.0
2898	338	3.0
2898	347	4.0
2898	459	3.0
2898	469	4.0
2898	604	2.0
2898	631	3.0
2898	821	5.0
2898	851	4.0
2898	887	4.0
2898	1070	5.0
2898	1441	5.0
2898	1532	4.0
2898	1609	5.0
2898	1793	3.0
2898	2017	4.0
2898	2099	3.0
2898	2430	4.0
2898	2574	3.0
2898	2788	5.0
2898	2825	3.0
2898	2901	4.0
2898	2931	4.0
2898	3026	5.0
2898	3294	5.0
2898	3359	5.0
2898	3518	4.0
2898	3563	4.0
2898	3779	4.0
2898	4135	4.0
2898	4172	4.0
2898	4186	5.0
2898	4345	5.0
2898	4362	3.0
2898	4553	5.0
2898	4759	5.0
2898	4889	5.0
2898	4906	3.0
2898	4922	4.0
2898	5047	3.0
2898	5154	3.0
2898	5173	5.0
2898	5194	4.0
2898	5328	4.0
2898	5347	5.0
2898	5386	5.0
2898	5434	5.0
2898	5646	3.0
2898	5850	4.0
2898	5946	3.0
2898	5962	3.0
2898	6010	4.0
2898	6179	4.0
2898	6190	5.0
2898	6200	4.0
2898	6370	5.0
2898	6620	5.0
2898	6637	4.0
2898	6685	4.0
2898	6708	4.0
2898	6762	3.0
2898	6773	4.0
2898	6925	4.0
2910	97	3.0
2910	141	5.0
2910	174	5.0
2910	220	5.0
2910	264	4.0
2910	293	4.0
2910	324	3.0
2910	348	5.0
2910	371	3.0
2910	399	4.0
2910	483	1.0
2910	557	4.0
2910	577	3.0
2910	616	5.0
2910	784	4.0
2910	793	5.0
2910	798	5.0
2910	818	5.0
2910	931	3.0
2910	1128	5.0
2910	1132	4.0
2910	1271	4.0
2910	1469	4.0
2910	1509	4.0
2910	1596	3.0
2910	1608	4.0
2910	1699	4.0
2910	1856	5.0
2910	1881	4.0
2910	2028	5.0
2910	2071	1.0
2910	2089	5.0
2910	2093	5.0
2910	2135	4.0
2910	2286	5.0
2910	2292	3.0
2910	2334	3.0
2910	2371	3.0
2910	2394	5.0
2910	2492	4.0
2910	2557	5.0
2910	2706	4.0
2910	2729	5.0
2910	2782	4.0
2910	2795	5.0
2910	2830	5.0
2910	2846	5.0
2910	2933	3.0
2910	2938	4.0
2910	2940	5.0
2910	3018	2.0
2910	3055	5.0
2910	3104	3.0
2910	3151	4.0
2910	3234	2.0
2910	3275	4.0
2910	3345	2.0
2910	3436	5.0
2910	3440	5.0
2910	3510	4.0
2910	3587	3.0
2910	3635	3.0
2910	3649	3.0
2910	3660	2.0
2910	3692	4.0
2910	3703	5.0
2910	3707	3.0
2910	3794	5.0
2910	3856	4.0
2910	3906	3.0
2910	3909	3.0
2910	3931	3.0
2910	4055	4.0
2910	4067	4.0
2910	4194	4.0
2910	4202	4.0
2910	4255	4.0
2910	4289	4.0
2910	4340	4.0
2910	4345	5.0
2910	4477	5.0
2910	4482	3.0
2910	4487	4.0
2910	4501	3.0
2910	4522	4.0
2910	4562	5.0
2910	4628	3.0
2910	4635	5.0
2910	4687	4.0
2910	4693	4.0
2910	4767	4.0
2910	4852	5.0
2910	4894	4.0
2910	4979	1.0
2910	4980	3.0
2910	5252	3.0
2910	5293	5.0
2910	5294	5.0
2910	5473	4.0
2910	5534	4.0
2910	5543	5.0
2910	5566	5.0
2910	5578	3.0
2910	5582	3.0
2910	5686	1.0
2910	5700	4.0
2910	5853	4.0
2910	5873	5.0
2910	5982	4.0
2910	6004	5.0
2910	6066	3.0
2910	6115	5.0
2910	6116	3.0
2910	6132	3.0
2910	6200	5.0
2910	6203	2.0
2910	6256	4.0
2910	6328	2.0
2910	6369	5.0
2910	6439	4.0
2910	6487	5.0
2910	6555	5.0
2910	6577	2.0
2910	6671	3.0
2910	6778	5.0
2910	6875	3.0
2910	6880	4.0
2910	6916	3.0
2914	38	1.0
2914	120	3.0
2914	131	3.0
2914	410	3.0
2914	537	3.0
2914	669	3.0
2914	711	3.0
2914	797	3.0
2914	912	4.0
2914	913	3.0
2914	996	5.0
2914	1059	1.0
2914	1116	3.0
2914	1461	3.0
2914	1563	5.0
2914	1782	1.0
2914	1813	5.0
2914	2135	5.0
2914	2197	5.0
2914	2220	5.0
2914	2242	3.0
2914	2250	5.0
2914	2384	5.0
2914	2417	5.0
2914	2772	5.0
2914	2910	5.0
2914	2959	5.0
2914	2973	5.0
2914	3056	4.0
2914	3100	4.0
2914	3251	5.0
2914	3568	2.0
2914	3623	5.0
2914	3649	1.0
2914	3675	5.0
2914	3781	5.0
2914	3796	5.0
2914	3827	2.0
2914	3923	3.0
2914	4241	5.0
2914	4480	2.0
2914	4923	3.0
2914	4962	3.0
2914	5145	2.0
2914	5262	3.0
2914	5435	5.0
2914	5539	5.0
2914	5719	3.0
2914	5850	5.0
2914	5946	5.0
2914	6052	5.0
2914	6084	5.0
2914	6104	2.0
2914	6111	1.0
2914	6200	5.0
2914	6210	3.0
2914	6259	3.0
2914	6300	1.0
2914	6539	5.0
2928	27	4.0
2928	105	4.0
2928	141	3.0
2928	180	4.0
2928	194	3.0
2928	234	4.0
2928	272	3.0
2928	341	4.0
2928	353	4.0
2928	419	3.0
2928	453	4.0
2928	466	3.0
2928	513	3.0
2928	524	4.0
2928	549	3.0
2928	557	4.0
2928	601	4.0
2928	623	4.0
2928	627	4.0
2928	708	2.0
2928	787	3.0
2928	1185	4.0
2928	1189	3.0
2928	1218	4.0
2928	1242	4.0
2928	1249	4.0
2928	1432	3.0
2928	1461	3.0
2928	1479	4.0
2928	1600	3.0
2928	1779	3.0
2928	1808	3.0
2928	1834	5.0
2928	1866	3.0
2928	1894	3.0
2928	1918	4.0
2928	2028	4.0
2928	2029	4.0
2928	2053	4.0
2928	2078	3.0
2928	2167	4.0
2928	2169	3.0
2928	2196	4.0
2928	2206	3.0
2928	2325	4.0
2928	2350	4.0
2928	2356	3.0
2928	2425	4.0
2928	2431	3.0
2928	2750	4.0
2928	2938	3.0
2928	2962	4.0
2928	2972	2.0
2928	2973	4.0
2928	3002	3.0
2928	3213	4.0
2928	3309	4.0
2928	3449	4.0
2928	3592	4.0
2928	3692	4.0
2928	3717	4.0
2928	3738	4.0
2928	3850	4.0
2928	4067	4.0
2928	4161	3.0
2928	4186	5.0
2928	4188	3.0
2928	4202	4.0
2928	4258	4.0
2928	4307	4.0
2928	4639	4.0
2928	4857	4.0
2928	4869	2.0
2928	4889	4.0
2928	4922	4.0
2928	5005	3.0
2928	5015	4.0
2928	5057	5.0
2928	5124	4.0
2928	5129	4.0
2928	5145	3.0
2928	5178	3.0
2928	5266	5.0
2928	5294	4.0
2928	5430	3.0
2928	5434	4.0
2928	5496	4.0
2928	5534	4.0
2928	5549	4.0
2928	5606	4.0
2928	5647	4.0
2928	5710	3.0
2928	5745	2.0
2928	5962	3.0
2928	5979	4.0
2928	5982	3.0
2928	6012	3.0
2928	6123	4.0
2928	6199	4.0
2928	6232	4.0
2928	6286	3.0
2928	6342	4.0
2928	6369	4.0
2928	6390	3.0
2928	6519	3.0
2928	6539	4.0
2928	6580	4.0
2928	6609	3.0
2928	6691	5.0
2928	6955	4.0
2928	6956	4.0
2972	19	4.0
2972	82	5.0
2972	417	5.0
2972	613	3.0
2972	808	4.0
2972	832	5.0
2972	873	5.0
2972	921	5.0
2972	1026	5.0
2972	1030	5.0
2972	1091	4.0
2972	1126	3.0
2972	1152	5.0
2972	1298	5.0
2972	1820	5.0
2972	1891	3.0
2972	1903	4.0
2972	2015	4.0
2972	2093	5.0
2972	2137	5.0
2972	2191	5.0
2972	2203	3.0
2972	2232	4.0
2972	2462	3.0
2972	2584	4.0
2972	2603	5.0
2972	3060	5.0
2972	3230	5.0
2972	3309	5.0
2972	3371	4.0
2972	3517	4.0
2972	3580	5.0
2972	3705	5.0
2972	3783	4.0
2972	3794	5.0
2972	3825	5.0
2972	3912	4.0
2972	3986	4.0
2972	3997	3.0
2972	4101	5.0
2972	4253	5.0
2972	4331	5.0
2972	4455	5.0
2972	4635	5.0
2972	4691	3.0
2972	4787	5.0
2972	4927	4.0
2972	4946	4.0
2972	4995	4.0
2972	5065	5.0
2972	5543	5.0
2972	5659	3.0
2972	5698	5.0
2972	5795	4.0
2972	6235	5.0
2972	6283	3.0
2972	6504	4.0
2972	6527	5.0
2972	6916	4.0
2992	29	4.0
2992	223	4.0
2992	348	5.0
2992	359	3.0
2992	561	3.0
2992	913	2.0
2992	1026	3.0
2992	1116	5.0
2992	1247	3.0
2992	1265	3.0
2992	1377	4.0
2992	1432	4.0
2992	1587	4.0
2992	1780	4.0
2992	1808	5.0
2992	1825	3.0
2992	2042	5.0
2992	2188	4.0
2992	2408	3.0
2992	2524	3.0
2992	2806	3.0
2992	2894	3.0
2992	3055	3.0
2992	3056	3.0
2992	3167	3.0
2992	3198	3.0
2992	3239	4.0
2992	3467	3.0
2992	3526	3.0
2992	3661	3.0
2992	3670	4.0
2992	3707	4.0
2992	3923	4.0
2992	3948	5.0
2992	3953	3.0
2992	4117	3.0
2992	4131	4.0
2992	4253	4.0
2992	4330	3.0
2992	4345	5.0
2992	4469	5.0
2992	4592	4.0
2992	4820	3.0
2992	4854	3.0
2992	4860	3.0
2992	4993	4.0
2992	5057	5.0
2992	5108	5.0
2992	5394	4.0
2992	5482	3.0
2992	5572	5.0
2992	5805	2.0
2992	6200	4.0
2992	6483	3.0
2992	6656	2.0
2992	6762	3.0
2992	6968	2.0
2994	30	4.0
2994	131	4.0
2994	192	3.0
2994	234	4.0
2994	260	4.0
2994	300	5.0
2994	399	5.0
2994	401	3.0
2994	438	4.0
2994	479	4.0
2994	552	3.0
2994	594	4.0
2994	633	4.0
2994	643	4.0
2994	708	4.0
2994	746	3.0
2994	928	5.0
2994	1322	4.0
2994	1518	3.0
2994	1609	4.0
2994	1682	4.0
2994	1728	5.0
2994	1749	4.0
2994	1821	3.0
2994	2028	3.0
2994	2080	4.0
2994	2386	4.0
2994	2591	4.0
2994	2722	4.0
2994	2728	3.0
2994	2730	3.0
2994	2758	3.0
2994	2823	4.0
2994	2901	4.0
2994	2961	4.0
2994	3062	4.0
2994	3078	4.0
2994	3129	4.0
2994	3359	3.0
2994	3527	3.0
2994	3538	5.0
2994	3601	4.0
2994	3661	3.0
2994	3993	3.0
2994	3998	3.0
2994	4001	5.0
2994	4067	4.0
2994	4164	3.0
2994	4183	3.0
2994	4186	4.0
2994	4202	3.0
2994	4245	4.0
2994	4304	3.0
2994	4305	4.0
2994	4307	4.0
2994	4357	3.0
2994	4548	3.0
2994	4685	5.0
2994	4922	4.0
2994	4923	4.0
2994	4936	4.0
2994	4982	4.0
2994	5057	4.0
2994	5138	4.0
2994	5297	4.0
2994	5341	5.0
2994	5395	4.0
2994	5465	5.0
2994	5664	4.0
2994	5750	3.0
2994	6203	4.0
2994	6208	4.0
2994	6269	4.0
2994	6580	4.0
2994	6672	4.0
2994	6886	4.0
2994	6922	4.0
2994	6948	5.0
2994	6954	5.0
3003	83	3.0
3003	180	5.0
3003	192	4.0
3003	233	4.0
3003	251	5.0
3003	289	5.0
3003	308	3.0
3003	404	4.0
3003	439	2.0
3003	500	1.0
3003	562	3.0
3003	682	5.0
3003	706	4.0
3003	724	5.0
3003	755	5.0
3003	1009	3.0
3003	1036	4.0
3003	1248	5.0
3003	1329	3.0
3003	1377	1.0
3003	1419	2.0
3003	1441	4.0
3003	1588	3.0
3003	1738	3.0
3003	1904	2.0
3003	1939	3.0
3003	2026	4.0
3003	2029	4.0
3003	2120	3.0
3003	2249	2.0
3003	2270	2.0
3003	2303	2.0
3003	2319	4.0
3003	2324	3.0
3003	2371	1.0
3003	2461	1.0
3003	2520	5.0
3003	2565	5.0
3003	2706	3.0
3003	2819	3.0
3003	3060	3.0
3003	3082	3.0
3003	3222	5.0
3003	3294	4.0
3003	3296	4.0
3003	3486	4.0
3003	3528	5.0
3003	3557	5.0
3003	3741	2.0
3003	3792	1.0
3003	3796	5.0
3003	3832	2.0
3003	3928	5.0
3003	3948	4.0
3003	4109	1.0
3003	4260	3.0
3003	4388	3.0
3003	4390	1.0
3003	4519	5.0
3003	4537	5.0
3003	4562	5.0
3003	4639	2.0
3003	4755	3.0
3003	4886	3.0
3003	5028	5.0
3003	5041	2.0
3003	5124	5.0
3003	5151	3.0
3003	5193	5.0
3003	5204	2.0
3003	5217	3.0
3003	5291	2.0
3003	5294	4.0
3003	5344	3.0
3003	5394	4.0
3003	5534	5.0
3003	5541	4.0
3003	5648	3.0
3003	5662	3.0
3003	5725	3.0
3003	5768	3.0
3003	5776	3.0
3003	5928	3.0
3003	5986	4.0
3003	6162	2.0
3003	6200	4.0
3003	6201	5.0
3003	6203	2.0
3003	6234	3.0
3003	6420	4.0
3003	6503	3.0
3003	6530	4.0
3003	6609	4.0
3003	6672	3.0
3003	6683	4.0
3003	6957	5.0
3003	6963	5.0
3020	174	5.0
3020	287	2.0
3020	827	5.0
3020	859	4.0
3020	958	5.0
3020	1587	5.0
3020	1617	5.0
3020	1629	3.0
3020	1859	5.0
3020	2188	4.0
3020	2199	4.0
3020	2220	4.0
3020	2431	2.0
3020	2459	4.0
3020	2763	3.0
3020	2938	5.0
3020	3162	5.0
3020	3356	3.0
3020	3707	4.0
3020	4097	3.0
3020	4135	3.0
3020	4372	4.0
3020	4487	3.0
3020	4507	3.0
3020	4523	4.0
3020	4559	3.0
3020	4628	4.0
3020	4989	3.0
3020	5049	5.0
3020	5251	4.0
3020	5262	4.0
3020	5507	4.0
3020	5648	2.0
3020	5695	4.0
3020	5928	5.0
3020	6036	5.0
3020	6390	4.0
3020	6881	5.0
3020	6916	5.0
