User	Movie	Rating
10	38	2.0
10	133	4.0
10	170	4.0
10	174	4.0
10	193	3.0
10	294	4.0
10	369	4.0
10	386	4.0
10	475	3.0
10	512	5.0
10	545	4.0
10	557	5.0
10	601	3.0
10	605	4.0
10	656	4.0
10	793	3.0
10	884	3.0
10	1175	4.0
10	1220	3.0
10	1248	5.0
10	1336	4.0
10	1419	4.0
10	1578	3.0
10	1590	4.0
10	1670	3.0
10	1834	3.0
10	1843	4.0
10	1951	3.0
10	2016	4.0
10	2106	4.0
10	2283	3.0
10	2324	4.0
10	2325	4.0
10	2522	3.0
10	2625	4.0
10	2699	4.0
10	2757	3.0
10	2777	3.0
10	2788	3.0
10	2794	4.0
10	2908	4.0
10	2931	4.0
10	2970	4.0
10	3007	3.0
10	3024	4.0
10	3110	4.0
10	3158	4.0
10	3170	4.0
10	3309	4.0
10	3440	3.0
10	3517	4.0
10	3528	3.0
10	3554	5.0
10	3567	3.0
10	3641	3.0
10	3649	4.0
10	3650	3.0
10	3873	3.0
10	3921	2.0
10	3963	4.0
10	4260	4.0
10	4296	4.0
10	4307	4.0
10	4309	4.0
10	4477	5.0
10	4658	4.0
10	4695	4.0
10	4772	4.0
10	4927	4.0
10	4949	3.0
10	4953	3.0
10	5037	3.0
10	5105	4.0
10	5262	3.0
10	5285	3.0
10	5394	4.0
10	5453	3.0
10	5662	4.0
10	5663	4.0
10	5850	4.0
10	5894	4.0
10	5973	3.0
10	6029	4.0
10	6198	3.0
10	6203	3.0
10	6255	2.0
10	6479	4.0
10	6502	2.0
10	6558	3.0
10	6571	4.0
10	6628	3.0
10	6656	3.0
10	6682	4.0
10	6695	3.0
10	6777	4.0
10	6799	4.0
10	6878	5.0
14	38	1.0
14	76	4.0
14	117	5.0
14	257	5.0
14	346	3.0
14	348	5.0
14	351	4.0
14	386	4.0
14	391	4.0
14	537	2.0
14	581	4.0
14	627	3.0
14	629	3.0
14	656	4.0
14	741	4.0
14	809	1.0
14	827	5.0
14	828	2.0
14	1080	5.0
14	1311	4.0
14	1377	4.0
14	1448	3.0
14	1491	3.0
14	1629	4.0
14	1650	4.0
14	1654	3.0
14	1673	3.0
14	1682	4.0
14	1770	5.0
14	2159	3.0
14	2213	3.0
14	2242	4.0
14	2282	3.0
14	2323	3.0
14	2399	1.0
14	2522	3.0
14	2714	4.0
14	2763	3.0
14	2906	4.0
14	2928	4.0
14	2978	3.0
14	3089	3.0
14	3093	4.0
14	3170	4.0
14	3245	2.0
14	3281	3.0
14	3309	5.0
14	3386	3.0
14	3423	4.0
14	3440	5.0
14	3564	5.0
14	3594	4.0
14	3618	3.0
14	3621	3.0
14	3680	1.0
14	3727	3.0
14	3754	5.0
14	3757	4.0
14	3856	3.0
14	3876	5.0
14	3923	3.0
14	3950	3.0
14	3978	3.0
14	4135	3.0
14	4159	3.0
14	4307	4.0
14	4330	1.0
14	4339	2.0
14	4463	4.0
14	4487	3.0
14	4658	5.0
14	4705	4.0
14	4927	5.0
14	4983	4.0
14	4993	4.0
14	5019	4.0
14	5094	2.0
14	5158	3.0
14	5258	5.0
14	5394	5.0
14	5478	3.0
14	5493	3.0
14	5507	4.0
14	5555	2.0
14	5690	3.0
14	5736	3.0
14	5745	3.0
14	5910	4.0
14	5978	3.0
14	6081	2.0
14	6109	4.0
14	6143	4.0
14	6179	3.0
14	6287	2.0
14	6302	3.0
14	6370	5.0
14	6416	1.0
14	6472	3.0
14	6544	3.0
14	6545	4.0
14	6730	4.0
14	6731	4.0
14	6799	3.0
14	6887	3.0
14	6922	3.0
14	6956	4.0
37	170	3.0
37	233	3.0
37	304	3.0
37	936	3.0
37	1030	4.0
37	1171	3.0
37	1300	3.0
37	1384	4.0
37	1728	5.0
37	1782	3.0
37	2186	3.0
37	2274	3.0
37	2787	3.0
37	2938	3.0
37	3084	2.0
37	3141	3.0
37	3145	3.0
37	3309	4.0
37	4042	4.0
37	4480	4.0
37	4628	4.0
37	4673	3.0
37	4750	3.0
37	4852	4.0
37	5058	3.0
37	5213	3.0
37	5214	2.0
37	5252	3.0
37	5423	3.0
37	5934	2.0
37	6154	4.0
37	6220	2.0
37	6469	3.0
37	6643	3.0
77	43	1.0
77	174	5.0
77	220	5.0
77	225	3.0
77	256	3.0
77	300	4.0
77	398	3.0
77	473	4.0
77	501	2.0
77	669	3.0
77	729	4.0
77	747	4.0
77	841	3.0
77	912	4.0
77	965	4.0
77	1076	4.0
77	1080	4.0
77	1201	4.0
77	1333	3.0
77	1336	5.0
77	1361	5.0
77	1411	4.0
77	1488	4.0
77	1563	4.0
77	1622	4.0
77	1631	3.0
77	1660	4.0
77	1728	4.0
77	1776	5.0
77	1782	3.0
77	1811	4.0
77	1812	4.0
77	1894	4.0
77	1914	4.0
77	1972	3.0
77	1987	4.0
77	2033	4.0
77	2161	4.0
77	2197	4.0
77	2248	4.0
77	2268	3.0
77	2283	4.0
77	2335	4.0
77	2501	5.0
77	2525	1.0
77	2585	3.0
77	2609	2.0
77	2706	4.0
77	2713	4.0
77	2717	4.0
77	2728	4.0
77	2730	3.0
77	2767	3.0
77	2786	5.0
77	2804	4.0
77	2824	4.0
77	2834	3.0
77	2841	3.0
77	2855	4.0
77	2901	4.0
77	2939	5.0
77	2982	3.0
77	3174	4.0
77	3238	4.0
77	3292	3.0
77	3298	4.0
77	3361	3.0
77	3418	3.0
77	3630	2.0
77	3681	4.0
77	3712	4.0
77	3747	5.0
77	3793	4.0
77	3796	4.0
77	3856	5.0
77	3905	3.0
77	3952	3.0
77	3991	4.0
77	4027	3.0
77	4053	5.0
77	4086	4.0
77	4173	2.0
77	4188	4.0
77	4239	3.0
77	4316	4.0
77	4352	4.0
77	4365	3.0
77	4379	2.0
77	4398	3.0
77	4541	3.0
77	4643	4.0
77	4695	3.0
77	4743	3.0
77	4924	5.0
77	4950	3.0
77	4953	4.0
77	4982	5.0
77	5071	2.0
77	5106	4.0
77	5150	3.0
77	5158	3.0
77	5160	3.0
77	5257	4.0
77	5347	4.0
77	5385	5.0
77	5394	4.0
77	5416	1.0
77	5476	4.0
77	5566	3.0
77	5597	4.0
77	5616	5.0
77	5662	3.0
77	5725	3.0
77	5781	4.0
77	5879	3.0
77	5881	4.0
77	6003	4.0
77	6082	3.0
77	6169	3.0
77	6198	3.0
77	6240	4.0
77	6287	3.0
77	6348	4.0
77	6472	3.0
77	6509	4.0
77	6544	3.0
77	6609	4.0
77	6662	4.0
77	6685	5.0
77	6687	4.0
77	6731	3.0
77	6794	5.0
77	6862	4.0
77	6927	4.0
77	6931	4.0
98	31	5.0
98	81	4.0
98	112	2.0
98	117	5.0
98	121	5.0
98	130	5.0
98	138	4.0
98	221	5.0
98	223	5.0
98	281	5.0
98	326	3.0
98	341	3.0
98	417	5.0
98	450	2.0
98	470	5.0
98	508	3.0
98	524	3.0
98	541	3.0
98	709	5.0
98	716	1.0
98	793	5.0
98	799	3.0
98	876	3.0
98	886	4.0
98	909	3.0
98	936	1.0
98	939	5.0
98	962	5.0
98	1001	4.0
98	1046	1.0
98	1161	5.0
98	1180	5.0
98	1255	5.0
98	1314	1.0
98	1361	5.0
98	1379	5.0
98	1428	5.0
98	1441	5.0
98	1486	3.0
98	1489	4.0
98	1527	5.0
98	1577	4.0
98	1696	2.0
98	1710	4.0
98	1754	4.0
98	1765	5.0
98	1802	3.0
98	1885	3.0
98	1917	4.0
98	1933	5.0
98	1963	3.0
98	2003	5.0
98	2080	4.0
98	2139	5.0
98	2186	3.0
98	2237	2.0
98	2266	1.0
98	2367	5.0
98	2451	5.0
98	2482	5.0
98	2529	3.0
98	2568	4.0
98	2606	2.0
98	2614	5.0
98	2628	3.0
98	2638	1.0
98	2800	3.0
98	2883	5.0
98	2924	5.0
98	2991	3.0
98	3016	3.0
98	3307	5.0
98	3358	3.0
98	3386	5.0
98	3473	5.0
98	3483	2.0
98	3602	1.0
98	3623	5.0
98	3695	4.0
98	3770	5.0
98	3888	3.0
98	3982	3.0
98	4056	5.0
98	4185	2.0
98	4254	5.0
98	4309	5.0
98	4316	5.0
98	4460	3.0
98	4464	5.0
98	4501	3.0
98	4648	4.0
98	4787	5.0
98	4884	5.0
98	4927	3.0
98	4934	2.0
98	4988	5.0
98	5008	2.0
98	5055	5.0
98	5165	5.0
98	5356	3.0
98	5383	3.0
98	5400	4.0
98	5518	3.0
98	5578	4.0
98	5582	5.0
98	5597	4.0
98	5805	3.0
98	5818	2.0
98	5848	5.0
98	5875	5.0
98	5939	5.0
98	5975	4.0
98	6041	3.0
98	6067	3.0
98	6169	5.0
98	6182	3.0
98	6259	3.0
98	6273	5.0
98	6351	5.0
98	6456	3.0
98	6491	4.0
98	6556	5.0
98	6583	3.0
98	6657	5.0
98	6672	3.0
98	6700	5.0
98	6726	3.0
98	6792	5.0
98	6833	4.0
98	6848	3.0
98	6927	1.0
192	29	4.0
192	170	4.0
192	233	3.0
192	259	3.0
192	275	3.0
192	312	4.0
192	375	5.0
192	403	5.0
192	496	4.0
192	556	4.0
192	778	3.0
192	822	4.0
192	874	4.0
192	913	3.0
192	988	1.0
192	996	2.0
192	1000	5.0
192	1103	4.0
192	1104	4.0
192	1126	4.0
192	1180	5.0
192	1195	4.0
192	1232	5.0
192	1300	4.0
192	1311	2.0
192	1361	5.0
192	1385	4.0
192	1410	5.0
192	1470	3.0
192	1491	5.0
192	1506	4.0
192	1534	2.0
192	1622	3.0
192	1634	5.0
192	1642	2.0
192	1644	3.0
192	1699	4.0
192	1763	3.0
192	1808	4.0
192	1857	4.0
192	1887	2.0
192	1890	4.0
192	2110	3.0
192	2139	3.0
192	2226	5.0
192	2283	3.0
192	2311	3.0
192	2320	3.0
192	2322	2.0
192	2334	4.0
192	2339	5.0
192	2434	5.0
192	2454	2.0
192	2601	4.0
192	2679	4.0
192	2706	4.0
192	2782	3.0
192	2821	4.0
192	2823	3.0
192	2931	5.0
192	3006	2.0
192	3045	3.0
192	3055	3.0
192	3128	3.0
192	3142	3.0
192	3168	3.0
192	3326	5.0
192	3371	5.0
192	3376	5.0
192	3430	5.0
192	3591	5.0
192	3596	3.0
192	3597	4.0
192	3622	3.0
192	3664	2.0
192	3683	4.0
192	3719	4.0
192	3832	2.0
192	3834	3.0
192	3848	3.0
192	3914	4.0
192	3917	3.0
192	3977	5.0
192	4025	5.0
192	4164	3.0
192	4200	4.0
192	4204	3.0
192	4252	3.0
192	4364	5.0
192	4415	3.0
192	4420	4.0
192	4464	4.0
192	4513	2.0
192	4517	4.0
192	4522	3.0
192	4590	5.0
192	4609	3.0
192	4658	4.0
192	4664	3.0
192	4679	3.0
192	4737	3.0
192	4779	3.0
192	4800	3.0
192	4804	3.0
192	4840	5.0
192	4910	4.0
192	4915	5.0
192	4923	4.0
192	4943	4.0
192	4965	5.0
192	5018	3.0
192	5044	3.0
192	5160	4.0
192	5179	5.0
192	5213	4.0
192	5236	4.0
192	5251	5.0
192	5297	3.0
192	5327	2.0
192	5407	5.0
192	5437	3.0
192	5582	4.0
192	5605	5.0
192	5882	4.0
192	5896	2.0
192	5937	4.0
192	5975	3.0
192	5987	4.0
192	6141	3.0
192	6155	4.0
192	6234	3.0
192	6284	5.0
192	6385	2.0
192	6402	3.0
192	6420	3.0
192	6438	2.0
192	6478	3.0
192	6487	3.0
192	6698	4.0
192	6916	5.0
192	6927	5.0
192	6941	4.0
195	166	4.0
195	510	4.0
195	525	4.0
195	605	3.0
195	915	3.0
195	1149	4.0
195	1162	4.0
195	1236	5.0
195	1257	5.0
195	1280	4.0
195	1441	3.0
195	1506	3.0
195	1608	4.0
195	1723	4.0
195	1760	4.0
195	1772	4.0
195	1881	3.0
195	1971	5.0
195	2017	4.0
195	2421	4.0
195	2462	4.0
195	2520	4.0
195	2823	5.0
195	2940	3.0
195	3022	4.0
195	3269	3.0
195	3371	4.0
195	3423	3.0
195	3440	3.0
195	3655	4.0
195	3661	3.0
195	3690	3.0
195	3777	3.0
195	3871	4.0
195	3905	4.0
195	4037	4.0
195	4187	4.0
195	4323	4.0
195	4462	3.0
195	4523	4.0
195	4596	3.0
195	4752	4.0
195	4759	4.0
195	4781	5.0
195	4947	3.0
195	5581	2.0
195	5793	4.0
195	5943	4.0
195	6139	4.0
195	6476	5.0
195	6695	4.0
195	6700	4.0
195	6956	4.0
198	211	3.0
198	341	5.0
198	346	1.0
198	359	3.0
198	369	3.0
198	483	2.0
198	611	5.0
198	653	2.0
198	678	5.0
198	681	5.0
198	770	3.0
198	835	5.0
198	1175	3.0
198	1233	4.0
198	1361	5.0
198	1587	3.0
198	1608	5.0
198	1683	5.0
198	1702	3.0
198	1741	3.0
198	1782	5.0
198	1790	5.0
198	1813	5.0
198	1826	5.0
198	1827	5.0
198	1840	4.0
198	1964	3.0
198	2186	4.0
198	2188	4.0
198	2197	4.0
198	2220	5.0
198	2421	3.0
198	2427	2.0
198	2431	3.0
198	2458	4.0
198	2519	4.0
198	2739	5.0
198	2780	5.0
198	2874	2.0
198	2886	2.0
198	3024	5.0
198	3025	3.0
198	3089	3.0
198	3102	5.0
198	3378	3.0
198	3486	2.0
198	3564	4.0
198	3629	5.0
198	3754	3.0
198	3773	2.0
198	3777	5.0
198	3909	4.0
198	3910	5.0
198	4017	5.0
198	4161	2.0
198	4344	4.0
198	4390	3.0
198	4457	5.0
198	4469	5.0
198	4487	2.0
198	4658	5.0
198	4738	5.0
198	4760	3.0
198	4781	5.0
198	4889	4.0
198	4922	5.0
198	4926	5.0
198	4927	5.0
198	5166	4.0
198	5207	3.0
198	5258	5.0
198	5317	3.0
198	5323	3.0
198	5394	3.0
198	5440	4.0
198	5457	4.0
198	5465	5.0
198	5481	2.0
198	5501	2.0
198	5515	3.0
198	5696	3.0
198	5709	4.0
198	5753	3.0
198	5781	5.0
198	5849	5.0
198	5928	3.0
198	6154	4.0
198	6182	3.0
198	6200	4.0
198	6206	4.0
198	6223	4.0
198	6286	3.0
198	6593	4.0
198	6685	5.0
198	6822	2.0
198	6851	5.0
198	6923	5.0
204	230	4.0
204	315	4.0
204	368	4.0
204	372	4.0
204	444	4.0
204	555	5.0
204	913	3.0
204	942	3.0
204	1006	4.0
204	1116	4.0
204	1180	4.0
204	1191	4.0
204	1273	4.0
204	1274	3.0
204	1310	4.0
204	1439	5.0
204	1483	5.0
204	1722	3.0
204	1791	3.0
204	1804	4.0
204	1861	4.0
204	1910	4.0
204	1978	4.0
204	2027	4.0
204	2205	3.0
204	2249	5.0
204	2549	3.0
204	2711	4.0
204	2845	3.0
204	2848	4.0
204	3024	5.0
204	3130	5.0
204	3228	3.0
204	3301	4.0
204	3314	4.0
204	3326	4.0
204	3366	2.0
204	3441	4.0
204	3615	4.0
204	3621	4.0
204	3854	4.0
204	4099	4.0
204	4174	4.0
204	4198	4.0
204	4215	5.0
204	4311	4.0
204	4591	4.0
204	4623	5.0
204	4926	4.0
204	4927	5.0
204	4940	4.0
204	5034	4.0
204	5058	4.0
204	5093	3.0
204	5388	4.0
204	5507	4.0
204	5607	3.0
204	5669	4.0
204	5753	4.0
204	6035	4.0
204	6066	4.0
204	6193	3.0
204	6284	5.0
204	6315	4.0
204	6333	5.0
204	6449	5.0
204	6515	3.0
204	6761	5.0
204	6809	5.0
204	6852	4.0
204	6935	4.0
239	38	2.0
239	83	4.0
239	137	4.0
239	176	1.0
239	182	4.0
239	185	3.0
239	229	4.0
239	312	2.0
239	322	4.0
239	461	4.0
239	475	3.0
239	479	5.0
239	483	2.0
239	518	3.0
239	522	1.0
239	581	4.0
239	664	3.0
239	742	4.0
239	797	2.0
239	824	5.0
239	825	4.0
239	859	4.0
239	873	3.0
239	888	4.0
239	1033	4.0
239	1102	3.0
239	1148	3.0
239	1189	3.0
239	1193	3.0
239	1394	3.0
239	1400	4.0
239	1472	3.0
239	1481	4.0
239	1539	5.0
239	1558	5.0
239	1590	3.0
239	1628	5.0
239	1738	1.0
239	1740	3.0
239	1814	2.0
239	1859	3.0
239	1926	3.0
239	1956	3.0
239	1988	2.0
239	2030	3.0
239	2048	3.0
239	2283	5.0
239	2300	3.0
239	2439	4.0
239	2522	3.0
239	2531	5.0
239	2606	2.0
239	2614	2.0
239	2627	5.0
239	2639	3.0
239	2788	4.0
239	2901	3.0
239	2982	3.0
239	3048	4.0
239	3069	4.0
239	3173	5.0
239	3226	2.0
239	3258	3.0
239	3269	3.0
239	3479	2.0
239	3499	4.0
239	3523	4.0
239	3525	3.0
239	3528	5.0
239	3532	5.0
239	3543	4.0
239	3555	1.0
239	3670	3.0
239	3676	4.0
239	3690	3.0
239	3776	4.0
239	3791	3.0
239	3798	4.0
239	4056	3.0
239	4173	4.0
239	4178	3.0
239	4215	3.0
239	4321	3.0
239	4462	2.0
239	4487	5.0
239	4589	5.0
239	4644	4.0
239	4662	2.0
239	4706	3.0
239	4744	3.0
239	4781	4.0
239	4853	4.0
239	4932	4.0
239	4943	4.0
239	4960	5.0
239	5161	2.0
239	5180	3.0
239	5187	4.0
239	5216	3.0
239	5257	4.0
239	5268	4.0
239	5297	3.0
239	5402	3.0
239	5423	3.0
239	5430	2.0
239	5498	4.0
239	5545	3.0
239	5566	3.0
239	5605	3.0
239	5644	3.0
239	5663	4.0
239	5698	3.0
239	5708	5.0
239	5781	5.0
239	5910	4.0
239	6029	5.0
239	6039	3.0
239	6078	4.0
239	6107	3.0
239	6178	3.0
239	6200	3.0
239	6243	5.0
239	6261	3.0
239	6275	4.0
239	6329	3.0
239	6487	3.0
239	6558	4.0
239	6572	5.0
239	6679	4.0
239	6687	5.0
239	6705	2.0
239	6738	4.0
239	6752	3.0
239	6789	3.0
239	6800	3.0
239	6851	5.0
239	6852	4.0
239	6935	3.0
241	72	4.0
241	223	5.0
241	233	3.0
241	289	5.0
241	320	4.0
241	375	5.0
241	482	3.0
241	535	4.0
241	817	5.0
241	818	5.0
241	919	5.0
241	1000	5.0
241	1030	5.0
241	1458	4.0
241	1506	4.0
241	1713	5.0
241	1770	5.0
241	1951	4.0
241	2132	4.0
241	2252	4.0
241	2268	5.0
241	2283	4.0
241	2628	3.0
241	2686	5.0
241	2989	1.0
241	3024	5.0
241	3099	3.0
241	3100	4.0
241	3130	5.0
241	3613	4.0
241	3649	4.0
241	3679	4.0
241	3876	4.0
241	3974	3.0
241	4192	5.0
241	4315	5.0
241	4316	5.0
241	4461	5.0
241	4480	3.0
241	4673	4.0
241	4706	4.0
241	4759	4.0
241	4782	5.0
241	4791	4.0
241	4922	4.0
241	4927	5.0
241	4932	5.0
241	5258	4.0
241	5299	4.0
241	5386	5.0
241	5592	4.0
241	6010	4.0
241	6139	4.0
241	6147	4.0
241	6193	5.0
241	6232	4.0
241	6327	4.0
241	6363	4.0
241	6545	4.0
241	6782	5.0
314	38	2.0
314	127	4.0
314	180	5.0
314	190	4.0
314	194	2.0
314	221	3.0
314	297	1.0
314	316	3.0
314	386	4.0
314	537	2.0
314	601	4.0
314	605	5.0
314	624	3.0
314	653	3.0
314	789	1.0
314	817	5.0
314	821	4.0
314	832	5.0
314	979	1.0
314	980	1.0
314	1018	1.0
314	1059	1.0
314	1093	4.0
314	1274	5.0
314	1300	5.0
314	1311	3.0
314	1361	4.0
314	1432	4.0
314	1544	4.0
314	1559	2.0
314	1660	4.0
314	1732	3.0
314	1773	4.0
314	1834	3.0
314	1881	4.0
314	1885	3.0
314	1937	3.0
314	1962	3.0
314	1981	3.0
314	2032	3.0
314	2069	4.0
314	2274	5.0
314	2517	3.0
314	2531	5.0
314	2611	3.0
314	2751	1.0
314	2819	3.0
314	2845	4.0
314	2900	4.0
314	2907	5.0
314	2924	3.0
314	2926	3.0
314	2959	4.0
314	3014	2.0
314	3028	4.0
314	3077	4.0
314	3089	4.0
314	3108	3.0
314	3170	4.0
314	3197	3.0
314	3216	2.0
314	3241	4.0
314	3253	4.0
314	3268	4.0
314	3317	3.0
314	3432	4.0
314	3476	3.0
314	3520	5.0
314	3593	4.0
314	3626	4.0
314	3675	4.0
314	3689	3.0
314	3691	3.0
314	3724	2.0
314	3781	4.0
314	3783	3.0
314	3789	3.0
314	3828	4.0
314	3905	4.0
314	3931	3.0
314	3935	3.0
314	4110	3.0
314	4164	3.0
314	4168	3.0
314	4188	3.0
314	4189	3.0
314	4194	4.0
314	4230	4.0
314	4260	4.0
314	4309	4.0
314	4312	5.0
314	4317	3.0
314	4390	2.0
314	4495	4.0
314	4523	3.0
314	4575	3.0
314	4596	4.0
314	4639	3.0
314	4658	4.0
314	4665	5.0
314	4684	4.0
314	4726	3.0
314	4781	4.0
314	4868	4.0
314	4915	4.0
314	4928	3.0
314	4948	4.0
314	4951	4.0
314	4984	3.0
314	5014	4.0
314	5049	4.0
314	5230	3.0
314	5294	4.0
314	5311	3.0
314	5318	3.0
314	5323	5.0
314	5324	4.0
314	5416	4.0
314	5508	3.0
314	5590	4.0
314	5633	4.0
314	5666	4.0
314	5686	3.0
314	5698	4.0
314	5753	4.0
314	5791	4.0
314	5879	1.0
314	5910	4.0
314	6012	4.0
314	6036	3.0
314	6077	1.0
314	6095	4.0
314	6109	1.0
314	6154	4.0
314	6198	3.0
314	6203	2.0
314	6208	4.0
314	6397	5.0
314	6434	3.0
314	6483	4.0
314	6665	2.0
314	6720	4.0
314	6735	4.0
314	6794	5.0
314	6808	2.0
314	6877	2.0
314	6953	3.0
330	84	3.0
330	164	4.0
330	225	3.0
330	353	5.0
330	379	4.0
330	386	5.0
330	461	2.0
330	469	5.0
330	475	4.0
330	519	5.0
330	533	1.0
330	545	4.0
330	552	5.0
330	561	2.0
330	603	2.0
330	817	4.0
330	923	3.0
330	938	2.0
330	1059	3.0
330	1071	4.0
330	1114	5.0
330	1193	3.0
330	1361	4.0
330	1396	5.0
330	1534	2.0
330	1601	3.0
330	1608	4.0
330	1617	5.0
330	1633	3.0
330	1696	4.0
330	1999	2.0
330	2090	4.0
330	2104	4.0
330	2501	5.0
330	2509	3.0
330	2520	4.0
330	2522	4.0
330	2549	3.0
330	2609	5.0
330	2622	5.0
330	2684	5.0
330	2886	5.0
330	2889	5.0
330	2908	4.0
330	2938	3.0
330	3069	3.0
330	3192	3.0
330	3244	1.0
330	3269	4.0
330	3347	5.0
330	3371	5.0
330	3383	5.0
330	3386	5.0
330	3406	5.0
330	3409	5.0
330	3468	3.0
330	3513	5.0
330	3528	5.0
330	3592	4.0
330	3616	5.0
330	3618	4.0
330	3650	4.0
330	3775	3.0
330	3785	2.0
330	3871	3.0
330	3911	5.0
330	3977	5.0
330	4110	5.0
330	4117	4.0
330	4186	4.0
330	4339	2.0
330	4361	5.0
330	4388	3.0
330	4390	3.0
330	4398	5.0
330	4477	5.0
330	4511	5.0
330	4513	3.0
330	4527	4.0
330	4596	5.0
330	4638	5.0
330	4684	5.0
330	4726	2.0
330	4736	5.0
330	4754	3.0
330	4791	3.0
330	4831	4.0
330	4857	5.0
330	4927	4.0
330	4928	3.0
330	4934	4.0
330	5015	5.0
330	5072	3.0
330	5096	4.0
330	5145	4.0
330	5150	3.0
330	5193	1.0
330	5249	4.0
330	5251	5.0
330	5257	3.0
330	5283	3.0
330	5315	5.0
330	5344	5.0
330	5386	5.0
330	5407	5.0
330	5410	5.0
330	5538	5.0
330	5566	5.0
330	5592	3.0
330	5628	5.0
330	5633	5.0
330	5753	3.0
330	5856	5.0
330	5861	4.0
330	5881	5.0
330	5887	1.0
330	5939	4.0
330	5996	5.0
330	6010	5.0
330	6036	3.0
330	6287	3.0
330	6327	4.0
330	6390	3.0
330	6472	5.0
330	6479	3.0
330	6584	5.0
330	6693	2.0
351	30	5.0
351	31	4.0
351	72	3.0
351	223	5.0
351	294	4.0
351	310	5.0
351	387	4.0
351	404	4.0
351	509	4.0
351	568	4.0
351	602	5.0
351	604	4.0
351	606	4.0
351	646	5.0
351	680	4.0
351	682	4.0
351	789	4.0
351	790	3.0
351	861	4.0
351	921	3.0
351	1116	4.0
351	1151	5.0
351	1189	3.0
351	1256	4.0
351	1282	4.0
351	1441	4.0
351	1462	4.0
351	1699	5.0
351	1728	5.0
351	1740	4.0
351	1808	4.0
351	1813	4.0
351	1961	3.0
351	1983	5.0
351	1997	4.0
351	2072	3.0
351	2135	5.0
351	2186	4.0
351	2190	4.0
351	2199	3.0
351	2221	4.0
351	2240	4.0
351	2248	5.0
351	2282	2.0
351	2421	4.0
351	2431	4.0
351	2525	1.0
351	2583	3.0
351	2724	3.0
351	2787	3.0
351	2845	4.0
351	2958	4.0
351	2992	5.0
351	3010	4.0
351	3089	4.0
351	3255	4.0
351	3295	4.0
351	3371	5.0
351	3511	4.0
351	3545	4.0
351	3549	3.0
351	3593	4.0
351	3636	4.0
351	3641	4.0
351	3649	4.0
351	3690	3.0
351	3692	4.0
351	3695	4.0
351	3783	3.0
351	3852	3.0
351	3892	3.0
351	3931	4.0
351	4018	4.0
351	4236	4.0
351	4250	4.0
351	4388	4.0
351	4665	4.0
351	4927	5.0
351	4994	5.0
351	5046	3.0
351	5049	4.0
351	5178	4.0
351	5222	3.0
351	5417	3.0
351	5432	4.0
351	5473	4.0
351	5508	4.0
351	5605	4.0
351	5690	3.0
351	5762	4.0
351	5790	3.0
351	5802	5.0
351	5885	4.0
351	6066	4.0
351	6154	4.0
351	6219	2.0
351	6261	3.0
351	6286	2.0
351	6370	5.0
351	6659	4.0
351	6731	4.0
351	6797	4.0
356	96	4.0
356	124	1.0
356	141	5.0
356	272	3.0
356	421	1.0
356	469	2.0
356	479	5.0
356	561	2.0
356	680	5.0
356	711	3.0
356	827	4.0
356	936	2.0
356	1071	3.0
356	1200	3.0
356	1354	4.0
356	1534	2.0
356	1550	5.0
356	1951	2.0
356	1957	3.0
356	2069	5.0
356	2075	1.0
356	2132	2.0
356	2135	3.0
356	2221	4.0
356	2282	2.0
356	2384	4.0
356	2421	3.0
356	2458	3.0
356	2460	4.0
356	2461	4.0
356	2462	5.0
356	2628	4.0
356	2706	5.0
356	2739	4.0
356	2756	4.0
356	2939	3.0
356	3100	5.0
356	3109	2.0
356	3520	5.0
356	3564	4.0
356	3650	4.0
356	3687	4.0
356	3753	5.0
356	3911	5.0
356	3993	2.0
356	4180	3.0
356	4194	3.0
356	4236	4.0
356	4424	3.0
356	4456	5.0
356	4596	4.0
356	4635	5.0
356	5154	3.0
356	5479	3.0
356	5749	3.0
356	5928	2.0
356	6175	4.0
356	6208	4.0
356	6479	5.0
356	6571	4.0
356	6628	4.0
356	6687	4.0
356	6705	3.0
356	6875	4.0
356	6955	5.0
356	6969	4.0
377	133	5.0
377	223	4.0
377	479	4.0
377	821	5.0
377	964	3.0
377	1005	3.0
377	1177	4.0
377	1195	4.0
377	1734	4.0
377	1772	5.0
377	1853	5.0
377	1964	4.0
377	2160	5.0
377	2628	2.0
377	2630	4.0
377	2659	3.0
377	2970	4.0
377	3294	3.0
377	3617	4.0
377	3649	3.0
377	3688	4.0
377	3695	3.0
377	4113	4.0
377	4180	3.0
377	4230	4.0
377	4390	4.0
377	4477	4.0
377	4614	4.0
377	4635	3.0
377	4729	4.0
377	4852	3.0
377	4860	4.0
377	4894	4.0
377	5076	4.0
377	5578	3.0
377	5743	4.0
377	5753	4.0
377	5915	4.0
377	6327	4.0
377	6491	5.0
377	6513	3.0
407	76	2.0
407	194	2.0
407	220	5.0
407	272	3.0
407	312	3.0
407	403	3.0
407	537	2.0
407	629	3.0
407	699	4.0
407	782	5.0
407	832	4.0
407	936	3.0
407	1105	3.0
407	1323	3.0
407	1329	3.0
407	1419	3.0
407	1506	3.0
407	1563	3.0
407	1585	3.0
407	1728	5.0
407	1740	3.0
407	1767	5.0
407	1797	5.0
407	1813	3.0
407	1834	4.0
407	1860	3.0
407	1884	5.0
407	2017	3.0
407	2252	2.0
407	2350	3.0
407	2489	5.0
407	2564	3.0
407	2819	3.0
407	2839	4.0
407	2909	3.0
407	2971	4.0
407	3051	3.0
407	3357	4.0
407	3378	4.0
407	3412	5.0
407	3478	3.0
407	3513	3.0
407	3629	3.0
407	3630	3.0
407	3692	3.0
407	3707	5.0
407	3738	3.0
407	3779	5.0
407	3876	5.0
407	3897	3.0
407	3921	1.0
407	4171	4.0
407	4230	3.0
407	4330	1.0
407	4386	5.0
407	4438	4.0
407	4456	4.0
407	4462	3.0
407	4464	2.0
407	4491	2.0
407	4562	3.0
407	4607	3.0
407	4695	4.0
407	4729	3.0
407	4848	1.0
407	4852	3.0
407	5079	3.0
407	5100	3.0
407	5207	3.0
407	5228	4.0
407	5236	4.0
407	5453	5.0
407	5592	2.0
407	5621	4.0
407	5756	5.0
407	5789	3.0
407	5940	3.0
407	5987	4.0
407	6050	3.0
407	6082	4.0
407	6198	3.0
407	6210	3.0
407	6300	1.0
407	6512	3.0
407	6577	2.0
407	6632	4.0
407	6863	3.0
430	20	4.0
430	126	3.0
430	500	5.0
430	754	4.0
430	778	5.0
430	787	4.0
430	912	4.0
430	1005	5.0
430	1049	3.0
430	1226	4.0
430	1239	3.0
430	1300	3.0
430	1336	5.0
430	1506	4.0
430	1654	2.0
430	1782	3.0
430	1818	3.0
430	1844	4.0
430	1940	3.0
430	2038	5.0
430	2061	4.0
430	2077	5.0
430	2106	4.0
430	2132	4.0
430	2168	3.0
430	2299	5.0
430	2307	4.0
430	2312	2.0
430	2457	5.0
430	2782	5.0
430	2809	2.0
430	2827	5.0
430	2839	4.0
430	2862	1.0
430	3127	4.0
430	3145	5.0
430	3370	5.0
430	3378	3.0
430	3551	2.0
430	3552	4.0
430	3814	4.0
430	3852	5.0
430	3921	3.0
430	3942	5.0
430	4110	3.0
430	4117	3.0
430	4269	2.0
430	4338	5.0
430	4355	4.0
430	4356	4.0
430	4357	4.0
430	4367	3.0
430	4374	3.0
430	4390	3.0
430	4590	4.0
430	4611	4.0
430	4673	4.0
430	4781	5.0
430	4871	3.0
430	5032	2.0
430	5033	1.0
430	5042	5.0
430	5074	4.0
430	5140	3.0
430	5163	4.0
430	5218	4.0
430	5423	3.0
430	5454	4.0
430	5493	4.0
430	5536	4.0
430	5621	5.0
430	5662	3.0
430	5711	2.0
430	5908	5.0
430	5914	4.0
430	5983	5.0
430	6042	3.0
430	6113	3.0
430	6206	4.0
430	6288	4.0
430	6361	4.0
430	6461	3.0
430	6487	5.0
430	6507	5.0
430	6563	3.0
430	6573	4.0
430	6611	3.0
430	6677	5.0
430	6715	3.0
552	333	3.0
552	500	5.0
552	611	4.0
552	629	3.0
552	633	3.0
552	817	5.0
552	858	4.0
552	912	4.0
552	1131	4.0
552	1140	3.0
552	1149	3.0
552	1483	4.0
552	1534	2.0
552	1607	3.0
552	1674	3.0
552	1703	3.0
552	1813	3.0
552	1887	3.0
552	1951	3.0
552	2132	3.0
552	2188	3.0
552	2365	3.0
552	2531	4.0
552	2787	3.0
552	2846	4.0
552	3060	4.0
552	3086	5.0
552	3102	4.0
552	3144	4.0
552	3309	3.0
552	3363	3.0
552	3378	3.0
552	3422	4.0
552	3587	3.0
552	3777	5.0
552	4063	5.0
552	4352	3.0
552	4584	2.0
552	4645	3.0
552	4685	4.0
552	4808	3.0
552	4917	4.0
552	4927	5.0
552	5116	4.0
552	5165	3.0
552	5241	3.0
552	5322	4.0
552	5389	3.0
552	5394	4.0
552	5507	3.0
552	5562	3.0
552	5597	4.0
552	5609	3.0
552	5623	3.0
552	5665	4.0
552	5668	3.0
552	6133	3.0
552	6196	4.0
552	6253	4.0
552	6341	3.0
552	6396	3.0
552	6397	3.0
552	6469	3.0
552	6739	3.0
552	6815	3.0
577	61	4.0
577	62	4.0
577	469	3.0
577	474	3.0
577	502	3.0
577	537	3.0
577	562	3.0
577	629	3.0
577	808	5.0
577	818	4.0
577	827	4.0
577	851	4.0
577	912	5.0
577	1229	4.0
577	1282	5.0
577	1488	5.0
577	1501	5.0
577	1544	4.0
577	1608	4.0
577	1713	5.0
577	1813	3.0
577	1859	5.0
577	2104	4.0
577	2188	4.0
577	2282	3.0
577	2300	3.0
577	2302	5.0
577	2421	4.0
577	2461	4.0
577	2606	4.0
577	2676	4.0
577	2900	4.0
577	3052	5.0
577	3084	4.0
577	3115	4.0
577	3125	5.0
577	3192	5.0
577	3198	4.0
577	3307	4.0
577	3386	4.0
577	3423	4.0
577	3562	4.0
577	3564	4.0
577	3657	4.0
577	3677	4.0
577	3763	5.0
577	3803	3.0
577	4063	5.0
577	4135	4.0
577	4169	3.0
577	4187	5.0
577	4189	4.0
577	4206	5.0
577	4253	5.0
577	4390	4.0
577	4480	2.0
577	4644	4.0
577	4649	2.0
577	4781	4.0
577	4834	2.0
577	4900	5.0
577	4988	4.0
577	5049	4.0
577	5086	3.0
577	5282	5.0
577	5595	5.0
577	5719	3.0
577	5917	3.0
577	5964	4.0
577	6043	4.0
577	6136	5.0
577	6273	4.0
577	6327	5.0
577	6390	3.0
577	6416	3.0
577	6537	4.0
577	6577	4.0
577	6614	4.0
577	6656	4.0
577	6691	5.0
577	6955	5.0
627	39	4.0
627	174	5.0
627	217	4.0
627	219	4.0
627	279	4.0
627	304	4.0
627	342	4.0
627	402	5.0
627	415	4.0
627	416	5.0
627	424	3.0
627	479	4.0
627	500	3.0
627	609	4.0
627	614	4.0
627	649	5.0
627	722	4.0
627	747	4.0
627	749	4.0
627	770	4.0
627	824	4.0
627	1000	5.0
627	1064	4.0
627	1076	4.0
627	1175	4.0
627	1195	5.0
627	1263	4.0
627	1300	4.0
627	1347	4.0
627	1361	4.0
627	1488	4.0
627	1499	3.0
627	1534	2.0
627	1556	4.0
627	1672	4.0
627	1699	4.0
627	1734	5.0
627	1793	4.0
627	1813	4.0
627	1834	4.0
627	1881	3.0
627	1922	4.0
627	2033	4.0
627	2090	5.0
627	2092	5.0
627	2109	4.0
627	2133	4.0
627	2135	4.0
627	2236	3.0
627	2283	4.0
627	2323	2.0
627	2331	4.0
627	2339	3.0
627	2392	4.0
627	2460	3.0
627	2489	4.0
627	2756	3.0
627	2846	5.0
627	2957	3.0
627	2959	5.0
627	2992	4.0
627	3021	4.0
627	3022	5.0
627	3028	4.0
627	3065	4.0
627	3118	3.0
627	3270	4.0
627	3316	4.0
627	3319	5.0
627	3333	4.0
627	3345	3.0
627	3371	4.0
627	3397	5.0
627	3419	5.0
627	3472	3.0
627	3579	4.0
627	3607	5.0
627	3613	3.0
627	3725	4.0
627	3754	4.0
627	3782	4.0
627	3873	3.0
627	3911	4.0
627	4014	4.0
627	4139	4.0
627	4145	5.0
627	4186	4.0
627	4295	4.0
627	4306	4.0
627	4385	5.0
627	4404	4.0
627	4406	4.0
627	4446	4.0
627	4453	4.0
627	4581	5.0
627	4589	5.0
627	4632	4.0
627	4658	4.0
627	4767	4.0
627	4772	4.0
627	4889	4.0
627	4923	4.0
627	4924	3.0
627	4934	5.0
627	4965	4.0
627	5161	4.0
627	5194	3.0
627	5213	2.0
627	5256	4.0
627	5265	4.0
627	5507	4.0
627	5686	3.0
627	5845	4.0
627	5868	4.0
627	5945	4.0
627	5998	4.0
627	6010	4.0
627	6243	4.0
627	6253	5.0
627	6263	4.0
627	6272	4.0
627	6301	3.0
627	6370	4.0
627	6394	3.0
627	6457	4.0
627	6545	3.0
627	6577	5.0
627	6720	3.0
627	6765	4.0
627	6778	3.0
627	6787	5.0
627	6815	3.0
627	6851	5.0
627	6969	4.0
631	30	5.0
631	220	5.0
631	353	4.0
631	568	4.0
631	681	4.0
631	808	4.0
631	831	1.0
631	876	4.0
631	912	3.0
631	1140	4.0
631	1149	4.0
631	1233	3.0
631	1432	3.0
631	1587	3.0
631	1617	4.0
631	1625	3.0
631	1702	3.0
631	1749	3.0
631	1813	4.0
631	2242	4.0
631	2268	4.0
631	2335	3.0
631	2340	2.0
631	2606	1.0
631	2627	5.0
631	2739	4.0
631	2756	3.0
631	2774	2.0
631	3024	5.0
631	3060	5.0
631	3326	4.0
631	3650	5.0
631	3709	3.0
631	3991	4.0
631	4068	4.0
631	4180	3.0
631	4241	4.0
631	4307	5.0
631	4309	3.0
631	4484	4.0
631	4520	3.0
631	4644	5.0
631	4760	3.0
631	4926	4.0
631	4927	4.0
631	5047	4.0
631	5058	4.0
631	5124	4.0
631	5175	5.0
631	5193	1.0
631	5199	4.0
631	5226	4.0
631	5251	2.0
631	5271	3.0
631	5304	4.0
631	5410	4.0
631	5440	1.0
631	5623	4.0
631	5639	4.0
631	6030	5.0
631	6036	2.0
631	6300	1.0
631	6610	4.0
631	6729	3.0
631	6774	3.0
631	6813	1.0
631	6822	5.0
631	6878	3.0
631	6955	5.0
631	6956	4.0
681	105	5.0
681	371	5.0
681	409	3.0
681	511	5.0
681	605	5.0
681	653	4.0
681	752	1.0
681	766	5.0
681	782	3.0
681	789	5.0
681	797	3.0
681	980	2.0
681	994	5.0
681	1088	5.0
681	1204	3.0
681	1571	3.0
681	1572	3.0
681	1707	5.0
681	1713	3.0
681	1813	5.0
681	2135	5.0
681	2274	5.0
681	2351	5.0
681	2582	5.0
681	2606	4.0
681	2714	5.0
681	2931	5.0
681	2938	5.0
681	3026	5.0
681	3060	5.0
681	3479	3.0
681	3612	5.0
681	3955	5.0
681	4256	5.0
681	4319	5.0
681	4392	5.0
681	4477	3.0
681	4569	2.0
681	4706	3.0
681	4716	3.0
681	4852	5.0
681	4854	5.0
681	4879	5.0
681	5304	5.0
681	5326	3.0
681	5452	1.0
681	5623	3.0
681	5800	3.0
681	5943	3.0
681	6561	2.0
681	6695	4.0
681	6739	3.0
681	6922	3.0
692	304	4.0
692	828	3.0
692	861	4.0
692	1247	4.0
692	1354	4.0
692	1377	4.0
692	1608	3.0
692	1622	4.0
692	1782	4.0
692	1933	4.0
692	1953	2.0
692	1956	4.0
692	2028	4.0
692	2029	4.0
692	2119	4.0
692	2135	4.0
692	2320	4.0
692	2823	4.0
692	2937	4.0
692	2938	4.0
692	3026	4.0
692	3089	5.0
692	3147	2.0
692	3378	4.0
692	3564	5.0
692	4180	3.0
692	4240	5.0
692	4291	3.0
692	4555	4.0
692	4638	4.0
692	4706	4.0
692	4803	4.0
692	4927	5.0
692	4929	5.0
692	5297	3.0
692	5575	5.0
692	6295	4.0
692	6415	4.0
692	6695	4.0
692	6952	3.0
696	72	4.0
696	101	3.0
696	133	4.0
696	150	4.0
696	170	4.0
696	243	5.0
696	300	5.0
696	330	2.0
696	350	4.0
696	417	4.0
696	519	3.0
696	582	3.0
696	604	3.0
696	649	4.0
696	808	3.0
696	832	4.0
696	872	3.0
696	874	4.0
696	921	3.0
696	1019	5.0
696	1030	4.0
696	1037	4.0
696	1058	4.0
696	1072	3.0
696	1121	5.0
696	1125	3.0
696	1149	4.0
696	1263	4.0
696	1282	4.0
696	1432	4.0
696	1513	5.0
696	1520	3.0
696	1585	4.0
696	1588	3.0
696	1617	4.0
696	1647	4.0
696	1728	5.0
696	1802	3.0
696	1808	3.0
696	1818	4.0
696	1856	4.0
696	1903	4.0
696	1972	2.0
696	2002	4.0
696	2025	4.0
696	2093	1.0
696	2097	4.0
696	2110	3.0
696	2123	5.0
696	2139	4.0
696	2208	4.0
696	2242	3.0
696	2246	3.0
696	2320	3.0
696	2386	3.0
696	2421	5.0
696	2443	4.0
696	2489	4.0
696	2516	4.0
696	2564	4.0
696	2586	4.0
696	2605	3.0
696	2638	2.0
696	2758	3.0
696	2770	3.0
696	2824	4.0
696	2876	3.0
696	2910	4.0
696	2926	3.0
696	3052	3.0
696	3171	4.0
696	3214	4.0
696	3270	4.0
696	3366	2.0
696	3376	4.0
696	3427	3.0
696	3563	4.0
696	3612	3.0
696	3661	3.0
696	3662	3.0
696	3684	3.0
696	3690	3.0
696	3732	5.0
696	3738	3.0
696	3778	4.0
696	3787	3.0
696	3906	2.0
696	3914	4.0
696	3956	3.0
696	3993	2.0
696	3997	3.0
696	4001	3.0
696	4037	4.0
696	4053	5.0
696	4067	3.0
696	4112	4.0
696	4135	3.0
696	4161	4.0
696	4188	4.0
696	4206	5.0
696	4252	4.0
696	4304	4.0
696	4307	5.0
696	4315	4.0
696	4353	3.0
696	4381	3.0
696	4456	4.0
696	4522	3.0
696	4527	4.0
696	4540	4.0
696	4562	4.0
696	4628	3.0
696	4729	3.0
696	4742	3.0
696	4767	4.0
696	4774	5.0
696	4779	3.0
696	4840	3.0
696	4852	3.0
696	4875	5.0
696	4883	4.0
696	4926	4.0
696	4928	4.0
696	4993	3.0
696	5012	3.0
696	5044	2.0
696	5063	3.0
696	5124	4.0
696	5125	4.0
696	5151	4.0
696	5228	3.0
696	5294	5.0
696	5353	4.0
696	5401	4.0
696	5408	3.0
696	5413	5.0
696	5535	3.0
696	5543	4.0
696	5659	4.0
696	5753	4.0
696	5830	4.0
696	5889	4.0
696	5925	4.0
696	5942	4.0
696	5991	5.0
696	5993	4.0
696	6150	5.0
696	6178	3.0
696	6193	5.0
696	6247	5.0
696	6269	3.0
696	6366	3.0
696	6371	3.0
696	6401	4.0
696	6429	4.0
696	6449	5.0
696	6545	4.0
696	6558	3.0
696	6605	4.0
696	6606	3.0
696	6615	5.0
696	6625	4.0
696	6731	3.0
696	6772	3.0
696	6774	4.0
696	6777	4.0
696	6923	4.0
704	223	5.0
704	341	4.0
704	629	5.0
704	810	4.0
704	832	5.0
704	938	3.0
704	1513	5.0
704	1571	3.0
704	1642	4.0
704	1715	5.0
704	1760	4.0
704	1826	5.0
704	2075	3.0
704	2143	3.0
704	2283	3.0
704	2300	4.0
704	2384	5.0
704	2520	5.0
704	3026	5.0
704	3102	5.0
704	3141	2.0
704	3192	5.0
704	3378	3.0
704	3709	5.0
704	3777	5.0
704	3781	5.0
704	4206	4.0
704	4236	4.0
704	4324	3.0
704	4340	5.0
704	4469	5.0
704	4487	5.0
704	4527	5.0
704	4617	3.0
704	4860	4.0
704	5193	3.0
704	5213	3.0
704	5257	5.0
704	5261	4.0
704	5515	5.0
704	5545	5.0
704	5566	4.0
704	5646	4.0
704	5934	4.0
704	6538	3.0
744	126	4.0
744	161	5.0
744	233	3.0
744	322	4.0
744	601	5.0
744	681	5.0
744	696	4.0
744	729	3.0
744	785	5.0
744	821	4.0
744	938	3.0
744	1018	3.0
744	1105	3.0
744	1177	5.0
744	1204	3.0
744	1281	4.0
744	1300	5.0
744	1525	3.0
744	1586	3.0
744	1603	4.0
744	1622	2.0
744	1629	5.0
744	1713	4.0
744	1772	4.0
744	1793	4.0
744	1963	4.0
744	1991	4.0
744	2236	3.0
744	2241	4.0
744	2320	4.0
744	2351	4.0
744	2357	5.0
744	2512	4.0
744	2553	3.0
744	2698	5.0
744	2721	4.0
744	2829	3.0
744	2931	3.0
744	3020	4.0
744	3082	3.0
744	3099	5.0
744	3113	4.0
744	3248	3.0
744	3308	5.0
744	3362	4.0
744	3650	5.0
744	3662	5.0
744	3690	4.0
744	3785	3.0
744	3787	4.0
744	3849	3.0
744	3871	3.0
744	3881	2.0
744	3950	3.0
744	3964	3.0
744	4186	3.0
744	4390	5.0
744	4481	4.0
744	4483	4.0
744	4485	4.0
744	4673	3.0
744	4684	5.0
744	4706	3.0
744	4771	3.0
744	4852	3.0
744	4889	5.0
744	5258	5.0
744	5386	3.0
744	5417	4.0
744	5459	4.0
744	5582	5.0
744	5844	5.0
744	6055	4.0
744	6254	3.0
744	6366	3.0
744	6449	4.0
744	6483	4.0
744	6513	3.0
744	6543	5.0
744	6590	3.0
744	6672	4.0
744	6695	4.0
744	6700	4.0
744	6719	3.0
744	6884	4.0
744	6948	4.0
756	1	4.0
756	48	5.0
756	67	3.0
756	220	4.0
756	281	5.0
756	369	4.0
756	439	3.0
756	484	5.0
756	816	5.0
756	818	5.0
756	821	5.0
756	875	5.0
756	913	4.0
756	1072	4.0
756	1076	4.0
756	1079	5.0
756	1177	4.0
756	1180	3.0
756	1225	3.0
756	1469	3.0
756	1513	3.0
756	1544	5.0
756	1706	3.0
756	1740	5.0
756	1745	4.0
756	1768	4.0
756	1892	5.0
756	1923	2.0
756	2017	3.0
756	2029	5.0
756	2098	5.0
756	2135	3.0
756	2186	3.0
756	2269	3.0
756	2274	4.0
756	2311	2.0
756	2355	3.0
756	2359	3.0
756	2376	3.0
756	2438	2.0
756	2462	4.0
756	2499	2.0
756	2519	3.0
756	2565	3.0
756	2601	3.0
756	2618	4.0
756	2844	3.0
756	2901	4.0
756	3025	5.0
756	3026	5.0
756	3230	5.0
756	3303	4.0
756	3307	4.0
756	3309	5.0
756	3343	3.0
756	3440	4.0
756	3627	4.0
756	3630	3.0
756	3649	2.0
756	3653	3.0
756	3707	4.0
756	3751	5.0
756	3765	5.0
756	3772	5.0
756	3792	2.0
756	3990	3.0
756	4053	5.0
756	4111	5.0
756	4135	3.0
756	4151	4.0
756	4230	3.0
756	4289	3.0
756	4488	3.0
756	4530	3.0
756	4562	2.0
756	4586	3.0
756	4605	2.0
756	4612	3.0
756	4635	5.0
756	4658	4.0
756	4673	2.0
756	4743	5.0
756	4759	5.0
756	4804	3.0
756	4852	3.0
756	4879	3.0
756	5069	4.0
756	5100	5.0
756	5177	3.0
756	5191	4.0
756	5266	4.0
756	5294	5.0
756	5299	3.0
756	5343	3.0
756	5414	1.0
756	5606	5.0
756	5844	5.0
756	5936	4.0
756	5973	5.0
756	6018	3.0
756	6022	4.0
756	6103	5.0
756	6162	3.0
756	6168	1.0
756	6193	5.0
756	6200	3.0
756	6316	3.0
756	6334	3.0
756	6387	3.0
756	6421	3.0
756	6516	3.0
756	6555	3.0
756	6583	3.0
756	6606	4.0
756	6630	3.0
756	6679	4.0
756	6705	3.0
756	6728	3.0
756	6802	2.0
756	6885	3.0
756	6886	5.0
756	6930	2.0
756	6950	4.0
787	117	4.0
787	351	4.0
787	509	3.0
787	760	4.0
787	1030	4.0
787	1396	3.0
787	1506	3.0
787	1608	4.0
787	2031	4.0
787	2109	3.0
787	2132	4.0
787	2188	4.0
787	2384	4.0
787	2421	4.0
787	2431	3.0
787	2517	4.0
787	2657	4.0
787	3089	4.0
787	3213	4.0
787	3269	3.0
787	3310	2.0
787	3386	4.0
787	3400	4.0
787	3630	4.0
787	3649	3.0
787	3651	4.0
787	3692	3.0
787	3720	4.0
787	3831	4.0
787	3852	3.0
787	3876	4.0
787	4018	3.0
787	4087	3.0
787	4236	4.0
787	4309	3.0
787	4312	4.0
787	4852	3.0
787	4927	5.0
787	5172	3.0
787	5180	3.0
787	5231	4.0
787	5262	3.0
787	5423	3.0
787	5515	4.0
787	5575	4.0
787	5707	3.0
787	5736	4.0
787	5928	4.0
787	6082	3.0
787	6145	4.0
787	6545	3.0
795	1	3.0
795	54	4.0
795	150	3.0
795	166	4.0
795	174	5.0
795	258	3.0
795	282	3.0
795	302	3.0
795	324	4.0
795	340	3.0
795	399	3.0
795	521	4.0
795	531	5.0
795	539	3.0
795	542	4.0
795	628	4.0
795	669	3.0
795	683	3.0
795	747	4.0
795	816	2.0
795	856	4.0
795	874	3.0
795	919	5.0
795	1010	4.0
795	1026	4.0
795	1035	4.0
795	1042	3.0
795	1079	3.0
795	1093	4.0
795	1137	3.0
795	1196	2.0
795	1204	4.0
795	1224	4.0
795	1272	3.0
795	1298	3.0
795	1300	4.0
795	1301	3.0
795	1334	4.0
795	1388	3.0
795	1456	2.0
795	1504	4.0
795	1608	4.0
795	1617	4.0
795	1634	3.0
795	1643	5.0
795	1707	4.0
795	1727	3.0
795	1738	3.0
795	1772	4.0
795	1774	4.0
795	1799	4.0
795	1813	4.0
795	1874	3.0
795	1876	5.0
795	1925	4.0
795	2029	3.0
795	2102	4.0
795	2173	4.0
795	2177	1.0
795	2188	2.0
795	2204	3.0
795	2242	4.0
795	2294	4.0
795	2298	4.0
795	2371	4.0
795	2382	3.0
795	2384	3.0
795	2385	4.0
795	2509	4.0
795	2522	3.0
795	2549	4.0
795	2579	3.0
795	2611	3.0
795	2725	4.0
795	2792	4.0
795	2798	4.0
795	2900	3.0
795	2960	2.0
795	2975	3.0
795	2999	3.0
795	3067	5.0
795	3176	2.0
795	3309	5.0
795	3336	3.0
795	3436	5.0
795	3468	4.0
795	3501	3.0
795	3521	4.0
795	3564	4.0
795	3645	4.0
795	3717	4.0
795	3931	4.0
795	3953	3.0
795	3954	3.0
795	3994	3.0
795	4008	4.0
795	4032	4.0
795	4040	3.0
795	4042	4.0
795	4180	2.0
795	4269	4.0
795	4316	4.0
795	4344	4.0
795	4403	4.0
795	4507	3.0
795	4517	3.0
795	4541	4.0
795	4562	4.0
795	4600	4.0
795	4673	2.0
795	4789	2.0
795	4877	4.0
795	4920	4.0
795	4934	5.0
795	5053	5.0
795	5098	4.0
795	5100	3.0
795	5187	3.0
795	5191	4.0
795	5251	4.0
795	5261	2.0
795	5262	3.0
795	5293	4.0
795	5385	4.0
795	5407	4.0
795	5448	4.0
795	5469	3.0
795	5476	5.0
795	5508	3.0
795	5566	4.0
795	5582	3.0
795	5603	3.0
795	5638	2.0
795	5718	4.0
795	5761	4.0
795	5782	4.0
795	5820	5.0
795	5943	4.0
795	5953	3.0
795	6051	4.0
795	6059	3.0
795	6097	3.0
795	6229	4.0
795	6232	4.0
795	6485	4.0
795	6513	3.0
795	6529	4.0
795	6578	4.0
795	6625	4.0
795	6653	4.0
795	6669	5.0
795	6705	2.0
795	6726	4.0
795	6748	3.0
795	6774	3.0
795	6875	4.0
795	6882	4.0
795	6903	3.0
828	289	4.0
828	348	5.0
828	509	5.0
828	524	4.0
828	681	5.0
828	729	3.0
828	884	3.0
828	1033	4.0
828	1056	4.0
828	1105	3.0
828	1148	4.0
828	1177	4.0
828	1195	5.0
828	1469	3.0
828	1565	4.0
828	1622	3.0
828	1654	4.0
828	1743	5.0
828	1881	4.0
828	2017	5.0
828	2166	3.0
828	2196	3.0
828	2208	5.0
828	2310	3.0
828	2320	4.0
828	2324	4.0
828	2350	5.0
828	2458	4.0
828	2528	4.0
828	2576	5.0
828	2739	5.0
828	2789	4.0
828	2798	4.0
828	2824	4.0
828	2846	5.0
828	2855	5.0
828	2886	2.0
828	2893	4.0
828	2938	4.0
828	2971	5.0
828	3028	4.0
828	3045	4.0
828	3089	4.0
828	3192	4.0
828	3296	3.0
828	3440	3.0
828	3458	5.0
828	3502	4.0
828	3630	4.0
828	3649	5.0
828	3728	2.0
828	3754	5.0
828	3779	5.0
828	3785	4.0
828	3794	4.0
828	3993	4.0
828	4110	4.0
828	4178	3.0
828	4271	4.0
828	4488	4.0
828	4517	4.0
828	4596	4.0
828	4617	3.0
828	4635	4.0
828	4728	2.0
828	4743	4.0
828	4771	4.0
828	4793	3.0
828	4795	3.0
828	4860	5.0
828	4928	4.0
828	4951	4.0
828	5154	4.0
828	5191	4.0
828	5213	4.0
828	5236	3.0
828	5252	4.0
828	5274	5.0
828	5367	3.0
828	5423	4.0
828	5507	4.0
828	5572	5.0
828	5592	3.0
828	5991	5.0
828	6109	5.0
828	6188	3.0
828	6199	3.0
828	6205	4.0
828	6387	4.0
828	6397	4.0
828	6405	4.0
828	6409	4.0
828	6449	4.0
828	6476	5.0
828	6491	4.0
828	6649	5.0
828	6661	4.0
828	6682	5.0
828	6799	4.0
828	6852	5.0
828	6864	4.0
836	223	5.0
836	280	3.0
836	350	5.0
836	601	3.0
836	625	5.0
836	646	5.0
836	680	4.0
836	757	4.0
836	833	5.0
836	1099	4.0
836	1175	5.0
836	1813	4.0
836	1957	4.0
836	2357	4.0
836	2384	4.0
836	2444	5.0
836	2834	3.0
836	2882	4.0
836	2889	3.0
836	3024	5.0
836	3269	3.0
836	3294	3.0
836	3341	5.0
836	3357	4.0
836	3538	5.0
836	3739	4.0
836	3746	4.0
836	3965	4.0
836	3970	3.0
836	4102	3.0
836	4312	4.0
836	4452	4.0
836	4488	4.0
836	4868	4.0
836	4927	5.0
836	5134	5.0
836	5269	4.0
836	5278	4.0
836	5317	4.0
836	5328	4.0
836	5347	3.0
836	5410	5.0
836	5918	4.0
836	6061	3.0
836	6656	4.0
836	6691	4.0
836	6952	4.0
910	158	4.0
910	176	3.0
910	211	4.0
910	221	5.0
910	223	5.0
910	243	4.0
910	322	4.0
910	324	4.0
910	438	4.0
910	535	4.0
910	557	4.0
910	596	5.0
910	614	4.0
910	626	4.0
910	710	4.0
910	729	4.0
910	816	5.0
910	817	5.0
910	832	5.0
910	873	4.0
910	891	5.0
910	913	3.0
910	964	5.0
910	972	3.0
910	998	4.0
910	1030	4.0
910	1101	4.0
910	1134	2.0
910	1149	4.0
910	1180	5.0
910	1196	4.0
910	1200	4.0
910	1434	4.0
910	1513	3.0
910	1571	3.0
910	1639	5.0
910	1654	4.0
910	1707	3.0
910	1728	4.0
910	1734	5.0
910	1746	5.0
910	1753	3.0
910	1760	5.0
910	1818	3.0
910	1825	4.0
910	1900	3.0
910	2011	4.0
910	2025	4.0
910	2097	4.0
910	2098	5.0
910	2139	5.0
910	2168	4.0
910	2188	3.0
910	2230	3.0
910	2262	5.0
910	2501	4.0
910	2514	5.0
910	2515	4.0
910	2582	3.0
910	2585	4.0
910	2609	3.0
910	2710	4.0
910	2721	5.0
910	2746	5.0
910	2801	2.0
910	2806	3.0
910	2869	4.0
910	2900	4.0
910	2937	3.0
910	3024	5.0
910	3025	5.0
910	3028	5.0
910	3045	3.0
910	3089	4.0
910	3103	4.0
910	3124	3.0
910	3238	3.0
910	3307	5.0
910	3366	3.0
910	3513	3.0
910	3517	5.0
910	3707	3.0
910	3751	4.0
910	3780	4.0
910	3821	4.0
910	3907	4.0
910	3970	3.0
910	3997	3.0
910	4006	5.0
910	4025	4.0
910	4101	5.0
910	4120	4.0
910	4159	3.0
910	4163	5.0
910	4295	5.0
910	4303	4.0
910	4304	5.0
910	4312	4.0
910	4523	4.0
910	4538	4.0
910	4547	5.0
910	4555	3.0
910	4578	4.0
910	4599	4.0
910	4600	4.0
910	4760	3.0
910	4911	5.0
910	4953	4.0
910	4963	2.0
910	4980	2.0
910	5037	5.0
910	5038	4.0
910	5057	5.0
910	5124	5.0
910	5154	4.0
910	5174	5.0
910	5178	5.0
910	5218	3.0
910	5258	5.0
910	5503	3.0
910	5518	5.0
910	5662	3.0
910	5719	3.0
910	5791	4.0
910	5836	4.0
910	5928	3.0
910	5991	5.0
910	6052	4.0
910	6105	3.0
910	6115	5.0
910	6200	3.0
910	6242	3.0
910	6572	4.0
910	6683	4.0
910	6705	3.0
910	6772	3.0
910	6815	4.0
910	6821	4.0
910	6906	5.0
910	6935	4.0
910	6948	5.0
910	6957	5.0
910	6960	5.0
937	5	4.0
937	96	4.0
937	161	5.0
937	268	3.0
937	346	4.0
937	475	4.0
937	500	4.0
937	502	4.0
937	605	4.0
937	606	4.0
937	684	4.0
937	793	5.0
937	817	5.0
937	832	4.0
937	833	5.0
937	1125	4.0
937	1149	4.0
937	1181	4.0
937	1186	5.0
937	1257	4.0
937	1301	4.0
937	1539	5.0
937	1624	5.0
937	1628	4.0
937	1668	4.0
937	1686	4.0
937	1743	4.0
937	1760	3.0
937	1951	4.0
937	1964	5.0
937	2017	3.0
937	2027	5.0
937	2132	4.0
937	2153	5.0
937	2274	4.0
937	2283	4.0
937	2521	4.0
937	2721	4.0
937	2739	5.0
937	2780	4.0
937	2786	4.0
937	2846	5.0
937	2855	4.0
937	2938	3.0
937	2946	3.0
937	2958	4.0
937	3028	5.0
937	3060	4.0
937	3082	4.0
937	3326	4.0
937	3471	5.0
937	3520	5.0
937	3650	4.0
937	3690	3.0
937	3785	3.0
937	3791	4.0
937	3856	3.0
937	3873	4.0
937	3978	3.0
937	4072	5.0
937	4260	4.0
937	4271	4.0
937	4333	3.0
937	4386	4.0
937	4592	4.0
937	4596	4.0
937	4695	4.0
937	4791	4.0
937	4908	5.0
937	4927	4.0
937	5124	5.0
937	5133	5.0
937	5251	4.0
937	5265	5.0
937	5274	5.0
937	5287	5.0
937	5317	4.0
937	5685	3.0
937	5697	4.0
937	5764	5.0
937	5942	5.0
937	6029	5.0
937	6208	5.0
937	6342	5.0
937	6449	5.0
937	6491	5.0
937	6685	4.0
937	6903	5.0
937	6952	4.0
937	6963	5.0
940	25	3.0
940	30	3.0
940	45	2.0
940	137	5.0
940	164	2.0
940	170	4.0
940	173	4.0
940	272	3.0
940	293	3.0
940	387	1.0
940	413	2.0
940	422	2.0
940	459	2.0
940	487	4.0
940	514	4.0
940	519	3.0
940	529	4.0
940	537	3.0
940	557	4.0
940	601	5.0
940	683	3.0
940	711	5.0
940	716	3.0
940	770	3.0
940	884	4.0
940	913	4.0
940	919	4.0
940	921	2.0
940	938	2.0
940	993	3.0
940	1078	3.0
940	1116	4.0
940	1294	4.0
940	1328	1.0
940	1377	3.0
940	1482	3.0
940	1484	4.0
940	1503	3.0
940	1506	3.0
940	1560	3.0
940	1766	4.0
940	1995	4.0
940	2028	2.0
940	2135	4.0
940	2192	3.0
940	2262	4.0
940	2269	4.0
940	2315	4.0
940	2392	5.0
940	2427	3.0
940	2470	3.0
940	2501	5.0
940	2599	5.0
940	2601	4.0
940	2603	2.0
940	2605	3.0
940	2606	4.0
940	2678	1.0
940	2734	5.0
940	2787	4.0
940	2815	4.0
940	2866	3.0
940	2938	4.0
940	2992	3.0
940	3001	3.0
940	3019	3.0
940	3088	4.0
940	3150	4.0
940	3152	4.0
940	3427	1.0
940	3430	4.0
940	3464	5.0
940	3558	3.0
940	3597	3.0
940	3637	3.0
940	3715	4.0
940	3778	4.0
940	3789	3.0
940	3818	4.0
940	3930	3.0
940	4031	3.0
940	4110	4.0
940	4153	1.0
940	4226	4.0
940	4379	4.0
940	4460	4.0
940	4522	3.0
940	4647	3.0
940	4664	3.0
940	4665	4.0
940	4679	3.0
940	4687	4.0
940	4706	3.0
940	4733	1.0
940	4779	4.0
940	4883	3.0
940	4899	4.0
940	4928	4.0
940	4980	1.0
940	5057	4.0
940	5065	4.0
940	5344	3.0
940	5353	5.0
940	5424	2.0
940	5454	2.0
940	5501	1.0
940	5508	4.0
940	5521	3.0
940	5588	3.0
940	5622	3.0
940	5679	3.0
940	5758	3.0
940	5782	4.0
940	5800	3.0
940	5805	3.0
940	5848	4.0
940	5888	2.0
940	5928	4.0
940	5934	2.0
940	5939	4.0
940	6042	4.0
940	6174	3.0
940	6283	5.0
940	6286	2.0
940	6308	2.0
940	6340	2.0
940	6362	3.0
940	6394	3.0
940	6408	4.0
940	6410	5.0
940	6774	5.0
940	6794	3.0
940	6904	3.0
940	6951	5.0
972	21	3.0
972	75	3.0
972	223	4.0
972	240	3.0
972	243	4.0
972	280	3.0
972	338	2.0
972	371	4.0
972	500	4.0
972	596	4.0
972	618	4.0
972	653	5.0
972	682	4.0
972	749	4.0
972	827	4.0
972	913	4.0
972	1125	3.0
972	1307	4.0
972	1348	4.0
972	1396	4.0
972	1513	4.0
972	1627	3.0
972	1651	3.0
972	1772	3.0
972	1776	4.0
972	1871	2.0
972	2392	4.0
972	2460	5.0
972	2520	3.0
972	2858	5.0
972	3022	4.0
972	3188	4.0
972	3301	4.0
972	3726	4.0
972	3754	3.0
972	3781	4.0
972	3825	4.0
972	3842	3.0
972	3852	3.0
972	3911	3.0
972	3912	4.0
972	4042	4.0
972	4171	4.0
972	4392	3.0
972	4460	4.0
972	4478	3.0
972	4487	3.0
972	4562	4.0
972	4620	4.0
972	4635	5.0
972	4860	3.0
972	4924	4.0
972	5057	5.0
972	5490	3.0
972	5511	3.0
972	5898	3.0
972	5928	3.0
972	6110	5.0
972	6201	3.0
972	6203	2.0
972	6332	3.0
972	6355	4.0
972	6454	4.0
972	6563	2.0
972	6653	3.0
972	6679	4.0
972	6691	4.0
972	6927	3.0
972	6953	5.0
1013	38	2.0
1013	170	5.0
1013	194	4.0
1013	221	5.0
1013	223	5.0
1013	280	2.0
1013	369	4.0
1013	420	4.0
1013	605	5.0
1013	912	3.0
1013	913	3.0
1013	961	3.0
1013	1116	4.0
1013	1175	4.0
1013	1311	4.0
1013	1342	4.0
1013	1834	5.0
1013	1951	4.0
1013	1967	5.0
1013	2017	5.0
1013	2199	3.0
1013	2336	4.0
1013	2431	3.0
1013	2529	4.0
1013	2544	5.0
1013	2778	3.0
1013	2839	5.0
1013	2938	4.0
1013	2973	5.0
1013	2995	2.0
1013	3022	4.0
1013	3026	5.0
1013	3066	3.0
1013	3192	3.0
1013	3517	4.0
1013	3680	4.0
1013	3690	4.0
1013	3856	5.0
1013	3910	5.0
1013	4097	5.0
1013	4112	5.0
1013	4135	3.0
1013	4180	3.0
1013	4348	5.0
1013	4524	4.0
1013	4562	4.0
1013	4684	5.0
1013	4729	5.0
1013	4857	3.0
1013	4875	3.0
1013	5258	3.0
1013	5432	4.0
1013	5476	5.0
1013	5646	5.0
1013	6040	3.0
1013	6196	4.0
1013	6214	3.0
1013	6221	5.0
1013	6355	5.0
1013	6396	4.0
1013	6476	5.0
1013	6536	5.0
1013	6642	4.0
1013	6695	4.0
1013	6700	3.0
1013	6778	5.0
1013	6869	2.0
1021	1	3.0
1021	194	3.0
1021	296	3.0
1021	483	2.0
1021	513	3.0
1021	549	3.0
1021	590	3.0
1021	613	4.0
1021	772	5.0
1021	804	3.0
1021	817	4.0
1021	818	4.0
1021	840	4.0
1021	921	3.0
1021	1297	3.0
1021	1377	4.0
1021	1396	2.0
1021	1441	4.0
1021	1493	3.0
1021	1531	4.0
1021	1608	3.0
1021	1642	3.0
1021	1780	4.0
1021	1962	3.0
1021	2015	3.0
1021	2017	4.0
1021	2874	3.0
1021	3045	3.0
1021	3269	3.0
1021	3623	3.0
1021	3650	4.0
1021	3690	3.0
1021	3778	4.0
1021	3906	3.0
1021	3946	4.0
1021	3977	4.0
1021	4025	4.0
1021	4034	3.0
1021	4063	4.0
1021	4146	4.0
1021	4296	4.0
1021	4469	3.0
1021	4523	4.0
1021	4592	4.0
1021	4594	4.0
1021	4703	4.0
1021	5049	3.0
1021	5058	3.0
1021	5077	3.0
1021	5236	4.0
1021	5334	4.0
1021	5386	4.0
1021	5472	3.0
1021	5534	3.0
1021	5582	3.0
1021	5730	5.0
1021	5789	3.0
1021	5792	3.0
1021	5849	3.0
1021	5879	3.0
1021	5987	5.0
1021	6052	4.0
1021	6171	3.0
1021	6182	3.0
1021	6196	3.0
1021	6199	3.0
1021	6208	4.0
1021	6408	5.0
1021	6486	3.0
1021	6878	3.0
1021	6931	3.0
1061	5	4.0
1061	29	4.0
1061	76	4.0
1061	99	3.0
1061	107	3.0
1061	165	3.0
1061	188	5.0
1061	256	3.0
1061	519	4.0
1061	809	3.0
1061	828	3.0
1061	947	2.0
1061	977	3.0
1061	1065	3.0
1061	1221	5.0
1061	1249	4.0
1061	1272	4.0
1061	1364	4.0
1061	1466	4.0
1061	1762	5.0
1061	1808	4.0
1061	1888	4.0
1061	1963	3.0
1061	1999	3.0
1061	2003	4.0
1061	2037	3.0
1061	2139	5.0
1061	2160	3.0
1061	2168	3.0
1061	2178	3.0
1061	2414	3.0
1061	2496	4.0
1061	2499	4.0
1061	2545	3.0
1061	2637	4.0
1061	2677	4.0
1061	2761	4.0
1061	2768	3.0
1061	2842	4.0
1061	2937	3.0
1061	2938	4.0
1061	2965	4.0
1061	3028	5.0
1061	3196	3.0
1061	3406	3.0
1061	3513	4.0
1061	3518	3.0
1061	3538	4.0
1061	3568	3.0
1061	3618	3.0
1061	3728	3.0
1061	3760	3.0
1061	3911	3.0
1061	3921	4.0
1061	3989	4.0
1061	4053	4.0
1061	4205	4.0
1061	4248	4.0
1061	4253	5.0
1061	4323	4.0
1061	4415	4.0
1061	4424	5.0
1061	4553	3.0
1061	4568	4.0
1061	4606	4.0
1061	4617	4.0
1061	4635	4.0
1061	4706	3.0
1061	4727	3.0
1061	4741	3.0
1061	4749	3.0
1061	4927	5.0
1061	4932	4.0
1061	5028	3.0
1061	5100	3.0
1061	5218	3.0
1061	5297	4.0
1061	5410	5.0
1061	5434	4.0
1061	5468	5.0
1061	5506	3.0
1061	5507	5.0
1061	5559	4.0
1061	5575	5.0
1061	5602	4.0
1061	5610	3.0
1061	5652	4.0
1061	5937	3.0
1061	6056	4.0
1061	6059	4.0
1061	6071	4.0
1061	6125	3.0
1061	6126	4.0
1061	6173	3.0
1061	6208	5.0
1061	6255	4.0
1061	6300	1.0
1061	6377	3.0
1061	6519	3.0
1061	6536	4.0
1061	6546	3.0
1061	6689	4.0
1061	6726	4.0
1061	6789	4.0
1061	6862	3.0
1073	133	5.0
1073	148	4.0
1073	233	3.0
1073	296	4.0
1073	333	3.0
1073	448	4.0
1073	466	3.0
1073	500	4.0
1073	528	3.0
1073	532	4.0
1073	653	4.0
1073	749	4.0
1073	799	5.0
1073	816	3.0
1073	861	2.0
1073	913	4.0
1073	1076	4.0
1073	1162	4.0
1073	1175	4.0
1073	1227	4.0
1073	1316	5.0
1073	1462	4.0
1073	1565	3.0
1073	1656	4.0
1073	1813	5.0
1073	1847	4.0
1073	1881	3.0
1073	2167	4.0
1073	2234	4.0
1073	2240	4.0
1073	2262	5.0
1073	2314	3.0
1073	2351	3.0
1073	2496	4.0
1073	2549	5.0
1073	2787	4.0
1073	2906	4.0
1073	2938	4.0
1073	3019	3.0
1073	3052	5.0
1073	3085	4.0
1073	3088	4.0
1073	3089	4.0
1073	3317	4.0
1073	3443	5.0
1073	3858	5.0
1073	3873	5.0
1073	3900	4.0
1073	3964	2.0
1073	4003	4.0
1073	4053	3.0
1073	4236	4.0
1073	4325	2.0
1073	4453	4.0
1073	4527	4.0
1073	4540	4.0
1073	4635	5.0
1073	4706	3.0
1073	4922	4.0
1073	4932	4.0
1073	5047	3.0
1073	5058	3.0
1073	5082	4.0
1073	5124	4.0
1073	5214	3.0
1073	5257	4.0
1073	5323	4.0
1073	5375	4.0
1073	5384	4.0
1073	5581	4.0
1073	5582	4.0
1073	5664	3.0
1073	5665	4.0
1073	5732	4.0
1073	5753	4.0
1073	5782	3.0
1073	5792	4.0
1073	5910	4.0
1073	5946	3.0
1073	5958	4.0
1073	6013	4.0
1073	6099	3.0
1073	6210	3.0
1073	6219	3.0
1073	6310	4.0
1073	6396	3.0
1073	6402	4.0
1073	6469	5.0
1073	6491	5.0
1073	6578	4.0
1076	54	5.0
1076	87	5.0
1076	117	4.0
1076	133	4.0
1076	296	3.0
1076	322	4.0
1076	369	4.0
1076	372	3.0
1076	595	3.0
1076	602	3.0
1076	650	2.0
1076	729	3.0
1076	857	5.0
1076	858	3.0
1076	934	2.0
1076	1226	4.0
1076	1294	3.0
1076	1355	3.0
1076	1421	4.0
1076	1472	4.0
1076	1579	4.0
1076	1727	3.0
1076	1772	3.0
1076	1808	3.0
1076	1818	4.0
1076	1840	5.0
1076	1850	4.0
1076	1910	3.0
1076	1941	4.0
1076	2025	5.0
1076	2115	4.0
1076	2246	4.0
1076	2351	4.0
1076	2461	5.0
1076	2489	4.0
1076	2498	5.0
1076	2626	3.0
1076	2683	3.0
1076	2848	4.0
1076	2858	3.0
1076	2907	4.0
1076	2957	3.0
1076	2972	3.0
1076	3026	4.0
1076	3099	5.0
1076	3104	3.0
1076	3263	5.0
1076	3269	5.0
1076	3371	3.0
1076	3423	3.0
1076	3528	5.0
1076	3564	4.0
1076	3679	4.0
1076	3794	5.0
1076	4042	3.0
1076	4138	3.0
1076	4140	3.0
1076	4324	3.0
1076	4453	5.0
1076	4527	5.0
1076	4555	3.0
1076	4592	3.0
1076	4593	3.0
1076	4673	3.0
1076	4709	1.0
1076	4982	3.0
1076	5012	4.0
1076	5142	4.0
1076	5203	3.0
1076	5259	4.0
1076	5299	4.0
1076	5301	3.0
1076	5344	4.0
1076	5367	3.0
1076	5665	4.0
1076	5707	3.0
1076	5719	4.0
1076	5910	3.0
1076	5965	4.0
1076	6029	3.0
1076	6075	5.0
1076	6115	4.0
1076	6122	3.0
1076	6143	4.0
1076	6190	5.0
1076	6198	3.0
1076	6310	3.0
1076	6439	3.0
1076	6615	5.0
1076	6675	3.0
1076	6727	4.0
1118	73	4.0
1118	117	4.0
1118	166	4.0
1118	173	4.0
1118	217	5.0
1118	223	5.0
1118	353	5.0
1118	380	4.0
1118	386	5.0
1118	421	5.0
1118	605	5.0
1118	709	3.0
1118	790	5.0
1118	799	3.0
1118	958	4.0
1118	1001	3.0
1118	1018	2.0
1118	1033	4.0
1118	1171	3.0
1118	1350	4.0
1118	1384	5.0
1118	1440	5.0
1118	1503	3.0
1118	1591	2.0
1118	1654	3.0
1118	1712	4.0
1118	1772	4.0
1118	1799	4.0
1118	1840	5.0
1118	1850	3.0
1118	1854	5.0
1118	1956	4.0
1118	2015	3.0
1118	2159	2.0
1118	2211	3.0
1118	2242	5.0
1118	2283	3.0
1118	2307	3.0
1118	2371	4.0
1118	2443	3.0
1118	2627	5.0
1118	2628	3.0
1118	2782	4.0
1118	2801	5.0
1118	2846	5.0
1118	2858	5.0
1118	2874	4.0
1118	3025	5.0
1118	3053	4.0
1118	3056	3.0
1118	3087	5.0
1118	3129	4.0
1118	3307	5.0
1118	3309	4.0
1118	3410	3.0
1118	3418	5.0
1118	3419	4.0
1118	3432	5.0
1118	3494	4.0
1118	3527	3.0
1118	3580	4.0
1118	3856	4.0
1118	4037	5.0
1118	4090	5.0
1118	4117	4.0
1118	4169	5.0
1118	4171	5.0
1118	4173	3.0
1118	4236	4.0
1118	4307	4.0
1118	4340	5.0
1118	4390	3.0
1118	4462	3.0
1118	4464	3.0
1118	4644	5.0
1118	4726	3.0
1118	4879	5.0
1118	5304	4.0
1118	5311	4.0
1118	5417	3.0
1118	5515	4.0
1118	5534	3.0
1118	5572	5.0
1118	5578	4.0
1118	5582	5.0
1118	5644	4.0
1118	5696	2.0
1118	5719	2.0
1118	5743	5.0
1118	5966	1.0
1118	6094	5.0
1118	6193	5.0
1118	6275	4.0
1118	6539	4.0
1118	6578	3.0
1118	6762	4.0
1118	6778	5.0
1118	6953	4.0
1118	6963	5.0
1153	65	5.0
1153	170	4.0
1153	185	2.0
1153	217	4.0
1153	226	5.0
1153	339	4.0
1153	681	4.0
1153	821	5.0
1153	908	3.0
1153	929	4.0
1153	1058	4.0
1153	1071	4.0
1153	1074	5.0
1153	1077	4.0
1153	1108	4.0
1153	1171	3.0
1153	1195	5.0
1153	1255	4.0
1153	1301	4.0
1153	1361	4.0
1153	1580	4.0
1153	1615	4.0
1153	1653	4.0
1153	1654	3.0
1153	1699	4.0
1153	1736	3.0
1153	1772	5.0
1153	1843	4.0
1153	1875	5.0
1153	1962	3.0
1153	1963	4.0
1153	2011	4.0
1153	2029	4.0
1153	2075	2.0
1153	2109	4.0
1153	2173	4.0
1153	2283	3.0
1153	2339	3.0
1153	2351	3.0
1153	2384	4.0
1153	2462	5.0
1153	2509	3.0
1153	2551	4.0
1153	2591	4.0
1153	2606	4.0
1153	2653	3.0
1153	2686	4.0
1153	2699	4.0
1153	2739	5.0
1153	2843	3.0
1153	2887	4.0
1153	2924	3.0
1153	2991	3.0
1153	3023	5.0
1153	3062	5.0
1153	3102	4.0
1153	3133	3.0
1153	3202	4.0
1153	3378	4.0
1153	3423	5.0
1153	3431	5.0
1153	3563	4.0
1153	3594	3.0
1153	3754	4.0
1153	3781	5.0
1153	3783	4.0
1153	3891	5.0
1153	3911	5.0
1153	3921	3.0
1153	3965	3.0
1153	4072	4.0
1153	4112	3.0
1153	4138	3.0
1153	4206	5.0
1153	4296	5.0
1153	4307	5.0
1153	4312	4.0
1153	4339	3.0
1153	4390	3.0
1153	4392	4.0
1153	4393	4.0
1153	4417	5.0
1153	4477	5.0
1153	4483	3.0
1153	4511	4.0
1153	4562	4.0
1153	4596	3.0
1153	4791	4.0
1153	4924	3.0
1153	4983	4.0
1153	5015	4.0
1153	5018	5.0
1153	5154	3.0
1153	5195	3.0
1153	5236	4.0
1153	5255	5.0
1153	5262	3.0
1153	5350	5.0
1153	5387	4.0
1153	5407	4.0
1153	5578	4.0
1153	5646	3.0
1153	5684	2.0
1153	5686	3.0
1153	5784	5.0
1153	5789	3.0
1153	5888	3.0
1153	5943	4.0
1153	6059	3.0
1153	6105	4.0
1153	6169	4.0
1153	6281	4.0
1153	6449	4.0
1153	6679	3.0
1153	6705	4.0
1153	6923	4.0
1153	6927	4.0
1154	94	4.0
1154	351	4.0
1154	372	4.0
1154	504	3.0
1154	509	4.0
1154	535	3.0
1154	601	4.0
1154	605	4.0
1154	649	4.0
1154	729	4.0
1154	777	3.0
1154	816	4.0
1154	827	4.0
1154	919	5.0
1154	935	4.0
1154	938	3.0
1154	1079	3.0
1154	1159	4.0
1154	1195	3.0
1154	1264	4.0
1154	1384	3.0
1154	1428	3.0
1154	1521	3.0
1154	1573	3.0
1154	1609	3.0
1154	1654	3.0
1154	1820	4.0
1154	1962	3.0
1154	2007	3.0
1154	2011	4.0
1154	2065	4.0
1154	2118	3.0
1154	2160	3.0
1154	2324	3.0
1154	2397	3.0
1154	2474	3.0
1154	2521	4.0
1154	2524	2.0
1154	2594	3.0
1154	2625	4.0
1154	2800	3.0
1154	2864	4.0
1154	2877	4.0
1154	2959	4.0
1154	3111	3.0
1154	3145	3.0
1154	3305	3.0
1154	3309	3.0
1154	3392	5.0
1154	3395	4.0
1154	4001	2.0
1154	4025	3.0
1154	4068	4.0
1154	4135	3.0
1154	4215	3.0
1154	4276	4.0
1154	4339	3.0
1154	4392	3.0
1154	4469	4.0
1154	4485	1.0
1154	4491	3.0
1154	4523	3.0
1154	4644	4.0
1154	4684	3.0
1154	4809	4.0
1154	4915	4.0
1154	4927	4.0
1154	4932	4.0
1154	5028	3.0
1154	5063	3.0
1154	5178	3.0
1154	5222	3.0
1154	5239	3.0
1154	5303	3.0
1154	5387	3.0
1154	5508	3.0
1154	5552	3.0
1154	5759	3.0
1154	5827	4.0
1154	5869	3.0
1154	5939	3.0
1154	6051	3.0
1154	6082	3.0
1154	6210	3.0
1154	6469	3.0
1154	6580	3.0
1154	6643	3.0
1154	6653	4.0
1154	6852	3.0
1154	6884	3.0
1154	6922	3.0
1181	7	4.0
1181	31	3.0
1181	223	4.0
1181	371	4.0
1181	411	4.0
1181	427	4.0
1181	553	2.0
1181	605	4.0
1181	672	3.0
1181	729	3.0
1181	821	3.0
1181	827	5.0
1181	844	3.0
1181	1127	4.0
1181	1148	3.0
1181	1162	5.0
1181	1197	4.0
1181	1355	1.0
1181	1544	2.0
1181	1585	1.0
1181	1613	3.0
1181	1794	3.0
1181	2025	4.0
1181	2052	4.0
1181	2135	5.0
1181	2188	4.0
1181	2204	3.0
1181	2252	2.0
1181	2270	3.0
1181	2274	5.0
1181	2283	3.0
1181	2350	3.0
1181	2384	3.0
1181	2386	4.0
1181	2434	3.0
1181	2436	3.0
1181	2443	3.0
1181	2462	5.0
1181	2477	4.0
1181	2509	1.0
1181	2649	5.0
1181	2801	5.0
1181	2824	4.0
1181	3008	3.0
1181	3110	4.0
1181	3223	3.0
1181	3226	3.0
1181	3303	5.0
1181	3440	4.0
1181	3517	4.0
1181	3527	1.0
1181	3630	2.0
1181	3732	3.0
1181	3754	5.0
1181	3780	3.0
1181	3910	3.0
1181	4030	3.0
1181	4209	3.0
1181	4221	3.0
1181	4399	4.0
1181	4449	3.0
1181	4477	4.0
1181	4528	2.0
1181	4546	2.0
1181	4559	1.0
1181	4580	2.0
1181	4673	4.0
1181	4706	4.0
1181	4724	2.0
1181	4874	3.0
1181	4875	4.0
1181	4884	3.0
1181	4908	3.0
1181	4927	4.0
1181	5037	5.0
1181	5049	4.0
1181	5082	4.0
1181	5187	3.0
1181	5207	4.0
1181	5279	3.0
1181	5507	5.0
1181	5572	5.0
1181	5763	3.0
1181	5856	2.0
1181	5875	4.0
1181	5896	1.0
1181	5899	3.0
1181	5973	3.0
1181	5979	3.0
1181	5993	4.0
1181	6083	3.0
1181	6147	4.0
1181	6156	3.0
1181	6283	4.0
1181	6301	5.0
1181	6328	4.0
1181	6335	3.0
1181	6561	4.0
1181	6603	3.0
1181	6643	4.0
1181	6672	4.0
1181	6700	4.0
1181	6851	4.0
1181	6950	2.0
1187	61	5.0
1187	174	5.0
1187	175	2.0
1187	374	3.0
1187	500	5.0
1187	537	5.0
1187	772	5.0
1187	980	3.0
1187	1108	5.0
1187	1140	5.0
1187	1233	3.0
1187	1294	5.0
1187	1421	3.0
1187	1536	4.0
1187	1574	4.0
1187	1760	5.0
1187	1881	4.0
1187	1956	5.0
1187	2155	5.0
1187	2431	3.0
1187	2512	5.0
1187	2625	5.0
1187	2762	5.0
1187	2815	5.0
1187	3018	3.0
1187	3019	3.0
1187	3192	5.0
1187	3378	3.0
1187	3463	4.0
1187	3570	4.0
1187	3625	2.0
1187	4042	4.0
1187	4048	4.0
1187	4090	5.0
1187	4151	4.0
1187	4230	5.0
1187	4270	3.0
1187	4390	4.0
1187	4673	4.0
1187	4706	3.0
1187	4726	4.0
1187	4771	5.0
1187	4894	5.0
1187	4932	5.0
1187	4947	4.0
1187	5012	5.0
1187	5344	5.0
1187	5417	4.0
1187	5472	4.0
1187	5578	5.0
1187	5603	5.0
1187	5844	5.0
1187	5893	3.0
1187	5934	4.0
1187	6116	5.0
1187	6117	3.0
1187	6261	3.0
1187	6370	5.0
1187	6393	3.0
1187	6416	2.0
1187	6440	1.0
1187	6953	2.0
1208	61	3.0
1208	83	4.0
1208	188	3.0
1208	218	3.0
1208	231	3.0
1208	241	3.0
1208	268	4.0
1208	291	4.0
1208	293	5.0
1208	350	4.0
1208	409	4.0
1208	465	2.0
1208	472	2.0
1208	475	5.0
1208	602	5.0
1208	729	4.0
1208	789	5.0
1208	828	3.0
1208	832	5.0
1208	875	5.0
1208	917	4.0
1208	1033	3.0
1208	1346	3.0
1208	1374	4.0
1208	1419	4.0
1208	1441	5.0
1208	1506	4.0
1208	1513	3.0
1208	1576	4.0
1208	1601	3.0
1208	1608	3.0
1208	1728	3.0
1208	1760	3.0
1208	1766	5.0
1208	1770	4.0
1208	1780	3.0
1208	1857	4.0
1208	1871	3.0
1208	1903	3.0
1208	1920	4.0
1208	1973	4.0
1208	2025	3.0
1208	2028	3.0
1208	2053	3.0
1208	2120	4.0
1208	2141	5.0
1208	2319	3.0
1208	2395	4.0
1208	2448	3.0
1208	2499	4.0
1208	2509	4.0
1208	2565	4.0
1208	2579	5.0
1208	2627	4.0
1208	2728	4.0
1208	2730	5.0
1208	2782	3.0
1208	2841	3.0
1208	2903	5.0
1208	2978	4.0
1208	3006	2.0
1208	3089	4.0
1208	3125	4.0
1208	3136	4.0
1208	3147	2.0
1208	3150	4.0
1208	3268	3.0
1208	3301	5.0
1208	3307	5.0
1208	3327	3.0
1208	3349	4.0
1208	3352	4.0
1208	3363	4.0
1208	3449	5.0
1208	3486	4.0
1208	3489	4.0
1208	3580	5.0
1208	3593	5.0
1208	3613	3.0
1208	3615	3.0
1208	3647	3.0
1208	3655	5.0
1208	3671	5.0
1208	3731	5.0
1208	3822	4.0
1208	3876	5.0
1208	3911	4.0
1208	3915	5.0
1208	3998	4.0
1208	4018	2.0
1208	4029	4.0
1208	4120	4.0
1208	4265	3.0
1208	4288	5.0
1208	4333	3.0
1208	4372	4.0
1208	4381	3.0
1208	4524	3.0
1208	4562	5.0
1208	4680	4.0
1208	4703	5.0
1208	4734	4.0
1208	4879	4.0
1208	4894	5.0
1208	4982	3.0
1208	5053	3.0
1208	5119	4.0
1208	5268	5.0
1208	5331	3.0
1208	5341	3.0
1208	5344	4.0
1208	5451	4.0
1208	5478	3.0
1208	5507	5.0
1208	5508	4.0
1208	5514	5.0
1208	5571	4.0
1208	5662	3.0
1208	5673	4.0
1208	5736	3.0
1208	5781	4.0
1208	5788	3.0
1208	5792	5.0
1208	5802	5.0
1208	5910	4.0
1208	6070	4.0
1208	6120	4.0
1208	6210	3.0
1208	6236	5.0
1208	6328	3.0
1208	6350	5.0
1208	6383	4.0
1208	6399	4.0
1208	6477	5.0
1208	6558	4.0
1208	6599	3.0
1208	6661	3.0
1208	6672	3.0
1208	6785	5.0
1208	6786	5.0
1208	6886	3.0
1208	6888	2.0
1208	6920	2.0
1231	38	3.0
1231	194	4.0
1231	210	3.0
1231	235	3.0
1231	236	3.0
1231	282	4.0
1231	437	3.0
1231	469	2.0
1231	475	2.0
1231	492	2.0
1231	493	4.0
1231	629	3.0
1231	699	4.0
1231	755	3.0
1231	768	3.0
1231	821	3.0
1231	912	4.0
1231	986	3.0
1231	1018	2.0
1231	1080	3.0
1231	1141	1.0
1231	1148	3.0
1231	1159	3.0
1231	1325	3.0
1231	1355	3.0
1231	1360	3.0
1231	1384	3.0
1231	1432	3.0
1231	1475	3.0
1231	1487	1.0
1231	1517	3.0
1231	1534	4.0
1231	1543	3.0
1231	1587	3.0
1231	1605	4.0
1231	1610	2.0
1231	1647	4.0
1231	1654	3.0
1231	1760	5.0
1231	1808	3.0
1231	1887	3.0
1231	1888	3.0
1231	2016	3.0
1231	2017	3.0
1231	2072	2.0
1231	2075	3.0
1231	2089	5.0
1231	2159	2.0
1231	2196	3.0
1231	2350	3.0
1231	2386	3.0
1231	2462	5.0
1231	2478	5.0
1231	2535	3.0
1231	2574	3.0
1231	2641	4.0
1231	2778	2.0
1231	2872	3.0
1231	2924	3.0
1231	2931	3.0
1231	2938	3.0
1231	3056	3.0
1231	3183	3.0
1231	3309	5.0
1231	3403	3.0
1231	3517	3.0
1231	3521	4.0
1231	3555	2.0
1231	3563	3.0
1231	3612	2.0
1231	3628	3.0
1231	3692	4.0
1231	3717	5.0
1231	3725	3.0
1231	3759	3.0
1231	3777	5.0
1231	3785	2.0
1231	3794	5.0
1231	3881	2.0
1231	3950	4.0
1231	4037	4.0
1231	4110	3.0
1231	4312	3.0
1231	4491	3.0
1231	4532	3.0
1231	4554	4.0
1231	4569	1.0
1231	4596	4.0
1231	4617	3.0
1231	4658	4.0
1231	4665	3.0
1231	4684	4.0
1231	4706	2.0
1231	4727	3.0
1231	4985	4.0
1231	5057	3.0
1231	5105	3.0
1231	5207	3.0
1231	5213	2.0
1231	5304	3.0
1231	5317	3.0
1231	5423	3.0
1231	5427	2.0
1231	5429	5.0
1231	5432	4.0
1231	5472	2.0
1231	5489	4.0
1231	5522	2.0
1231	5539	3.0
1231	5597	5.0
1231	5611	3.0
1231	5662	3.0
1231	5696	3.0
1231	5836	4.0
1231	6126	3.0
1231	6152	4.0
1231	6214	4.0
1231	6253	5.0
1231	6255	3.0
1231	6300	1.0
1231	6370	3.0
1231	6432	4.0
1231	6468	2.0
1231	6629	2.0
1231	6677	3.0
1231	6875	3.0
1233	24	3.0
1233	139	3.0
1233	150	3.0
1233	173	2.0
1233	181	4.0
1233	185	3.0
1233	195	3.0
1233	267	3.0
1233	285	4.0
1233	409	3.0
1233	436	4.0
1233	438	3.0
1233	443	5.0
1233	496	4.0
1233	711	2.0
1233	736	3.0
1233	770	5.0
1233	808	2.0
1233	912	4.0
1233	1142	2.0
1233	1148	3.0
1233	1226	4.0
1233	1227	1.0
1233	1270	5.0
1233	1316	5.0
1233	1393	3.0
1233	1403	3.0
1233	1503	3.0
1233	1533	4.0
1233	1569	2.0
1233	1642	1.0
1233	1645	5.0
1233	1706	2.0
1233	1730	3.0
1233	1808	3.0
1233	1840	4.0
1233	1881	4.0
1233	1884	5.0
1233	1887	1.0
1233	1969	4.0
1233	1994	3.0
1233	2093	5.0
1233	2109	3.0
1233	2167	3.0
1233	2188	4.0
1233	2274	5.0
1233	2286	3.0
1233	2332	4.0
1233	2355	3.0
1233	2386	5.0
1233	2509	4.0
1233	2525	1.0
1233	2694	2.0
1233	2699	4.0
1233	2801	3.0
1233	2932	5.0
1233	2973	4.0
1233	3082	4.0
1233	3190	4.0
1233	3194	3.0
1233	3320	4.0
1233	3371	4.0
1233	3379	2.0
1233	3411	4.0
1233	3466	3.0
1233	3622	2.0
1233	3671	4.0
1233	3692	5.0
1233	3734	3.0
1233	3794	4.0
1233	3852	4.0
1233	3867	4.0
1233	3898	3.0
1233	3965	3.0
1233	4034	2.0
1233	4109	5.0
1233	4138	4.0
1233	4202	3.0
1233	4221	5.0
1233	4287	3.0
1233	4315	4.0
1233	4339	4.0
1233	4345	4.0
1233	4351	4.0
1233	4352	4.0
1233	4477	2.0
1233	4562	3.0
1233	4584	2.0
1233	4602	4.0
1233	4607	4.0
1233	4617	3.0
1233	4693	4.0
1233	4711	3.0
1233	4728	4.0
1233	4750	3.0
1233	4771	4.0
1233	4879	4.0
1233	4881	3.0
1233	4883	4.0
1233	4924	3.0
1233	4927	4.0
1233	4928	3.0
1233	4947	2.0
1233	4988	4.0
1233	5130	3.0
1233	5213	1.0
1233	5236	4.0
1233	5294	3.0
1233	5387	4.0
1233	5445	5.0
1233	5458	3.0
1233	5504	3.0
1233	5534	4.0
1233	5541	4.0
1233	5567	3.0
1233	5700	3.0
1233	5736	3.0
1233	5742	3.0
1233	5758	3.0
1233	5776	3.0
1233	5814	4.0
1233	5864	4.0
1233	6006	3.0
1233	6018	3.0
1233	6078	5.0
1233	6172	3.0
1233	6282	3.0
1233	6320	3.0
1233	6469	2.0
1233	6484	3.0
1233	6553	4.0
1233	6554	2.0
1233	6570	3.0
1233	6635	3.0
1233	6637	5.0
1233	6657	3.0
1233	6740	2.0
1233	6757	4.0
1233	6764	3.0
1233	6780	3.0
1233	6802	2.0
1233	6875	2.0
1233	6916	5.0
1233	6921	3.0
1233	6962	5.0
1240	198	4.0
1240	341	4.0
1240	449	5.0
1240	500	3.0
1240	557	5.0
1240	561	4.0
1240	629	3.0
1240	821	5.0
1240	831	4.0
1240	1070	4.0
1240	1148	3.0
1240	1177	3.0
1240	1483	5.0
1240	1513	5.0
1240	1527	5.0
1240	1532	2.0
1240	1632	3.0
1240	1782	3.0
1240	1876	5.0
1240	1881	2.0
1240	1951	5.0
1240	1973	4.0
1240	2025	4.0
1240	2075	3.0
1240	2274	4.0
1240	2283	3.0
1240	2313	4.0
1240	2430	4.0
1240	2606	3.0
1240	3024	5.0
1240	3100	4.0
1240	3134	4.0
1240	3152	5.0
1240	3378	5.0
1240	3630	3.0
1240	3690	5.0
1240	3834	3.0
1240	3876	5.0
1240	3889	4.0
1240	3952	4.0
1240	3964	4.0
1240	4037	4.0
1240	4172	5.0
1240	4206	5.0
1240	4268	5.0
1240	4365	3.0
1240	4416	3.0
1240	4483	4.0
1240	4513	3.0
1240	4596	4.0
1240	4653	3.0
1240	4796	5.0
1240	4852	2.0
1240	5052	5.0
1240	5065	5.0
1240	5222	1.0
1240	5386	5.0
1240	5417	5.0
1240	5435	3.0
1240	5440	3.0
1240	5566	4.0
1240	5572	5.0
1240	5597	5.0
1240	5768	4.0
1240	6203	3.0
1240	6286	4.0
1240	6361	5.0
1240	6469	2.0
1240	6637	5.0
1240	6878	5.0
1254	166	4.0
1254	857	3.0
1254	895	4.0
1254	912	4.0
1254	919	4.0
1254	953	3.0
1254	1083	3.0
1254	1233	3.0
1254	1488	3.0
1254	1601	3.0
1254	1881	5.0
1254	2240	3.0
1254	2243	5.0
1254	2283	3.0
1254	2288	4.0
1254	2676	3.0
1254	2711	4.0
1254	3145	4.0
1254	3371	4.0
1254	3568	3.0
1254	3649	3.0
1254	3692	4.0
1254	3783	3.0
1254	3835	4.0
1254	4030	3.0
1254	4242	3.0
1254	4340	3.0
1254	4390	3.0
1254	4566	3.0
1254	4926	2.0
1254	5021	5.0
1254	5097	4.0
1254	5258	3.0
1254	5436	3.0
1254	5515	3.0
1254	5566	5.0
1254	5792	3.0
1254	5795	4.0
1254	6010	4.0
1254	6154	4.0
1254	6310	3.0
1254	6495	4.0
1254	6672	4.0
1329	38	3.0
1329	92	3.0
1329	126	2.0
1329	150	3.0
1329	234	4.0
1329	276	5.0
1329	351	4.0
1329	371	2.0
1329	514	3.0
1329	605	3.0
1329	656	4.0
1329	694	3.0
1329	1077	4.0
1329	1167	3.0
1329	1263	3.0
1329	1271	3.0
1329	1276	4.0
1329	1283	3.0
1329	1441	4.0
1329	1543	4.0
1329	1563	5.0
1329	1574	4.0
1329	1587	2.0
1329	1677	3.0
1329	1702	3.0
1329	1728	4.0
1329	1748	3.0
1329	1956	3.0
1329	1996	3.0
1329	2014	4.0
1329	2015	3.0
1329	2026	3.0
1329	2097	3.0
1329	2220	5.0
1329	2243	4.0
1329	2248	5.0
1329	2324	3.0
1329	2384	4.0
1329	2430	3.0
1329	2458	3.0
1329	2485	4.0
1329	2501	4.0
1329	2515	2.0
1329	2702	3.0
1329	2710	3.0
1329	2714	4.0
1329	2720	4.0
1329	2887	4.0
1329	2918	2.0
1329	3235	3.0
1329	3309	3.0
1329	3517	4.0
1329	3690	3.0
1329	3760	3.0
1329	3777	3.0
1329	3779	5.0
1329	3835	4.0
1329	3911	3.0
1329	3955	4.0
1329	3970	4.0
1329	3992	4.0
1329	4067	3.0
1329	4094	4.0
1329	4135	3.0
1329	4161	4.0
1329	4189	4.0
1329	4312	5.0
1329	4407	3.0
1329	4438	3.0
1329	4617	1.0
1329	4699	4.0
1329	4811	3.0
1329	4826	3.0
1329	4857	4.0
1329	4921	3.0
1329	4985	5.0
1329	5000	3.0
1329	5015	4.0
1329	5053	3.0
1329	5082	3.0
1329	5150	2.0
1329	5234	3.0
1329	5262	3.0
1329	5274	4.0
1329	5389	5.0
1329	5531	4.0
1329	5581	1.0
1329	5646	3.0
1329	5686	3.0
1329	5871	3.0
1329	5896	3.0
1329	5991	4.0
1329	5993	3.0
1329	6199	3.0
1329	6599	2.0
1329	6682	4.0
1329	6726	3.0
1329	6731	3.0
1329	6750	4.0
1329	6776	4.0
1329	6875	3.0
1339	20	5.0
1339	77	4.0
1339	113	4.0
1339	181	3.0
1339	236	2.0
1339	296	2.0
1339	403	4.0
1339	415	4.0
1339	509	4.0
1339	616	4.0
1339	637	4.0
1339	650	4.0
1339	784	4.0
1339	799	4.0
1339	817	5.0
1339	854	3.0
1339	897	4.0
1339	954	2.0
1339	1030	4.0
1339	1064	4.0
1339	1065	2.0
1339	1140	4.0
1339	1145	3.0
1339	1185	3.0
1339	1204	4.0
1339	1273	3.0
1339	1406	3.0
1339	1532	2.0
1339	1544	3.0
1339	1582	4.0
1339	1600	3.0
1339	1814	2.0
1339	1840	4.0
1339	1881	3.0
1339	1890	4.0
1339	1941	4.0
1339	2021	3.0
1339	2052	2.0
1339	2068	4.0
1339	2135	4.0
1339	2168	4.0
1339	2320	3.0
1339	2386	4.0
1339	2422	3.0
1339	2432	4.0
1339	2435	4.0
1339	2602	4.0
1339	2606	4.0
1339	2801	3.0
1339	2842	3.0
1339	2940	4.0
1339	3060	4.0
1339	3062	4.0
1339	3147	3.0
1339	3174	3.0
1339	3249	3.0
1339	3371	4.0
1339	3420	4.0
1339	3437	2.0
1339	3479	3.0
1339	3522	4.0
1339	3564	4.0
1339	3656	4.0
1339	3696	3.0
1339	3717	3.0
1339	3739	4.0
1339	3828	3.0
1339	3867	3.0
1339	3884	3.0
1339	3937	4.0
1339	4087	3.0
1339	4153	3.0
1339	4204	3.0
1339	4296	3.0
1339	4312	4.0
1339	4387	4.0
1339	4462	3.0
1339	4517	3.0
1339	4555	3.0
1339	4687	3.0
1339	4733	2.0
1339	4750	3.0
1339	4767	4.0
1339	4800	3.0
1339	4828	2.0
1339	4925	2.0
1339	4932	4.0
1339	4955	3.0
1339	4977	3.0
1339	5083	3.0
1339	5282	4.0
1339	5386	4.0
1339	5423	3.0
1339	5473	3.0
1339	5487	3.0
1339	5515	4.0
1339	5531	4.0
1339	5581	3.0
1339	5603	4.0
1339	5696	3.0
1339	5699	3.0
1339	5736	3.0
1339	5743	4.0
1339	5851	3.0
1339	5889	4.0
1339	5932	4.0
1339	5993	4.0
1339	5994	3.0
1339	6043	3.0
1339	6066	4.0
1339	6114	3.0
1339	6188	3.0
1339	6244	4.0
1339	6251	3.0
1339	6321	2.0
1339	6331	2.0
1339	6480	3.0
1339	6630	4.0
1339	6635	3.0
1339	6637	3.0
1339	6647	3.0
1339	6657	4.0
1339	6698	4.0
1339	6752	3.0
1339	6792	4.0
1339	6852	4.0
1339	6884	3.0
1339	6946	3.0
1343	29	3.0
1343	75	5.0
1343	170	4.0
1343	190	5.0
1343	259	3.0
1343	353	4.0
1343	421	3.0
1343	613	3.0
1343	821	4.0
1343	835	4.0
1343	921	4.0
1343	931	5.0
1343	1073	4.0
1343	1137	3.0
1343	1776	5.0
1343	1881	4.0
1343	1941	4.0
1343	1999	2.0
1343	2268	5.0
1343	2274	4.0
1343	2339	4.0
1343	2350	5.0
1343	2431	4.0
1343	2714	3.0
1343	2845	3.0
1343	2900	5.0
1343	3024	4.0
1343	3125	3.0
1343	3309	3.0
1343	3876	5.0
1343	3983	3.0
1343	4018	4.0
1343	4053	5.0
1343	4164	2.0
1343	4791	4.0
1343	5034	3.0
1343	5489	3.0
1343	5771	5.0
1343	5781	5.0
1343	5793	4.0
1343	5848	4.0
1343	5928	4.0
1343	6479	4.0
1343	6643	4.0
1343	6700	5.0
1343	6720	3.0
1343	6953	5.0
1347	76	3.0
1347	117	3.0
1347	332	3.0
1347	353	4.0
1347	362	3.0
1347	369	5.0
1347	496	3.0
1347	611	4.0
1347	671	3.0
1347	680	3.0
1347	784	3.0
1347	872	4.0
1347	934	2.0
1347	936	2.0
1347	961	2.0
1347	1105	3.0
1347	1306	4.0
1347	1586	3.0
1347	1856	3.0
1347	1881	4.0
1347	1969	3.0
1347	2561	3.0
1347	2706	3.0
1347	2806	3.0
1347	2886	3.0
1347	3019	3.0
1347	3088	3.0
1347	3099	3.0
1347	3244	2.0
1347	3317	3.0
1347	3482	3.0
1347	3680	2.0
1347	3693	3.0
1347	3818	3.0
1347	3847	2.0
1347	3852	4.0
1347	3867	3.0
1347	4003	2.0
1347	4007	3.0
1347	4119	2.0
1347	4321	4.0
1347	4333	3.0
1347	4339	2.0
1347	4381	3.0
1347	4390	4.0
1347	4417	3.0
1347	4434	3.0
1347	4555	3.0
1347	4605	3.0
1347	4701	3.0
1347	4848	3.0
1347	4877	3.0
1347	5005	3.0
1347	5033	2.0
1347	5105	4.0
1347	5155	3.0
1347	5310	2.0
1347	5484	3.0
1347	5696	2.0
1347	5731	3.0
1347	5802	3.0
1347	5864	4.0
1347	5889	3.0
1347	5896	3.0
1347	5958	4.0
1347	6042	3.0
1347	6139	3.0
1347	6147	3.0
1347	6396	4.0
1347	6553	3.0
1347	6554	2.0
1347	6788	2.0
1347	6830	3.0
1347	6904	3.0
1387	280	2.0
1387	561	3.0
1387	900	4.0
1387	1102	4.0
1387	1105	2.0
1387	1162	3.0
1387	1196	5.0
1387	1506	2.0
1387	1653	5.0
1387	1808	3.0
1387	2132	4.0
1387	2462	4.0
1387	2499	5.0
1387	2573	4.0
1387	2609	3.0
1387	2743	3.0
1387	2782	4.0
1387	2806	2.0
1387	2838	5.0
1387	2872	3.0
1387	3170	5.0
1387	3269	4.0
1387	3277	4.0
1387	3311	5.0
1387	3335	1.0
1387	3684	3.0
1387	3690	4.0
1387	3794	4.0
1387	3970	3.0
1387	4037	3.0
1387	4097	2.0
1387	4180	1.0
1387	4229	5.0
1387	4230	3.0
1387	4307	4.0
1387	4309	4.0
1387	4333	4.0
1387	4390	3.0
1387	4517	4.0
1387	4614	3.0
1387	4673	4.0
1387	4791	3.0
1387	4841	4.0
1387	4927	4.0
1387	4993	3.0
1387	5049	3.0
1387	5054	3.0
1387	5063	2.0
1387	5252	2.0
1387	5387	3.0
1387	5434	4.0
1387	5461	3.0
1387	5544	1.0
1387	5695	5.0
1387	5924	3.0
1387	6082	4.0
1387	6197	1.0
1387	6556	3.0
1387	6789	4.0
1387	6852	4.0
1387	6953	5.0
1420	140	4.0
1420	217	4.0
1420	343	4.0
1420	474	4.0
1420	509	3.0
1420	553	4.0
1420	561	2.0
1420	778	4.0
1420	832	5.0
1420	921	3.0
1420	1002	3.0
1420	1016	3.0
1420	1064	5.0
1420	1071	4.0
1420	1175	3.0
1420	1197	3.0
1420	1899	4.0
1420	1928	4.0
1420	2035	4.0
1420	2168	4.0
1420	2175	4.0
1420	2274	4.0
1420	2283	2.0
1420	2384	3.0
1420	2431	2.0
1420	2565	4.0
1420	2635	5.0
1420	2699	2.0
1420	2785	3.0
1420	2815	5.0
1420	2842	3.0
1420	3045	3.0
1420	3054	4.0
1420	3129	4.0
1420	3197	2.0
1420	3239	4.0
1420	3268	4.0
1420	3370	5.0
1420	3424	4.0
1420	3517	5.0
1420	3649	3.0
1420	3707	3.0
1420	3777	4.0
1420	3794	3.0
1420	3921	4.0
1420	4171	5.0
1420	4172	5.0
1420	4323	4.0
1420	4352	3.0
1420	4421	4.0
1420	4462	3.0
1420	4487	3.0
1420	4861	4.0
1420	4879	4.0
1420	4900	3.0
1420	4927	5.0
1420	5049	4.0
1420	5423	4.0
1420	5457	3.0
1420	5503	4.0
1420	5515	3.0
1420	5572	5.0
1420	5582	4.0
1420	5693	4.0
1420	5769	3.0
1420	6086	4.0
1420	6208	4.0
1420	6310	3.0
1420	6523	5.0
1420	6615	4.0
1420	6922	4.0
1467	7	3.0
1467	113	3.0
1467	194	3.0
1467	223	5.0
1467	316	2.0
1467	341	4.0
1467	363	3.0
1467	387	4.0
1467	402	5.0
1467	499	3.0
1467	706	4.0
1467	742	4.0
1467	817	4.0
1467	821	3.0
1467	884	4.0
1467	934	3.0
1467	936	3.0
1467	958	3.0
1467	1046	2.0
1467	1098	4.0
1467	1171	2.0
1467	1203	3.0
1467	1281	4.0
1467	1300	3.0
1467	1355	2.0
1467	1421	2.0
1467	1429	3.0
1467	1509	3.0
1467	1534	3.0
1467	1644	3.0
1467	1654	4.0
1467	1676	3.0
1467	1739	3.0
1467	1770	4.0
1467	1824	3.0
1467	1826	3.0
1467	1827	4.0
1467	1941	3.0
1467	1951	4.0
1467	1957	3.0
1467	1964	4.0
1467	2052	2.0
1467	2108	4.0
1467	2166	3.0
1467	2176	3.0
1467	2240	3.0
1467	2250	4.0
1467	2282	3.0
1467	2320	3.0
1467	2384	4.0
1467	2386	4.0
1467	2421	4.0
1467	2423	3.0
1467	2427	3.0
1467	2455	3.0
1467	2461	3.0
1467	2483	3.0
1467	2532	3.0
1467	2582	3.0
1467	2633	3.0
1467	2752	4.0
1467	2788	4.0
1467	2801	3.0
1467	2810	3.0
1467	2872	4.0
1467	2916	4.0
1467	3024	4.0
1467	3060	4.0
1467	3089	3.0
1467	3091	3.0
1467	3129	3.0
1467	3193	4.0
1467	3234	2.0
1467	3241	3.0
1467	3273	3.0
1467	3317	3.0
1467	3378	3.0
1467	3517	3.0
1467	3675	3.0
1467	3690	3.0
1467	3719	4.0
1467	3724	3.0
1467	3755	4.0
1467	3874	4.0
1467	3909	4.0
1467	3956	2.0
1467	3993	3.0
1467	4037	3.0
1467	4039	4.0
1467	4049	3.0
1467	4054	4.0
1467	4097	3.0
1467	4135	3.0
1467	4194	3.0
1467	4200	3.0
1467	4236	4.0
1467	4344	4.0
1467	4371	3.0
1467	4441	3.0
1467	4460	4.0
1467	4465	5.0
1467	4487	4.0
1467	4517	3.0
1467	4522	3.0
1467	4665	4.0
1467	4687	3.0
1467	4706	2.0
1467	4711	4.0
1467	4746	3.0
1467	4776	3.0
1467	4879	5.0
1467	4927	5.0
1467	4928	3.0
1467	4963	2.0
1467	4993	3.0
1467	5036	3.0
1467	5060	3.0
1467	5177	3.0
1467	5210	3.0
1467	5300	3.0
1467	5386	4.0
1467	5392	3.0
1467	5396	4.0
1467	5410	5.0
1467	5430	3.0
1467	5507	4.0
1467	5536	4.0
1467	5581	3.0
1467	5584	3.0
1467	5690	5.0
1467	5719	3.0
1467	5750	3.0
1467	5792	4.0
1467	5848	4.0
1467	5850	3.0
1467	5853	3.0
1467	5879	2.0
1467	6042	3.0
1467	6188	2.0
1467	6200	3.0
1467	6219	2.0
1467	6299	3.0
1467	6370	5.0
1467	6446	4.0
1467	6472	4.0
1467	6560	5.0
1467	6643	3.0
1467	6687	4.0
1467	6695	4.0
1467	6820	4.0
1494	7	4.0
1494	39	5.0
1494	88	4.0
1494	230	5.0
1494	512	5.0
1494	521	4.0
1494	537	3.0
1494	552	3.0
1494	570	3.0
1494	592	4.0
1494	749	5.0
1494	828	4.0
1494	876	4.0
1494	880	3.0
1494	948	1.0
1494	987	5.0
1494	1143	5.0
1494	1279	5.0
1494	1290	5.0
1494	1385	3.0
1494	1514	2.0
1494	1535	1.0
1494	1622	4.0
1494	1803	3.0
1494	1834	5.0
1494	1841	5.0
1494	1881	5.0
1494	1908	5.0
1494	1922	4.0
1494	1973	3.0
1494	1981	3.0
1494	1984	4.0
1494	2089	5.0
1494	2115	4.0
1494	2164	5.0
1494	2203	5.0
1494	2284	4.0
1494	2322	2.0
1494	2400	3.0
1494	2431	2.0
1494	2525	1.0
1494	2664	4.0
1494	2684	5.0
1494	2721	5.0
1494	2784	5.0
1494	2858	5.0
1494	2930	4.0
1494	2972	4.0
1494	3019	2.0
1494	3056	4.0
1494	3087	5.0
1494	3158	5.0
1494	3167	5.0
1494	3173	5.0
1494	3192	5.0
1494	3265	4.0
1494	3270	5.0
1494	3319	5.0
1494	3326	5.0
1494	3425	4.0
1494	3519	5.0
1494	3570	5.0
1494	3585	4.0
1494	3589	3.0
1494	3791	5.0
1494	3888	3.0
1494	3933	5.0
1494	3963	5.0
1494	4145	5.0
1494	4173	3.0
1494	4212	4.0
1494	4226	3.0
1494	4397	3.0
1494	4477	4.0
1494	4511	4.0
1494	4527	5.0
1494	4555	3.0
1494	4706	5.0
1494	4709	3.0
1494	4737	3.0
1494	4769	5.0
1494	4861	5.0
1494	4917	5.0
1494	4932	5.0
1494	4962	1.0
1494	5063	4.0
1494	5079	3.0
1494	5210	4.0
1494	5256	5.0
1494	5262	3.0
1494	5314	5.0
1494	5395	4.0
1494	5407	5.0
1494	5430	3.0
1494	5445	5.0
1494	5457	2.0
1494	5515	3.0
1494	5560	1.0
1494	5690	3.0
1494	5711	4.0
1494	5745	4.0
1494	5895	5.0
1494	5941	5.0
1494	6029	5.0
1494	6219	2.0
1494	6243	5.0
1494	6370	5.0
1494	6407	5.0
1494	6469	4.0
1494	6497	4.0
1494	6530	4.0
1494	6544	4.0
1494	6557	5.0
1494	6577	3.0
1494	6580	4.0
1494	6603	4.0
1494	6625	5.0
1494	6671	4.0
1494	6876	4.0
1536	2	3.0
1536	20	5.0
1536	87	5.0
1536	117	4.0
1536	120	3.0
1536	174	5.0
1536	180	4.0
1536	254	3.0
1536	307	3.0
1536	324	3.0
1536	348	4.0
1536	535	3.0
1536	553	4.0
1536	629	4.0
1536	682	2.0
1536	747	5.0
1536	784	5.0
1536	806	5.0
1536	817	5.0
1536	826	3.0
1536	913	3.0
1536	936	3.0
1536	979	3.0
1536	1018	3.0
1536	1033	5.0
1536	1105	2.0
1536	1129	4.0
1536	1196	5.0
1536	1361	3.0
1536	1429	3.0
1536	1458	3.0
1536	1488	5.0
1536	1590	4.0
1536	1598	5.0
1536	1608	5.0
1536	1643	3.0
1536	1776	3.0
1536	1782	4.0
1536	1793	2.0
1536	1887	3.0
1536	2074	4.0
1536	2075	3.0
1536	2199	2.0
1536	2242	4.0
1536	2268	5.0
1536	2274	5.0
1536	2303	4.0
1536	2322	3.0
1536	2323	5.0
1536	2421	3.0
1536	2824	5.0
1536	2841	4.0
1536	2881	4.0
1536	3062	3.0
1536	3075	4.0
1536	3125	4.0
1536	3272	2.0
1536	3294	5.0
1536	3383	4.0
1536	3410	3.0
1536	3467	4.0
1536	3468	5.0
1536	3564	4.0
1536	3613	5.0
1536	3666	5.0
1536	3667	2.0
1536	3690	5.0
1536	3754	5.0
1536	3799	4.0
1536	3866	5.0
1536	3888	4.0
1536	3912	5.0
1536	3970	3.0
1536	4037	5.0
1536	4053	5.0
1536	4063	5.0
1536	4161	4.0
1536	4327	3.0
1536	4373	4.0
1536	4485	3.0
1536	4597	3.0
1536	4620	5.0
1536	4634	4.0
1536	4665	2.0
1536	4712	3.0
1536	4772	5.0
1536	4868	5.0
1536	4928	4.0
1536	5098	3.0
1536	5236	5.0
1536	5251	5.0
1536	5300	2.0
1536	5323	4.0
1536	5373	3.0
1536	5386	5.0
1536	5417	3.0
1536	5445	5.0
1536	5472	4.0
1536	5505	4.0
1536	5518	4.0
1536	5538	5.0
1536	5560	2.0
1536	5566	3.0
1536	5603	3.0
1536	5700	4.0
1536	5820	5.0
1536	6010	5.0
1536	6022	5.0
1536	6066	5.0
1536	6150	4.0
1536	6161	4.0
1536	6199	3.0
1536	6209	5.0
1536	6253	5.0
1536	6256	5.0
1536	6329	4.0
1536	6370	4.0
1536	6393	4.0
1536	6394	4.0
1536	6416	3.0
1536	6568	3.0
1536	6571	3.0
1536	6583	4.0
1536	6685	3.0
1536	6778	4.0
1536	6849	5.0
1536	6899	4.0
1536	6925	5.0
1536	6956	5.0
1537	223	5.0
1537	324	3.0
1537	349	3.0
1537	808	4.0
1537	861	3.0
1537	904	3.0
1537	940	1.0
1537	1010	4.0
1537	1030	4.0
1537	1046	2.0
1537	1233	4.0
1537	1419	4.0
1537	1432	4.0
1537	1702	4.0
1537	1713	4.0
1537	1728	4.0
1537	1760	3.0
1537	1776	4.0
1537	1780	4.0
1537	1953	2.0
1537	1976	4.0
1537	1981	3.0
1537	2015	4.0
1537	2135	3.0
1537	2274	4.0
1537	2289	2.0
1537	2350	4.0
1537	2421	4.0
1537	2431	3.0
1537	2501	3.0
1537	2509	3.0
1537	2702	3.0
1537	2714	4.0
1537	2841	4.0
1537	2921	5.0
1537	3022	4.0
1537	3054	3.0
1537	3141	2.0
1537	3147	4.0
1537	3794	4.0
1537	3874	4.0
1537	3955	4.0
1537	4135	3.0
1537	4160	2.0
1537	4291	2.0
1537	4307	3.0
1537	4480	4.0
1537	4649	1.0
1537	4706	4.0
1537	4947	4.0
1537	5194	4.0
1537	5214	3.0
1537	5355	4.0
1537	5407	5.0
1537	5538	3.0
1537	5555	2.0
1537	5592	3.0
1537	5873	4.0
1537	6220	3.0
1537	6283	4.0
1537	6299	2.0
1537	6513	3.0
1537	6609	4.0
1537	6700	3.0
1537	6940	4.0
1631	7	3.0
1631	57	3.0
1631	124	4.0
1631	164	4.0
1631	191	4.0
1631	219	4.0
1631	236	1.0
1631	268	3.0
1631	276	4.0
1631	345	3.0
1631	353	5.0
1631	420	3.0
1631	463	3.0
1631	522	1.0
1631	549	3.0
1631	605	4.0
1631	656	3.0
1631	749	4.0
1631	805	4.0
1631	822	3.0
1631	858	4.0
1631	1049	3.0
1631	1072	3.0
1631	1204	3.0
1631	1390	3.0
1631	1415	3.0
1631	1491	4.0
1631	1578	3.0
1631	1641	3.0
1631	1678	4.0
1631	1713	3.0
1631	1720	3.0
1631	1727	3.0
1631	1739	3.0
1631	1745	4.0
1631	1881	4.0
1631	1888	4.0
1631	1919	4.0
1631	1956	4.0
1631	2241	4.0
1631	2315	4.0
1631	2338	4.0
1631	2357	4.0
1631	2372	4.0
1631	2502	3.0
1631	2676	4.0
1631	2714	4.0
1631	2725	4.0
1631	2878	4.0
1631	2906	3.0
1631	2932	3.0
1631	2949	3.0
1631	3053	4.0
1631	3197	3.0
1631	3244	3.0
1631	3263	5.0
1631	3363	3.0
1631	3463	3.0
1631	3523	3.0
1631	3563	3.0
1631	3568	2.0
1631	3709	3.0
1631	3865	4.0
1631	3871	4.0
1631	3895	4.0
1631	3948	3.0
1631	3952	4.0
1631	4084	2.0
1631	4104	4.0
1631	4182	4.0
1631	4257	4.0
1631	4316	4.0
1631	4436	4.0
1631	4449	3.0
1631	4464	2.0
1631	4590	2.0
1631	4641	3.0
1631	4689	4.0
1631	4782	4.0
1631	4891	3.0
1631	4900	4.0
1631	5054	3.0
1631	5211	4.0
1631	5213	4.0
1631	5227	4.0
1631	5266	5.0
1631	5281	5.0
1631	5423	4.0
1631	5686	2.0
1631	5719	3.0
1631	5792	4.0
1631	5942	3.0
1631	5982	3.0
1631	6110	4.0
1631	6192	3.0
1631	6201	4.0
1631	6202	3.0
1631	6217	5.0
1631	6230	4.0
1631	6283	5.0
1631	6300	1.0
1631	6310	4.0
1631	6371	5.0
1631	6372	4.0
1631	6545	3.0
1631	6598	4.0
1631	6601	3.0
1631	6618	4.0
1631	6643	4.0
1631	6700	4.0
1631	6721	3.0
1631	6757	4.0
1631	6769	3.0
1631	6890	4.0
1631	6923	3.0
1631	6931	5.0
1646	5	4.0
1646	76	2.0
1646	87	3.0
1646	174	4.0
1646	220	4.0
1646	682	3.0
1646	818	5.0
1646	821	5.0
1646	831	3.0
1646	832	4.0
1646	1125	3.0
1646	1162	4.0
1646	1377	3.0
1646	1483	4.0
1646	1728	5.0
1646	1760	4.0
1646	1770	4.0
1646	1776	4.0
1646	1813	5.0
1646	2028	4.0
1646	2089	3.0
1646	2246	3.0
1646	2756	4.0
1646	2818	4.0
1646	2824	4.0
1646	2874	3.0
1646	3060	4.0
1646	3309	4.0
1646	3517	5.0
1646	4077	4.0
1646	4172	3.0
1646	4187	4.0
1646	4236	4.0
1646	4419	4.0
1646	4617	1.0
1646	4781	5.0
1646	4889	4.0
1646	4928	4.0
1646	5084	3.0
1646	5093	5.0
1646	5154	3.0
1646	5294	4.0
1646	5572	5.0
1646	5581	2.0
1646	5987	5.0
1646	6637	3.0
1646	6685	5.0
1646	6821	3.0
1646	6878	3.0
1652	174	5.0
1652	223	5.0
1652	514	4.0
1652	680	5.0
1652	835	4.0
1652	1074	5.0
1652	1127	4.0
1652	1143	5.0
1652	1264	5.0
1652	1361	5.0
1652	1377	5.0
1652	1434	5.0
1652	1775	4.0
1652	1813	3.0
1652	2004	2.0
1652	2007	5.0
1652	2029	5.0
1652	2385	5.0
1652	2430	3.0
1652	2438	3.0
1652	2487	5.0
1652	2611	3.0
1652	2647	5.0
1652	2919	5.0
1652	2957	5.0
1652	3023	5.0
1652	3188	5.0
1652	3301	5.0
1652	3397	5.0
1652	3513	5.0
1652	3712	5.0
1652	3866	3.0
1652	3874	5.0
1652	4186	4.0
1652	4236	5.0
1652	4241	3.0
1652	4296	4.0
1652	4307	5.0
1652	4311	3.0
1652	4355	3.0
1652	4361	5.0
1652	4519	5.0
1652	4781	5.0
1652	4839	5.0
1652	5037	4.0
1652	5258	5.0
1652	5266	5.0
1652	5317	2.0
1652	5322	5.0
1652	5386	5.0
1652	5421	5.0
1652	5453	5.0
1652	5566	5.0
1652	5661	3.0
1652	5748	3.0
1652	5846	5.0
1652	5876	5.0
1652	5942	4.0
1652	5973	4.0
1652	6448	5.0
1652	6572	5.0
1652	6878	5.0
1652	6879	3.0
1652	6927	5.0
1664	49	4.0
1664	62	4.0
1664	87	5.0
1664	141	5.0
1664	217	5.0
1664	321	2.0
1664	353	5.0
1664	578	1.0
1664	671	5.0
1664	711	3.0
1664	808	4.0
1664	832	5.0
1664	1030	5.0
1664	1042	3.0
1664	1049	3.0
1664	1058	4.0
1664	1070	3.0
1664	1071	5.0
1664	1079	5.0
1664	1125	2.0
1664	1233	4.0
1664	1260	2.0
1664	1301	4.0
1664	1333	3.0
1664	1392	2.0
1664	1421	3.0
1664	1483	5.0
1664	1505	4.0
1664	1521	5.0
1664	1587	5.0
1664	1632	3.0
1664	1699	4.0
1664	1702	4.0
1664	1728	5.0
1664	1767	4.0
1664	1853	3.0
1664	1914	4.0
1664	1999	3.0
1664	2028	3.0
1664	2077	5.0
1664	2090	5.0
1664	2093	4.0
1664	2176	3.0
1664	2235	5.0
1664	2246	4.0
1664	2268	5.0
1664	2300	3.0
1664	2421	4.0
1664	2527	3.0
1664	2562	4.0
1664	2565	5.0
1664	2676	4.0
1664	2719	4.0
1664	2739	5.0
1664	2756	5.0
1664	2767	3.0
1664	2782	5.0
1664	2794	4.0
1664	2992	3.0
1664	3006	3.0
1664	3060	5.0
1664	3088	5.0
1664	3268	5.0
1664	3318	4.0
1664	3378	4.0
1664	3449	3.0
1664	3487	4.0
1664	3499	5.0
1664	3513	4.0
1664	3538	5.0
1664	3561	4.0
1664	3691	3.0
1664	3754	4.0
1664	3755	4.0
1664	3768	5.0
1664	3772	5.0
1664	3783	4.0
1664	3785	1.0
1664	3821	4.0
1664	3856	3.0
1664	3911	5.0
1664	3931	3.0
1664	4097	4.0
1664	4221	5.0
1664	4296	4.0
1664	4301	5.0
1664	4465	2.0
1664	4466	3.0
1664	4477	4.0
1664	4517	3.0
1664	4562	5.0
1664	4590	3.0
1664	4647	3.0
1664	4781	5.0
1664	4791	4.0
1664	4808	4.0
1664	4840	4.0
1664	4879	5.0
1664	5049	4.0
1664	5082	4.0
1664	5086	3.0
1664	5189	3.0
1664	5394	5.0
1664	5417	2.0
1664	5461	2.0
1664	5668	4.0
1664	5848	4.0
1664	5888	5.0
1664	5920	4.0
1664	5965	4.0
1664	5989	4.0
1664	6029	4.0
1664	6102	4.0
1664	6147	5.0
1664	6173	5.0
1664	6283	5.0
1664	6393	3.0
1664	6479	3.0
1664	6502	3.0
1664	6529	5.0
1664	6580	5.0
1664	6664	3.0
1664	6672	5.0
1664	6691	5.0
1664	6881	4.0
1664	6925	3.0
1664	6953	5.0
1690	170	4.0
1690	181	3.0
1690	341	4.0
1690	343	3.0
1690	361	3.0
1690	396	4.0
1690	474	2.0
1690	613	3.0
1690	729	3.0
1690	793	5.0
1690	815	3.0
1690	821	3.0
1690	887	4.0
1690	1140	3.0
1690	1574	4.0
1690	1743	5.0
1690	1760	3.0
1690	1809	3.0
1690	1821	4.0
1690	1876	4.0
1690	1951	4.0
1690	1973	3.0
1690	2168	3.0
1690	2269	2.0
1690	2375	5.0
1690	2395	3.0
1690	2476	4.0
1690	2527	4.0
1690	2606	2.0
1690	2756	3.0
1690	2769	3.0
1690	2788	3.0
1690	2999	3.0
1690	3060	4.0
1690	3118	4.0
1690	3276	4.0
1690	3301	4.0
1690	3308	4.0
1690	3650	4.0
1690	3873	4.0
1690	3905	4.0
1690	3972	4.0
1690	3983	4.0
1690	4067	3.0
1690	4180	2.0
1690	4236	4.0
1690	4309	3.0
1690	4463	4.0
1690	4487	2.0
1690	4507	3.0
1690	4673	2.0
1690	4771	3.0
1690	4908	3.0
1690	4971	4.0
1690	5154	4.0
1690	5179	4.0
1690	5258	4.0
1690	5317	4.0
1690	5341	4.0
1690	5345	4.0
1690	5389	3.0
1690	5401	4.0
1690	5503	4.0
1690	5505	4.0
1690	5508	4.0
1690	5515	3.0
1690	5560	2.0
1690	5753	3.0
1690	5792	4.0
1690	5973	4.0
1690	6111	3.0
1690	6229	3.0
1690	6311	2.0
1690	6327	4.0
1690	6544	4.0
1690	6591	2.0
1690	6671	4.0
1690	6739	3.0
1690	6845	5.0
1690	6852	4.0
1690	6955	5.0
1726	217	5.0
1726	386	5.0
1726	748	4.0
1726	827	3.0
1726	832	4.0
1726	1059	2.0
1726	1728	5.0
1726	1833	3.0
1726	1925	4.0
1726	2186	3.0
1726	2307	3.0
1726	2431	3.0
1726	2481	3.0
1726	2715	3.0
1726	2739	5.0
1726	2931	3.0
1726	3007	3.0
1726	3060	3.0
1726	3296	4.0
1726	3438	3.0
1726	3513	3.0
1726	3517	3.0
1726	3538	5.0
1726	3570	3.0
1726	3650	3.0
1726	3687	3.0
1726	3777	4.0
1726	3791	5.0
1726	3876	5.0
1726	3991	4.0
1726	4187	4.0
1726	4296	4.0
1726	4307	4.0
1726	4558	4.0
1726	4692	3.0
1726	4695	4.0
1726	4927	5.0
1726	4982	5.0
1726	5076	3.0
1726	5129	3.0
1726	5546	2.0
1726	5669	4.0
1726	6082	4.0
1726	6196	4.0
1726	6572	3.0
1726	6643	4.0
1726	6741	5.0
1726	6954	4.0
1726	6955	4.0
1756	272	3.0
1756	551	5.0
1756	770	4.0
1756	913	3.0
1756	938	3.0
1756	1070	3.0
1756	1532	3.0
1756	1813	3.0
1756	2015	3.0
1756	2323	5.0
1756	2350	5.0
1756	2462	3.0
1756	2511	3.0
1756	2774	3.0
1756	2893	3.0
1756	3269	4.0
1756	3309	4.0
1756	3754	4.0
1756	3785	2.0
1756	3905	4.0
1756	4139	5.0
1756	4390	4.0
1756	4527	3.0
1756	4684	4.0
1756	4927	5.0
1756	5005	5.0
1756	5100	3.0
1756	5109	5.0
1756	5261	3.0
1756	5552	3.0
1756	5909	3.0
1756	6138	4.0
1756	6406	3.0
1756	6469	3.0
1756	6695	4.0
1756	6849	3.0
1756	6953	3.0
1783	113	3.0
1783	141	4.0
1783	240	3.0
1783	243	4.0
1783	401	4.0
1783	415	4.0
1783	582	4.0
1783	605	5.0
1783	821	4.0
1783	939	4.0
1783	1056	4.0
1783	1145	4.0
1783	1226	4.0
1783	1231	4.0
1783	1389	4.0
1783	1392	3.0
1783	1491	2.0
1783	1565	4.0
1783	1578	4.0
1783	1604	3.0
1783	1642	1.0
1783	1701	4.0
1783	1716	3.0
1783	1767	4.0
1783	1909	3.0
1783	2025	4.0
1783	2037	3.0
1783	2089	5.0
1783	2118	3.0
1783	2281	3.0
1783	2315	4.0
1783	2549	3.0
1783	2611	3.0
1783	2675	3.0
1783	2694	3.0
1783	2715	4.0
1783	2733	3.0
1783	2778	2.0
1783	2788	4.0
1783	2899	3.0
1783	2982	4.0
1783	3019	2.0
1783	3026	4.0
1783	3053	4.0
1783	3084	2.0
1783	3088	4.0
1783	3143	3.0
1783	3145	4.0
1783	3214	4.0
1783	3301	4.0
1783	3318	3.0
1783	3326	4.0
1783	3378	4.0
1783	3386	3.0
1783	3517	4.0
1783	3535	4.0
1783	3568	2.0
1783	3570	4.0
1783	3594	4.0
1783	3649	3.0
1783	3873	4.0
1783	3923	3.0
1783	3941	3.0
1783	4230	4.0
1783	4313	3.0
1783	4323	3.0
1783	4388	3.0
1783	4477	4.0
1783	4487	3.0
1783	4509	4.0
1783	4515	3.0
1783	4528	3.0
1783	4533	4.0
1783	4538	4.0
1783	4617	3.0
1783	4682	4.0
1783	4684	5.0
1783	4713	2.0
1783	4743	5.0
1783	4782	4.0
1783	4841	5.0
1783	4908	4.0
1783	4932	4.0
1783	4945	3.0
1783	5040	3.0
1783	5042	4.0
1783	5066	3.0
1783	5172	4.0
1783	5253	4.0
1783	5274	5.0
1783	5302	3.0
1783	5328	5.0
1783	5387	5.0
1783	5406	3.0
1783	5410	5.0
1783	5507	4.0
1783	5558	3.0
1783	5571	3.0
1783	5575	4.0
1783	5685	4.0
1783	5709	3.0
1783	5792	4.0
1783	5868	5.0
1783	6029	4.0
1783	6092	3.0
1783	6216	4.0
1783	6558	3.0
1783	6643	3.0
1783	6681	4.0
1783	6773	4.0
1783	6804	3.0
1783	6926	3.0
1783	6931	4.0
1783	6954	5.0
1794	1	4.0
1794	234	5.0
1794	323	5.0
1794	420	3.0
1794	500	5.0
1794	629	4.0
1794	729	4.0
1794	832	4.0
1794	1047	5.0
1794	1070	3.0
1794	1202	3.0
1794	1355	3.0
1794	1468	5.0
1794	1519	3.0
1794	1521	4.0
1794	1713	1.0
1794	1718	3.0
1794	1725	3.0
1794	1881	3.0
1794	1928	3.0
1794	2135	4.0
1794	2199	5.0
1794	2236	3.0
1794	2320	5.0
1794	2756	4.0
1794	2825	4.0
1794	2842	4.0
1794	2910	5.0
1794	2971	5.0
1794	3269	5.0
1794	3378	4.0
1794	3386	3.0
1794	3593	5.0
1794	3613	4.0
1794	3650	3.0
1794	3828	3.0
1794	4117	4.0
1794	4239	4.0
1794	4649	1.0
1794	4808	4.0
1794	4953	5.0
1794	5213	4.0
1794	5793	3.0
1794	6217	3.0
1794	6416	1.0
1794	6488	4.0
1794	6561	3.0
1794	6663	4.0
1794	6955	4.0
1820	2	4.0
1820	19	4.0
1820	72	3.0
1820	81	4.0
1820	101	4.0
1820	139	4.0
1820	312	3.0
1820	355	4.0
1820	371	4.0
1820	397	3.0
1820	421	3.0
1820	436	4.0
1820	448	3.0
1820	578	3.0
1820	594	4.0
1820	680	4.0
1820	729	4.0
1820	740	3.0
1820	747	5.0
1820	773	4.0
1820	855	3.0
1820	863	4.0
1820	934	3.0
1820	986	4.0
1820	993	3.0
1820	1001	4.0
1820	1217	5.0
1820	1227	4.0
1820	1403	4.0
1820	1432	4.0
1820	1456	3.0
1820	1484	3.0
1820	1493	4.0
1820	1506	4.0
1820	1591	3.0
1820	1613	4.0
1820	1642	3.0
1820	1654	3.0
1820	1667	4.0
1820	1728	5.0
1820	1758	2.0
1820	1770	5.0
1820	1812	5.0
1820	1883	4.0
1820	1928	3.0
1820	2116	4.0
1820	2160	5.0
1820	2220	5.0
1820	2283	4.0
1820	2298	4.0
1820	2323	4.0
1820	2324	4.0
1820	2421	4.0
1820	2492	4.0
1820	2499	4.0
1820	2522	4.0
1820	2566	5.0
1820	2602	4.0
1820	2716	4.0
1820	2732	4.0
1820	2762	4.0
1820	2763	4.0
1820	2771	4.0
1820	2931	5.0
1820	2949	3.0
1820	3025	5.0
1820	3244	3.0
1820	3400	4.0
1820	3427	2.0
1820	3463	5.0
1820	3503	3.0
1820	3555	3.0
1820	3587	5.0
1820	3661	3.0
1820	3670	5.0
1820	3675	3.0
1820	3784	4.0
1820	3794	5.0
1820	3848	4.0
1820	3884	2.0
1820	3889	3.0
1820	3955	5.0
1820	3970	4.0
1820	3998	5.0
1820	4018	3.0
1820	4037	4.0
1820	4067	4.0
1820	4133	3.0
1820	4183	4.0
1820	4269	4.0
1820	4369	4.0
1820	4562	4.0
1820	4617	3.0
1820	4664	4.0
1820	4667	2.0
1820	4712	2.0
1820	4741	3.0
1820	4865	4.0
1820	4894	4.0
1820	4907	3.0
1820	4928	4.0
1820	5065	4.0
1820	5202	4.0
1820	5251	4.0
1820	5349	4.0
1820	5558	4.0
1820	5575	5.0
1820	5582	4.0
1820	5709	4.0
1820	5814	5.0
1820	5848	5.0
1820	5889	5.0
1820	5890	4.0
1820	5986	4.0
1820	5993	5.0
1820	6035	4.0
1820	6042	2.0
1820	6182	5.0
1820	6197	3.0
1820	6274	4.0
1820	6302	4.0
1820	6315	3.0
1820	6328	4.0
1820	6357	4.0
1820	6418	4.0
1820	6534	4.0
1820	6582	4.0
1820	6640	3.0
1820	6774	4.0
1820	6829	4.0
1820	6902	3.0
1820	6940	4.0
1846	23	2.0
1846	202	5.0
1846	223	4.0
1846	274	4.0
1846	360	4.0
1846	535	4.0
1846	555	5.0
1846	557	5.0
1846	584	3.0
1846	698	5.0
1846	710	3.0
1846	738	5.0
1846	756	5.0
1846	827	4.0
1846	832	3.0
1846	934	2.0
1846	1125	2.0
1846	1144	4.0
1846	1157	4.0
1846	1161	4.0
1846	1193	3.0
1846	1235	2.0
1846	1247	4.0
1846	1414	3.0
1846	1664	3.0
1846	1771	5.0
1846	1834	3.0
1846	1887	2.0
1846	1905	5.0
1846	1915	4.0
1846	1971	2.0
1846	1976	3.0
1846	2098	4.0
1846	2154	4.0
1846	2168	2.0
1846	2202	4.0
1846	2245	5.0
1846	2254	4.0
1846	2320	3.0
1846	2326	5.0
1846	2494	2.0
1846	2535	1.0
1846	2549	5.0
1846	2574	5.0
1846	2714	3.0
1846	2717	5.0
1846	2856	3.0
1846	2859	5.0
1846	2877	3.0
1846	2938	4.0
1846	3145	4.0
1846	3224	3.0
1846	3236	3.0
1846	3302	1.0
1846	3363	3.0
1846	3373	4.0
1846	3378	3.0
1846	3419	4.0
1846	3430	5.0
1846	3623	3.0
1846	3627	4.0
1846	3650	4.0
1846	3695	4.0
1846	3706	3.0
1846	3722	5.0
1846	3852	2.0
1846	3862	1.0
1846	3922	4.0
1846	3955	4.0
1846	3991	3.0
1846	4018	1.0
1846	4068	1.0
1846	4180	1.0
1846	4208	5.0
1846	4214	3.0
1846	4251	3.0
1846	4315	5.0
1846	4385	5.0
1846	4390	4.0
1846	4462	3.0
1846	4695	3.0
1846	4729	3.0
1846	4743	5.0
1846	4803	5.0
1846	4911	5.0
1846	4930	5.0
1846	4957	3.0
1846	5037	4.0
1846	5098	4.0
1846	5100	4.0
1846	5177	1.0
1846	5199	3.0
1846	5213	3.0
1846	5217	5.0
1846	5362	5.0
1846	5382	4.0
1846	5453	5.0
1846	5464	2.0
1846	5467	5.0
1846	5663	1.0
1846	5667	3.0
1846	5792	3.0
1846	5873	4.0
1846	5898	4.0
1846	5910	3.0
1846	6247	5.0
1846	6262	2.0
1846	6269	5.0
1846	6375	3.0
1846	6409	3.0
1846	6456	3.0
1846	6654	4.0
1846	6682	5.0
1846	6690	3.0
1846	6706	3.0
1846	6708	1.0
1846	6722	2.0
1846	6904	3.0
1846	6955	4.0
1847	1	4.0
1847	31	5.0
1847	121	3.0
1847	192	3.0
1847	211	3.0
1847	237	4.0
1847	289	4.0
1847	341	4.0
1847	351	4.0
1847	417	4.0
1847	469	3.0
1847	483	2.0
1847	500	3.0
1847	585	3.0
1847	631	3.0
1847	689	4.0
1847	719	3.0
1847	804	3.0
1847	832	4.0
1847	897	4.0
1847	998	4.0
1847	1057	4.0
1847	1069	3.0
1847	1076	4.0
1847	1101	3.0
1847	1149	4.0
1847	1180	4.0
1847	1206	3.0
1847	1252	4.0
1847	1256	4.0
1847	1277	3.0
1847	1319	3.0
1847	1441	5.0
1847	1458	3.0
1847	1521	3.0
1847	1565	4.0
1847	1629	4.0
1847	1632	3.0
1847	1634	3.0
1847	1700	3.0
1847	1702	4.0
1847	1707	3.0
1847	1780	3.0
1847	1790	3.0
1847	1823	3.0
1847	1825	3.0
1847	1826	3.0
1847	1850	4.0
1847	1900	3.0
1847	1904	3.0
1847	1925	3.0
1847	1926	4.0
1847	1933	4.0
1847	2072	1.0
1847	2092	5.0
1847	2111	3.0
1847	2150	3.0
1847	2179	4.0
1847	2199	3.0
1847	2213	3.0
1847	2231	3.0
1847	2252	4.0
1847	2391	3.0
1847	2421	4.0
1847	2532	3.0
1847	2579	4.0
1847	2656	3.0
1847	2733	3.0
1847	2756	3.0
1847	2758	3.0
1847	2769	4.0
1847	2782	4.0
1847	2787	3.0
1847	2919	5.0
1847	2936	1.0
1847	2938	4.0
1847	2966	3.0
1847	3066	3.0
1847	3269	3.0
1847	3331	3.0
1847	3337	3.0
1847	3398	4.0
1847	3417	3.0
1847	3433	3.0
1847	3438	3.0
1847	3446	4.0
1847	3575	2.0
1847	3727	3.0
1847	3735	3.0
1847	3738	3.0
1847	3761	4.0
1847	3790	4.0
1847	3893	3.0
1847	3903	3.0
1847	3916	3.0
1847	3955	4.0
1847	3993	2.0
1847	4018	2.0
1847	4073	3.0
1847	4097	3.0
1847	4173	4.0
1847	4236	3.0
1847	4254	4.0
1847	4269	3.0
1847	4316	5.0
1847	4357	3.0
1847	4519	4.0
1847	4527	4.0
1847	4547	3.0
1847	4611	3.0
1847	4615	3.0
1847	4673	4.0
1847	4676	3.0
1847	4710	3.0
1847	4720	4.0
1847	4779	3.0
1847	4841	4.0
1847	4860	3.0
1847	4910	3.0
1847	4936	4.0
1847	5053	4.0
1847	5074	3.0
1847	5091	4.0
1847	5194	3.0
1847	5216	3.0
1847	5284	4.0
1847	5294	4.0
1847	5336	4.0
1847	5392	3.0
1847	5416	4.0
1847	5494	5.0
1847	5501	3.0
1847	5504	2.0
1847	5656	4.0
1847	5658	3.0
1847	5707	3.0
1847	5753	4.0
1847	5780	3.0
1847	5800	3.0
1847	5885	3.0
1847	5896	3.0
1847	5943	3.0
1847	5994	3.0
1847	6024	3.0
1847	6186	4.0
1847	6208	4.0
1847	6223	3.0
1847	6371	5.0
1847	6446	4.0
1847	6464	3.0
1847	6491	4.0
1847	6529	4.0
1847	6626	3.0
1847	6664	3.0
1847	6671	4.0
1847	6685	5.0
1847	6938	4.0
1864	48	3.0
1864	133	3.0
1864	141	4.0
1864	291	2.0
1864	341	4.0
1864	353	4.0
1864	369	4.0
1864	427	4.0
1864	535	4.0
1864	594	3.0
1864	605	4.0
1864	729	2.0
1864	817	4.0
1864	861	4.0
1864	1004	4.0
1864	1257	5.0
1864	1361	4.0
1864	1481	4.0
1864	1632	4.0
1864	1699	5.0
1864	1813	4.0
1864	1847	4.0
1864	2283	3.0
1864	2386	4.0
1864	2501	4.0
1864	2520	4.0
1864	2931	4.0
1864	3026	4.0
1864	3052	4.0
1864	3125	4.0
1864	3192	5.0
1864	3268	3.0
1864	3293	4.0
1864	3378	3.0
1864	3690	3.0
1864	3777	4.0
1864	3796	4.0
1864	3970	4.0
1864	4003	3.0
1864	4119	3.0
1864	4192	5.0
1864	4309	4.0
1864	4312	4.0
1864	4456	4.0
1864	4706	2.0
1864	4791	5.0
1864	4894	3.0
1864	4922	4.0
1864	4951	3.0
1864	5037	3.0
1864	5057	4.0
1864	5129	4.0
1864	5150	2.0
1864	5175	4.0
1864	5179	3.0
1864	5262	3.0
1864	5263	4.0
1864	5515	4.0
1864	5621	4.0
1864	5686	2.0
1864	5710	4.0
1864	5934	3.0
1864	6036	2.0
1864	6300	2.0
1864	6523	4.0
1864	6525	3.0
1864	6643	4.0
1864	6851	4.0
1888	180	4.0
1888	218	3.0
1888	236	3.0
1888	369	4.0
1888	500	4.0
1888	605	4.0
1888	708	3.0
1888	747	4.0
1888	1083	3.0
1888	1085	4.0
1888	1263	4.0
1888	1377	4.0
1888	1522	3.0
1888	1578	4.0
1888	1631	4.0
1888	1723	3.0
1888	1963	3.0
1888	2075	3.0
1888	2098	5.0
1888	2188	4.0
1888	2431	2.0
1888	2476	4.0
1888	3024	5.0
1888	3371	4.0
1888	3471	4.0
1888	3538	5.0
1888	3623	4.0
1888	3649	3.0
1888	3650	4.0
1888	3739	4.0
1888	3777	4.0
1888	3778	4.0
1888	3781	4.0
1888	3866	4.0
1888	4390	3.0
1888	4487	3.0
1888	4596	4.0
1888	4676	3.0
1888	4885	4.0
1888	4927	3.0
1888	4982	4.0
1888	5193	3.0
1888	5257	3.0
1888	5293	3.0
1888	5417	3.0
1888	5531	4.0
1888	5686	3.0
1888	5696	3.0
1888	6335	3.0
1888	6578	3.0
1888	6637	3.0
1888	6691	4.0
1888	6923	3.0
1888	6925	4.0
1890	25	5.0
1890	126	3.0
1890	215	5.0
1890	234	4.0
1890	254	5.0
1890	330	4.0
1890	396	4.0
1890	461	3.0
1890	477	3.0
1890	787	3.0
1890	795	4.0
1890	801	4.0
1890	809	4.0
1890	833	5.0
1890	939	5.0
1890	1030	4.0
1890	1070	3.0
1890	1077	4.0
1890	1135	3.0
1890	1139	3.0
1890	1209	3.0
1890	1216	3.0
1890	1226	5.0
1890	1233	4.0
1890	1427	3.0
1890	1482	3.0
1890	1585	4.0
1890	1608	4.0
1890	1642	3.0
1890	1700	3.0
1890	1776	5.0
1890	1798	2.0
1890	1813	5.0
1890	1881	3.0
1890	1899	4.0
1890	2089	5.0
1890	2098	5.0
1890	2110	3.0
1890	2111	3.0
1890	2159	3.0
1890	2177	1.0
1890	2186	3.0
1890	2287	4.0
1890	2300	3.0
1890	2460	4.0
1890	2599	4.0
1890	2602	3.0
1890	2606	4.0
1890	2625	5.0
1890	2630	4.0
1890	2698	3.0
1890	2787	4.0
1890	2874	5.0
1890	2884	4.0
1890	2886	5.0
1890	2901	4.0
1890	2902	3.0
1890	2929	3.0
1890	2940	4.0
1890	3083	3.0
1890	3084	4.0
1890	3193	4.0
1890	3194	3.0
1890	3284	3.0
1890	3305	1.0
1890	3396	3.0
1890	3437	2.0
1890	3551	3.0
1890	3620	3.0
1890	3715	5.0
1890	3731	5.0
1890	3773	4.0
1890	3792	3.0
1890	3803	3.0
1890	3829	4.0
1890	3876	5.0
1890	3909	4.0
1890	3923	3.0
1890	4143	5.0
1890	4201	4.0
1890	4212	4.0
1890	4284	5.0
1890	4289	4.0
1890	4309	4.0
1890	4339	3.0
1890	4360	4.0
1890	4465	4.0
1890	4469	4.0
1890	4480	3.0
1890	4483	4.0
1890	4485	3.0
1890	4508	3.0
1890	4523	4.0
1890	4635	4.0
1890	4691	4.0
1890	4709	3.0
1890	4922	4.0
1890	4929	4.0
1890	4947	3.0
1890	4951	3.0
1890	4980	3.0
1890	5010	3.0
1890	5013	4.0
1890	5015	4.0
1890	5057	5.0
1890	5067	4.0
1890	5082	4.0
1890	5129	4.0
1890	5204	3.0
1890	5269	5.0
1890	5311	4.0
1890	5323	5.0
1890	5326	4.0
1890	5416	4.0
1890	5423	5.0
1890	5503	3.0
1890	5512	3.0
1890	5552	3.0
1890	5686	3.0
1890	5720	4.0
1890	5778	4.0
1890	5936	3.0
1890	6009	3.0
1890	6018	3.0
1890	6057	4.0
1890	6105	4.0
1890	6161	4.0
1890	6163	3.0
1890	6172	3.0
1890	6182	5.0
1890	6280	4.0
1890	6387	5.0
1890	6513	4.0
1890	6544	5.0
1890	6624	4.0
1890	6630	4.0
1890	6731	5.0
1890	6752	4.0
1890	6774	4.0
1890	6792	4.0
1890	6813	3.0
1899	79	4.0
1899	129	3.0
1899	178	3.0
1899	189	2.0
1899	283	4.0
1899	323	5.0
1899	324	4.0
1899	475	3.0
1899	553	4.0
1899	564	5.0
1899	624	2.0
1899	681	5.0
1899	817	5.0
1899	821	5.0
1899	946	5.0
1899	947	1.0
1899	966	3.0
1899	1076	5.0
1899	1079	4.0
1899	1084	5.0
1899	1204	3.0
1899	1278	5.0
1899	1290	5.0
1899	1338	5.0
1899	1374	3.0
1899	1397	3.0
1899	1458	5.0
1899	1562	4.0
1899	1608	4.0
1899	1820	4.0
1899	1881	4.0
1899	1928	4.0
1899	1952	3.0
1899	2085	3.0
1899	2245	4.0
1899	2248	4.0
1899	2483	5.0
1899	2549	4.0
1899	2585	4.0
1899	2815	5.0
1899	2943	4.0
1899	3024	5.0
1899	3144	3.0
1899	3272	3.0
1899	3363	3.0
1899	3501	3.0
1899	3630	3.0
1899	3662	5.0
1899	3747	5.0
1899	3834	4.0
1899	3866	4.0
1899	3997	4.0
1899	4037	5.0
1899	4054	2.0
1899	4094	4.0
1899	4169	5.0
1899	4194	4.0
1899	4256	3.0
1899	4306	4.0
1899	4390	2.0
1899	4452	4.0
1899	4484	5.0
1899	4555	5.0
1899	4608	2.0
1899	4684	5.0
1899	4706	3.0
1899	4733	2.0
1899	5005	2.0
1899	5049	4.0
1899	5109	4.0
1899	5187	4.0
1899	5213	4.0
1899	5384	3.0
1899	5538	5.0
1899	5600	4.0
1899	5668	5.0
1899	5675	4.0
1899	5696	2.0
1899	5791	4.0
1899	5934	1.0
1899	5981	4.0
1899	5983	5.0
1899	6163	2.0
1899	6208	5.0
1899	6398	4.0
1899	6449	5.0
1899	6534	4.0
1899	6561	3.0
1899	6566	5.0
1899	6587	3.0
1899	6702	5.0
1899	6881	5.0
1899	6893	5.0
1938	266	4.0
1938	341	3.0
1938	433	3.0
1938	441	4.0
1938	453	2.0
1938	479	5.0
1938	483	3.0
1938	561	2.0
1938	568	3.0
1938	602	5.0
1938	609	4.0
1938	629	2.0
1938	678	5.0
1938	686	5.0
1938	706	2.0
1938	808	4.0
1938	836	3.0
1938	912	2.0
1938	970	3.0
1938	1055	3.0
1938	1077	4.0
1938	1127	4.0
1938	1177	3.0
1938	1193	3.0
1938	1235	5.0
1938	1319	4.0
1938	1397	3.0
1938	1400	4.0
1938	1403	3.0
1938	1537	4.0
1938	1552	4.0
1938	1611	5.0
1938	1677	4.0
1938	1732	4.0
1938	1738	2.0
1938	1774	4.0
1938	1791	4.0
1938	1819	3.0
1938	1834	5.0
1938	1847	4.0
1938	1861	4.0
1938	1866	3.0
1938	1914	4.0
1938	1941	4.0
1938	1951	2.0
1938	1963	3.0
1938	2015	3.0
1938	2177	1.0
1938	2188	2.0
1938	2197	2.0
1938	2220	3.0
1938	2235	5.0
1938	2283	4.0
1938	2339	5.0
1938	2384	3.0
1938	2531	5.0
1938	2573	5.0
1938	2612	3.0
1938	2711	5.0
1938	2717	4.0
1938	2756	4.0
1938	2819	3.0
1938	2856	4.0
1938	2940	4.0
1938	3007	3.0
1938	3026	4.0
1938	3066	2.0
1938	3118	5.0
1938	3202	4.0
1938	3294	5.0
1938	3371	4.0
1938	3410	3.0
1938	3483	3.0
1938	3523	4.0
1938	3600	3.0
1938	3649	4.0
1938	3755	4.0
1938	3778	4.0
1938	3780	4.0
1938	3873	3.0
1938	3905	3.0
1938	4042	3.0
1938	4074	4.0
1938	4083	5.0
1938	4134	4.0
1938	4135	2.0
1938	4186	4.0
1938	4190	5.0
1938	4380	4.0
1938	4397	3.0
1938	4419	4.0
1938	4442	4.0
1938	4469	4.0
1938	4477	3.0
1938	4480	3.0
1938	4523	4.0
1938	4533	3.0
1938	4618	3.0
1938	4635	4.0
1938	4647	3.0
1938	4781	5.0
1938	4854	3.0
1938	4971	3.0
1938	4994	5.0
1938	5018	4.0
1938	5047	3.0
1938	5079	3.0
1938	5150	3.0
1938	5163	3.0
1938	5207	3.0
1938	5213	4.0
1938	5258	3.0
1938	5269	5.0
1938	5387	3.0
1938	5430	2.0
1938	5501	2.0
1938	5505	2.0
1938	5566	5.0
1938	5579	4.0
1938	5592	2.0
1938	5659	4.0
1938	5667	4.0
1938	5707	2.0
1938	5712	5.0
1938	5748	4.0
1938	5805	3.0
1938	5836	3.0
1938	6082	2.0
1938	6203	2.0
1938	6265	4.0
1938	6370	5.0
1938	6721	4.0
1938	6739	3.0
1938	6808	4.0
1938	6820	2.0
1938	6851	5.0
1938	6852	5.0
1938	6879	3.0
1938	6935	4.0
1938	6953	3.0
1938	6955	4.0
1948	220	5.0
1948	235	3.0
1948	243	5.0
1948	300	5.0
1948	471	4.0
1948	581	4.0
1948	615	5.0
1948	683	3.0
1948	821	5.0
1948	1125	3.0
1948	1175	3.0
1948	1222	4.0
1948	1434	5.0
1948	1479	5.0
1948	1503	4.0
1948	1702	3.0
1948	1782	4.0
1948	1963	4.0
1948	2011	4.0
1948	2196	4.0
1948	2246	4.0
1948	2483	5.0
1948	2874	4.0
1948	2931	4.0
1948	3028	5.0
1948	3517	4.0
1948	3538	4.0
1948	3628	4.0
1948	3670	4.0
1948	3874	5.0
1948	3922	5.0
1948	4169	4.0
1948	4171	5.0
1948	4230	4.0
1948	4306	5.0
1948	4469	5.0
1948	4759	4.0
1948	4897	5.0
1948	4927	5.0
1948	4982	5.0
1948	5258	3.0
1948	5355	4.0
1948	5386	4.0
1948	5718	4.0
1948	5873	5.0
1948	5918	2.0
1948	6145	5.0
1948	6199	4.0
1948	6253	4.0
1948	6396	4.0
1948	6539	3.0
1948	6922	4.0
1968	80	4.0
1968	209	3.0
1968	233	3.0
1968	257	3.0
1968	310	5.0
1968	371	3.0
1968	438	5.0
1968	474	3.0
1968	520	5.0
1968	590	5.0
1968	613	3.0
1968	615	5.0
1968	618	5.0
1968	620	5.0
1968	649	5.0
1968	662	5.0
1968	784	5.0
1968	821	5.0
1968	836	2.0
1968	857	3.0
1968	858	3.0
1968	891	4.0
1968	921	3.0
1968	942	4.0
1968	1024	3.0
1968	1073	3.0
1968	1127	3.0
1968	1350	2.0
1968	1441	5.0
1968	1479	3.0
1968	1515	3.0
1968	1662	4.0
1968	1740	4.0
1968	1779	3.0
1968	1834	1.0
1968	2036	3.0
1968	2042	3.0
1968	2123	5.0
1968	2161	3.0
1968	2180	5.0
1968	2371	5.0
1968	2605	3.0
1968	2805	5.0
1968	2814	4.0
1968	2815	5.0
1968	2825	4.0
1968	2843	1.0
1968	2906	3.0
1968	2949	1.0
1968	3052	3.0
1968	3089	3.0
1968	3129	3.0
1968	3130	5.0
1968	3133	4.0
1968	3281	3.0
1968	3296	2.0
1968	3331	3.0
1968	3456	5.0
1968	3508	3.0
1968	3517	5.0
1968	3543	3.0
1968	3568	2.0
1968	3616	2.0
1968	3622	4.0
1968	3692	3.0
1968	3745	5.0
1968	3911	5.0
1968	3942	5.0
1968	3993	2.0
1968	4006	4.0
1968	4109	5.0
1968	4121	5.0
1968	4128	3.0
1968	4130	5.0
1968	4137	4.0
1968	4141	5.0
1968	4168	3.0
1968	4203	3.0
1968	4305	2.0
1968	4345	5.0
1968	4349	3.0
1968	4359	2.0
1968	4392	3.0
1968	4453	5.0
1968	4553	2.0
1968	4808	3.0
1968	4820	5.0
1968	4840	3.0
1968	4851	2.0
1968	4853	5.0
1968	4884	4.0
1968	4900	5.0
1968	4927	5.0
1968	5145	3.0
1968	5175	5.0
1968	5256	3.0
1968	5263	3.0
1968	5269	4.0
1968	5304	3.0
1968	5518	5.0
1968	5534	2.0
1968	5548	5.0
1968	5671	4.0
1968	5693	2.0
1968	5741	5.0
1968	5792	1.0
1968	5842	2.0
1968	5885	4.0
1968	5937	3.0
1968	5939	4.0
1968	5977	5.0
1968	5991	3.0
1968	6033	3.0
1968	6075	5.0
1968	6104	3.0
1968	6223	3.0
1968	6229	3.0
1968	6265	3.0
1968	6273	2.0
1968	6307	4.0
1968	6409	4.0
1968	6463	5.0
1968	6472	3.0
1968	6578	2.0
1968	6601	3.0
1968	6613	4.0
1968	6625	5.0
1968	6667	2.0
1968	6863	2.0
1968	6885	3.0
1968	6956	4.0
1968	6962	4.0
1974	106	5.0
1974	117	3.0
1974	296	4.0
1974	787	4.0
1974	988	4.0
1974	1071	4.0
1974	1642	4.0
1974	1653	5.0
1974	1782	4.0
1974	1899	5.0
1974	1914	4.0
1974	1999	3.0
1974	2075	3.0
1974	2269	5.0
1974	2283	3.0
1974	2384	4.0
1974	2427	4.0
1974	2461	4.0
1974	2602	3.0
1974	2736	3.0
1974	2901	5.0
1974	3060	4.0
1974	3136	3.0
1974	3147	4.0
1974	3234	5.0
1974	3581	4.0
1974	3792	4.0
1974	3818	5.0
1974	3912	4.0
1974	4285	4.0
1974	4349	5.0
1974	4511	5.0
1974	4673	3.0
1974	4706	3.0
1974	4852	4.0
1974	4927	5.0
1974	5049	4.0
1974	5100	3.0
1974	5251	5.0
1974	5985	4.0
1974	6161	3.0
1974	6300	4.0
1974	6724	3.0
1974	6752	4.0
1974	6774	5.0
1991	350	4.0
1991	483	3.0
1991	557	4.0
1991	629	3.0
1991	929	4.0
1991	1175	3.0
1991	1248	5.0
1991	1355	4.0
1991	1776	5.0
1991	1881	3.0
1991	2135	4.0
1991	2282	3.0
1991	2501	4.0
1991	2522	4.0
1991	2528	4.0
1991	3026	5.0
1991	3125	4.0
1991	3235	4.0
1991	3263	4.0
1991	3269	4.0
1991	3486	4.0
1991	3649	3.0
1991	3781	5.0
1991	4323	4.0
1991	4446	5.0
1991	4453	5.0
1991	4706	4.0
1991	4808	3.0
1991	4894	4.0
1991	5040	3.0
1991	5049	3.0
1991	5507	3.0
1991	5534	3.0
1991	5719	3.0
1991	5873	5.0
1991	5928	4.0
1991	5934	3.0
1991	5987	5.0
1991	6214	3.0
1991	6439	3.0
1991	6720	3.0
1991	6770	3.0
1991	6952	4.0
1996	96	4.0
1996	103	5.0
1996	220	5.0
1996	229	4.0
1996	310	3.0
1996	341	3.0
1996	372	5.0
1996	466	2.0
1996	579	4.0
1996	821	5.0
1996	832	5.0
1996	931	5.0
1996	1030	3.0
1996	1145	3.0
1996	1161	2.0
1996	1295	3.0
1996	1300	3.0
1996	1505	4.0
1996	1578	3.0
1996	1601	3.0
1996	1603	3.0
1996	1628	4.0
1996	1653	5.0
1996	1701	4.0
1996	1745	4.0
1996	2033	5.0
1996	2035	4.0
1996	2135	4.0
1996	2197	3.0
1996	2236	4.0
1996	2350	5.0
1996	2361	4.0
1996	2394	5.0
1996	2434	4.0
1996	2514	4.0
1996	2573	4.0
1996	2606	4.0
1996	2616	4.0
1996	2619	5.0
1996	2693	5.0
1996	2696	2.0
1996	2717	5.0
1996	2756	3.0
1996	2759	5.0
1996	2810	4.0
1996	3056	3.0
1996	3093	2.0
1996	3129	4.0
1996	3269	4.0
1996	3270	3.0
1996	3377	3.0
1996	3423	2.0
1996	3440	4.0
1996	3471	5.0
1996	3676	4.0
1996	3739	5.0
1996	3755	3.0
1996	3773	4.0
1996	3779	3.0
1996	3792	3.0
1996	3838	5.0
1996	3844	4.0
1996	3976	4.0
1996	4037	3.0
1996	4054	5.0
1996	4083	5.0
1996	4169	4.0
1996	4284	4.0
1996	4340	3.0
1996	4416	5.0
1996	4513	2.0
1996	4592	3.0
1996	4594	3.0
1996	4665	3.0
1996	4684	4.0
1996	4740	5.0
1996	4857	5.0
1996	4953	3.0
1996	5109	4.0
1996	5311	5.0
1996	5398	5.0
1996	5595	4.0
1996	5873	5.0
1996	5879	3.0
1996	5881	5.0
1996	5995	3.0
1996	6200	4.0
1996	6456	5.0
1996	6617	4.0
1996	6635	3.0
1996	6659	4.0
1996	6691	5.0
1996	6727	5.0
1996	6770	4.0
1996	6780	4.0
1996	6927	5.0
1996	6956	5.0
1998	101	5.0
1998	183	4.0
1998	236	3.0
1998	362	4.0
1998	372	4.0
1998	427	5.0
1998	533	3.0
1998	552	4.0
1998	818	5.0
1998	872	4.0
1998	887	3.0
1998	940	3.0
1998	961	4.0
1998	1030	4.0
1998	1076	5.0
1998	1248	4.0
1998	1266	3.0
1998	1488	5.0
1998	1506	4.0
1998	1513	4.0
1998	1617	4.0
1998	1739	3.0
1998	1779	4.0
1998	1826	4.0
1998	1840	4.0
1998	2025	4.0
1998	2093	4.0
1998	2123	5.0
1998	2230	3.0
1998	2285	3.0
1998	2289	4.0
1998	2320	5.0
1998	2758	4.0
1998	2797	3.0
1998	2845	3.0
1998	3024	5.0
1998	3096	5.0
1998	3099	4.0
1998	3100	5.0
1998	3269	4.0
1998	3309	4.0
1998	3310	4.0
1998	3331	5.0
1998	3344	3.0
1998	3378	5.0
1998	3423	4.0
1998	3433	4.0
1998	3570	5.0
1998	3593	4.0
1998	3655	5.0
1998	3658	5.0
1998	3737	4.0
1998	3779	5.0
1998	3794	3.0
1998	3804	4.0
1998	3821	5.0
1998	3996	4.0
1998	4025	4.0
1998	4067	4.0
1998	4109	5.0
1998	4135	4.0
1998	4164	5.0
1998	4169	4.0
1998	4207	4.0
1998	4236	5.0
1998	4272	4.0
1998	4324	3.0
1998	4358	3.0
1998	4381	4.0
1998	4635	5.0
1998	4685	5.0
1998	4729	3.0
1998	4894	5.0
1998	4916	3.0
1998	4925	4.0
1998	4927	5.0
1998	5394	4.0
1998	5440	4.0
1998	5493	3.0
1998	5494	5.0
1998	5566	5.0
1998	5662	5.0
1998	5746	3.0
1998	5849	5.0
1998	5909	4.0
1998	6109	4.0
1998	6147	4.0
1998	6198	4.0
1998	6253	5.0
1998	6273	5.0
1998	6384	4.0
1998	6469	4.0
1998	6608	4.0
1998	6664	4.0
1998	6705	3.0
1998	6731	5.0
1998	6871	4.0
2008	30	4.0
2008	70	3.0
2008	99	4.0
2008	101	4.0
2008	176	3.0
2008	243	4.0
2008	276	4.0
2008	417	4.0
2008	601	4.0
2008	605	3.0
2008	624	4.0
2008	649	4.0
2008	711	4.0
2008	808	4.0
2008	817	4.0
2008	912	3.0
2008	919	3.0
2008	921	3.0
2008	1001	5.0
2008	1074	3.0
2008	1162	3.0
2008	1266	4.0
2008	1319	4.0
2008	1396	4.0
2008	1563	4.0
2008	1625	3.0
2008	1682	4.0
2008	1728	4.0
2008	1738	3.0
2008	1740	3.0
2008	1793	4.0
2008	1819	3.0
2008	1826	5.0
2008	1850	4.0
2008	1875	3.0
2008	1899	3.0
2008	2015	4.0
2008	2028	3.0
2008	2089	3.0
2008	2151	4.0
2008	2179	4.0
2008	2188	4.0
2008	2207	3.0
2008	2217	3.0
2008	2242	3.0
2008	2262	3.0
2008	2274	3.0
2008	2311	4.0
2008	2320	3.0
2008	2325	3.0
2008	2386	4.0
2008	2419	4.0
2008	2462	3.0
2008	2509	3.0
2008	2678	3.0
2008	2714	4.0
2008	2806	3.0
2008	2900	3.0
2008	2955	4.0
2008	3007	4.0
2008	3024	3.0
2008	3025	3.0
2008	3121	4.0
2008	3138	3.0
2008	3269	3.0
2008	3295	3.0
2008	3309	4.0
2008	3318	4.0
2008	3403	4.0
2008	3427	5.0
2008	3517	4.0
2008	3543	3.0
2008	3594	3.0
2008	3630	4.0
2008	3690	3.0
2008	3741	3.0
2008	3743	4.0
2008	3773	3.0
2008	3794	3.0
2008	3796	4.0
2008	3874	4.0
2008	3876	3.0
2008	4006	3.0
2008	4063	4.0
2008	4094	3.0
2008	4140	4.0
2008	4180	3.0
2008	4188	4.0
2008	4200	3.0
2008	4286	3.0
2008	4394	3.0
2008	4457	4.0
2008	4523	3.0
2008	4550	4.0
2008	4592	4.0
2008	4676	3.0
2008	4684	3.0
2008	4738	4.0
2008	4781	3.0
2008	4927	3.0
2008	4982	4.0
2008	4993	4.0
2008	5082	3.0
2008	5150	3.0
2008	5264	3.0
2008	5286	4.0
2008	5394	5.0
2008	5457	3.0
2008	5494	4.0
2008	5514	3.0
2008	5534	3.0
2008	5543	4.0
2008	5662	4.0
2008	5663	4.0
2008	5712	5.0
2008	5886	3.0
2008	5888	4.0
2008	5896	2.0
2008	6145	4.0
2008	6175	4.0
2008	6196	3.0
2008	6208	3.0
2008	6273	4.0
2008	6287	4.0
2008	6302	3.0
2008	6383	4.0
2008	6498	3.0
2008	6682	4.0
2008	6685	4.0
2008	6774	4.0
2008	6819	4.0
2008	6821	3.0
2008	6877	4.0
2008	6923	4.0
2008	6963	4.0
2020	30	4.0
2020	176	3.0
2020	178	3.0
2020	195	3.0
2020	358	3.0
2020	433	4.0
2020	496	4.0
2020	529	3.0
2020	829	4.0
2020	853	3.0
2020	858	4.0
2020	939	4.0
2020	1012	4.0
2020	1023	3.0
2020	1079	4.0
2020	1095	4.0
2020	1113	4.0
2020	1162	3.0
2020	1175	3.0
2020	1281	4.0
2020	1294	3.0
2020	1316	3.0
2020	1317	3.0
2020	1319	3.0
2020	1328	3.0
2020	1384	4.0
2020	1518	5.0
2020	1623	3.0
2020	1653	4.0
2020	1677	4.0
2020	1766	4.0
2020	1791	4.0
2020	1847	3.0
2020	1876	5.0
2020	1898	4.0
2020	2007	4.0
2020	2092	4.0
2020	2109	3.0
2020	2152	4.0
2020	2241	4.0
2020	2275	3.0
2020	2279	3.0
2020	2360	3.0
2020	2371	3.0
2020	2376	3.0
2020	2391	2.0
2020	2475	4.0
2020	2517	3.0
2020	2563	2.0
2020	2598	2.0
2020	2601	3.0
2020	2633	4.0
2020	2695	3.0
2020	2787	4.0
2020	2788	4.0
2020	2829	4.0
2020	2838	4.0
2020	2929	3.0
2020	2986	4.0
2020	2996	4.0
2020	3001	3.0
2020	3019	2.0
2020	3028	5.0
2020	3056	3.0
2020	3140	3.0
2020	3157	3.0
2020	3230	4.0
2020	3244	3.0
2020	3281	3.0
2020	3294	3.0
2020	3303	4.0
2020	3357	3.0
2020	3370	3.0
2020	3406	4.0
2020	3439	3.0
2020	3580	4.0
2020	3643	3.0
2020	3712	5.0
2020	3723	3.0
2020	3756	4.0
2020	3760	3.0
2020	3828	3.0
2020	3897	3.0
2020	3913	1.0
2020	3964	3.0
2020	4048	3.0
2020	4109	5.0
2020	4123	4.0
2020	4159	3.0
2020	4215	5.0
2020	4230	4.0
2020	4239	4.0
2020	4241	4.0
2020	4333	3.0
2020	4340	4.0
2020	4562	3.0
2020	4607	3.0
2020	4608	3.0
2020	4616	4.0
2020	4729	3.0
2020	4776	4.0
2020	4898	3.0
2020	4914	4.0
2020	4924	5.0
2020	4970	3.0
2020	5048	2.0
2020	5196	4.0
2020	5214	3.0
2020	5247	3.0
2020	5293	4.0
2020	5322	5.0
2020	5328	5.0
2020	5471	4.0
2020	5492	3.0
2020	5582	4.0
2020	5640	3.0
2020	5674	4.0
2020	5699	2.0
2020	5705	4.0
2020	5719	3.0
2020	5764	5.0
2020	5825	4.0
2020	5858	4.0
2020	5875	4.0
2020	5953	4.0
2020	5993	4.0
2020	6006	3.0
2020	6043	3.0
2020	6202	4.0
2020	6211	4.0
2020	6217	4.0
2020	6244	1.0
2020	6248	4.0
2020	6479	4.0
2020	6672	4.0
2020	6679	4.0
2020	6792	3.0
2020	6863	3.0
2020	6881	4.0
2020	6920	3.0
2020	6931	3.0
2020	6955	4.0
2030	7	3.0
2030	20	4.0
2030	67	3.0
2030	70	5.0
2030	174	4.0
2030	238	5.0
2030	351	3.0
2030	396	3.0
2030	445	5.0
2030	577	3.0
2030	612	3.0
2030	709	4.0
2030	728	3.0
2030	793	5.0
2030	860	3.0
2030	912	4.0
2030	1026	4.0
2030	1058	5.0
2030	1204	3.0
2030	1243	4.0
2030	1272	5.0
2030	1294	5.0
2030	1300	4.0
2030	1350	3.0
2030	1375	4.0
2030	1399	3.0
2030	1427	3.0
2030	1532	3.0
2030	1534	3.0
2030	1642	2.0
2030	1653	4.0
2030	1662	3.0
2030	1663	3.0
2030	1798	3.0
2030	1839	3.0
2030	1878	5.0
2030	1881	3.0
2030	1966	5.0
2030	2042	4.0
2030	2075	4.0
2030	2076	3.0
2030	2279	4.0
2030	2282	3.0
2030	2283	3.0
2030	2294	5.0
2030	2304	3.0
2030	2356	4.0
2030	2361	4.0
2030	2431	3.0
2030	2483	5.0
2030	2541	5.0
2030	2606	4.0
2030	2772	5.0
2030	2794	4.0
2030	3122	3.0
2030	3185	3.0
2030	3315	3.0
2030	3317	4.0
2030	3378	3.0
2030	3421	3.0
2030	3633	4.0
2030	3649	4.0
2030	3680	3.0
2030	3746	3.0
2030	3831	4.0
2030	3848	4.0
2030	3873	4.0
2030	3900	3.0
2030	3917	4.0
2030	3936	3.0
2030	3961	2.0
2030	4010	5.0
2030	4063	5.0
2030	4073	3.0
2030	4151	5.0
2030	4322	3.0
2030	4324	3.0
2030	4338	3.0
2030	4424	5.0
2030	4501	3.0
2030	4524	4.0
2030	4544	3.0
2030	4611	3.0
2030	4612	5.0
2030	4617	4.0
2030	4628	4.0
2030	4665	5.0
2030	4668	2.0
2030	4717	3.0
2030	4765	4.0
2030	4770	3.0
2030	4852	3.0
2030	4981	5.0
2030	5213	4.0
2030	5282	4.0
2030	5333	3.0
2030	5369	5.0
2030	5452	2.0
2030	5454	3.0
2030	5493	3.0
2030	5544	4.0
2030	5688	4.0
2030	5781	4.0
2030	5962	4.0
2030	6011	4.0
2030	6041	3.0
2030	6123	3.0
2030	6159	5.0
2030	6197	3.0
2030	6210	3.0
2030	6252	4.0
2030	6416	3.0
2030	6544	4.0
2030	6704	5.0
2030	6730	4.0
2030	6786	5.0
2030	6802	4.0
2030	6875	4.0
2045	96	4.0
2045	220	5.0
2045	236	3.0
2045	276	4.0
2045	339	4.0
2045	347	3.0
2045	356	4.0
2045	475	5.0
2045	500	4.0
2045	524	4.0
2045	569	4.0
2045	618	5.0
2045	649	4.0
2045	656	4.0
2045	681	4.0
2045	887	4.0
2045	913	3.0
2045	1162	4.0
2045	1249	4.0
2045	1270	4.0
2045	1483	4.0
2045	1503	3.0
2045	1628	4.0
2045	1631	3.0
2045	1653	4.0
2045	1683	4.0
2045	1743	4.0
2045	1757	3.0
2045	1776	4.0
2045	1777	4.0
2045	1781	4.0
2045	1815	3.0
2045	1894	4.0
2045	2014	4.0
2045	2017	3.0
2045	2070	4.0
2045	2089	5.0
2045	2132	3.0
2045	2148	4.0
2045	2225	5.0
2045	2269	4.0
2045	2326	4.0
2045	2430	4.0
2045	2458	4.0
2045	2462	5.0
2045	2501	3.0
2045	2535	3.0
2045	2611	4.0
2045	2657	4.0
2045	2786	4.0
2045	2792	4.0
2045	2859	5.0
2045	2876	4.0
2045	2901	3.0
2045	2976	3.0
2045	3016	3.0
2045	3026	4.0
2045	3033	4.0
2045	3100	3.0
2045	3102	4.0
2045	3294	4.0
2045	3297	3.0
2045	3422	4.0
2045	3454	5.0
2045	3517	4.0
2045	3538	5.0
2045	3555	1.0
2045	3564	4.0
2045	3649	4.0
2045	3650	4.0
2045	3678	3.0
2045	3690	3.0
2045	3796	4.0
2045	3933	4.0
2045	3955	4.0
2045	3964	3.0
2045	4053	4.0
2045	4077	4.0
2045	4110	4.0
2045	4173	3.0
2045	4192	4.0
2045	4230	3.0
2045	4236	3.0
2045	4307	4.0
2045	4315	4.0
2045	4344	4.0
2045	4349	4.0
2045	4399	3.0
2045	4421	4.0
2045	4519	4.0
2045	4538	3.0
2045	4617	3.0
2045	4631	4.0
2045	4643	4.0
2045	4860	3.0
2045	4926	4.0
2045	4927	5.0
2045	4929	4.0
2045	4938	4.0
2045	5099	5.0
2045	5124	4.0
2045	5154	3.0
2045	5178	4.0
2045	5187	3.0
2045	5193	1.0
2045	5283	3.0
2045	5294	4.0
2045	5317	4.0
2045	5328	5.0
2045	5341	4.0
2045	5424	3.0
2045	5445	4.0
2045	5468	4.0
2045	5479	3.0
2045	5507	3.0
2045	5606	4.0
2045	5621	4.0
2045	5663	4.0
2045	5696	3.0
2045	5780	4.0
2045	5781	4.0
2045	5868	4.0
2045	5944	4.0
2045	5991	4.0
2045	6071	4.0
2045	6145	4.0
2045	6147	4.0
2045	6148	4.0
2045	6207	4.0
2045	6208	5.0
2045	6301	3.0
2045	6311	4.0
2045	6327	4.0
2045	6483	4.0
2045	6522	4.0
2045	6538	3.0
2045	6809	4.0
2045	6865	4.0
2045	6935	4.0
2045	6947	3.0
2045	6949	4.0
2045	6956	5.0
2045	6957	4.0
2049	69	5.0
2049	175	5.0
2049	223	5.0
2049	236	3.0
2049	339	4.0
2049	500	5.0
2049	611	5.0
2049	649	5.0
2049	653	5.0
2049	816	5.0
2049	818	4.0
2049	863	4.0
2049	939	5.0
2049	994	4.0
2049	1070	5.0
2049	1129	3.0
2049	1166	5.0
2049	1177	5.0
2049	1294	5.0
2049	1336	5.0
2049	1840	5.0
2049	1853	5.0
2049	1876	5.0
2049	1939	3.0
2049	2029	5.0
2049	2098	5.0
2049	2114	4.0
2049	2220	5.0
2049	2242	5.0
2049	2278	4.0
2049	2298	4.0
2049	2384	4.0
2049	2421	5.0
2049	2447	4.0
2049	2481	5.0
2049	2565	5.0
2049	2601	4.0
2049	2628	4.0
2049	2772	5.0
2049	2806	4.0
2049	3024	5.0
2049	3151	4.0
2049	3270	5.0
2049	3296	5.0
2049	3309	5.0
2049	3405	4.0
2049	3419	5.0
2049	3497	5.0
2049	3563	4.0
2049	3587	5.0
2049	3680	3.0
2049	3692	5.0
2049	3777	5.0
2049	3911	5.0
2049	3953	5.0
2049	3961	3.0
2049	4039	4.0
2049	4067	5.0
2049	4083	5.0
2049	4152	5.0
2049	4169	5.0
2049	4171	5.0
2049	4180	4.0
2049	4203	4.0
2049	4264	4.0
2049	4349	5.0
2049	4365	5.0
2049	4390	4.0
2049	4442	5.0
2049	4477	5.0
2049	4522	5.0
2049	4706	4.0
2049	4781	4.0
2049	4927	5.0
2049	4932	5.0
2049	5057	5.0
2049	5124	5.0
2049	5154	4.0
2049	5386	5.0
2049	5566	5.0
2049	5633	3.0
2049	5782	4.0
2049	5896	5.0
2049	5920	4.0
2049	5928	5.0
2049	6190	5.0
2049	6328	5.0
2049	6370	5.0
2049	6396	3.0
2049	6476	5.0
2049	6487	5.0
2049	6679	5.0
2049	6685	5.0
2049	6952	5.0
2049	6954	5.0
2071	1	5.0
2071	3	5.0
2071	13	3.0
2071	87	5.0
2071	101	4.0
2071	194	3.0
2071	238	5.0
2071	287	3.0
2071	470	4.0
2071	492	4.0
2071	500	4.0
2071	612	3.0
2071	783	1.0
2071	806	5.0
2071	1111	3.0
2071	1117	3.0
2071	1175	4.0
2071	1300	3.0
2071	1307	5.0
2071	1397	3.0
2071	1419	4.0
2071	1437	3.0
2071	1488	5.0
2071	1506	3.0
2071	1532	3.0
2071	1543	4.0
2071	1607	3.0
2071	1738	3.0
2071	1813	5.0
2071	1922	5.0
2071	1928	3.0
2071	1975	3.0
2071	2115	4.0
2071	2120	4.0
2071	2282	2.0
2071	2302	5.0
2071	2509	4.0
2071	2684	3.0
2071	2714	4.0
2071	2823	3.0
2071	2907	5.0
2071	3125	4.0
2071	3162	3.0
2071	3213	4.0
2071	3233	4.0
2071	3417	3.0
2071	3423	4.0
2071	3585	3.0
2071	3598	4.0
2071	3645	4.0
2071	3710	2.0
2071	3777	4.0
2071	3785	3.0
2071	3848	4.0
2071	3870	2.0
2071	3891	4.0
2071	3905	3.0
2071	3910	3.0
2071	3955	5.0
2071	3963	4.0
2071	4021	3.0
2071	4053	4.0
2071	4229	3.0
2071	4251	4.0
2071	4346	3.0
2071	4358	3.0
2071	4507	3.0
2071	4608	1.0
2071	4617	2.0
2071	4644	5.0
2071	4784	4.0
2071	4830	3.0
2071	4851	3.0
2071	4927	5.0
2071	4947	2.0
2071	4997	3.0
2071	5012	4.0
2071	5058	4.0
2071	5124	5.0
2071	5143	3.0
2071	5178	4.0
2071	5193	2.0
2071	5201	3.0
2071	5258	5.0
2071	5386	4.0
2071	5468	4.0
2071	5572	5.0
2071	5581	4.0
2071	5715	3.0
2071	5789	3.0
2071	5934	3.0
2071	5936	4.0
2071	6082	3.0
2071	6174	5.0
2071	6190	5.0
2071	6201	5.0
2071	6370	4.0
2071	6610	3.0
2071	6643	3.0
2071	6695	3.0
2071	6705	3.0
2071	6770	3.0
2071	6777	4.0
2071	6879	4.0
2071	6955	5.0
2076	510	5.0
2076	818	5.0
2076	1056	5.0
2076	1233	5.0
2076	1263	5.0
2076	1432	5.0
2076	1826	5.0
2076	2038	5.0
2076	2326	5.0
2076	2427	5.0
2076	2492	5.0
2076	2515	5.0
2076	3102	5.0
2076	3153	5.0
2076	3331	5.0
2076	3417	5.0
2076	3449	5.0
2076	3517	5.0
2076	3670	5.0
2076	3679	5.0
2076	3781	5.0
2076	3834	5.0
2076	3993	5.0
2076	4169	5.0
2076	4555	5.0
2076	4781	5.0
2076	4800	5.0
2076	5124	5.0
2076	5304	5.0
2076	5503	5.0
2076	5592	5.0
2076	5639	5.0
2076	5698	5.0
2076	6273	5.0
2076	6384	5.0
2076	6538	5.0
2076	6664	5.0
2076	6682	5.0
2076	6748	5.0
2076	6877	5.0
2076	6881	5.0
2112	7	4.0
2112	141	3.0
2112	233	4.0
2112	613	4.0
2112	632	4.0
2112	768	3.0
2112	776	4.0
2112	829	5.0
2112	835	5.0
2112	884	4.0
2112	907	3.0
2112	948	3.0
2112	1079	4.0
2112	1274	3.0
2112	1281	3.0
2112	1329	3.0
2112	1430	5.0
2112	1472	3.0
2112	1513	5.0
2112	1563	4.0
2112	1597	4.0
2112	1733	3.0
2112	1736	3.0
2112	1760	4.0
2112	1866	3.0
2112	1881	3.0
2112	2018	3.0
2112	2052	3.0
2112	2132	4.0
2112	2186	3.0
2112	2188	3.0
2112	2252	4.0
2112	2268	5.0
2112	2292	3.0
2112	2298	5.0
2112	2353	3.0
2112	2421	5.0
2112	2496	4.0
2112	2565	5.0
2112	2848	5.0
2112	2872	4.0
2112	3014	3.0
2112	3025	5.0
2112	3066	4.0
2112	3202	3.0
2112	3268	4.0
2112	3320	3.0
2112	3365	4.0
2112	3386	3.0
2112	3410	3.0
2112	3427	3.0
2112	3434	3.0
2112	3437	2.0
2112	3449	5.0
2112	3568	2.0
2112	3570	4.0
2112	3630	3.0
2112	3778	4.0
2112	3873	4.0
2112	3909	3.0
2112	3961	3.0
2112	3981	4.0
2112	4025	5.0
2112	4027	4.0
2112	4037	5.0
2112	4053	4.0
2112	4068	4.0
2112	4080	3.0
2112	4083	5.0
2112	4180	3.0
2112	4340	5.0
2112	4460	4.0
2112	4464	3.0
2112	4649	3.0
2112	4676	4.0
2112	4727	4.0
2112	4774	4.0
2112	4781	4.0
2112	4791	3.0
2112	4821	3.0
2112	4922	3.0
2112	4926	4.0
2112	4953	4.0
2112	5160	4.0
2112	5163	4.0
2112	5258	4.0
2112	5385	4.0
2112	5386	3.0
2112	5510	3.0
2112	5515	3.0
2112	5560	3.0
2112	5646	3.0
2112	5666	4.0
2112	5881	4.0
2112	5936	3.0
2112	5943	4.0
2112	6035	3.0
2112	6082	3.0
2112	6209	4.0
2112	6286	3.0
2112	6329	3.0
2112	6340	3.0
2112	6370	5.0
2112	6517	4.0
2112	6578	3.0
2112	6580	4.0
2112	6614	3.0
2112	6672	4.0
2112	6803	4.0
2112	6851	5.0
2112	6878	4.0
2112	6881	4.0
2112	6946	4.0
2236	368	3.0
2236	614	4.0
2236	637	3.0
2236	638	3.0
2236	682	4.0
2236	804	3.0
2236	817	4.0
2236	821	4.0
2236	900	4.0
2236	913	4.0
2236	1372	2.0
2236	1813	5.0
2236	2275	3.0
2236	2320	3.0
2236	2321	5.0
2236	2361	5.0
2236	2460	4.0
2236	2765	3.0
2236	2827	3.0
2236	3462	4.0
2236	3630	3.0
2236	3754	4.0
2236	3762	4.0
2236	3794	3.0
2236	3825	4.0
2236	4018	2.0
2236	4020	4.0
2236	4053	4.0
2236	4073	4.0
2236	4083	5.0
2236	4090	4.0
2236	4178	3.0
2236	4180	3.0
2236	4295	4.0
2236	4309	5.0
2236	4684	5.0
2236	4865	3.0
2236	4934	4.0
2236	4982	5.0
2236	5071	4.0
2236	5256	3.0
2236	5294	5.0
2236	6002	4.0
2236	6175	4.0
2236	6387	3.0
2236	6772	4.0
2236	6852	4.0
2258	500	4.0
2258	545	4.0
2258	1094	2.0
2258	1377	5.0
2258	1706	3.0
2258	1782	5.0
2258	1881	4.0
2258	2421	3.0
2258	2561	4.0
2258	3378	5.0
2258	3473	5.0
2258	3587	5.0
2258	4269	3.0
2258	4291	2.0
2258	4323	3.0
2258	4462	3.0
2258	4523	4.0
2258	4705	3.0
2258	4898	3.0
2258	5018	4.0
2258	5050	3.0
2258	5802	5.0
2258	5928	3.0
2258	6105	5.0
2258	6197	3.0
2258	6208	4.0
2258	6794	5.0
2343	126	4.0
2343	243	4.0
2343	319	3.0
2343	358	4.0
2343	399	4.0
2343	533	2.0
2343	595	4.0
2343	706	4.0
2343	746	4.0
2343	772	5.0
2343	794	4.0
2343	912	5.0
2343	926	3.0
2343	936	4.0
2343	980	3.0
2343	1058	4.0
2343	1094	3.0
2343	1100	2.0
2343	1203	4.0
2343	1226	4.0
2343	1247	4.0
2343	1448	3.0
2343	1753	4.0
2343	1782	3.0
2343	1802	5.0
2343	1813	4.0
2343	1997	3.0
2343	2028	4.0
2343	2037	4.0
2343	2052	3.0
2343	2128	3.0
2343	2144	4.0
2343	2159	3.0
2343	2167	5.0
2343	2184	1.0
2343	2283	3.0
2343	2322	3.0
2343	2431	3.0
2343	2443	4.0
2343	2790	2.0
2343	2841	3.0
2343	2842	3.0
2343	2886	3.0
2343	3026	5.0
2343	3045	5.0
2343	3046	5.0
2343	3157	4.0
2343	3240	3.0
2343	3241	3.0
2343	3319	5.0
2343	3417	5.0
2343	3427	3.0
2343	3454	4.0
2343	3551	3.0
2343	3564	4.0
2343	3680	3.0
2343	3689	3.0
2343	3723	3.0
2343	3779	5.0
2343	3803	2.0
2343	3910	4.0
2343	3911	4.0
2343	3964	4.0
2343	4051	3.0
2343	4056	3.0
2343	4097	4.0
2343	4123	4.0
2343	4135	4.0
2343	4305	5.0
2343	4321	3.0
2343	4325	2.0
2343	4514	5.0
2343	4542	4.0
2343	4590	4.0
2343	4596	5.0
2343	4607	4.0
2343	4706	5.0
2343	4803	3.0
2343	4869	4.0
2343	4928	4.0
2343	5094	3.0
2343	5391	4.0
2343	5465	4.0
2343	5474	5.0
2343	5480	4.0
2343	5507	5.0
2343	5560	4.0
2343	5567	3.0
2343	5678	3.0
2343	5719	5.0
2343	5732	3.0
2343	5781	5.0
2343	5814	5.0
2343	5835	3.0
2343	5872	4.0
2343	5910	4.0
2343	5932	4.0
2343	5986	5.0
2343	6045	4.0
2343	6244	4.0
2343	6323	4.0
2343	6370	5.0
2343	6480	4.0
2343	6483	5.0
2343	6655	4.0
2343	6700	4.0
2343	6717	3.0
2343	6730	5.0
2343	6754	5.0
2343	6849	5.0
2343	6870	3.0
2343	6884	5.0
2363	27	2.0
2363	83	3.0
2363	141	3.0
2363	163	2.0
2363	170	4.0
2363	202	3.0
2363	219	4.0
2363	257	3.0
2363	287	1.0
2363	294	4.0
2363	304	3.0
2363	350	4.0
2363	397	3.0
2363	547	2.0
2363	680	3.0
2363	714	2.0
2363	729	1.0
2363	787	3.0
2363	821	3.0
2363	831	1.0
2363	912	2.0
2363	913	2.0
2363	995	2.0
2363	1125	2.0
2363	1171	1.0
2363	1185	3.0
2363	1264	3.0
2363	1279	4.0
2363	1419	3.0
2363	1421	2.0
2363	1760	3.0
2363	1771	4.0
2363	1781	3.0
2363	1808	2.0
2363	1850	1.0
2363	1866	2.0
2363	1999	2.0
2363	2017	2.0
2363	2028	1.0
2363	2230	2.0
2363	2287	2.0
2363	2300	2.0
2363	2303	2.0
2363	2350	4.0
2363	2443	2.0
2363	2456	3.0
2363	2481	1.0
2363	2498	3.0
2363	2525	1.0
2363	2528	4.0
2363	2586	2.0
2363	2601	1.0
2363	2606	2.0
2363	2663	1.0
2363	2678	2.0
2363	2739	4.0
2363	2824	4.0
2363	2825	2.0
2363	2838	4.0
2363	2874	2.0
2363	2884	2.0
2363	2907	4.0
2363	2937	2.0
2363	2999	3.0
2363	3007	3.0
2363	3019	2.0
2363	3026	3.0
2363	3045	2.0
2363	3125	4.0
2363	3274	2.0
2363	3409	3.0
2363	3410	1.0
2363	3427	1.0
2363	3440	3.0
2363	3486	3.0
2363	3587	2.0
2363	3594	2.0
2363	3628	3.0
2363	3655	3.0
2363	3683	2.0
2363	3777	3.0
2363	3785	1.0
2363	3794	3.0
2363	3852	3.0
2363	3903	2.0
2363	3921	2.0
2363	3928	2.0
2363	3991	3.0
2363	3993	1.0
2363	4014	3.0
2363	4037	2.0
2363	4067	2.0
2363	4097	2.0
2363	4135	2.0
2363	4186	3.0
2363	4236	3.0
2363	4312	2.0
2363	4321	2.0
2363	4357	1.0
2363	4419	3.0
2363	4459	3.0
2363	4480	1.0
2363	4527	3.0
2363	4617	2.0
2363	4673	2.0
2363	4706	2.0
2363	4774	3.0
2363	4854	1.0
2363	4917	4.0
2363	4923	4.0
2363	4927	4.0
2363	4934	4.0
2363	4990	4.0
2363	5057	3.0
2363	5222	1.0
2363	5266	3.0
2363	5297	2.0
2363	5317	2.0
2363	5328	3.0
2363	5480	3.0
2363	5546	3.0
2363	5552	1.0
2363	5581	1.0
2363	5616	4.0
2363	5673	5.0
2363	5686	1.0
2363	5736	3.0
2363	5793	4.0
2363	5849	2.0
2363	5857	2.0
2363	6010	3.0
2363	6029	4.0
2363	6045	1.0
2363	6084	2.0
2363	6162	3.0
2363	6182	3.0
2363	6270	3.0
2363	6360	3.0
2363	6391	2.0
2363	6429	3.0
2363	6449	3.0
2363	6479	1.0
2363	6497	2.0
2363	6545	2.0
2363	6578	2.0
2363	6695	3.0
2363	6719	2.0
2363	6916	2.0
2363	6927	3.0
2363	6938	4.0
2373	7	3.0
2373	76	3.0
2373	128	3.0
2373	133	4.0
2373	161	4.0
2373	170	3.0
2373	174	5.0
2373	236	3.0
2373	296	3.0
2373	418	4.0
2373	470	4.0
2373	528	4.0
2373	581	4.0
2373	795	3.0
2373	947	1.0
2373	1046	4.0
2373	1093	3.0
2373	1114	4.0
2373	1282	4.0
2373	1448	3.0
2373	1488	4.0
2373	1489	3.0
2373	1491	2.0
2373	1522	3.0
2373	1534	2.0
2373	1617	5.0
2373	1642	3.0
2373	1728	5.0
2373	1770	5.0
2373	2072	2.0
2373	2075	3.0
2373	2245	3.0
2373	2641	3.0
2373	2861	4.0
2373	3183	3.0
2373	3244	2.0
2373	3301	5.0
2373	3371	4.0
2373	3739	5.0
2373	3781	5.0
2373	3964	3.0
2373	4053	5.0
2373	4054	4.0
2373	4142	3.0
2373	4312	4.0
2373	4464	3.0
2373	4672	3.0
2373	4979	2.0
2373	5003	3.0
2373	5124	4.0
2373	5294	5.0
2373	5311	4.0
2373	5386	4.0
2373	5423	3.0
2373	5432	4.0
2373	5476	5.0
2373	5719	3.0
2373	6067	4.0
2373	6163	3.0
2373	6534	2.0
2373	6691	5.0
2373	6695	3.0
2373	6878	3.0
2373	6932	1.0
2378	170	5.0
2378	220	5.0
2378	557	5.0
2378	832	5.0
2378	904	5.0
2378	1233	3.0
2378	1782	3.0
2378	1881	3.0
2378	1928	3.0
2378	1941	4.0
2378	2069	5.0
2378	2135	3.0
2378	2282	3.0
2378	2350	5.0
2378	3026	5.0
2378	3084	4.0
2378	3649	3.0
2378	3794	5.0
2378	3911	4.0
2378	4037	3.0
2378	4135	3.0
2378	4206	4.0
2378	4390	3.0
2378	4555	3.0
2378	4590	3.0
2378	4638	5.0
2378	4684	4.0
2378	4894	4.0
2378	4990	5.0
2378	5100	3.0
2378	5249	4.0
2378	5294	5.0
2378	5873	4.0
2378	6193	4.0
2378	6544	4.0
2378	6687	5.0
2378	6955	4.0
2430	59	4.0
2430	117	3.0
2430	152	4.0
2430	170	3.0
2430	353	5.0
2430	375	4.0
2430	475	4.0
2430	500	4.0
2430	502	5.0
2430	737	3.0
2430	750	3.0
2430	865	3.0
2430	878	4.0
2430	909	3.0
2430	953	3.0
2430	1007	4.0
2430	1019	5.0
2430	1029	4.0
2430	1037	3.0
2430	1079	3.0
2430	1125	3.0
2430	1140	3.0
2430	1147	4.0
2430	1193	3.0
2430	1300	3.0
2430	1310	3.0
2430	1437	4.0
2430	1460	3.0
2430	1488	4.0
2430	1680	2.0
2430	1688	3.0
2430	1708	3.0
2430	1772	3.0
2430	1786	3.0
2430	1809	3.0
2430	1926	3.0
2430	1956	3.0
2430	2098	4.0
2430	2274	4.0
2430	2283	4.0
2430	2336	4.0
2430	2428	3.0
2430	2434	3.0
2430	2456	4.0
2430	2489	4.0
2430	2564	4.0
2430	2565	3.0
2430	2676	4.0
2430	2678	3.0
2430	2681	4.0
2430	2749	3.0
2430	2818	4.0
2430	2846	4.0
2430	2931	3.0
2430	2959	3.0
2430	3016	4.0
2430	3028	5.0
2430	3059	4.0
2430	3067	4.0
2430	3099	4.0
2430	3228	4.0
2430	3272	4.0
2430	3275	4.0
2430	3296	4.0
2430	3303	4.0
2430	3317	4.0
2430	3356	3.0
2430	3357	4.0
2430	3371	2.0
2430	3391	4.0
2430	3562	3.0
2430	3563	4.0
2430	3724	3.0
2430	3737	4.0
2430	3793	4.0
2430	3967	3.0
2430	3970	4.0
2430	4039	3.0
2430	4079	3.0
2430	4084	3.0
2430	4101	4.0
2430	4112	4.0
2430	4171	3.0
2430	4181	4.0
2430	4240	4.0
2430	4426	4.0
2430	4511	3.0
2430	4547	3.0
2430	4572	4.0
2430	4852	3.0
2430	4889	5.0
2430	4891	3.0
2430	4906	3.0
2430	4915	4.0
2430	5034	4.0
2430	5042	4.0
2430	5241	4.0
2430	5350	4.0
2430	5444	3.0
2430	5497	3.0
2430	5573	4.0
2430	5652	4.0
2430	5708	3.0
2430	5791	4.0
2430	5881	4.0
2430	5953	5.0
2430	6040	3.0
2430	6078	4.0
2430	6517	3.0
2430	6574	4.0
2430	6581	3.0
2430	6591	3.0
2430	6599	3.0
2430	6681	4.0
2430	6720	4.0
2430	6739	3.0
2430	6744	3.0
2430	6931	4.0
2472	148	2.0
2472	221	3.0
2472	226	3.0
2472	330	3.0
2472	466	2.0
2472	537	3.0
2472	538	3.0
2472	605	4.0
2472	612	3.0
2472	629	3.0
2472	672	4.0
2472	681	3.0
2472	827	5.0
2472	864	3.0
2472	939	4.0
2472	947	2.0
2472	988	4.0
2472	1133	4.0
2472	1300	3.0
2472	1352	4.0
2472	1355	3.0
2472	1372	3.0
2472	1477	2.0
2472	1488	4.0
2472	1724	3.0
2472	1782	3.0
2472	1853	3.0
2472	1876	5.0
2472	1941	4.0
2472	2063	3.0
2472	2069	4.0
2472	2072	3.0
2472	2253	2.0
2472	2283	3.0
2472	2365	3.0
2472	2405	3.0
2472	2426	3.0
2472	2436	4.0
2472	2528	4.0
2472	2529	3.0
2472	2600	3.0
2472	2641	3.0
2472	2706	3.0
2472	2938	3.0
2472	3031	2.0
2472	3052	5.0
2472	3077	4.0
2472	3141	3.0
2472	3271	4.0
2472	3287	3.0
2472	3317	4.0
2472	3322	3.0
2472	3378	3.0
2472	3387	4.0
2472	3434	3.0
2472	3520	5.0
2472	3570	4.0
2472	3683	4.0
2472	3690	4.0
2472	3691	3.0
2472	3869	3.0
2472	3885	3.0
2472	4037	3.0
2472	4054	4.0
2472	4117	4.0
2472	4150	3.0
2472	4155	3.0
2472	4236	4.0
2472	4339	4.0
2472	4434	3.0
2472	4540	4.0
2472	4706	3.0
2472	4712	3.0
2472	4767	4.0
2472	5057	4.0
2472	5193	3.0
2472	5282	3.0
2472	5311	3.0
2472	5423	3.0
2472	5426	3.0
2472	5606	4.0
2472	5649	3.0
2472	5678	3.0
2472	5686	3.0
2472	5687	3.0
2472	5696	2.0
2472	5732	4.0
2472	5835	2.0
2472	5893	3.0
2472	5953	3.0
2472	6072	2.0
2472	6163	3.0
2472	6233	2.0
2472	6289	3.0
2472	6327	3.0
2472	6355	3.0
2472	6449	3.0
2472	6532	3.0
2472	6675	4.0
2472	6690	3.0
2472	6695	4.0
2472	6779	3.0
2472	6878	5.0
2491	16	3.0
2491	79	3.0
2491	83	3.0
2491	97	3.0
2491	117	3.0
2491	147	3.0
2491	198	3.0
2491	220	5.0
2491	258	3.0
2491	260	3.0
2491	348	4.0
2491	457	4.0
2491	538	4.0
2491	601	4.0
2491	716	4.0
2491	729	4.0
2491	810	2.0
2491	842	3.0
2491	859	3.0
2491	1012	4.0
2491	1077	3.0
2491	1155	3.0
2491	1201	4.0
2491	1239	3.0
2491	1282	4.0
2491	1322	3.0
2491	1370	3.0
2491	1421	4.0
2491	1432	3.0
2491	1457	2.0
2491	1472	3.0
2491	1482	3.0
2491	1506	4.0
2491	1698	3.0
2491	1813	4.0
2491	1867	3.0
2491	1950	4.0
2491	2001	3.0
2491	2014	4.0
2491	2053	4.0
2491	2072	1.0
2491	2098	5.0
2491	2135	4.0
2491	2188	4.0
2491	2194	3.0
2491	2220	4.0
2491	2249	3.0
2491	2320	3.0
2491	2360	3.0
2491	2421	4.0
2491	2436	3.0
2491	2470	3.0
2491	2529	4.0
2491	2681	4.0
2491	2718	3.0
2491	2754	3.0
2491	2845	4.0
2491	2848	3.0
2491	3045	3.0
2491	3069	3.0
2491	3100	4.0
2491	3123	5.0
2491	3162	3.0
2491	3192	3.0
2491	3245	3.0
2491	3255	4.0
2491	3260	3.0
2491	3295	4.0
2491	3325	3.0
2491	3371	4.0
2491	3422	4.0
2491	3438	3.0
2491	3486	3.0
2491	3492	3.0
2491	3517	4.0
2491	3519	5.0
2491	3555	2.0
2491	3691	3.0
2491	3739	4.0
2491	3856	4.0
2491	3870	3.0
2491	3930	3.0
2491	3977	4.0
2491	4045	3.0
2491	4097	3.0
2491	4103	3.0
2491	4188	4.0
2491	4421	4.0
2491	4467	3.0
2491	4477	5.0
2491	4487	3.0
2491	4644	4.0
2491	4651	3.0
2491	4761	3.0
2491	4868	4.0
2491	4887	2.0
2491	4925	3.0
2491	5046	3.0
2491	5063	3.0
2491	5089	3.0
2491	5093	3.0
2491	5150	3.0
2491	5178	4.0
2491	5186	2.0
2491	5323	4.0
2491	5396	4.0
2491	5401	4.0
2491	5410	4.0
2491	5443	4.0
2491	5569	1.0
2491	5581	3.0
2491	5597	3.0
2491	5693	2.0
2491	5774	4.0
2491	5792	3.0
2491	5831	4.0
2491	5848	4.0
2491	5931	2.0
2491	5982	4.0
2491	6028	3.0
2491	6029	4.0
2491	6087	3.0
2491	6123	3.0
2491	6244	3.0
2491	6284	3.0
2491	6391	3.0
2491	6416	3.0
2491	6523	4.0
2491	6536	3.0
2491	6586	3.0
2491	6612	3.0
2491	6613	4.0
2491	6658	4.0
2491	6682	4.0
2491	6761	3.0
2491	6948	4.0
2491	6955	4.0
2499	31	4.0
2499	220	4.0
2499	282	4.0
2499	321	3.0
2499	324	4.0
2499	339	4.0
2499	438	4.0
2499	475	5.0
2499	596	5.0
2499	601	3.0
2499	668	5.0
2499	682	4.0
2499	708	3.0
2499	711	4.0
2499	759	4.0
2499	793	4.0
2499	1061	5.0
2499	1209	3.0
2499	1378	5.0
2499	1419	4.0
2499	1563	4.0
2499	1565	4.0
2499	1941	4.0
2499	1956	5.0
2499	1962	5.0
2499	2230	4.0
2499	2244	4.0
2499	2274	4.0
2499	2341	1.0
2499	2436	4.0
2499	2471	5.0
2499	2479	5.0
2499	2565	5.0
2499	2613	4.0
2499	2618	5.0
2499	2619	5.0
2499	2717	4.0
2499	2739	4.0
2499	2938	5.0
2499	2956	4.0
2499	2997	4.0
2499	3056	4.0
2499	3102	5.0
2499	3269	4.0
2499	3371	4.0
2499	3407	5.0
2499	3513	4.0
2499	3622	4.0
2499	3781	5.0
2499	3831	4.0
2499	3874	3.0
2499	3977	4.0
2499	3997	4.0
2499	4094	4.0
2499	4164	4.0
2499	4256	4.0
2499	4349	4.0
2499	4358	4.0
2499	4402	3.0
2499	4620	4.0
2499	4927	5.0
2499	4993	4.0
2499	5049	5.0
2499	5134	5.0
2499	5236	5.0
2499	5252	4.0
2499	5294	4.0
2499	5300	4.0
2499	5328	4.0
2499	5457	3.0
2499	5662	4.0
2499	5710	4.0
2499	5800	4.0
2499	5896	4.0
2499	6145	4.0
2499	6154	3.0
2499	6167	3.0
2499	6262	4.0
2499	6284	4.0
2499	6327	4.0
2499	6402	4.0
2499	6522	4.0
2499	6583	4.0
2499	6695	4.0
2499	6901	3.0
2499	6969	4.0
2504	54	3.0
2504	66	3.0
2504	105	3.0
2504	207	2.0
2504	217	4.0
2504	233	3.0
2504	234	3.0
2504	235	3.0
2504	240	3.0
2504	274	3.0
2504	353	3.0
2504	500	3.0
2504	653	3.0
2504	690	3.0
2504	763	2.0
2504	767	3.0
2504	795	3.0
2504	869	3.0
2504	964	5.0
2504	1045	2.0
2504	1177	3.0
2504	1220	3.0
2504	1361	3.0
2504	1377	2.0
2504	1415	4.0
2504	1438	3.0
2504	1461	3.0
2504	1591	3.0
2504	2177	2.0
2504	2252	3.0
2504	2307	4.0
2504	2320	4.0
2504	2399	3.0
2504	2431	3.0
2504	2464	3.0
2504	2605	3.0
2504	2811	3.0
2504	2938	3.0
2504	3024	3.0
2504	3068	3.0
2504	3089	3.0
2504	3258	4.0
2504	3269	3.0
2504	3287	3.0
2504	3418	4.0
2504	3440	3.0
2504	3521	3.0
2504	3649	3.0
2504	3708	3.0
2504	3776	3.0
2504	3785	1.0
2504	3811	3.0
2504	3863	3.0
2504	3877	3.0
2504	3909	3.0
2504	3970	1.0
2504	4072	3.0
2504	4186	3.0
2504	4230	3.0
2504	4258	3.0
2504	4307	4.0
2504	4483	4.0
2504	4485	3.0
2504	4590	3.0
2504	4596	4.0
2504	4649	3.0
2504	4740	3.0
2504	4783	3.0
2504	4848	2.0
2504	4857	3.0
2504	4885	3.0
2504	5005	3.0
2504	5100	4.0
2504	5193	3.0
2504	5209	4.0
2504	5213	3.0
2504	5234	4.0
2504	5261	4.0
2504	5386	2.0
2504	5499	2.0
2504	5531	3.0
2504	5562	3.0
2504	5627	3.0
2504	5835	3.0
2504	5896	3.0
2504	5928	3.0
2504	5936	2.0
2504	6147	4.0
2504	6217	3.0
2504	6296	3.0
2504	6413	4.0
2504	6479	3.0
2504	6589	3.0
2504	6672	2.0
2504	6700	4.0
2522	113	3.0
2522	117	3.0
2522	190	5.0
2522	223	5.0
2522	272	3.0
2522	300	4.0
2522	316	1.0
2522	341	4.0
2522	346	3.0
2522	483	3.0
2522	612	2.0
2522	680	5.0
2522	699	5.0
2522	793	5.0
2522	809	2.0
2522	821	4.0
2522	829	4.0
2522	921	3.0
2522	934	3.0
2522	936	4.0
2522	1061	4.0
2522	1080	5.0
2522	1148	2.0
2522	1177	5.0
2522	1186	4.0
2522	1208	3.0
2522	1219	2.0
2522	1263	4.0
2522	1396	3.0
2522	1462	5.0
2522	1507	3.0
2522	1574	3.0
2522	1603	2.0
2522	1679	5.0
2522	1699	4.0
2522	1728	5.0
2522	1772	3.0
2522	1779	3.0
2522	1859	4.0
2522	1881	3.0
2522	1884	4.0
2522	1951	5.0
2522	1964	5.0
2522	2075	3.0
2522	2089	5.0
2522	2112	3.0
2522	2210	3.0
2522	2300	2.0
2522	2320	4.0
2522	2360	3.0
2522	2421	5.0
2522	2458	5.0
2522	2550	3.0
2522	2553	3.0
2522	2807	3.0
2522	2838	5.0
2522	2841	3.0
2522	2846	5.0
2522	2906	3.0
2522	2926	2.0
2522	2989	3.0
2522	3001	3.0
2522	3014	4.0
2522	3224	3.0
2522	3234	3.0
2522	3274	5.0
2522	3287	3.0
2522	3303	5.0
2522	3371	5.0
2522	3635	3.0
2522	3649	3.0
2522	3655	5.0
2522	3670	5.0
2522	3691	2.0
2522	3783	5.0
2522	3792	3.0
2522	3794	3.0
2522	3864	3.0
2522	3932	2.0
2522	4075	3.0
2522	4086	3.0
2522	4130	3.0
2522	4155	4.0
2522	4181	4.0
2522	4214	5.0
2522	4255	3.0
2522	4260	4.0
2522	4390	3.0
2522	4434	3.0
2522	4444	4.0
2522	4479	4.0
2522	4511	3.0
2522	4559	2.0
2522	4575	3.0
2522	4647	4.0
2522	4679	3.0
2522	4685	5.0
2522	4759	4.0
2522	4765	3.0
2522	4767	5.0
2522	4943	4.0
2522	4951	4.0
2522	4963	3.0
2522	5005	5.0
2522	5052	5.0
2522	5258	5.0
2522	5294	5.0
2522	5401	4.0
2522	5410	3.0
2522	5504	4.0
2522	5552	2.0
2522	5595	3.0
2522	5622	4.0
2522	5781	4.0
2522	5792	5.0
2522	5805	4.0
2522	5819	3.0
2522	5890	4.0
2522	6024	4.0
2522	6029	5.0
2522	6198	4.0
2522	6244	4.0
2522	6260	4.0
2522	6310	3.0
2522	6320	3.0
2522	6335	3.0
2522	6390	3.0
2522	6416	2.0
2522	6545	3.0
2522	6578	4.0
2522	6678	4.0
2522	6680	4.0
2522	6691	5.0
2522	6875	5.0
2522	6923	4.0
2522	6939	5.0
2522	6955	5.0
2574	386	5.0
2574	513	5.0
2574	537	5.0
2574	601	4.0
2574	1175	4.0
2574	1216	3.0
2574	1521	5.0
2574	1571	2.0
2574	1603	3.0
2574	1608	5.0
2574	1703	5.0
2574	1760	5.0
2574	1805	2.0
2574	1826	4.0
2574	2017	4.0
2574	2199	3.0
2574	2221	5.0
2574	2283	3.0
2574	2462	4.0
2574	2788	5.0
2574	2886	5.0
2574	3089	5.0
2574	3268	4.0
2574	3418	4.0
2574	3422	5.0
2574	3667	3.0
2574	3781	5.0
2574	4066	5.0
2574	4090	4.0
2574	4109	4.0
2574	4164	3.0
2574	4168	5.0
2574	4178	5.0
2574	4540	5.0
2574	4767	3.0
2574	5018	3.0
2574	5236	5.0
2574	5472	4.0
2574	5945	3.0
2574	6198	3.0
2574	6242	5.0
2574	6691	5.0
2644	76	3.0
2644	236	3.0
2644	243	3.0
2644	429	3.0
2644	483	2.0
2644	514	4.0
2644	552	4.0
2644	921	3.0
2644	1069	5.0
2644	1077	4.0
2644	1079	3.0
2644	1171	3.0
2644	1226	2.0
2644	1468	3.0
2644	1506	4.0
2644	1600	3.0
2644	1642	2.0
2644	1776	4.0
2644	1799	4.0
2644	1813	4.0
2644	2017	3.0
2644	2075	3.0
2644	2159	3.0
2644	2607	2.0
2644	2714	4.0
2644	2938	3.0
2644	3110	4.0
2644	3141	3.0
2644	3241	3.0
2644	3378	3.0
2644	3423	3.0
2644	3449	3.0
2644	3630	4.0
2644	3910	4.0
2644	4037	3.0
2644	4065	3.0
2644	4135	3.0
2644	4333	2.0
2644	4647	3.0
2644	4791	4.0
2644	4928	3.0
2644	4963	2.0
2644	5154	3.0
2644	5193	3.0
2644	5472	3.0
2644	5791	4.0
2644	5850	4.0
2644	5928	3.0
2644	6145	4.0
2644	6197	2.0
2644	6774	4.0
2644	6799	4.0
2644	6955	5.0
2645	105	3.0
2645	424	5.0
2645	437	3.0
2645	460	2.0
2645	506	3.0
2645	711	3.0
2645	821	3.0
2645	858	3.0
2645	1267	4.0
2645	1517	3.0
2645	1667	3.0
2645	1739	3.0
2645	1799	5.0
2645	1951	5.0
2645	1964	4.0
2645	1973	3.0
2645	2196	4.0
2645	2279	3.0
2645	2283	4.0
2645	2647	3.0
2645	2678	3.0
2645	2730	3.0
2645	3630	4.0
2645	3721	3.0
2645	3777	5.0
2645	4110	5.0
2645	4390	3.0
2645	4480	3.0
2645	4507	4.0
2645	4596	5.0
2645	4706	4.0
2645	4765	5.0
2645	5151	3.0
2645	5179	4.0
2645	5203	4.0
2645	5357	2.0
2645	5407	4.0
2645	5849	5.0
2645	6067	3.0
2645	6163	3.0
2645	6197	3.0
2645	6474	3.0
2645	6534	4.0
2645	6700	3.0
2645	6706	4.0
2645	6758	4.0
2645	6881	4.0
2645	6888	3.0
2708	27	5.0
2708	108	5.0
2708	177	4.0
2708	219	4.0
2708	242	3.0
2708	435	5.0
2708	462	4.0
2708	469	2.0
2708	484	4.0
2708	561	2.0
2708	611	3.0
2708	656	4.0
2708	690	2.0
2708	715	4.0
2708	733	3.0
2708	835	5.0
2708	970	3.0
2708	1012	3.0
2708	1071	4.0
2708	1144	3.0
2708	1167	3.0
2708	1247	3.0
2708	1274	4.0
2708	1281	3.0
2708	1297	4.0
2708	1327	3.0
2708	1352	5.0
2708	1533	3.0
2708	1592	3.0
2708	1608	3.0
2708	1664	5.0
2708	1672	4.0
2708	1685	1.0
2708	1768	5.0
2708	1819	3.0
2708	1826	3.0
2708	1867	3.0
2708	1918	5.0
2708	1956	4.0
2708	1964	4.0
2708	1972	3.0
2708	1996	4.0
2708	2165	4.0
2708	2257	4.0
2708	2368	2.0
2708	2477	3.0
2708	2500	3.0
2708	2517	3.0
2708	2605	4.0
2708	2667	4.0
2708	2782	4.0
2708	2792	5.0
2708	2796	5.0
2708	2844	2.0
2708	2901	4.0
2708	2923	5.0
2708	2966	4.0
2708	3060	3.0
2708	3105	3.0
2708	3167	4.0
2708	3205	4.0
2708	3314	3.0
2708	3394	4.0
2708	3445	4.0
2708	3473	5.0
2708	3545	3.0
2708	3564	5.0
2708	3601	3.0
2708	3644	4.0
2708	3716	3.0
2708	3719	2.0
2708	3735	4.0
2708	3781	5.0
2708	3784	2.0
2708	3792	3.0
2708	3912	4.0
2708	3970	1.0
2708	4067	4.0
2708	4109	5.0
2708	4112	4.0
2708	4347	3.0
2708	4380	4.0
2708	4386	5.0
2708	4548	2.0
2708	4634	3.0
2708	4743	5.0
2708	4765	4.0
2708	4879	4.0
2708	4887	1.0
2708	4899	4.0
2708	5032	4.0
2708	5086	3.0
2708	5136	4.0
2708	5154	4.0
2708	5210	4.0
2708	5222	1.0
2708	5293	4.0
2708	5299	5.0
2708	5391	3.0
2708	5438	5.0
2708	5526	1.0
2708	5527	2.0
2708	5546	3.0
2708	5595	4.0
2708	5679	1.0
2708	5684	3.0
2708	5697	2.0
2708	5707	3.0
2708	5710	3.0
2708	5789	3.0
2708	5802	4.0
2708	5889	5.0
2708	5917	5.0
2708	5936	3.0
2708	6003	3.0
2708	6040	3.0
2708	6101	2.0
2708	6192	4.0
2708	6232	5.0
2708	6287	2.0
2708	6390	2.0
2708	6425	4.0
2708	6432	5.0
2708	6526	4.0
2708	6597	2.0
2708	6607	4.0
2708	6638	4.0
2708	6774	4.0
2708	6921	3.0
2708	6945	4.0
2708	6958	2.0
2710	117	5.0
2710	350	2.0
2710	352	4.0
2710	353	4.0
2710	361	3.0
2710	466	3.0
2710	531	4.0
2710	552	3.0
2710	582	3.0
2710	613	4.0
2710	631	4.0
2710	668	4.0
2710	810	3.0
2710	846	4.0
2710	912	1.0
2710	1167	2.0
2710	1226	5.0
2710	1232	5.0
2710	1291	5.0
2710	1351	2.0
2710	1384	3.0
2710	1482	5.0
2710	1550	5.0
2710	1608	4.0
2710	1621	3.0
2710	1740	4.0
2710	1759	5.0
2710	1802	3.0
2710	1834	5.0
2710	1859	3.0
2710	2001	1.0
2710	2028	3.0
2710	2033	4.0
2710	2151	4.0
2710	2236	4.0
2710	2252	2.0
2710	2274	3.0
2710	2351	3.0
2710	2479	3.0
2710	2482	4.0
2710	2550	3.0
2710	2574	4.0
2710	2598	3.0
2710	2691	4.0
2710	2710	3.0
2710	2799	3.0
2710	2832	5.0
2710	2886	3.0
2710	2938	3.0
2710	2943	4.0
2710	2960	4.0
2710	3067	5.0
2710	3068	3.0
2710	3115	4.0
2710	3144	1.0
2710	3198	1.0
2710	3222	4.0
2710	3226	2.0
2710	3292	3.0
2710	3324	4.0
2710	3458	5.0
2710	3560	4.0
2710	3594	2.0
2710	3630	4.0
2710	3647	3.0
2710	3751	4.0
2710	3785	3.0
2710	3956	4.0
2710	4040	4.0
2710	4067	5.0
2710	4094	5.0
2710	4112	3.0
2710	4246	4.0
2710	4258	4.0
2710	4288	3.0
2710	4316	3.0
2710	4390	4.0
2710	4421	5.0
2710	4542	4.0
2710	4559	3.0
2710	4655	5.0
2710	4848	2.0
2710	4917	5.0
2710	4926	5.0
2710	4954	4.0
2710	5057	4.0
2710	5058	3.0
2710	5086	4.0
2710	5105	4.0
2710	5198	3.0
2710	5295	4.0
2710	5318	3.0
2710	5344	5.0
2710	5360	3.0
2710	5394	4.0
2710	5404	4.0
2710	5481	4.0
2710	5525	2.0
2710	5532	4.0
2710	5597	4.0
2710	5680	3.0
2710	5698	4.0
2710	5700	5.0
2710	5718	1.0
2710	5781	5.0
2710	5833	5.0
2710	5844	5.0
2710	5887	3.0
2710	5890	4.0
2710	5923	3.0
2710	5934	3.0
2710	5945	3.0
2710	6082	3.0
2710	6173	4.0
2710	6244	5.0
2710	6291	3.0
2710	6319	3.0
2710	6460	3.0
2710	6538	4.0
2710	6543	4.0
2710	6628	3.0
2710	6634	3.0
2710	6677	3.0
2710	6750	4.0
2710	6758	4.0
2710	6773	4.0
2710	6849	4.0
2710	6852	4.0
2710	6918	3.0
2715	10	2.0
2715	20	3.0
2715	45	2.0
2715	386	5.0
2715	387	4.0
2715	443	4.0
2715	473	4.0
2715	605	4.0
2715	611	4.0
2715	709	4.0
2715	729	4.0
2715	734	4.0
2715	757	5.0
2715	760	5.0
2715	764	2.0
2715	832	5.0
2715	892	2.0
2715	914	4.0
2715	921	3.0
2715	976	3.0
2715	1055	4.0
2715	1074	4.0
2715	1089	3.0
2715	1169	4.0
2715	1189	2.0
2715	1330	5.0
2715	1372	4.0
2715	1376	5.0
2715	1384	5.0
2715	1408	5.0
2715	1520	4.0
2715	1560	4.0
2715	1573	4.0
2715	1617	4.0
2715	1633	4.0
2715	1642	4.0
2715	1699	5.0
2715	1776	5.0
2715	1802	4.0
2715	2052	3.0
2715	2151	3.0
2715	2224	4.0
2715	2235	5.0
2715	2300	3.0
2715	2303	4.0
2715	2338	5.0
2715	2340	4.0
2715	2371	3.0
2715	2373	3.0
2715	2374	4.0
2715	2425	3.0
2715	2430	3.0
2715	2431	4.0
2715	2509	4.0
2715	2563	3.0
2715	2754	3.0
2715	2789	4.0
2715	2799	3.0
2715	2806	3.0
2715	2807	4.0
2715	2927	4.0
2715	3025	5.0
2715	3110	3.0
2715	3144	3.0
2715	3147	3.0
2715	3150	3.0
2715	3167	5.0
2715	3233	3.0
2715	3313	4.0
2715	3331	2.0
2715	3371	5.0
2715	3403	4.0
2715	3407	3.0
2715	3501	4.0
2715	3517	5.0
2715	3895	5.0
2715	3912	5.0
2715	3964	3.0
2715	3969	4.0
2715	4037	3.0
2715	4085	2.0
2715	4086	4.0
2715	4248	4.0
2715	4253	5.0
2715	4349	4.0
2715	4362	3.0
2715	4469	4.0
2715	4477	4.0
2715	4491	3.0
2715	4541	5.0
2715	4550	4.0
2715	4555	2.0
2715	4607	4.0
2715	4612	5.0
2715	4651	5.0
2715	4760	3.0
2715	4774	5.0
2715	4900	5.0
2715	4901	5.0
2715	4921	4.0
2715	5134	4.0
2715	5154	3.0
2715	5251	5.0
2715	5288	3.0
2715	5323	5.0
2715	5353	5.0
2715	5419	4.0
2715	5494	5.0
2715	5686	3.0
2715	5703	4.0
2715	5760	3.0
2715	5778	4.0
2715	5795	5.0
2715	5953	5.0
2715	5985	4.0
2715	5998	4.0
2715	6110	4.0
2715	6210	3.0
2715	6383	4.0
2715	6385	3.0
2715	6388	3.0
2715	6408	4.0
2715	6472	3.0
2715	6479	4.0
2715	6584	5.0
2715	6681	3.0
2715	6693	3.0
2715	6694	3.0
2715	6778	4.0
2715	6802	3.0
2715	6879	3.0
2715	6899	4.0
2715	6954	4.0
2728	79	4.0
2728	223	5.0
2728	477	5.0
2728	500	5.0
2728	561	3.0
2728	678	5.0
2728	821	5.0
2728	931	5.0
2728	1171	3.0
2728	1225	3.0
2728	1632	3.0
2728	1713	4.0
2728	1768	5.0
2728	1782	4.0
2728	2015	4.0
2728	2029	5.0
2728	2089	5.0
2728	2186	3.0
2728	2340	4.0
2728	2371	3.0
2728	2563	3.0
2728	2604	3.0
2728	2931	5.0
2728	3022	5.0
2728	3052	5.0
2728	3192	5.0
2728	3206	5.0
2728	3331	3.0
2728	3378	3.0
2728	3386	5.0
2728	3650	5.0
2728	3719	4.0
2728	3777	5.0
2728	3792	3.0
2728	4128	4.0
2728	4180	3.0
2728	4462	4.0
2728	4480	4.0
2728	4679	2.0
2728	4857	5.0
2728	4889	5.0
2728	5193	2.0
2728	5249	5.0
2728	5258	5.0
2728	5294	5.0
2728	5389	5.0
2728	5407	5.0
2728	5462	3.0
2728	5555	3.0
2728	5582	5.0
2728	5628	4.0
2728	5669	5.0
2728	5696	2.0
2728	5781	5.0
2728	5830	5.0
2728	5888	3.0
2728	5913	4.0
2728	5934	2.0
2728	6029	5.0
2728	6097	3.0
2728	6370	4.0
2728	6643	4.0
2728	6658	4.0
2746	76	3.0
2746	117	4.0
2746	158	3.0
2746	220	5.0
2746	272	3.0
2746	304	4.0
2746	328	1.0
2746	359	4.0
2746	369	3.0
2746	595	3.0
2746	599	4.0
2746	676	3.0
2746	680	5.0
2746	747	4.0
2746	808	3.0
2746	884	3.0
2746	1061	5.0
2746	1140	3.0
2746	1145	3.0
2746	1355	3.0
2746	1544	3.0
2746	1587	4.0
2746	1607	2.0
2746	1765	3.0
2746	1881	5.0
2746	1941	5.0
2746	2053	3.0
2746	2135	4.0
2746	2282	1.0
2746	2283	3.0
2746	2286	3.0
2746	2356	4.0
2746	2384	3.0
2746	2421	4.0
2746	2427	3.0
2746	2676	3.0
2746	2749	4.0
2746	2806	3.0
2746	2846	5.0
2746	2900	4.0
2746	2938	4.0
2746	3225	5.0
2746	3423	4.0
2746	3431	3.0
2746	3593	5.0
2746	3612	4.0
2746	3651	3.0
2746	3778	3.0
2746	3955	5.0
2746	4042	3.0
2746	4087	4.0
2746	4135	2.0
2746	4349	3.0
2746	4477	5.0
2746	4487	4.0
2746	4729	4.0
2746	4874	3.0
2746	4927	5.0
2746	4993	4.0
2746	5194	4.0
2746	5511	4.0
2746	5928	4.0
2746	6061	3.0
2746	6200	4.0
2746	6275	3.0
2746	6327	4.0
2746	6328	4.0
2746	6469	4.0
2746	6637	4.0
2746	6765	5.0
2746	6770	3.0
2746	6875	4.0
2746	6931	5.0
2746	6955	3.0
2853	46	3.0
2853	76	3.0
2853	103	3.0
2853	291	4.0
2853	499	3.0
2853	500	4.0
2853	581	2.0
2853	584	5.0
2853	680	4.0
2853	711	4.0
2853	729	4.0
2853	746	3.0
2853	814	4.0
2853	861	4.0
2853	970	5.0
2853	1000	5.0
2853	1014	3.0
2853	1137	3.0
2853	1180	5.0
2853	1189	3.0
2853	1275	4.0
2853	1289	4.0
2853	1321	4.0
2853	1352	4.0
2853	1366	4.0
2853	1427	3.0
2853	1450	2.0
2853	1463	5.0
2853	1543	3.0
2853	1628	5.0
2853	1653	4.0
2853	1693	2.0
2853	1734	4.0
2853	1910	4.0
2853	1939	4.0
2853	1972	4.0
2853	1984	5.0
2853	2052	3.0
2853	2168	2.0
2853	2169	5.0
2853	2176	3.0
2853	2188	3.0
2853	2194	4.0
2853	2305	2.0
2853	2331	5.0
2853	2405	3.0
2853	2637	4.0
2853	2724	3.0
2853	2763	3.0
2853	2782	4.0
2853	2799	3.0
2853	2841	2.0
2853	2876	5.0
2853	2938	5.0
2853	3007	3.0
2853	3026	4.0
2853	3160	3.0
2853	3172	3.0
2853	3527	3.0
2853	3570	4.0
2853	3617	4.0
2853	3650	4.0
2853	3670	3.0
2853	3854	5.0
2853	3915	3.0
2853	3980	4.0
2853	3998	5.0
2853	4068	4.0
2853	4077	4.0
2853	4164	3.0
2853	4205	3.0
2853	4309	3.0
2853	4339	1.0
2853	4407	3.0
2853	4438	4.0
2853	4464	3.0
2853	4585	3.0
2853	4634	4.0
2853	4674	4.0
2853	4713	4.0
2853	4747	3.0
2853	4759	4.0
2853	4773	3.0
2853	4809	4.0
2853	4883	4.0
2853	4885	5.0
2853	4951	3.0
2853	4985	4.0
2853	5004	2.0
2853	5037	5.0
2853	5079	4.0
2853	5096	1.0
2853	5199	4.0
2853	5213	3.0
2853	5257	3.0
2853	5258	4.0
2853	5270	3.0
2853	5323	4.0
2853	5352	4.0
2853	5430	1.0
2853	5440	2.0
2853	5537	4.0
2853	5546	3.0
2853	5550	4.0
2853	5560	3.0
2853	5595	5.0
2853	5678	2.0
2853	5706	4.0
2853	5720	3.0
2853	5747	4.0
2853	5780	4.0
2853	5940	4.0
2853	6101	4.0
2853	6138	3.0
2853	6154	5.0
2853	6169	3.0
2853	6345	3.0
2853	6483	3.0
2853	6523	4.0
2853	6544	4.0
2853	6663	4.0
2853	6741	4.0
2853	6854	4.0
2853	6858	3.0
2853	6860	4.0
2856	223	5.0
2856	496	4.0
2856	509	5.0
2856	1030	4.0
2856	1159	4.0
2856	1175	4.0
2856	1506	5.0
2856	1782	4.0
2856	1802	4.0
2856	1813	5.0
2856	1827	5.0
2856	1881	5.0
2856	1956	4.0
2856	2268	5.0
2856	2422	3.0
2856	2564	5.0
2856	2603	4.0
2856	2715	5.0
2856	2818	4.0
2856	3084	5.0
2856	3307	5.0
2856	3787	2.0
2856	3803	3.0
2856	3910	5.0
2856	3945	3.0
2856	3953	4.0
2856	3977	3.0
2856	4037	5.0
2856	4053	5.0
2856	4169	3.0
2856	4349	2.0
2856	4390	3.0
2856	4421	5.0
2856	4457	4.0
2856	4596	3.0
2856	4894	4.0
2856	4932	5.0
2856	4982	3.0
2856	5236	4.0
2856	5294	5.0
2856	5389	5.0
2856	6138	4.0
2856	6154	4.0
2856	6358	5.0
2856	6646	5.0
2856	6829	4.0
2856	6881	5.0
2962	217	5.0
2962	524	4.0
2962	797	3.0
2962	827	4.0
2962	1079	5.0
2962	1156	3.0
2962	1177	4.0
2962	1180	4.0
2962	1355	3.0
2962	1384	4.0
2962	1483	4.0
2962	1516	5.0
2962	1578	3.0
2962	1654	2.0
2962	1728	5.0
2962	1770	4.0
2962	1985	2.0
2962	2033	5.0
2962	2197	4.0
2962	2386	4.0
2962	2422	2.0
2962	2715	4.0
2962	2824	5.0
2962	2938	4.0
2962	2971	4.0
2962	3024	5.0
2962	3025	5.0
2962	3356	5.0
2962	3438	3.0
2962	3528	4.0
2962	3622	4.0
2962	3692	4.0
2962	3707	4.0
2962	3794	5.0
2962	3964	3.0
2962	4025	4.0
2962	4077	5.0
2962	4135	3.0
2962	4171	5.0
2962	4246	4.0
2962	4312	4.0
2962	4349	3.0
2962	4390	3.0
2962	4407	4.0
2962	4517	3.0
2962	4523	3.0
2962	4596	5.0
2962	4889	5.0
2962	4932	4.0
2962	5154	3.0
2962	5261	2.0
2962	5263	4.0
2962	5386	5.0
2962	5426	3.0
2962	5427	3.0
2962	5598	4.0
2962	5646	2.0
2962	6010	4.0
2962	6208	5.0
2962	6223	3.0
2962	6328	3.0
2962	6656	5.0
2962	6691	5.0
2962	6878	4.0
2962	6925	4.0
2962	6956	5.0
2962	6957	4.0
2966	96	5.0
2966	105	4.0
2966	141	5.0
2966	150	4.0
2966	252	5.0
2966	297	3.0
2966	304	3.0
2966	328	3.0
2966	337	4.0
2966	348	3.0
2966	369	3.0
2966	399	5.0
2966	465	5.0
2966	561	3.0
2966	583	3.0
2966	629	3.0
2966	687	4.0
2966	808	3.0
2966	821	4.0
2966	858	4.0
2966	921	3.0
2966	985	4.0
2966	1023	3.0
2966	1070	4.0
2966	1123	5.0
2966	1171	4.0
2966	1355	3.0
2966	1472	3.0
2966	1621	3.0
2966	1650	5.0
2966	1684	3.0
2966	1730	4.0
2966	1805	5.0
2966	1871	3.0
2966	1928	2.0
2966	1941	4.0
2966	1957	3.0
2966	1963	5.0
2966	1985	3.0
2966	2017	5.0
2966	2064	3.0
2966	2075	3.0
2966	2135	5.0
2966	2258	3.0
2966	2320	4.0
2966	2332	5.0
2966	2511	4.0
2966	2522	4.0
2966	2628	4.0
2966	2697	5.0
2966	3026	5.0
2966	3098	4.0
2966	3281	5.0
2966	3417	3.0
2966	3444	5.0
2966	3458	5.0
2966	3630	3.0
2966	3649	3.0
2966	3687	5.0
2966	3841	2.0
2966	3871	5.0
2966	3874	5.0
2966	4054	4.0
2966	4172	4.0
2966	4180	3.0
2966	4236	4.0
2966	4324	3.0
2966	4443	3.0
2966	4462	4.0
2966	4507	4.0
2966	4513	3.0
2966	4541	4.0
2966	4647	4.0
2966	4727	3.0
2966	4875	4.0
2966	5179	3.0
2966	5193	3.0
2966	5213	2.0
2966	5283	3.0
2966	5297	5.0
2966	5600	3.0
2966	5646	4.0
2966	5686	4.0
2966	5712	5.0
2966	5863	5.0
2966	5928	3.0
2966	5956	4.0
2966	6082	5.0
2966	6106	4.0
2966	6208	4.0
2966	6213	2.0
2966	6217	4.0
2966	6799	3.0
2966	6878	4.0
2966	6917	3.0
2966	6925	3.0
2975	20	4.0
2975	31	4.0
2975	76	3.0
2975	224	5.0
2975	351	4.0
2975	453	4.0
2975	482	3.0
2975	531	4.0
2975	629	4.0
2975	657	4.0
2975	683	4.0
2975	755	4.0
2975	778	4.0
2975	835	4.0
2975	982	5.0
2975	1031	4.0
2975	1033	3.0
2975	1083	4.0
2975	1142	3.0
2975	1174	4.0
2975	1208	3.0
2975	1488	3.0
2975	1503	3.0
2975	1506	3.0
2975	1574	3.0
2975	1703	4.0
2975	1728	4.0
2975	1871	3.0
2975	1939	3.0
2975	1971	3.0
2975	2029	4.0
2975	2093	3.0
2975	2118	4.0
2975	2135	3.0
2975	2159	2.0
2975	2196	4.0
2975	2224	5.0
2975	2274	4.0
2975	2300	3.0
2975	2350	5.0
2975	2430	4.0
2975	2517	4.0
2975	2522	3.0
2975	2677	3.0
2975	2774	4.0
2975	2806	2.0
2975	2811	2.0
2975	2906	4.0
2975	2924	3.0
2975	3000	3.0
2975	3026	4.0
2975	3062	4.0
2975	3102	4.0
2975	3110	3.0
2975	3113	3.0
2975	3144	3.0
2975	3158	5.0
2975	3162	2.0
2975	3197	3.0
2975	3238	3.0
2975	3258	5.0
2975	3294	4.0
2975	3296	4.0
2975	3307	3.0
2975	3363	3.0
2975	3386	4.0
2975	3405	2.0
2975	3472	3.0
2975	3513	4.0
2975	3517	4.0
2975	3564	4.0
2975	3613	3.0
2975	3707	4.0
2975	3739	5.0
2975	3794	4.0
2975	3796	4.0
2975	3835	4.0
2975	3876	4.0
2975	3877	2.0
2975	4067	4.0
2975	4068	3.0
2975	4109	5.0
2975	4168	4.0
2975	4214	4.0
2975	4307	3.0
2975	4390	3.0
2975	4392	4.0
2975	4419	4.0
2975	4453	4.0
2975	4460	3.0
2975	4522	3.0
2975	4595	3.0
2975	4621	4.0
2975	4636	3.0
2975	4647	4.0
2975	4687	4.0
2975	4727	4.0
2975	4729	4.0
2975	4759	3.0
2975	4791	4.0
2975	4932	4.0
2975	4951	4.0
2975	5071	3.0
2975	5117	5.0
2975	5124	4.0
2975	5175	4.0
2975	5236	5.0
2975	5262	3.0
2975	5325	3.0
2975	5394	5.0
2975	5477	5.0
2975	5511	2.0
2975	5546	3.0
2975	5571	3.0
2975	5581	2.0
2975	5595	4.0
2975	5639	4.0
2975	5668	4.0
2975	5737	1.0
2975	5792	4.0
2975	5868	4.0
2975	6082	4.0
2975	6173	4.0
2975	6188	4.0
2975	6193	4.0
2975	6200	5.0
2975	6208	4.0
2975	6229	3.0
2975	6262	3.0
2975	6273	4.0
2975	6284	4.0
2975	6369	3.0
2975	6529	3.0
2975	6578	4.0
2975	6656	4.0
2975	6729	3.0
2975	6778	4.0
2975	6799	3.0
2975	6850	4.0
2975	6925	4.0
2975	6940	4.0
