User	Movie	Rating
55	72	4.0
55	100	3.0
55	236	1.0
55	284	4.0
55	319	3.0
55	351	3.0
55	369	4.0
55	391	3.0
55	474	3.0
55	500	5.0
55	524	5.0
55	581	4.0
55	589	4.0
55	606	4.0
55	664	3.0
55	667	1.0
55	729	4.0
55	768	3.0
55	817	4.0
55	818	4.0
55	831	5.0
55	843	5.0
55	951	2.0
55	954	4.0
55	1194	3.0
55	1272	3.0
55	1311	3.0
55	1415	4.0
55	1449	3.0
55	1521	3.0
55	1540	5.0
55	1600	3.0
55	1628	3.0
55	1644	4.0
55	1703	3.0
55	1808	4.0
55	1821	2.0
55	1854	2.0
55	1876	5.0
55	1939	3.0
55	2014	4.0
55	2055	4.0
55	2072	1.0
55	2138	3.0
55	2159	3.0
55	2197	3.0
55	2320	4.0
55	2342	4.0
55	2361	3.0
55	2422	4.0
55	2444	3.0
55	2565	3.0
55	2655	3.0
55	2769	2.0
55	2799	3.0
55	2854	4.0
55	2859	4.0
55	2911	5.0
55	2916	3.0
55	2921	3.0
55	2995	3.0
55	3018	3.0
55	3038	3.0
55	3120	3.0
55	3125	4.0
55	3219	2.0
55	3247	3.0
55	3269	3.0
55	3281	3.0
55	3384	4.0
55	3396	5.0
55	3525	4.0
55	3638	4.0
55	3846	5.0
55	3856	4.0
55	3877	3.0
55	3948	3.0
55	3952	3.0
55	3953	3.0
55	3954	3.0
55	3970	3.0
55	4006	5.0
55	4132	3.0
55	4191	5.0
55	4216	3.0
55	4304	4.0
55	4322	2.0
55	4324	3.0
55	4387	4.0
55	4483	3.0
55	4550	4.0
55	4603	4.0
55	4720	4.0
55	4880	4.0
55	4926	4.0
55	4978	5.0
55	5132	2.0
55	5134	5.0
55	5262	3.0
55	5265	4.0
55	5308	5.0
55	5310	2.0
55	5323	4.0
55	5394	4.0
55	5424	3.0
55	5435	4.0
55	5445	4.0
55	5575	5.0
55	5592	3.0
55	5721	3.0
55	5725	4.0
55	5739	5.0
55	5758	3.0
55	5760	4.0
55	5780	5.0
55	5783	2.0
55	5891	4.0
55	5922	5.0
55	5932	4.0
55	6075	4.0
55	6105	3.0
55	6123	4.0
55	6158	4.0
55	6199	3.0
55	6214	4.0
55	6313	4.0
55	6416	3.0
55	6450	5.0
55	6469	3.0
55	6479	3.0
55	6552	3.0
55	6735	3.0
55	6736	5.0
55	6799	4.0
55	6813	3.0
55	6878	5.0
58	1	4.0
58	7	5.0
58	117	2.0
58	120	3.0
58	164	3.0
58	168	4.0
58	223	5.0
58	255	4.0
58	351	3.0
58	362	4.0
58	374	2.0
58	410	3.0
58	441	3.0
58	454	4.0
58	614	3.0
58	649	5.0
58	678	4.0
58	768	4.0
58	812	2.0
58	835	3.0
58	846	3.0
58	912	3.0
58	963	3.0
58	992	4.0
58	998	3.0
58	1006	4.0
58	1049	4.0
58	1061	4.0
58	1064	4.0
58	1136	3.0
58	1205	4.0
58	1281	4.0
58	1353	3.0
58	1469	3.0
58	1488	5.0
58	1521	4.0
58	1561	4.0
58	1664	4.0
58	1727	4.0
58	1770	4.0
58	1799	4.0
58	1854	5.0
58	1876	3.0
58	1966	3.0
58	1968	4.0
58	2053	4.0
58	2098	4.0
58	2168	4.0
58	2196	3.0
58	2240	3.0
58	2241	4.0
58	2291	3.0
58	2298	4.0
58	2421	5.0
58	2517	3.0
58	2519	3.0
58	2528	4.0
58	2578	3.0
58	2625	5.0
58	2684	3.0
58	2739	5.0
58	2855	4.0
58	2900	4.0
58	2929	2.0
58	3057	3.0
58	3192	5.0
58	3371	5.0
58	3386	4.0
58	3429	3.0
58	3481	5.0
58	3572	2.0
58	3613	2.0
58	3653	2.0
58	3692	3.0
58	3755	4.0
58	3767	4.0
58	3876	4.0
58	3889	3.0
58	3924	4.0
58	3964	3.0
58	3979	2.0
58	4037	4.0
58	4117	4.0
58	4172	3.0
58	4224	3.0
58	4355	4.0
58	4398	4.0
58	4439	3.0
58	4523	3.0
58	4565	3.0
58	4596	4.0
58	4671	4.0
58	4676	3.0
58	4847	4.0
58	4864	4.0
58	4910	3.0
58	4919	3.0
58	4924	3.0
58	4928	4.0
58	5005	3.0
58	5007	3.0
58	5037	3.0
58	5150	3.0
58	5177	3.0
58	5210	4.0
58	5237	4.0
58	5252	3.0
58	5253	4.0
58	5256	4.0
58	5265	5.0
58	5274	5.0
58	5279	4.0
58	5330	5.0
58	5342	4.0
58	5387	4.0
58	5476	3.0
58	5493	2.0
58	5503	3.0
58	5578	4.0
58	5647	4.0
58	5690	1.0
58	5712	4.0
58	5748	3.0
58	5792	4.0
58	5810	3.0
58	5834	4.0
58	5844	5.0
58	5850	3.0
58	5958	3.0
58	5969	3.0
58	6002	3.0
58	6088	4.0
58	6107	2.0
58	6182	4.0
58	6203	4.0
58	6210	4.0
58	6242	3.0
58	6254	3.0
58	6310	3.0
58	6416	3.0
58	6453	5.0
58	6472	3.0
58	6485	3.0
58	6559	4.0
58	6600	3.0
58	6601	3.0
58	6672	5.0
58	6690	3.0
58	6731	5.0
58	6877	3.0
58	6884	3.0
58	6924	3.0
58	6931	3.0
58	6939	4.0
58	6956	4.0
58	6966	3.0
65	117	4.0
65	180	5.0
65	182	4.0
65	190	3.0
65	236	3.0
65	275	3.0
65	281	5.0
65	282	4.0
65	341	4.0
65	373	3.0
65	375	4.0
65	387	3.0
65	560	4.0
65	561	2.0
65	680	5.0
65	755	4.0
65	853	3.0
65	912	5.0
65	921	3.0
65	970	3.0
65	1030	3.0
65	1072	5.0
65	1193	4.0
65	1300	3.0
65	1441	5.0
65	1513	5.0
65	1527	4.0
65	1644	3.0
65	1776	5.0
65	1813	5.0
65	1881	3.0
65	2017	4.0
65	2028	4.0
65	2032	3.0
65	2075	3.0
65	2122	3.0
65	2135	5.0
65	2220	5.0
65	2421	4.0
65	2425	3.0
65	2539	5.0
65	2606	4.0
65	2714	5.0
65	2799	3.0
65	2959	5.0
65	2987	4.0
65	3024	5.0
65	3026	5.0
65	3055	4.0
65	3056	3.0
65	3102	5.0
65	3331	3.0
65	3359	3.0
65	3449	3.0
65	3594	3.0
65	3623	3.0
65	3629	4.0
65	3641	4.0
65	3692	4.0
65	3777	5.0
65	3876	5.0
65	4139	3.0
65	4180	4.0
65	4202	4.0
65	4256	3.0
65	4309	4.0
65	4315	4.0
65	4316	5.0
65	4324	2.0
65	4399	4.0
65	4477	5.0
65	4487	4.0
65	4533	3.0
65	4673	4.0
65	4743	5.0
65	4889	4.0
65	4927	5.0
65	5057	4.0
65	5068	3.0
65	5100	4.0
65	5136	4.0
65	5193	2.0
65	5297	4.0
65	5394	4.0
65	5432	4.0
65	5440	3.0
65	5507	4.0
65	5561	5.0
65	5575	5.0
65	5581	3.0
65	5677	1.0
65	5781	5.0
65	5782	4.0
65	5849	2.0
65	5884	4.0
65	6101	3.0
65	6173	4.0
65	6192	2.0
65	6259	4.0
65	6556	4.0
65	6884	5.0
65	6905	4.0
65	6955	5.0
65	6958	5.0
69	194	3.0
69	224	5.0
69	499	3.0
69	500	5.0
69	512	5.0
69	605	5.0
69	649	5.0
69	764	1.0
69	794	4.0
69	821	5.0
69	827	5.0
69	919	5.0
69	1056	4.0
69	1077	4.0
69	1209	2.0
69	1235	5.0
69	1302	4.0
69	1401	4.0
69	1481	4.0
69	1486	4.0
69	1527	4.0
69	1563	4.0
69	1608	4.0
69	1728	5.0
69	1740	4.0
69	1770	5.0
69	1792	5.0
69	1813	5.0
69	1833	4.0
69	1863	5.0
69	1871	3.0
69	1900	3.0
69	2007	5.0
69	2014	4.0
69	2079	4.0
69	2186	3.0
69	2242	5.0
69	2477	3.0
69	2642	5.0
69	2739	5.0
69	2786	5.0
69	2876	4.0
69	2940	4.0
69	2983	5.0
69	3024	5.0
69	3055	4.0
69	3130	4.0
69	3236	3.0
69	3301	5.0
69	3538	5.0
69	3676	5.0
69	3678	5.0
69	3777	5.0
69	3787	4.0
69	3852	4.0
69	3911	5.0
69	3998	4.0
69	4037	4.0
69	4046	5.0
69	4055	4.0
69	4113	4.0
69	4134	4.0
69	4189	4.0
69	4246	4.0
69	4307	5.0
69	4326	4.0
69	4399	4.0
69	4469	4.0
69	4480	2.0
69	4483	4.0
69	4635	4.0
69	4673	3.0
69	4748	5.0
69	4803	3.0
69	4928	4.0
69	4929	5.0
69	4976	4.0
69	5001	5.0
69	5047	3.0
69	5064	3.0
69	5100	5.0
69	5213	3.0
69	5267	4.0
69	5286	4.0
69	5501	4.0
69	5559	4.0
69	5661	4.0
69	5662	4.0
69	5706	5.0
69	5710	3.0
69	5780	5.0
69	5991	4.0
69	6101	3.0
69	6154	5.0
69	6327	5.0
69	6426	4.0
69	6538	5.0
69	6561	4.0
69	6580	4.0
69	6671	4.0
69	6878	4.0
69	6955	5.0
94	7	3.0
94	96	5.0
94	170	5.0
94	232	3.0
94	235	4.0
94	257	4.0
94	276	5.0
94	346	2.0
94	379	3.0
94	806	3.0
94	857	4.0
94	1074	4.0
94	1083	4.0
94	1275	4.0
94	1322	3.0
94	1491	3.0
94	1503	4.0
94	1521	4.0
94	1532	3.0
94	1560	4.0
94	1617	5.0
94	1667	2.0
94	1881	4.0
94	2122	5.0
94	2161	3.0
94	2421	5.0
94	2591	3.0
94	2749	4.0
94	2787	5.0
94	2825	4.0
94	2924	4.0
94	2931	4.0
94	2962	4.0
94	3024	5.0
94	3073	3.0
94	3085	3.0
94	3087	5.0
94	3145	2.0
94	3158	4.0
94	3215	4.0
94	3255	4.0
94	3281	3.0
94	3307	5.0
94	3309	5.0
94	3336	5.0
94	3418	5.0
94	3440	3.0
94	3449	5.0
94	3684	4.0
94	3692	3.0
94	3717	4.0
94	3781	5.0
94	3787	5.0
94	3794	4.0
94	3852	4.0
94	3856	3.0
94	3889	3.0
94	3963	5.0
94	4117	4.0
94	4172	5.0
94	4194	3.0
94	4202	4.0
94	4258	4.0
94	4269	3.0
94	4295	5.0
94	4323	3.0
94	4459	4.0
94	4600	4.0
94	4729	4.0
94	4916	2.0
94	4919	3.0
94	5007	4.0
94	5014	3.0
94	5151	3.0
94	5211	5.0
94	5258	5.0
94	5294	5.0
94	5299	2.0
94	5304	4.0
94	5386	4.0
94	5516	4.0
94	5657	5.0
94	5719	3.0
94	5842	3.0
94	5850	4.0
94	6229	4.0
94	6310	4.0
94	6460	1.0
94	6479	3.0
94	6536	5.0
94	6539	4.0
94	6544	4.0
94	6583	4.0
94	6689	4.0
94	6704	5.0
94	6725	5.0
94	6773	4.0
94	6799	4.0
94	6878	4.0
94	6927	5.0
101	48	5.0
101	133	5.0
101	231	3.0
101	408	5.0
101	466	3.0
101	470	5.0
101	605	5.0
101	780	3.0
101	821	5.0
101	1421	4.0
101	1468	3.0
101	1533	4.0
101	1630	5.0
101	1646	2.0
101	1762	4.0
101	1770	5.0
101	1799	4.0
101	1890	5.0
101	2015	4.0
101	2119	4.0
101	2406	5.0
101	2550	3.0
101	2650	3.0
101	2725	3.0
101	2900	4.0
101	2958	4.0
101	2976	2.0
101	3013	4.0
101	3093	3.0
101	3222	4.0
101	3271	5.0
101	3301	5.0
101	3455	5.0
101	3567	4.0
101	3593	5.0
101	3650	3.0
101	3723	4.0
101	3781	5.0
101	3800	5.0
101	3890	4.0
101	4031	4.0
101	4110	4.0
101	4462	3.0
101	4511	3.0
101	4605	5.0
101	4648	4.0
101	4771	3.0
101	4845	3.0
101	4861	3.0
101	4922	5.0
101	4932	3.0
101	5231	5.0
101	5299	4.0
101	5508	3.0
101	5552	3.0
101	5566	5.0
101	5582	3.0
101	5603	3.0
101	5622	5.0
101	5721	5.0
101	5768	4.0
101	5781	4.0
101	6216	4.0
101	6220	3.0
101	6369	2.0
101	6462	3.0
101	6479	3.0
101	6528	5.0
101	6545	4.0
101	6600	4.0
101	6630	3.0
101	6664	4.0
101	6687	5.0
101	6754	4.0
101	6860	4.0
115	192	4.0
115	289	3.0
115	350	5.0
115	371	4.0
115	399	4.0
115	509	4.0
115	528	5.0
115	605	4.0
115	912	5.0
115	1071	5.0
115	1072	4.0
115	1289	4.0
115	1377	4.0
115	1415	4.0
115	1483	4.0
115	1533	5.0
115	1608	4.0
115	1733	5.0
115	1859	5.0
115	2017	5.0
115	2122	4.0
115	2196	5.0
115	2217	4.0
115	2298	4.0
115	2299	5.0
115	2520	4.0
115	2715	4.0
115	2722	4.0
115	2792	4.0
115	2846	5.0
115	2931	4.0
115	2938	4.0
115	3025	5.0
115	3078	4.0
115	3170	4.0
115	3623	4.0
115	3692	3.0
115	3873	4.0
115	3963	4.0
115	3964	3.0
115	4094	4.0
115	4172	4.0
115	4279	4.0
115	4296	5.0
115	4309	5.0
115	4538	5.0
115	4541	4.0
115	4542	4.0
115	4613	4.0
115	4673	3.0
115	4743	5.0
115	4857	5.0
115	4923	5.0
115	4927	5.0
115	4929	4.0
115	4930	5.0
115	4982	4.0
115	5019	4.0
115	5112	5.0
115	5258	5.0
115	5294	5.0
115	5328	5.0
115	5341	4.0
115	5432	4.0
115	5575	4.0
115	5791	4.0
115	5853	4.0
115	5991	4.0
115	6010	4.0
115	6155	4.0
115	6199	4.0
115	6200	3.0
115	6208	5.0
115	6255	5.0
115	6311	4.0
115	6342	4.0
115	6427	3.0
115	6432	4.0
115	6609	4.0
115	6695	4.0
115	6772	4.0
115	6962	4.0
133	31	4.0
133	210	5.0
133	220	5.0
133	223	5.0
133	235	5.0
133	243	5.0
133	341	3.0
133	649	4.0
133	793	5.0
133	853	4.0
133	934	3.0
133	970	5.0
133	1116	4.0
133	1199	5.0
133	1419	5.0
133	1424	4.0
133	1550	5.0
133	1587	4.0
133	2017	4.0
133	2069	4.0
133	2132	5.0
133	2641	3.0
133	2918	5.0
133	3026	5.0
133	3089	4.0
133	3125	4.0
133	3162	3.0
133	3396	3.0
133	3407	4.0
133	3430	5.0
133	3545	5.0
133	3709	5.0
133	3754	4.0
133	3874	5.0
133	3955	4.0
133	4030	5.0
133	4180	2.0
133	4245	5.0
133	4309	4.0
133	4635	5.0
133	4684	5.0
133	4729	4.0
133	4774	3.0
133	4860	3.0
133	4924	5.0
133	4951	3.0
133	5016	5.0
133	5049	4.0
133	5098	4.0
133	5274	4.0
133	5476	5.0
133	5507	5.0
133	5515	4.0
133	5700	5.0
133	6107	5.0
133	6182	5.0
133	6203	4.0
133	6322	4.0
133	6327	5.0
133	6370	4.0
133	6449	5.0
133	6852	4.0
133	6955	5.0
161	61	3.0
161	180	5.0
161	219	4.0
161	359	5.0
161	525	3.0
161	545	3.0
161	568	4.0
161	682	4.0
161	729	3.0
161	821	3.0
161	1255	4.0
161	1300	3.0
161	1472	4.0
161	2135	3.0
161	2177	1.0
161	2220	5.0
161	2234	3.0
161	2380	4.0
161	2508	5.0
161	2606	3.0
161	2611	3.0
161	2792	4.0
161	3089	5.0
161	3274	3.0
161	3277	3.0
161	3794	5.0
161	3864	3.0
161	3904	4.0
161	4135	2.0
161	4176	3.0
161	4312	4.0
161	4453	4.0
161	4597	4.0
161	4837	2.0
161	5213	3.0
161	5385	4.0
161	5389	4.0
161	5695	4.0
161	5873	3.0
161	6111	4.0
161	6283	5.0
161	6396	3.0
161	6539	3.0
230	150	4.0
230	172	4.0
230	190	4.0
230	217	2.0
230	328	3.0
230	345	4.0
230	356	3.0
230	475	4.0
230	492	1.0
230	524	4.0
230	552	5.0
230	568	5.0
230	621	4.0
230	627	4.0
230	643	2.0
230	668	4.0
230	683	3.0
230	829	4.0
230	913	4.0
230	959	4.0
230	965	3.0
230	975	3.0
230	1070	2.0
230	1076	4.0
230	1195	4.0
230	1366	2.0
230	1461	3.0
230	1490	3.0
230	1506	1.0
230	1563	4.0
230	1587	3.0
230	1728	4.0
230	1776	3.0
230	1871	4.0
230	1941	4.0
230	1981	4.0
230	2014	5.0
230	2095	1.0
230	2135	3.0
230	2143	3.0
230	2159	2.0
230	2197	4.0
230	2199	3.0
230	2220	4.0
230	2225	4.0
230	2274	3.0
230	2283	3.0
230	2313	3.0
230	2430	4.0
230	2568	5.0
230	2704	4.0
230	2730	2.0
230	2749	4.0
230	2859	4.0
230	2923	4.0
230	3018	4.0
230	3026	4.0
230	3089	3.0
230	3110	4.0
230	3125	4.0
230	3193	3.0
230	3214	4.0
230	3242	2.0
230	3309	4.0
230	3419	4.0
230	3455	5.0
230	3527	2.0
230	3535	4.0
230	3619	4.0
230	3650	4.0
230	3788	2.0
230	3907	4.0
230	3910	2.0
230	4145	5.0
230	4176	4.0
230	4192	4.0
230	4228	3.0
230	4236	2.0
230	4305	2.0
230	4309	3.0
230	4361	4.0
230	4488	4.0
230	4513	4.0
230	4523	3.0
230	4559	3.0
230	4743	5.0
230	4782	5.0
230	4889	3.0
230	4922	5.0
230	4926	4.0
230	5012	3.0
230	5093	4.0
230	5117	2.0
230	5265	4.0
230	5266	4.0
230	5297	4.0
230	5304	3.0
230	5323	3.0
230	5387	5.0
230	5389	3.0
230	5394	2.0
230	5407	4.0
230	5434	3.0
230	5453	5.0
230	5661	4.0
230	5708	4.0
230	5751	5.0
230	5781	3.0
230	5791	4.0
230	5864	4.0
230	5936	2.0
230	6010	4.0
230	6011	5.0
230	6182	3.0
230	6203	3.0
230	6229	3.0
230	6243	4.0
230	6270	4.0
230	6283	4.0
230	6310	5.0
230	6370	4.0
230	6523	4.0
230	6543	3.0
230	6580	2.0
230	6596	5.0
230	6626	3.0
230	6682	4.0
230	6690	4.0
230	6695	1.0
230	6716	4.0
230	6765	3.0
230	6881	4.0
230	6954	3.0
257	350	5.0
257	475	4.0
257	483	2.0
257	729	5.0
257	1071	5.0
257	1099	5.0
257	1125	3.0
257	1160	4.0
257	1532	5.0
257	1600	3.0
257	1728	4.0
257	2135	5.0
257	2199	4.0
257	2511	4.0
257	2515	3.0
257	2824	4.0
257	3078	4.0
257	3192	5.0
257	3270	5.0
257	3359	3.0
257	3394	4.0
257	3723	3.0
257	4269	4.0
257	4323	5.0
257	4339	5.0
257	4480	4.0
257	4726	4.0
257	4799	3.0
257	5407	5.0
257	5572	5.0
257	5577	3.0
257	5630	5.0
257	5686	2.0
257	5850	3.0
257	6145	4.0
257	6229	4.0
257	6416	3.0
257	6523	5.0
257	6571	3.0
257	6664	4.0
283	1	3.0
283	24	4.0
283	38	3.0
283	62	5.0
283	108	4.0
283	133	5.0
283	150	4.0
283	172	5.0
283	198	4.0
283	211	4.0
283	285	5.0
283	291	3.0
283	300	5.0
283	350	5.0
283	369	4.0
283	371	3.0
283	438	4.0
283	461	1.0
283	469	3.0
283	496	4.0
283	649	5.0
283	737	3.0
283	859	4.0
283	873	5.0
283	921	4.0
283	1060	4.0
283	1162	5.0
283	1341	2.0
283	1427	3.0
283	1527	4.0
283	1565	5.0
283	1583	5.0
283	1617	5.0
283	1722	4.0
283	1741	3.0
283	1855	5.0
283	1900	2.0
283	1931	3.0
283	2089	5.0
283	2101	4.0
283	2167	4.0
283	2320	4.0
283	2354	4.0
283	2417	4.0
283	2445	4.0
283	2478	4.0
283	2547	3.0
283	2602	4.0
283	2609	3.0
283	2630	4.0
283	2844	3.0
283	2872	5.0
283	2980	5.0
283	3091	4.0
283	3192	5.0
283	3274	4.0
283	3411	4.0
283	3430	5.0
283	3489	5.0
283	3581	5.0
283	3624	4.0
283	3648	4.0
283	3692	4.0
283	3731	5.0
283	3736	5.0
283	3774	3.0
283	3796	4.0
283	3867	3.0
283	3911	5.0
283	3966	5.0
283	4053	5.0
283	4160	3.0
283	4171	5.0
283	4186	5.0
283	4248	4.0
283	4323	4.0
283	4382	5.0
283	4384	5.0
283	4552	4.0
283	4562	4.0
283	4590	3.0
283	4638	5.0
283	4695	4.0
283	4946	4.0
283	4976	3.0
283	5078	3.0
283	5123	5.0
283	5324	4.0
283	5394	5.0
283	5432	5.0
283	5458	3.0
283	5465	5.0
283	5501	4.0
283	5504	3.0
283	5505	3.0
283	5508	4.0
283	5536	4.0
283	5710	4.0
283	5753	5.0
283	5778	2.0
283	5780	4.0
283	5781	4.0
283	5886	3.0
283	5888	5.0
283	5890	5.0
283	6037	4.0
283	6043	4.0
283	6078	5.0
283	6141	3.0
283	6144	3.0
283	6164	5.0
283	6209	4.0
283	6259	4.0
283	6283	5.0
283	6316	4.0
283	6333	4.0
283	6383	4.0
283	6389	4.0
283	6421	4.0
283	6597	3.0
283	6607	3.0
283	6655	3.0
283	6751	4.0
283	6777	5.0
283	6791	4.0
283	6821	4.0
283	6859	4.0
283	6898	4.0
283	6914	4.0
283	6942	4.0
305	183	3.0
305	316	4.0
305	380	4.0
305	552	3.0
305	858	2.0
305	936	2.0
305	1033	3.0
305	1070	4.0
305	1125	3.0
305	1171	4.0
305	1175	4.0
305	1214	1.0
305	1782	4.0
305	1840	3.0
305	1881	3.0
305	2069	4.0
305	2199	3.0
305	2252	3.0
305	2346	4.0
305	2350	4.0
305	2489	4.0
305	2598	4.0
305	2762	3.0
305	2835	4.0
305	3066	3.0
305	3150	3.0
305	3292	4.0
305	3482	3.0
305	3517	5.0
305	3587	4.0
305	3711	5.0
305	3778	3.0
305	4031	5.0
305	4054	4.0
305	4067	4.0
305	4117	2.0
305	4151	3.0
305	4173	3.0
305	4296	3.0
305	4390	2.0
305	4508	2.0
305	4620	4.0
305	4663	3.0
305	4673	3.0
305	4768	3.0
305	4879	5.0
305	4927	5.0
305	5150	2.0
305	5358	4.0
305	5423	3.0
305	5469	4.0
305	5595	3.0
305	5633	4.0
305	5762	3.0
305	5820	4.0
305	6061	3.0
305	6082	5.0
305	6208	4.0
305	6235	5.0
305	6251	3.0
305	6311	4.0
305	6555	4.0
305	6641	4.0
305	6745	4.0
305	6925	3.0
318	2	4.0
318	38	1.0
318	126	3.0
318	191	4.0
318	223	5.0
318	233	1.0
318	281	5.0
318	371	4.0
318	552	3.0
318	561	1.0
318	568	4.0
318	809	2.0
318	859	3.0
318	861	3.0
318	884	3.0
318	1048	3.0
318	1125	3.0
318	1141	3.0
318	1300	3.0
318	1563	4.0
318	1591	2.0
318	1674	3.0
318	1678	3.0
318	1740	4.0
318	1776	5.0
318	1808	4.0
318	1959	4.0
318	2027	3.0
318	2320	5.0
318	2350	4.0
318	2481	4.0
318	2549	3.0
318	2606	3.0
318	2787	2.0
318	2806	1.0
318	2859	5.0
318	3089	5.0
318	3099	5.0
318	3145	4.0
318	3224	3.0
318	3331	3.0
318	3449	3.0
318	3587	3.0
318	3906	2.0
318	4025	3.0
318	4065	3.0
318	4086	3.0
318	4094	3.0
318	4115	3.0
318	4171	5.0
318	4189	4.0
318	4236	4.0
318	4241	3.0
318	4323	1.0
318	4433	2.0
318	4623	4.0
318	4743	5.0
318	4767	5.0
318	4848	1.0
318	4924	4.0
318	5015	3.0
318	5100	3.0
318	5210	5.0
318	5257	3.0
318	5265	4.0
318	5453	4.0
318	5566	4.0
318	5575	5.0
318	5725	3.0
318	5784	4.0
318	5884	2.0
318	5934	1.0
318	6190	4.0
318	6208	5.0
318	6416	3.0
318	6432	4.0
318	6467	4.0
318	6535	2.0
318	6577	3.0
318	6637	4.0
318	6687	4.0
318	6695	1.0
318	6776	3.0
318	6850	3.0
318	6878	3.0
318	6881	4.0
318	6956	5.0
327	40	3.0
327	90	4.0
327	104	4.0
327	226	5.0
327	232	4.0
327	469	3.0
327	500	3.0
327	502	5.0
327	545	4.0
327	612	4.0
327	802	4.0
327	1059	2.0
327	1146	4.0
327	1190	4.0
327	1249	4.0
327	1289	4.0
327	1323	4.0
327	1422	3.0
327	1443	3.0
327	1622	4.0
327	1658	4.0
327	1659	4.0
327	1661	4.0
327	1698	4.0
327	1728	5.0
327	1799	4.0
327	1800	4.0
327	1847	5.0
327	1956	3.0
327	1957	3.0
327	2012	4.0
327	2135	5.0
327	2186	3.0
327	2254	3.0
327	2300	3.0
327	2323	4.0
327	2399	2.0
327	2421	4.0
327	2496	4.0
327	2511	3.0
327	2583	2.0
327	2633	3.0
327	2639	3.0
327	2757	3.0
327	2763	5.0
327	2813	4.0
327	2923	3.0
327	2976	3.0
327	3056	4.0
327	3089	4.0
327	3144	3.0
327	3270	5.0
327	3341	4.0
327	3381	4.0
327	3394	3.0
327	3400	3.0
327	3409	4.0
327	3470	3.0
327	3491	3.0
327	3492	5.0
327	3570	4.0
327	3642	4.0
327	3722	4.0
327	3723	4.0
327	3809	2.0
327	3841	3.0
327	3889	3.0
327	3923	4.0
327	3962	5.0
327	4051	3.0
327	4135	3.0
327	4159	3.0
327	4194	4.0
327	4269	3.0
327	4323	4.0
327	4333	3.0
327	4372	3.0
327	4477	5.0
327	4487	4.0
327	4491	3.0
327	4638	4.0
327	4694	5.0
327	4721	4.0
327	4811	3.0
327	4898	4.0
327	5018	5.0
327	5045	4.0
327	5052	3.0
327	5123	4.0
327	5144	3.0
327	5146	3.0
327	5166	1.0
327	5207	4.0
327	5251	4.0
327	5304	3.0
327	5401	4.0
327	5432	4.0
327	5507	5.0
327	5515	3.0
327	5697	5.0
327	5719	3.0
327	5721	3.0
327	5779	5.0
327	6029	5.0
327	6229	3.0
327	6232	5.0
327	6248	4.0
327	6342	4.0
327	6350	3.0
327	6456	4.0
327	6479	3.0
327	6538	4.0
327	6599	3.0
327	6600	4.0
327	6643	3.0
327	6731	4.0
327	6808	3.0
350	62	3.0
350	170	3.0
350	241	3.0
350	1125	2.0
350	1159	3.0
350	1770	4.0
350	1772	3.0
350	2029	4.0
350	2462	3.0
350	2537	3.0
350	2717	3.0
350	2883	5.0
350	3026	3.0
350	3055	3.0
350	3268	4.0
350	3309	5.0
350	3411	3.0
350	3990	3.0
350	4030	3.0
350	4106	4.0
350	4109	5.0
350	4202	3.0
350	4296	4.0
350	4460	3.0
350	4555	2.0
350	4639	2.0
350	4727	4.0
350	4856	3.0
350	5057	4.0
350	5244	4.0
350	5251	4.0
350	5304	3.0
350	5375	2.0
350	5386	5.0
350	5394	4.0
350	5423	4.0
350	5531	4.0
350	5578	3.0
350	5686	1.0
350	5800	3.0
350	5873	3.0
350	6167	3.0
350	6182	3.0
350	6190	4.0
350	6193	5.0
350	6208	4.0
350	6232	3.0
350	6283	3.0
350	6415	3.0
350	6479	4.0
350	6672	3.0
350	6682	4.0
350	6695	2.0
350	6792	5.0
350	6881	3.0
350	6960	5.0
382	88	3.0
382	161	5.0
382	174	5.0
382	217	4.0
382	219	5.0
382	257	5.0
382	341	4.0
382	350	5.0
382	381	4.0
382	421	3.0
382	471	1.0
382	475	5.0
382	557	4.0
382	622	4.0
382	629	3.0
382	656	5.0
382	768	2.0
382	821	5.0
382	832	5.0
382	861	2.0
382	912	5.0
382	1077	5.0
382	1125	2.0
382	1166	4.0
382	1240	3.0
382	1248	5.0
382	1257	4.0
382	1491	3.0
382	1513	4.0
382	1521	5.0
382	1588	3.0
382	1629	3.0
382	1808	5.0
382	1885	3.0
382	2003	5.0
382	2090	5.0
382	2161	3.0
382	2220	5.0
382	2242	3.0
382	2252	3.0
382	2258	3.0
382	2274	4.0
382	2326	4.0
382	2462	5.0
382	2481	4.0
382	2487	3.0
382	2509	3.0
382	2609	2.0
382	2633	3.0
382	2763	4.0
382	2839	5.0
382	2846	5.0
382	2851	4.0
382	2859	4.0
382	2924	4.0
382	3016	3.0
382	3025	4.0
382	3060	5.0
382	3089	4.0
382	3100	4.0
382	3150	4.0
382	3213	4.0
382	3239	4.0
382	3265	3.0
382	3319	4.0
382	3359	2.0
382	3386	3.0
382	3449	3.0
382	3521	4.0
382	3533	3.0
382	3622	3.0
382	3623	3.0
382	3692	4.0
382	3787	3.0
382	3856	5.0
382	4014	3.0
382	4169	5.0
382	4171	5.0
382	4553	2.0
382	4566	4.0
382	4651	4.0
382	4666	5.0
382	4774	4.0
382	4926	5.0
382	4927	5.0
382	5089	4.0
382	5251	4.0
382	5286	4.0
382	5328	4.0
382	5347	5.0
382	5530	4.0
382	5534	5.0
382	5663	5.0
382	5664	5.0
382	5722	3.0
382	5793	4.0
382	6109	1.0
382	6145	4.0
382	6200	3.0
382	6253	5.0
382	6384	4.0
382	6449	4.0
382	6571	3.0
382	6648	5.0
382	6659	3.0
382	6672	5.0
382	6685	4.0
382	6695	4.0
382	6706	3.0
382	6708	3.0
382	6954	4.0
409	65	5.0
409	173	4.0
409	282	5.0
409	323	4.0
409	341	5.0
409	711	4.0
409	747	5.0
409	817	5.0
409	957	4.0
409	1644	3.0
409	1741	3.0
409	1799	4.0
409	1829	4.0
409	1941	4.0
409	2068	3.0
409	2384	4.0
409	2386	4.0
409	2421	4.0
409	2486	3.0
409	2558	5.0
409	2721	5.0
409	2772	5.0
409	2785	3.0
409	2935	3.0
409	2938	4.0
409	3027	4.0
409	3052	5.0
409	3189	5.0
409	3310	3.0
409	3777	5.0
409	4094	4.0
409	4140	3.0
409	4540	5.0
409	4553	5.0
409	4617	4.0
409	4673	4.0
409	4774	3.0
409	5015	5.0
409	5243	3.0
409	5386	5.0
409	5395	4.0
409	5453	5.0
409	5515	4.0
409	5566	4.0
409	5668	5.0
409	5699	2.0
409	5780	5.0
409	5850	4.0
409	5910	4.0
409	5979	3.0
409	6024	3.0
409	6052	4.0
409	6182	4.0
409	6273	5.0
409	6299	3.0
409	6405	5.0
409	6460	3.0
409	6513	4.0
409	6560	5.0
409	6609	3.0
409	6665	5.0
409	6671	4.0
409	6699	4.0
409	6735	5.0
415	1	4.0
415	29	5.0
415	81	4.0
415	225	4.0
415	260	4.0
415	287	2.0
415	310	5.0
415	311	4.0
415	346	4.0
415	362	3.0
415	371	3.0
415	433	4.0
415	468	4.0
415	475	5.0
415	476	4.0
415	562	4.0
415	600	5.0
415	656	4.0
415	680	5.0
415	708	4.0
415	747	5.0
415	868	3.0
415	873	5.0
415	1070	4.0
415	1240	5.0
415	1361	5.0
415	1479	4.0
415	1517	3.0
415	1600	3.0
415	1652	4.0
415	1668	5.0
415	1681	4.0
415	1728	5.0
415	1742	3.0
415	1799	5.0
415	1868	4.0
415	1951	3.0
415	2017	4.0
415	2098	5.0
415	2137	4.0
415	2167	4.0
415	2168	4.0
415	2252	5.0
415	2287	4.0
415	2325	5.0
415	2350	4.0
415	2509	3.0
415	2568	3.0
415	2609	4.0
415	2714	4.0
415	2722	4.0
415	2803	3.0
415	2838	5.0
415	2874	3.0
415	2975	2.0
415	3124	4.0
415	3222	4.0
415	3305	1.0
415	3365	4.0
415	3386	4.0
415	3418	5.0
415	3430	5.0
415	3483	4.0
415	3520	5.0
415	3527	2.0
415	3613	3.0
415	3661	4.0
415	3675	2.0
415	3727	3.0
415	3731	5.0
415	3970	3.0
415	3986	4.0
415	3993	3.0
415	4113	4.0
415	4172	3.0
415	4246	5.0
415	4254	5.0
415	4295	4.0
415	4296	5.0
415	4304	5.0
415	4317	4.0
415	4355	4.0
415	4392	4.0
415	4403	4.0
415	4421	5.0
415	4469	5.0
415	4483	5.0
415	4523	4.0
415	4608	4.0
415	4612	5.0
415	4649	2.0
415	4671	4.0
415	4691	4.0
415	4738	4.0
415	4739	4.0
415	4748	5.0
415	4787	5.0
415	4811	3.0
415	4883	4.0
415	4928	3.0
415	4997	4.0
415	5046	3.0
415	5053	4.0
415	5102	4.0
415	5127	3.0
415	5151	4.0
415	5152	3.0
415	5203	4.0
415	5210	4.0
415	5215	5.0
415	5251	5.0
415	5258	5.0
415	5401	5.0
415	5432	5.0
415	5437	3.0
415	5494	5.0
415	5544	2.0
415	5610	4.0
415	5622	5.0
415	5663	4.0
415	5736	2.0
415	5962	3.0
415	6190	4.0
415	6200	4.0
415	6203	3.0
415	6229	4.0
415	6244	5.0
415	6287	3.0
415	6340	3.0
415	6370	5.0
415	6419	3.0
415	6460	3.0
415	6472	4.0
415	6483	3.0
415	6536	5.0
415	6539	4.0
415	6574	5.0
415	6600	3.0
415	6648	5.0
415	6844	4.0
482	99	4.0
482	127	5.0
482	250	3.0
482	289	3.0
482	347	4.0
482	396	1.0
482	499	3.0
482	605	5.0
482	835	4.0
482	970	3.0
482	996	3.0
482	1018	1.0
482	1135	1.0
482	1176	4.0
482	1317	3.0
482	1385	3.0
482	1516	3.0
482	1556	4.0
482	1669	5.0
482	1703	3.0
482	1780	4.0
482	1782	2.0
482	1972	2.0
482	2132	4.0
482	2252	3.0
482	2481	4.0
482	2527	3.0
482	2663	1.0
482	2749	4.0
482	2863	4.0
482	2962	5.0
482	2985	3.0
482	2999	3.0
482	3186	4.0
482	3274	4.0
482	3350	3.0
482	3501	4.0
482	3527	2.0
482	3704	3.0
482	3779	4.0
482	3876	4.0
482	3938	3.0
482	4018	4.0
482	4025	5.0
482	4073	4.0
482	4110	2.0
482	4165	3.0
482	4260	5.0
482	4296	5.0
482	4344	5.0
482	4437	4.0
482	4487	4.0
482	4541	3.0
482	4551	3.0
482	4658	5.0
482	4922	4.0
482	4923	5.0
482	4954	2.0
482	5005	2.0
482	5046	3.0
482	5054	4.0
482	5080	3.0
482	5136	4.0
482	5228	4.0
482	5251	3.0
482	5258	4.0
482	5338	3.0
482	5390	4.0
482	5467	5.0
482	5503	4.0
482	5520	1.0
482	5654	4.0
482	5657	4.0
482	5697	5.0
482	5709	4.0
482	5749	4.0
482	5780	3.0
482	5849	3.0
482	6102	3.0
482	6109	3.0
482	6153	4.0
482	6182	3.0
482	6207	3.0
482	6232	4.0
482	6274	3.0
482	6319	3.0
482	6368	4.0
482	6370	4.0
482	6486	4.0
482	6663	2.0
482	6731	4.0
482	6773	4.0
493	70	4.0
493	150	4.0
493	316	4.0
493	462	4.0
493	568	4.0
493	581	4.0
493	596	5.0
493	624	4.0
493	710	4.0
493	951	4.0
493	1023	4.0
493	1195	5.0
493	1397	4.0
493	1447	3.0
493	1571	4.0
493	1827	4.0
493	1890	4.0
493	1894	5.0
493	1923	4.0
493	2004	5.0
493	2103	4.0
493	2220	4.0
493	2221	4.0
493	2235	5.0
493	2242	4.0
493	2304	4.0
493	2462	4.0
493	2705	4.0
493	2772	4.0
493	2851	4.0
493	3055	4.0
493	3272	4.0
493	3289	4.0
493	3292	4.0
493	3430	4.0
493	3642	4.0
493	3649	4.0
493	3683	4.0
493	3763	4.0
493	3777	5.0
493	3852	4.0
493	3876	4.0
493	4054	4.0
493	4109	5.0
493	4240	4.0
493	4256	4.0
493	4296	4.0
493	4531	4.0
493	4555	4.0
493	4591	4.0
493	4650	4.0
493	4782	5.0
493	4988	5.0
493	5140	4.0
493	5268	4.0
493	5284	4.0
493	5575	4.0
493	5627	4.0
493	5696	3.0
493	5748	4.0
493	5769	5.0
493	5793	4.0
493	5822	4.0
493	6139	4.0
493	6158	4.0
493	6165	4.0
493	6194	4.0
493	6327	4.0
493	6393	4.0
493	6822	4.0
493	6907	5.0
493	6916	4.0
542	126	5.0
542	170	4.0
542	234	4.0
542	243	5.0
542	281	5.0
542	323	3.0
542	371	5.0
542	375	5.0
542	417	5.0
542	444	5.0
542	601	5.0
542	861	5.0
542	884	3.0
542	891	5.0
542	1076	5.0
542	1162	5.0
542	1213	5.0
542	1257	5.0
542	1585	4.0
542	1644	4.0
542	1684	2.0
542	1770	4.0
542	1779	5.0
542	1808	5.0
542	1827	5.0
542	1875	5.0
542	1881	4.0
542	2017	4.0
542	2025	5.0
542	2186	4.0
542	2242	5.0
542	2264	4.0
542	2274	5.0
542	2287	4.0
542	2326	5.0
542	2340	5.0
542	2483	5.0
542	2512	5.0
542	2758	3.0
542	2830	5.0
542	2852	4.0
542	2859	5.0
542	2931	5.0
542	2939	5.0
542	2973	5.0
542	3056	4.0
542	3100	5.0
542	3150	4.0
542	3177	5.0
542	3192	5.0
542	3378	4.0
542	3449	5.0
542	3597	5.0
542	3649	3.0
542	3650	5.0
542	3676	4.0
542	3692	5.0
542	3707	4.0
542	3744	5.0
542	3777	5.0
542	3780	5.0
542	4050	5.0
542	4110	4.0
542	4113	4.0
542	4171	5.0
542	4194	5.0
542	4215	5.0
542	4230	4.0
542	4236	5.0
542	4296	5.0
542	4392	5.0
542	4469	3.0
542	4649	2.0
542	4662	4.0
542	4781	4.0
542	4857	4.0
542	4922	5.0
542	4923	5.0
542	4928	5.0
542	4982	5.0
542	5005	3.0
542	5057	5.0
542	5100	5.0
542	5124	5.0
542	5136	5.0
542	5211	5.0
542	5294	5.0
542	5394	5.0
542	5410	4.0
542	5453	5.0
542	5480	4.0
542	5530	5.0
542	5534	4.0
542	5575	5.0
542	5686	2.0
542	5780	5.0
542	5888	5.0
542	5889	5.0
542	5991	5.0
542	6105	5.0
542	6115	5.0
542	6198	4.0
542	6273	5.0
542	6600	5.0
542	6671	4.0
542	6735	4.0
542	6754	4.0
542	6759	4.0
542	6762	5.0
542	6953	5.0
542	6969	5.0
565	234	4.0
565	236	1.0
565	369	5.0
565	371	4.0
565	399	3.0
565	500	3.0
565	549	3.0
565	858	4.0
565	1033	4.0
565	1226	4.0
565	1236	5.0
565	1355	3.0
565	1491	4.0
565	1578	4.0
565	1606	3.0
565	1633	2.0
565	1727	4.0
565	1728	5.0
565	1956	5.0
565	1957	3.0
565	2075	3.0
565	2155	3.0
565	2320	4.0
565	2360	2.0
565	2511	3.0
565	2512	5.0
565	2520	3.0
565	2598	3.0
565	2609	5.0
565	2641	3.0
565	3089	3.0
565	3277	3.0
565	3359	4.0
565	3483	3.0
565	3497	5.0
565	3613	3.0
565	4186	5.0
565	4187	5.0
565	4194	5.0
565	4309	4.0
565	4434	3.0
565	4441	3.0
565	4454	3.0
565	4470	1.0
565	4485	3.0
565	4511	5.0
565	4514	3.0
565	4590	2.0
565	4613	3.0
565	4672	4.0
565	4726	3.0
565	4733	3.0
565	4799	4.0
565	4923	5.0
565	4928	4.0
565	5214	3.0
565	5251	3.0
565	5344	4.0
565	5430	3.0
565	5493	3.0
565	5593	4.0
565	5686	3.0
565	5909	3.0
565	5910	5.0
565	6024	3.0
565	6217	5.0
565	6287	3.0
565	6479	4.0
565	6491	5.0
565	6679	4.0
565	6792	3.0
565	6799	4.0
585	186	3.0
585	243	4.0
585	348	4.0
585	371	3.0
585	385	4.0
585	499	3.0
585	538	4.0
585	557	4.0
585	741	3.0
585	832	4.0
585	921	3.0
585	992	4.0
585	1076	4.0
585	1177	4.0
585	1209	3.0
585	1226	3.0
585	1257	5.0
585	1322	4.0
585	1458	3.0
585	1517	3.0
585	1571	4.0
585	1578	3.0
585	1591	2.0
585	1808	3.0
585	1826	3.0
585	1834	5.0
585	1941	4.0
585	1943	4.0
585	1950	3.0
585	2068	4.0
585	2178	3.0
585	2188	3.0
585	2196	4.0
585	2277	4.0
585	2283	3.0
585	2350	4.0
585	2421	4.0
585	2434	4.0
585	2445	4.0
585	2529	4.0
585	2628	4.0
585	2901	3.0
585	2931	4.0
585	3089	3.0
585	3099	4.0
585	3125	4.0
585	3193	4.0
585	3219	4.0
585	3260	3.0
585	3295	4.0
585	3296	3.0
585	3492	3.0
585	3595	4.0
585	3834	3.0
585	3874	4.0
585	3970	4.0
585	4059	3.0
585	4338	3.0
585	4507	2.0
585	4906	3.0
585	4922	4.0
585	4923	5.0
585	4993	3.0
585	5059	4.0
585	5154	4.0
585	5263	4.0
585	5431	5.0
585	5445	3.0
585	5515	4.0
585	5566	4.0
585	5664	4.0
585	5699	3.0
585	5709	3.0
585	5735	3.0
585	5753	4.0
585	5792	3.0
585	5800	3.0
585	5842	2.0
585	6214	3.0
585	6305	4.0
585	6396	4.0
585	6592	3.0
585	6691	4.0
585	6878	4.0
585	6916	4.0
585	6956	5.0
607	174	5.0
607	417	5.0
607	475	4.0
607	656	3.0
607	1194	4.0
607	1249	2.0
607	1401	4.0
607	1692	2.0
607	1914	4.0
607	2029	5.0
607	2049	4.0
607	2287	3.0
607	2709	3.0
607	3060	4.0
607	3411	4.0
607	3622	2.0
607	3980	4.0
607	4291	1.0
607	4323	4.0
607	4407	3.0
607	4927	5.0
607	5231	4.0
607	5394	4.0
607	5534	4.0
607	5657	3.0
607	5709	5.0
607	6154	4.0
607	6208	5.0
607	6214	3.0
607	6311	4.0
632	117	5.0
632	152	4.0
632	281	5.0
632	387	4.0
632	450	3.0
632	465	3.0
632	595	4.0
632	821	4.0
632	827	5.0
632	853	4.0
632	931	5.0
632	1072	5.0
632	1248	5.0
632	1274	3.0
632	1544	3.0
632	1603	3.0
632	1654	3.0
632	1728	5.0
632	1857	5.0
632	2009	4.0
632	2029	5.0
632	2164	4.0
632	2220	5.0
632	2304	4.0
632	2430	3.0
632	2477	4.0
632	2838	5.0
632	2841	2.0
632	3587	3.0
632	3707	4.0
632	3923	3.0
632	4172	4.0
632	4424	5.0
632	5387	5.0
632	5578	4.0
632	6209	3.0
632	6396	4.0
632	6687	5.0
632	6875	3.0
632	6952	5.0
632	6953	5.0
662	47	4.0
662	180	4.0
662	192	3.0
662	275	2.0
662	289	4.0
662	313	3.0
662	358	2.0
662	465	4.0
662	500	3.0
662	574	4.0
662	586	3.0
662	594	2.0
662	683	5.0
662	786	5.0
662	921	3.0
662	929	5.0
662	997	3.0
662	1116	4.0
662	1126	3.0
662	1211	2.0
662	1356	3.0
662	1396	3.0
662	1563	3.0
662	1695	4.0
662	1933	3.0
662	1956	4.0
662	2053	4.0
662	2132	3.0
662	2159	1.0
662	2160	3.0
662	2252	3.0
662	2260	3.0
662	2266	4.0
662	2270	3.0
662	2372	4.0
662	2515	3.0
662	2546	3.0
662	2625	3.0
662	2845	4.0
662	2859	5.0
662	2867	3.0
662	2897	3.0
662	2992	5.0
662	2997	2.0
662	3052	4.0
662	3070	3.0
662	3073	4.0
662	3137	2.0
662	3158	4.0
662	3173	3.0
662	3248	3.0
662	3268	4.0
662	3286	3.0
662	3341	4.0
662	3359	3.0
662	3419	5.0
662	3422	4.0
662	3432	3.0
662	3458	3.0
662	3507	4.0
662	3517	5.0
662	3537	4.0
662	3569	5.0
662	3738	3.0
662	3815	4.0
662	3825	4.0
662	3862	4.0
662	3873	4.0
662	3911	3.0
662	3991	3.0
662	4032	4.0
662	4037	3.0
662	4067	4.0
662	4079	3.0
662	4187	5.0
662	4229	4.0
662	4307	5.0
662	4310	3.0
662	4373	3.0
662	4460	3.0
662	4473	5.0
662	4477	5.0
662	4487	4.0
662	4543	4.0
662	4612	3.0
662	4668	2.0
662	4688	4.0
662	4854	3.0
662	4966	3.0
662	4997	3.0
662	5052	4.0
662	5053	3.0
662	5113	3.0
662	5234	3.0
662	5253	5.0
662	5269	5.0
662	5315	3.0
662	5373	4.0
662	5392	3.0
662	5431	3.0
662	5503	3.0
662	5530	3.0
662	5542	5.0
662	5564	3.0
662	5605	3.0
662	5669	4.0
662	5670	5.0
662	5709	4.0
662	5772	4.0
662	5781	4.0
662	5863	3.0
662	5945	5.0
662	5967	4.0
662	5973	5.0
662	5978	3.0
662	5984	3.0
662	6003	4.0
662	6109	3.0
662	6130	3.0
662	6182	3.0
662	6190	3.0
662	6223	3.0
662	6333	5.0
662	6385	2.0
662	6469	3.0
662	6490	3.0
662	6536	4.0
662	6577	3.0
662	6637	4.0
662	6653	4.0
662	6836	4.0
662	6838	4.0
662	6905	4.0
662	6916	3.0
662	6968	3.0
673	83	5.0
673	141	4.0
673	150	4.0
673	221	5.0
673	275	3.0
673	326	2.0
673	371	4.0
673	387	3.0
673	519	4.0
673	565	4.0
673	574	4.0
673	578	4.0
673	683	5.0
673	794	5.0
673	977	4.0
673	1070	4.0
673	1076	5.0
673	1248	5.0
673	1249	4.0
673	1261	3.0
673	1361	4.0
673	1410	4.0
673	1637	4.0
673	1647	4.0
673	1702	4.0
673	1773	3.0
673	1776	5.0
673	1815	3.0
673	1819	4.0
673	1835	4.0
673	1880	3.0
673	1900	3.0
673	2029	3.0
673	2120	5.0
673	2160	3.0
673	2167	4.0
673	2173	5.0
673	2230	3.0
673	2293	3.0
673	2351	4.0
673	2529	4.0
673	2614	4.0
673	2651	4.0
673	2678	3.0
673	2745	4.0
673	2854	3.0
673	2875	5.0
673	3089	4.0
673	3129	5.0
673	3174	3.0
673	3180	3.0
673	3213	4.0
673	3345	5.0
673	3422	5.0
673	3450	3.0
673	3512	4.0
673	3564	5.0
673	3622	4.0
673	3628	3.0
673	3730	5.0
673	3735	3.0
673	3861	3.0
673	3876	4.0
673	3906	3.0
673	3916	4.0
673	3991	4.0
673	4018	3.0
673	4069	3.0
673	4172	4.0
673	4211	4.0
673	4316	4.0
673	4344	4.0
673	4357	3.0
673	4373	3.0
673	4388	3.0
673	4407	4.0
673	4513	5.0
673	4545	3.0
673	4555	3.0
673	4596	5.0
673	4617	2.0
673	4644	4.0
673	4676	4.0
673	4718	4.0
673	4922	5.0
673	4953	4.0
673	5055	3.0
673	5064	4.0
673	5129	5.0
673	5154	5.0
673	5187	3.0
673	5220	5.0
673	5325	4.0
673	5337	2.0
673	5352	4.0
673	5404	4.0
673	5465	5.0
673	5507	5.0
673	5534	3.0
673	5575	5.0
673	5598	3.0
673	5800	4.0
673	5867	4.0
673	5879	4.0
673	5885	4.0
673	5928	5.0
673	5936	4.0
673	6014	3.0
673	6040	4.0
673	6121	3.0
673	6147	3.0
673	6208	5.0
673	6299	3.0
673	6352	5.0
673	6469	4.0
673	6762	4.0
673	6774	4.0
673	6780	5.0
673	6918	5.0
673	6927	5.0
673	6956	5.0
675	141	4.0
675	220	5.0
675	292	4.0
675	393	3.0
675	787	4.0
675	1384	3.0
675	1644	4.0
675	1679	3.0
675	1753	2.0
675	1871	4.0
675	1885	2.0
675	2029	5.0
675	2196	5.0
675	2242	5.0
675	2258	3.0
675	2320	3.0
675	2481	4.0
675	2641	4.0
675	2825	3.0
675	2959	5.0
675	3025	5.0
675	3406	3.0
675	3551	3.0
675	3594	4.0
675	3650	5.0
675	3876	5.0
675	4172	5.0
675	4258	4.0
675	4344	4.0
675	4448	4.0
675	4523	4.0
675	4542	5.0
675	4721	4.0
675	4927	5.0
675	4928	5.0
675	5046	4.0
675	5210	3.0
675	5214	3.0
675	5263	4.0
675	5304	3.0
675	5423	4.0
675	5493	3.0
675	5663	4.0
675	5686	3.0
675	5780	5.0
675	5849	4.0
675	6207	5.0
675	6208	5.0
675	6536	3.0
675	6544	4.0
675	6677	3.0
675	6691	5.0
675	6731	4.0
675	6773	3.0
675	6884	5.0
676	16	4.0
676	73	4.0
676	190	4.0
676	223	5.0
676	259	4.0
676	296	4.0
676	313	3.0
676	346	3.0
676	369	3.0
676	500	4.0
676	635	4.0
676	653	5.0
676	672	3.0
676	749	4.0
676	799	3.0
676	826	3.0
676	833	4.0
676	912	4.0
676	921	3.0
676	931	5.0
676	1051	4.0
676	1061	4.0
676	1078	3.0
676	1084	4.0
676	1148	3.0
676	1338	4.0
676	1355	3.0
676	1429	3.0
676	1496	4.0
676	1507	4.0
676	1563	4.0
676	1634	4.0
676	1690	4.0
676	1700	3.0
676	1741	2.0
676	1765	4.0
676	1782	3.0
676	1799	4.0
676	2021	4.0
676	2119	3.0
676	2123	4.0
676	2188	4.0
676	2240	4.0
676	2268	4.0
676	2274	3.0
676	2284	5.0
676	2384	4.0
676	2462	4.0
676	2528	4.0
676	2558	4.0
676	2622	4.0
676	2654	3.0
676	2686	4.0
676	2706	4.0
676	2717	4.0
676	2755	3.0
676	2766	3.0
676	2935	2.0
676	3084	4.0
676	3089	3.0
676	3287	3.0
676	3408	2.0
676	3423	3.0
676	3570	4.0
676	3693	3.0
676	3781	5.0
676	3794	5.0
676	3803	2.0
676	3831	3.0
676	3846	4.0
676	3864	3.0
676	3945	4.0
676	4031	4.0
676	4054	4.0
676	4067	3.0
676	4159	3.0
676	4169	3.0
676	4324	2.0
676	4333	3.0
676	4434	4.0
676	4479	5.0
676	4540	3.0
676	4581	4.0
676	4587	5.0
676	4649	2.0
676	4665	4.0
676	4767	4.0
676	4928	4.0
676	4947	3.0
676	5010	3.0
676	5134	4.0
676	5168	3.0
676	5319	3.0
676	5386	5.0
676	5407	5.0
676	5432	5.0
676	5491	4.0
676	5515	3.0
676	5622	4.0
676	5719	3.0
676	5756	4.0
676	5778	3.0
676	5797	4.0
676	5828	4.0
676	5845	5.0
676	5934	4.0
676	6022	3.0
676	6070	3.0
676	6084	3.0
676	6139	4.0
676	6203	3.0
676	6327	4.0
676	6508	3.0
676	6527	4.0
676	6530	4.0
676	6545	3.0
676	6728	4.0
676	6866	4.0
701	30	4.0
701	46	4.0
701	72	4.0
701	217	5.0
701	325	4.0
701	358	3.0
701	371	3.0
701	499	4.0
701	649	5.0
701	706	3.0
701	913	3.0
701	970	4.0
701	1074	4.0
701	1227	3.0
701	1247	4.0
701	1282	5.0
701	1432	4.0
701	1587	4.0
701	1632	4.0
701	1740	4.0
701	1741	3.0
701	1825	4.0
701	2024	3.0
701	2133	5.0
701	2339	3.0
701	2656	4.0
701	2715	5.0
701	2717	4.0
701	2909	4.0
701	3089	4.0
701	3102	4.0
701	3141	3.0
701	3193	4.0
701	3497	5.0
701	3556	4.0
701	4001	4.0
701	4037	4.0
701	4040	3.0
701	4080	3.0
701	4081	4.0
701	4135	5.0
701	4188	4.0
701	4317	4.0
701	4339	3.0
701	4345	5.0
701	4357	4.0
701	4360	4.0
701	4615	4.0
701	4791	3.0
701	4848	2.0
701	4910	3.0
701	4928	4.0
701	4929	5.0
701	4951	4.0
701	5246	4.0
701	5323	5.0
701	5392	5.0
701	5536	4.0
701	5657	4.0
701	5732	4.0
701	5849	3.0
701	5874	4.0
701	6172	3.0
701	6190	5.0
701	6203	3.0
701	6210	3.0
701	6302	5.0
701	6351	4.0
701	6378	5.0
701	6396	5.0
701	6512	3.0
701	6536	5.0
701	6578	4.0
701	6607	4.0
701	6706	4.0
701	6733	3.0
701	6922	3.0
701	6925	3.0
718	121	4.0
718	243	3.0
718	319	4.0
718	397	4.0
718	401	4.0
718	475	4.0
718	480	4.0
718	581	4.0
718	606	4.0
718	708	4.0
718	716	4.0
718	791	4.0
718	808	4.0
718	858	4.0
718	882	4.0
718	912	4.0
718	913	4.0
718	929	5.0
718	931	4.0
718	985	4.0
718	1061	5.0
718	1077	3.0
718	1104	4.0
718	1133	4.0
718	1159	4.0
718	1247	3.0
718	1384	4.0
718	1401	4.0
718	1415	4.0
718	1455	5.0
718	1640	4.0
718	1659	3.0
718	1664	4.0
718	1681	4.0
718	1767	4.0
718	1800	4.0
718	1813	5.0
718	1850	3.0
718	1882	4.0
718	1956	4.0
718	2015	5.0
718	2069	5.0
718	2188	4.0
718	2307	4.0
718	2481	4.0
718	2611	4.0
718	2628	3.0
718	2824	4.0
718	2851	4.0
718	2900	4.0
718	2926	4.0
718	2931	4.0
718	2949	4.0
718	2972	4.0
718	3025	5.0
718	3026	5.0
718	3056	4.0
718	3091	4.0
718	3119	4.0
718	3208	4.0
718	3290	5.0
718	3295	5.0
718	3307	4.0
718	3309	4.0
718	3310	5.0
718	3409	4.0
718	3527	3.0
718	3632	4.0
718	3656	4.0
718	3661	4.0
718	3755	5.0
718	3759	4.0
718	3778	4.0
718	3779	5.0
718	3819	4.0
718	3825	5.0
718	3858	4.0
718	3966	4.0
718	4072	4.0
718	4089	3.0
718	4108	4.0
718	4110	4.0
718	4200	5.0
718	4202	4.0
718	4237	5.0
718	4272	4.0
718	4295	5.0
718	4296	5.0
718	4357	4.0
718	4409	5.0
718	4487	4.0
718	4532	4.0
718	4541	3.0
718	4665	4.0
718	4674	4.0
718	4779	4.0
718	4791	4.0
718	4796	4.0
718	4860	4.0
718	4928	4.0
718	4973	4.0
718	4983	5.0
718	5103	4.0
718	5151	4.0
718	5179	4.0
718	5213	4.0
718	5251	4.0
718	5304	4.0
718	5329	4.0
718	5395	5.0
718	5407	4.0
718	5475	5.0
718	5508	5.0
718	5535	4.0
718	5588	4.0
718	5606	4.0
718	5633	4.0
718	5659	4.0
718	5836	4.0
718	5973	4.0
718	6100	4.0
718	6200	4.0
718	6328	4.0
718	6348	3.0
718	6479	4.0
718	6558	4.0
718	6637	4.0
718	6691	5.0
718	6721	4.0
718	6806	4.0
718	6877	4.0
718	6891	3.0
718	6925	4.0
718	6953	5.0
760	139	4.0
760	594	4.0
760	1125	3.0
760	1210	4.0
760	1760	5.0
760	2230	2.0
760	2239	4.0
760	2351	3.0
760	2698	5.0
760	2740	3.0
760	2853	4.0
760	2886	4.0
760	3084	1.0
760	3423	5.0
760	4323	4.0
760	4444	4.0
760	4551	4.0
760	5100	3.0
760	5103	5.0
760	5167	1.0
760	5311	5.0
760	5534	5.0
760	5600	5.0
760	5709	3.0
760	5820	5.0
760	5934	3.0
760	6198	3.0
760	6208	4.0
760	6283	5.0
760	6479	3.0
760	6679	5.0
762	241	3.0
762	422	3.0
762	502	5.0
762	938	3.0
762	984	4.0
762	1140	3.0
762	1355	3.0
762	1544	5.0
762	1706	3.0
762	1871	3.0
762	1951	4.0
762	2017	4.0
762	2188	4.0
762	2274	4.0
762	2427	4.0
762	2606	4.0
762	2640	3.0
762	2736	3.0
762	2789	3.0
762	2806	2.0
762	2846	5.0
762	2944	4.0
762	3024	5.0
762	3110	4.0
762	3129	4.0
762	3468	3.0
762	3563	4.0
762	3777	5.0
762	3852	5.0
762	3906	4.0
762	3911	5.0
762	4172	4.0
762	4295	4.0
762	4605	3.0
762	4928	4.0
762	5005	4.0
762	5050	4.0
762	5262	3.0
762	5546	4.0
762	5758	3.0
762	5767	3.0
762	5781	5.0
762	5986	3.0
762	6190	4.0
762	6555	4.0
762	6637	4.0
762	6659	4.0
762	6888	3.0
762	6922	5.0
780	79	3.0
780	127	3.0
780	180	4.0
780	215	5.0
780	240	3.0
780	265	5.0
780	266	4.0
780	281	4.0
780	353	4.0
780	452	4.0
780	569	5.0
780	680	5.0
780	817	4.0
780	912	4.0
780	919	3.0
780	1070	2.0
780	1071	5.0
780	1121	5.0
780	1255	3.0
780	1294	5.0
780	1301	3.0
780	1340	3.0
780	1354	4.0
780	1395	3.0
780	1418	5.0
780	1521	5.0
780	1536	3.0
780	1563	5.0
780	1681	4.0
780	1728	4.0
780	1770	4.0
780	1776	5.0
780	1894	4.0
780	1972	3.0
780	2053	5.0
780	2129	5.0
780	2141	5.0
780	2153	5.0
780	2160	5.0
780	2217	5.0
780	2220	4.0
780	2262	5.0
780	2326	5.0
780	2461	3.0
780	2501	5.0
780	2818	5.0
780	2850	5.0
780	2859	5.0
780	2889	4.0
780	2918	3.0
780	3033	5.0
780	3198	2.0
780	3295	5.0
780	3317	3.0
780	3331	4.0
780	3368	4.0
780	3386	4.0
780	3411	3.0
780	3418	3.0
780	3535	5.0
780	3563	3.0
780	3671	5.0
780	3692	4.0
780	3723	4.0
780	3725	4.0
780	3746	5.0
780	3862	3.0
780	3874	5.0
780	3955	5.0
780	3973	5.0
780	3992	3.0
780	4017	4.0
780	4063	5.0
780	4072	5.0
780	4090	5.0
780	4180	2.0
780	4187	5.0
780	4189	3.0
780	4230	3.0
780	4421	5.0
780	4457	5.0
780	4523	2.0
780	4645	3.0
780	4684	5.0
780	4706	3.0
780	4734	3.0
780	4759	5.0
780	4791	4.0
780	4853	4.0
780	4863	5.0
780	4924	5.0
780	5057	5.0
780	5145	2.0
780	5148	5.0
780	5274	5.0
780	5283	4.0
780	5285	5.0
780	5436	4.0
780	5503	3.0
780	5592	1.0
780	5779	5.0
780	5780	4.0
780	5873	5.0
780	6022	5.0
780	6029	4.0
780	6164	5.0
780	6432	3.0
780	6456	5.0
780	6479	3.0
780	6590	3.0
780	6601	3.0
780	6670	5.0
780	6690	4.0
780	6876	4.0
780	6956	5.0
796	141	5.0
796	285	5.0
796	341	4.0
796	537	3.0
796	884	4.0
796	1033	4.0
796	1654	4.0
796	1825	4.0
796	2196	5.0
796	2199	3.0
796	2220	5.0
796	2353	3.0
796	2417	4.0
796	3089	4.0
796	3345	4.0
796	3449	5.0
796	3671	5.0
796	3743	4.0
796	4074	4.0
796	4522	4.0
796	4617	3.0
796	5251	4.0
796	5440	4.0
796	5536	4.0
796	5575	5.0
796	5871	5.0
796	5888	4.0
796	6059	3.0
796	6246	4.0
796	6691	5.0
801	7	5.0
801	47	3.0
801	105	2.0
801	182	4.0
801	271	4.0
801	276	5.0
801	346	3.0
801	371	2.0
801	397	1.0
801	404	3.0
801	605	5.0
801	668	4.0
801	756	3.0
801	768	2.0
801	827	1.0
801	833	5.0
801	861	4.0
801	887	5.0
801	970	4.0
801	1056	4.0
801	1072	4.0
801	1073	5.0
801	1074	4.0
801	1175	3.0
801	1181	4.0
801	1247	3.0
801	1379	3.0
801	1516	2.0
801	1518	2.0
801	1587	3.0
801	1588	2.0
801	1604	3.0
801	1628	5.0
801	1629	3.0
801	1634	5.0
801	1664	1.0
801	1754	4.0
801	1757	4.0
801	1820	4.0
801	1821	3.0
801	2129	4.0
801	2162	3.0
801	2168	3.0
801	2169	3.0
801	2179	3.0
801	2198	4.0
801	2199	2.0
801	2221	4.0
801	2242	4.0
801	2283	4.0
801	2310	5.0
801	2350	3.0
801	2384	2.0
801	2386	4.0
801	2399	1.0
801	2639	1.0
801	2737	3.0
801	2786	4.0
801	2818	5.0
801	2861	5.0
801	2875	4.0
801	2878	4.0
801	2957	5.0
801	2960	2.0
801	3021	5.0
801	3024	3.0
801	3028	5.0
801	3062	3.0
801	3089	3.0
801	3099	3.0
801	3128	3.0
801	3193	4.0
801	3270	4.0
801	3359	2.0
801	3362	3.0
801	3373	3.0
801	3536	3.0
801	3537	4.0
801	3563	4.0
801	3651	5.0
801	3661	4.0
801	3662	5.0
801	3672	3.0
801	3732	4.0
801	3787	5.0
801	3791	4.0
801	3931	4.0
801	3974	1.0
801	4014	5.0
801	4037	3.0
801	4053	4.0
801	4097	3.0
801	4140	5.0
801	4209	5.0
801	4230	3.0
801	4292	3.0
801	4312	4.0
801	4344	3.0
801	4385	5.0
801	4401	5.0
801	4543	4.0
801	4592	3.0
801	4658	4.0
801	4684	4.0
801	4808	5.0
801	4857	5.0
801	4894	3.0
801	4923	5.0
801	4959	5.0
801	4975	4.0
801	4983	4.0
801	5053	4.0
801	5057	5.0
801	5073	5.0
801	5150	2.0
801	5187	4.0
801	5216	5.0
801	5217	4.0
801	5227	4.0
801	5253	4.0
801	5266	5.0
801	5297	4.0
801	5330	5.0
801	5342	5.0
801	5445	4.0
801	5489	4.0
801	5505	2.0
801	5515	3.0
801	5539	2.0
801	5592	2.0
801	5594	3.0
801	5630	2.0
801	5659	4.0
801	5663	4.0
801	5780	4.0
801	5849	2.0
801	6076	5.0
801	6104	2.0
801	6145	4.0
801	6199	3.0
801	6242	3.0
801	6370	4.0
801	6375	2.0
801	6460	2.0
801	6465	3.0
801	6536	3.0
801	6648	5.0
801	6650	4.0
801	6671	2.0
801	6691	3.0
801	6705	2.0
801	6748	3.0
801	6751	3.0
801	6851	5.0
801	6876	3.0
801	6922	3.0
801	6923	2.0
801	6927	5.0
801	6955	4.0
801	6969	5.0
803	38	2.0
803	72	3.0
803	275	3.0
803	308	4.0
803	328	2.0
803	386	4.0
803	422	3.0
803	499	3.0
803	581	4.0
803	699	5.0
803	706	4.0
803	714	4.0
803	765	3.0
803	768	3.0
803	827	4.0
803	868	4.0
803	884	3.0
803	1056	4.0
803	1070	3.0
803	1071	3.0
803	1082	3.0
803	1135	2.0
803	1263	4.0
803	1359	3.0
803	1384	4.0
803	1399	2.0
803	1461	3.0
803	1517	3.0
803	1527	4.0
803	1587	5.0
803	1608	3.0
803	1628	4.0
803	1700	3.0
803	1728	5.0
803	1740	3.0
803	1759	5.0
803	1817	2.0
803	1871	2.0
803	1904	4.0
803	1917	5.0
803	1931	3.0
803	1933	2.0
803	2012	4.0
803	2021	4.0
803	2179	2.0
803	2287	4.0
803	2326	5.0
803	2351	3.0
803	2356	4.0
803	2391	4.0
803	2471	4.0
803	2482	2.0
803	2496	3.0
803	2586	4.0
803	2591	3.0
803	2633	4.0
803	2734	4.0
803	2842	3.0
803	2844	3.0
803	2846	5.0
803	2858	5.0
803	2874	4.0
803	2888	2.0
803	2978	4.0
803	2980	4.0
803	3105	2.0
803	3129	3.0
803	3285	3.0
803	3331	3.0
803	3359	3.0
803	3403	4.0
803	3458	4.0
803	3477	3.0
803	3601	3.0
803	3670	4.0
803	3690	3.0
803	3692	3.0
803	3717	3.0
803	3738	2.0
803	3743	3.0
803	3791	5.0
803	3856	4.0
803	3902	3.0
803	3913	3.0
803	3970	2.0
803	4164	2.0
803	4209	4.0
803	4304	3.0
803	4356	3.0
803	4373	2.0
803	4409	3.0
803	4416	4.0
803	4522	2.0
803	4592	3.0
803	4665	4.0
803	4748	5.0
803	4800	3.0
803	4821	3.0
803	4854	2.0
803	4866	2.0
803	4917	5.0
803	4922	4.0
803	4951	2.0
803	4993	4.0
803	5035	3.0
803	5053	4.0
803	5152	4.0
803	5257	3.0
803	5405	3.0
803	5439	5.0
803	5440	3.0
803	5480	4.0
803	5512	2.0
803	5530	4.0
803	5572	4.0
803	5575	4.0
803	5646	2.0
803	5729	3.0
803	5780	4.0
803	5800	2.0
803	5848	4.0
803	5890	5.0
803	5945	3.0
803	6104	4.0
803	6217	4.0
803	6286	2.0
803	6311	4.0
803	6370	5.0
803	6384	3.0
803	6432	4.0
803	6483	3.0
803	6517	3.0
803	6564	3.0
803	6578	2.0
803	6584	3.0
803	6655	3.0
803	6690	4.0
803	6691	5.0
803	6731	4.0
803	6770	3.0
803	6773	3.0
803	6837	3.0
803	6881	5.0
803	6955	4.0
810	117	4.0
810	173	4.0
810	198	3.0
810	217	4.0
810	220	5.0
810	223	4.0
810	226	4.0
810	248	4.0
810	256	4.0
810	271	4.0
810	293	3.0
810	319	3.0
810	346	3.0
810	371	3.0
810	419	4.0
810	789	3.0
810	833	4.0
810	875	4.0
810	898	4.0
810	982	4.0
810	1071	4.0
810	1116	3.0
810	1125	3.0
810	1225	4.0
810	1379	4.0
810	1461	3.0
810	1470	3.0
810	1513	4.0
810	1680	3.0
810	1743	4.0
810	1759	4.0
810	1787	4.0
810	1799	4.0
810	1808	3.0
810	1843	3.0
810	1871	3.0
810	1925	3.0
810	1957	3.0
810	2029	3.0
810	2098	4.0
810	2124	3.0
810	2199	3.0
810	2258	3.0
810	2260	4.0
810	2324	3.0
810	2384	3.0
810	2421	3.0
810	2565	4.0
810	2739	5.0
810	2762	3.0
810	2818	4.0
810	2824	4.0
810	2825	3.0
810	2859	4.0
810	2900	3.0
810	2970	4.0
810	2980	4.0
810	3141	3.0
810	3162	4.0
810	3167	4.0
810	3192	4.0
810	3207	3.0
810	3270	4.0
810	3359	4.0
810	3367	3.0
810	3386	4.0
810	3400	4.0
810	3431	4.0
810	3447	4.0
810	3528	4.0
810	3577	4.0
810	3794	4.0
810	3906	3.0
810	3942	4.0
810	3970	2.0
810	3991	4.0
810	4001	4.0
810	4053	4.0
810	4067	4.0
810	4206	5.0
810	4480	4.0
810	4523	4.0
810	4596	4.0
810	4645	4.0
810	4843	4.0
810	4922	3.0
810	4923	4.0
810	4983	4.0
810	5003	4.0
810	5093	4.0
810	5134	4.0
810	5304	4.0
810	5330	4.0
810	5395	4.0
810	5472	3.0
810	5546	3.0
810	5592	3.0
810	5603	4.0
810	5646	3.0
810	5890	5.0
810	5928	3.0
810	5931	3.0
810	6042	3.0
810	6158	5.0
810	6188	4.0
810	6203	4.0
810	6232	3.0
810	6384	4.0
810	6395	3.0
810	6396	4.0
810	6416	3.0
810	6491	5.0
810	6630	3.0
810	6672	4.0
810	6722	3.0
810	6728	3.0
810	6789	4.0
810	6877	3.0
810	6962	4.0
810	6963	3.0
845	79	4.0
845	182	5.0
845	310	5.0
845	315	4.0
845	373	4.0
845	374	2.0
845	536	2.0
845	623	4.0
845	626	3.0
845	653	4.0
845	654	4.0
845	684	4.0
845	698	3.0
845	778	5.0
845	787	3.0
845	836	5.0
845	928	5.0
845	970	4.0
845	1001	3.0
845	1073	4.0
845	1170	4.0
845	1225	3.0
845	1226	5.0
845	1276	4.0
845	1357	5.0
845	1411	3.0
845	1466	4.0
845	1505	5.0
845	1524	3.0
845	1557	4.0
845	1592	3.0
845	1615	5.0
845	1637	5.0
845	1652	3.0
845	1669	3.0
845	1672	4.0
845	1678	4.0
845	1781	5.0
845	1897	3.0
845	1971	4.0
845	2064	2.0
845	2098	4.0
845	2163	5.0
845	2174	4.0
845	2186	2.0
845	2199	3.0
845	2209	3.0
845	2252	4.0
845	2255	3.0
845	2330	3.0
845	2639	3.0
845	2667	5.0
845	2678	2.0
845	2691	2.0
845	2721	4.0
845	2737	3.0
845	2750	5.0
845	2769	3.0
845	2771	3.0
845	2942	4.0
845	2960	3.0
845	2967	5.0
845	2972	4.0
845	3032	5.0
845	3107	4.0
845	3174	3.0
845	3229	5.0
845	3486	3.0
845	3496	3.0
845	3511	4.0
845	3521	5.0
845	3530	3.0
845	3531	5.0
845	3545	3.0
845	3661	3.0
845	3768	5.0
845	3775	4.0
845	3798	5.0
845	3799	4.0
845	3873	4.0
845	3915	5.0
845	3964	3.0
845	3966	5.0
845	4039	4.0
845	4074	3.0
845	4140	5.0
845	4200	4.0
845	4377	5.0
845	4380	3.0
845	4407	4.0
845	4417	4.0
845	4498	4.0
845	4666	5.0
845	4683	5.0
845	4824	3.0
845	4898	3.0
845	4993	3.0
845	5042	3.0
845	5136	3.0
845	5265	5.0
845	5286	4.0
845	5296	3.0
845	5344	4.0
845	5421	4.0
845	5501	3.0
845	5505	2.0
845	5527	3.0
845	5536	3.0
845	5561	5.0
845	5573	5.0
845	5611	4.0
845	5659	3.0
845	5671	5.0
845	5677	2.0
845	5684	5.0
845	5685	3.0
845	5753	5.0
845	5780	5.0
845	5790	4.0
845	5844	4.0
845	6101	3.0
845	6131	4.0
845	6190	5.0
845	6270	5.0
845	6420	5.0
845	6428	4.0
845	6456	4.0
845	6538	3.0
845	6718	4.0
845	6748	2.0
845	6774	3.0
845	6821	5.0
845	6904	5.0
845	6958	4.0
847	341	5.0
847	787	3.0
847	817	5.0
847	921	4.0
847	1072	5.0
847	1196	4.0
847	1826	2.0
847	1881	3.0
847	1928	3.0
847	1953	3.0
847	2106	3.0
847	2135	4.0
847	2199	3.0
847	3198	3.0
847	4630	5.0
847	4726	3.0
847	4811	4.0
847	4893	4.0
847	5530	3.0
847	5799	2.0
847	5834	5.0
847	6340	5.0
847	6479	3.0
847	6891	3.0
850	182	3.0
850	236	3.0
850	243	4.0
850	310	5.0
850	323	4.0
850	427	5.0
850	531	5.0
850	808	4.0
850	859	3.0
850	898	4.0
850	912	4.0
850	913	4.0
850	996	3.0
850	1030	4.0
850	1061	5.0
850	1125	3.0
850	1157	4.0
850	1175	4.0
850	1195	5.0
850	1300	5.0
850	1503	3.0
850	1552	5.0
850	1779	3.0
850	1784	4.0
850	1928	3.0
850	2188	5.0
850	2220	5.0
850	2246	4.0
850	2252	4.0
850	2574	4.0
850	2618	4.0
850	2959	4.0
850	2973	4.0
850	3019	2.0
850	3022	5.0
850	3052	5.0
850	3188	4.0
850	3213	4.0
850	3422	5.0
850	3528	5.0
850	3669	4.0
850	3765	5.0
850	3871	4.0
850	3872	4.0
850	3873	4.0
850	3911	5.0
850	3998	4.0
850	4054	5.0
850	4128	3.0
850	4206	5.0
850	4275	3.0
850	4306	3.0
850	4421	4.0
850	4457	5.0
850	4464	3.0
850	4594	4.0
850	4635	5.0
850	4687	4.0
850	4781	4.0
850	4894	5.0
850	5049	4.0
850	5100	4.0
850	5133	5.0
850	5392	4.0
850	5404	3.0
850	5407	5.0
850	5830	5.0
850	5844	5.0
850	6173	4.0
850	6367	4.0
850	6479	3.0
850	6601	4.0
850	6637	4.0
850	6881	5.0
852	112	3.0
852	243	4.0
852	275	4.0
852	276	4.0
852	341	3.0
852	385	3.0
852	396	3.0
852	467	3.0
852	475	4.0
852	489	3.0
852	513	2.0
852	524	5.0
852	545	3.0
852	574	3.0
852	681	4.0
852	715	4.0
852	729	3.0
852	857	4.0
852	861	3.0
852	868	4.0
852	912	3.0
852	990	4.0
852	992	4.0
852	1012	4.0
852	1036	3.0
852	1184	3.0
852	1289	3.0
852	1305	4.0
852	1401	4.0
852	1421	4.0
852	1432	5.0
852	1521	3.0
852	1540	4.0
852	1670	3.0
852	1755	4.0
852	1793	4.0
852	1840	5.0
852	1908	3.0
852	2028	3.0
852	2029	5.0
852	2159	2.0
852	2169	3.0
852	2186	3.0
852	2188	3.0
852	2199	3.0
852	2260	5.0
852	2340	3.0
852	2351	4.0
852	2384	3.0
852	2386	3.0
852	2443	4.0
852	2481	4.0
852	2509	3.0
852	2519	3.0
852	2520	4.0
852	2549	4.0
852	2706	3.0
852	2855	5.0
852	2900	5.0
852	2902	1.0
852	2913	4.0
852	2973	4.0
852	3065	3.0
852	3118	3.0
852	3151	4.0
852	3158	5.0
852	3170	4.0
852	3255	5.0
852	3386	3.0
852	3455	4.0
852	3623	3.0
852	3661	3.0
852	3692	4.0
852	3791	5.0
852	3846	4.0
852	3906	3.0
852	3908	3.0
852	3919	3.0
852	3998	4.0
852	4001	4.0
852	4037	4.0
852	4188	4.0
852	4236	3.0
852	4246	4.0
852	4295	5.0
852	4306	4.0
852	4398	3.0
852	4459	3.0
852	4594	3.0
852	4609	3.0
852	4771	5.0
852	4842	3.0
852	4857	5.0
852	4927	5.0
852	5015	4.0
852	5028	3.0
852	5089	4.0
852	5183	5.0
852	5187	4.0
852	5299	4.0
852	5341	3.0
852	5390	4.0
852	5392	4.0
852	5445	5.0
852	5481	3.0
852	5508	4.0
852	5566	4.0
852	5630	3.0
852	5707	3.0
852	5871	3.0
852	5979	4.0
852	6126	3.0
852	6200	4.0
852	6203	3.0
852	6208	5.0
852	6311	5.0
852	6342	4.0
852	6369	3.0
852	6439	4.0
852	6455	4.0
852	6538	3.0
852	6574	4.0
852	6578	2.0
852	6593	4.0
852	6599	3.0
852	6691	5.0
852	6731	3.0
852	6837	3.0
852	6881	4.0
852	6918	2.0
852	6962	4.0
852	6969	4.0
867	7	4.0
867	282	3.0
867	353	5.0
867	412	5.0
867	413	3.0
867	419	4.0
867	623	4.0
867	729	4.0
867	770	4.0
867	787	2.0
867	973	4.0
867	1076	5.0
867	1140	4.0
867	1527	5.0
867	1608	4.0
867	1774	4.0
867	1805	2.0
867	1834	4.0
867	1881	5.0
867	1973	3.0
867	1999	4.0
867	2125	3.0
867	2421	5.0
867	2522	4.0
867	2780	4.0
867	2806	1.0
867	2854	4.0
867	2972	5.0
867	3056	4.0
867	3114	3.0
867	3326	5.0
867	3406	4.0
867	3431	4.0
867	3651	4.0
867	3739	5.0
867	3778	4.0
867	3901	4.0
867	4053	5.0
867	4477	4.0
867	4504	5.0
867	4922	4.0
867	5053	4.0
867	5059	4.0
867	5124	5.0
867	5517	4.0
867	5697	5.0
867	6217	4.0
867	6311	4.0
867	6391	3.0
867	6561	4.0
867	6878	5.0
867	6884	5.0
871	272	3.0
871	341	3.0
871	353	4.0
871	399	4.0
871	479	5.0
871	500	4.0
871	524	5.0
871	646	5.0
871	723	4.0
871	821	4.0
871	1218	3.0
871	1419	4.0
871	1451	4.0
871	1457	2.0
871	1482	2.0
871	1741	3.0
871	1772	5.0
871	1941	4.0
871	2132	4.0
871	2135	4.0
871	2220	4.0
871	2302	5.0
871	2384	3.0
871	2448	2.0
871	2501	4.0
871	2509	2.0
871	2512	4.0
871	2663	3.0
871	2706	4.0
871	2714	5.0
871	2959	5.0
871	2962	4.0
871	3129	3.0
871	3213	4.0
871	3269	2.0
871	3341	5.0
871	3431	4.0
871	3570	4.0
871	3835	3.0
871	3993	2.0
871	4042	3.0
871	4081	3.0
871	4135	2.0
871	4188	4.0
871	4206	5.0
871	4236	3.0
871	4260	4.0
871	4306	3.0
871	4339	3.0
871	4467	3.0
871	4507	3.0
871	4647	3.0
871	4852	4.0
871	5049	3.0
871	5055	3.0
871	5154	2.0
871	5323	4.0
871	5354	3.0
871	5507	4.0
871	5508	3.0
871	5566	5.0
871	5582	4.0
871	5730	4.0
871	6050	3.0
871	6199	3.0
871	6217	4.0
871	6351	3.0
871	6416	2.0
871	6533	5.0
871	6656	3.0
871	6671	3.0
871	6813	2.0
871	6953	4.0
874	223	5.0
874	234	4.0
874	295	5.0
874	427	3.0
874	719	3.0
874	783	3.0
874	1577	4.0
874	1881	4.0
874	1966	4.0
874	2069	4.0
874	2245	4.0
874	2282	3.0
874	2307	4.0
874	2322	3.0
874	2535	4.0
874	2600	2.0
874	2687	4.0
874	2771	4.0
874	2854	4.0
874	2923	3.0
874	3043	3.0
874	3285	4.0
874	3331	3.0
874	3423	4.0
874	3759	3.0
874	3828	4.0
874	3879	2.0
874	4269	3.0
874	4323	5.0
874	4372	3.0
874	4579	3.0
874	4658	4.0
874	4705	2.0
874	4917	5.0
874	4982	5.0
874	5032	3.0
874	5035	3.0
874	5145	3.0
874	5385	4.0
874	5850	3.0
874	5934	3.0
874	6052	4.0
874	6208	4.0
874	6340	4.0
874	6445	3.0
874	6667	4.0
874	6685	5.0
895	309	4.0
895	311	2.0
895	341	3.0
895	387	2.0
895	399	4.0
895	453	4.0
895	680	4.0
895	789	3.0
895	844	2.0
895	845	2.0
895	970	4.0
895	1002	4.0
895	1233	3.0
895	1401	4.0
895	1432	4.0
895	1819	3.0
895	1825	2.0
895	1859	3.0
895	2220	4.0
895	2248	4.0
895	2257	3.0
895	2274	5.0
895	2313	2.0
895	2492	3.0
895	2582	3.0
895	2739	4.0
895	2824	5.0
895	2850	4.0
895	2940	5.0
895	2968	4.0
895	3055	5.0
895	3129	3.0
895	3274	3.0
895	3307	5.0
895	3449	3.0
895	3517	4.0
895	3601	3.0
895	3622	3.0
895	3661	4.0
895	3676	5.0
895	3778	4.0
895	4097	3.0
895	4172	3.0
895	4204	3.0
895	4236	4.0
895	4296	4.0
895	4306	5.0
895	4399	4.0
895	4522	3.0
895	4541	3.0
895	4593	3.0
895	4776	3.0
895	4928	3.0
895	5078	3.0
895	5086	4.0
895	5139	3.0
895	5294	5.0
895	5296	3.0
895	5304	3.0
895	5392	4.0
895	5456	4.0
895	5503	3.0
895	5512	3.0
895	5530	4.0
895	5805	3.0
895	5871	4.0
895	5885	3.0
895	5946	1.0
895	6101	1.0
895	6200	4.0
895	6208	3.0
895	6487	4.0
895	6556	3.0
895	6584	3.0
895	6916	4.0
895	6945	3.0
907	105	3.0
907	131	4.0
907	139	4.0
907	194	2.0
907	217	4.0
907	258	3.0
907	341	3.0
907	353	4.0
907	404	2.0
907	519	4.0
907	557	4.0
907	605	5.0
907	729	4.0
907	806	3.0
907	817	5.0
907	873	4.0
907	921	3.0
907	1035	3.0
907	1065	2.0
907	1071	4.0
907	1517	3.0
907	1629	2.0
907	1633	4.0
907	1760	3.0
907	1813	5.0
907	1821	4.0
907	1871	1.0
907	1925	4.0
907	2159	3.0
907	2240	4.0
907	2265	3.0
907	2350	4.0
907	2509	3.0
907	2538	3.0
907	2585	3.0
907	2587	4.0
907	2651	3.0
907	2900	3.0
907	2971	4.0
907	3024	4.0
907	3129	3.0
907	3144	1.0
907	3158	4.0
907	3201	3.0
907	3531	4.0
907	3532	4.0
907	3623	4.0
907	3627	4.0
907	3692	3.0
907	3732	4.0
907	3753	3.0
907	3785	1.0
907	3794	4.0
907	3820	4.0
907	3915	3.0
907	3988	4.0
907	4125	4.0
907	4135	3.0
907	4169	4.0
907	4190	4.0
907	4207	4.0
907	4281	3.0
907	4301	3.0
907	4416	3.0
907	4453	5.0
907	4738	4.0
907	4787	4.0
907	4818	5.0
907	4860	3.0
907	4889	4.0
907	4927	4.0
907	4965	4.0
907	4982	4.0
907	5005	3.0
907	5082	4.0
907	5154	3.0
907	5174	4.0
907	5265	5.0
907	5286	4.0
907	5341	3.0
907	5472	4.0
907	5494	4.0
907	5633	5.0
907	5646	2.0
907	5725	3.0
907	5769	4.0
907	6179	3.0
907	6341	3.0
907	6491	4.0
907	6610	4.0
907	6641	3.0
907	6696	3.0
907	6812	4.0
907	6954	4.0
951	141	4.0
951	210	5.0
951	243	3.0
951	276	4.0
951	300	5.0
951	453	3.0
951	567	4.0
951	706	3.0
951	1077	5.0
951	1563	3.0
951	1933	3.0
951	2168	5.0
951	2190	3.0
951	2220	5.0
951	2221	4.0
951	2258	3.0
951	2350	5.0
951	2384	4.0
951	2501	5.0
951	2556	3.0
951	2709	4.0
951	2715	3.0
951	2782	4.0
951	2825	5.0
951	2901	3.0
951	3055	4.0
951	3062	4.0
951	3129	4.0
951	3307	3.0
951	3359	3.0
951	3486	3.0
951	3714	4.0
951	3777	3.0
951	4001	5.0
951	4312	3.0
951	4407	3.0
951	4542	4.0
951	4857	4.0
951	4860	4.0
951	4922	3.0
951	4982	3.0
951	4993	4.0
951	5052	2.0
951	5258	5.0
951	5294	5.0
951	5394	5.0
951	6200	3.0
951	6311	5.0
951	6384	4.0
951	6637	4.0
951	6677	4.0
951	6773	3.0
951	6837	4.0
951	6962	5.0
961	176	4.0
961	232	4.0
961	241	2.0
961	341	4.0
961	453	3.0
961	787	3.0
961	859	4.0
961	913	5.0
961	979	1.0
961	1209	2.0
961	1392	3.0
961	1432	4.0
961	1740	3.0
961	1743	3.0
961	1753	4.0
961	1772	4.0
961	1779	4.0
961	1871	1.0
961	2017	2.0
961	2159	1.0
961	2283	2.0
961	2313	3.0
961	2320	3.0
961	2330	3.0
961	2427	2.0
961	2512	3.0
961	2678	2.0
961	2806	3.0
961	2825	3.0
961	2841	1.0
961	2996	4.0
961	3378	3.0
961	3408	1.0
961	3436	5.0
961	3440	5.0
961	3449	3.0
961	3492	3.0
961	3527	1.0
961	3564	4.0
961	3570	4.0
961	3613	2.0
961	3785	2.0
961	3796	5.0
961	3865	2.0
961	3869	1.0
961	4018	2.0
961	4180	2.0
961	4202	4.0
961	4527	4.0
961	4617	1.0
961	4673	3.0
961	4922	4.0
961	5310	1.0
961	5357	1.0
961	5367	2.0
961	5433	3.0
961	5663	4.0
961	5750	4.0
961	5848	3.0
961	6009	1.0
961	6203	3.0
961	6210	2.0
961	6217	5.0
961	6232	4.0
961	6479	3.0
961	6561	3.0
961	6571	4.0
961	6691	4.0
961	6695	4.0
961	6876	4.0
961	6969	4.0
973	29	4.0
973	49	3.0
973	95	3.0
973	244	4.0
973	308	3.0
973	475	4.0
973	570	3.0
973	619	4.0
973	752	2.0
973	756	4.0
973	821	3.0
973	831	3.0
973	858	4.0
973	891	4.0
973	971	2.0
973	996	2.0
973	1004	4.0
973	1010	3.0
973	1024	4.0
973	1166	3.0
973	1276	2.0
973	1303	5.0
973	1356	3.0
973	1468	3.0
973	1503	2.0
973	1563	5.0
973	1572	3.0
973	1617	4.0
973	1660	3.0
973	1672	4.0
973	1739	3.0
973	1765	4.0
973	1839	3.0
973	1862	3.0
973	1905	5.0
973	1917	4.0
973	1933	2.0
973	1935	3.0
973	1953	1.0
973	2028	2.0
973	2104	4.0
973	2135	4.0
973	2136	4.0
973	2162	3.0
973	2249	2.0
973	2258	3.0
973	2264	3.0
973	2298	4.0
973	2325	4.0
973	2436	3.0
973	2477	4.0
973	2511	3.0
973	2545	3.0
973	2641	3.0
973	2667	4.0
973	2688	3.0
973	2706	5.0
973	2710	3.0
973	2792	4.0
973	2836	4.0
973	2842	3.0
973	2927	4.0
973	2941	2.0
973	2999	4.0
973	3017	3.0
973	3056	3.0
973	3170	4.0
973	3236	2.0
973	3242	3.0
973	3295	5.0
973	3310	2.0
973	3337	2.0
973	3358	2.0
973	3422	4.0
973	3430	4.0
973	3527	1.0
973	3528	5.0
973	3537	5.0
973	3555	2.0
973	3650	4.0
973	3661	2.0
973	3725	5.0
973	3729	2.0
973	3759	3.0
973	3819	4.0
973	3908	5.0
973	3954	3.0
973	3991	3.0
973	4006	5.0
973	4102	4.0
973	4181	3.0
973	4203	5.0
973	4215	5.0
973	4241	3.0
973	4307	1.0
973	4309	3.0
973	4313	3.0
973	4790	3.0
973	4826	3.0
973	4840	3.0
973	4922	3.0
973	5153	3.0
973	5154	2.0
973	5215	4.0
973	5217	2.0
973	5249	3.0
973	5404	3.0
973	5533	5.0
973	5561	5.0
973	5573	5.0
973	5594	5.0
973	5690	2.0
973	5780	4.0
973	5910	2.0
973	5946	2.0
973	5965	3.0
973	5978	3.0
973	6148	5.0
973	6190	5.0
973	6242	3.0
973	6248	4.0
973	6373	4.0
973	6469	5.0
973	6479	3.0
973	6497	4.0
973	6536	3.0
973	6577	3.0
973	6600	4.0
973	6609	5.0
973	6772	1.0
973	6795	2.0
973	6836	5.0
973	6851	5.0
973	6959	4.0
1000	1	2.0
1000	6	5.0
1000	7	4.0
1000	16	5.0
1000	62	4.0
1000	72	3.0
1000	107	4.0
1000	126	4.0
1000	145	5.0
1000	161	3.0
1000	174	5.0
1000	210	4.0
1000	289	4.0
1000	399	4.0
1000	431	2.0
1000	453	4.0
1000	518	4.0
1000	557	5.0
1000	619	5.0
1000	699	5.0
1000	737	3.0
1000	818	5.0
1000	828	2.0
1000	831	4.0
1000	979	1.0
1000	1030	4.0
1000	1297	4.0
1000	1384	4.0
1000	1466	4.0
1000	1474	4.0
1000	1479	4.0
1000	1503	2.0
1000	1653	5.0
1000	1682	4.0
1000	1722	4.0
1000	1728	5.0
1000	1843	4.0
1000	1857	4.0
1000	2028	4.0
1000	2089	4.0
1000	2160	5.0
1000	2186	4.0
1000	2209	3.0
1000	2235	5.0
1000	2245	5.0
1000	2283	4.0
1000	2332	4.0
1000	2415	4.0
1000	2462	5.0
1000	2483	5.0
1000	2520	3.0
1000	2564	5.0
1000	2842	4.0
1000	2855	4.0
1000	2859	5.0
1000	2900	4.0
1000	2936	1.0
1000	2962	4.0
1000	3024	5.0
1000	3051	4.0
1000	3089	4.0
1000	3100	4.0
1000	3167	4.0
1000	3281	3.0
1000	3331	3.0
1000	3342	5.0
1000	3418	4.0
1000	3430	5.0
1000	3539	5.0
1000	3594	4.0
1000	3595	5.0
1000	3622	3.0
1000	3676	5.0
1000	3794	4.0
1000	3874	5.0
1000	3912	5.0
1000	3921	3.0
1000	3974	3.0
1000	4006	4.0
1000	4094	4.0
1000	4097	5.0
1000	4111	5.0
1000	4144	5.0
1000	4187	5.0
1000	4195	4.0
1000	4241	4.0
1000	4260	5.0
1000	4295	4.0
1000	4304	5.0
1000	4424	4.0
1000	4453	5.0
1000	4527	4.0
1000	4658	4.0
1000	4684	4.0
1000	4740	5.0
1000	4743	5.0
1000	4769	3.0
1000	4883	5.0
1000	4922	5.0
1000	4926	5.0
1000	4927	5.0
1000	4928	4.0
1000	5000	5.0
1000	5039	5.0
1000	5053	4.0
1000	5187	5.0
1000	5274	5.0
1000	5293	5.0
1000	5318	3.0
1000	5328	5.0
1000	5330	5.0
1000	5353	5.0
1000	5390	4.0
1000	5395	3.0
1000	5434	4.0
1000	5453	4.0
1000	5543	5.0
1000	5548	5.0
1000	5575	5.0
1000	5710	4.0
1000	5746	3.0
1000	5768	5.0
1000	5849	4.0
1000	5850	3.0
1000	5873	5.0
1000	5939	4.0
1000	6008	4.0
1000	6145	5.0
1000	6196	4.0
1000	6236	5.0
1000	6238	4.0
1000	6250	5.0
1000	6350	4.0
1000	6536	4.0
1000	6572	4.0
1000	6695	3.0
1000	6706	3.0
1000	6801	3.0
1000	6881	4.0
1000	6904	2.0
1000	6953	5.0
1000	6955	5.0
1000	6956	5.0
1011	30	4.0
1011	117	4.0
1011	223	5.0
1011	395	1.0
1011	551	5.0
1011	650	3.0
1011	652	4.0
1011	681	4.0
1011	746	4.0
1011	818	4.0
1011	915	5.0
1011	1072	4.0
1011	1461	2.0
1011	1637	4.0
1011	1727	3.0
1011	2199	4.0
1011	2245	4.0
1011	2339	4.0
1011	2481	5.0
1011	2627	3.0
1011	2876	4.0
1011	2880	5.0
1011	3025	5.0
1011	3189	3.0
1011	3255	3.0
1011	3649	2.0
1011	3683	5.0
1011	3690	4.0
1011	3691	3.0
1011	3921	3.0
1011	3975	3.0
1011	4017	3.0
1011	4164	3.0
1011	4230	3.0
1011	4333	3.0
1011	4340	3.0
1011	4351	2.0
1011	4353	3.0
1011	4584	2.0
1011	4608	2.0
1011	4665	4.0
1011	4733	1.0
1011	4962	3.0
1011	4973	4.0
1011	5047	3.0
1011	5086	4.0
1011	5117	3.0
1011	5177	2.0
1011	5416	2.0
1011	5780	3.0
1011	5944	4.0
1011	6150	4.0
1011	6154	5.0
1011	6295	4.0
1011	6311	4.0
1011	6818	3.0
1011	6873	5.0
1011	6878	3.0
1011	6969	4.0
1060	2	3.0
1060	7	4.0
1060	35	2.0
1060	36	4.0
1060	170	2.0
1060	439	4.0
1060	449	4.0
1060	465	4.0
1060	519	4.0
1060	797	2.0
1060	811	2.0
1060	909	3.0
1060	1488	2.0
1060	1592	4.0
1060	1634	5.0
1060	1749	4.0
1060	1772	3.0
1060	1804	2.0
1060	2033	4.0
1060	2067	5.0
1060	2098	4.0
1060	2250	4.0
1060	2274	2.0
1060	2351	2.0
1060	2414	3.0
1060	2605	3.0
1060	2641	3.0
1060	2684	4.0
1060	2714	4.0
1060	2787	2.0
1060	2867	4.0
1060	2876	4.0
1060	2996	2.0
1060	3005	3.0
1060	3045	1.0
1060	3056	3.0
1060	3060	4.0
1060	3065	4.0
1060	3081	2.0
1060	3085	2.0
1060	3093	3.0
1060	3121	4.0
1060	3143	3.0
1060	3204	3.0
1060	3309	4.0
1060	3378	4.0
1060	3567	4.0
1060	3602	4.0
1060	3649	2.0
1060	3788	4.0
1060	3880	4.0
1060	3888	2.0
1060	3966	4.0
1060	3980	5.0
1060	4068	2.0
1060	4139	3.0
1060	4140	4.0
1060	4202	4.0
1060	4282	4.0
1060	4399	4.0
1060	4445	1.0
1060	4522	1.0
1060	4799	1.0
1060	4804	5.0
1060	4976	5.0
1060	4982	5.0
1060	4993	3.0
1060	5165	1.0
1060	5211	3.0
1060	5213	3.0
1060	5243	2.0
1060	5251	3.0
1060	5311	2.0
1060	5326	2.0
1060	5370	2.0
1060	5507	2.0
1060	5862	2.0
1060	5968	3.0
1060	6311	5.0
1060	6327	4.0
1060	6342	3.0
1060	6465	4.0
1060	6491	4.0
1060	6695	1.0
1060	6905	3.0
1069	7	4.0
1069	21	1.0
1069	43	1.0
1069	44	4.0
1069	72	2.0
1069	79	4.0
1069	276	4.0
1069	296	1.0
1069	312	3.0
1069	347	3.0
1069	354	3.0
1069	479	4.0
1069	500	4.0
1069	504	4.0
1069	651	2.0
1069	653	3.0
1069	669	3.0
1069	768	3.0
1069	797	1.0
1069	811	3.0
1069	982	2.0
1069	1033	4.0
1069	1171	3.0
1069	1186	3.0
1069	1188	3.0
1069	1263	4.0
1069	1294	4.0
1069	1341	3.0
1069	1469	4.0
1069	1509	2.0
1069	1517	4.0
1069	1557	4.0
1069	1666	3.0
1069	1697	3.0
1069	1802	3.0
1069	1840	4.0
1069	1856	4.0
1069	1878	4.0
1069	1883	4.0
1069	1884	4.0
1069	1890	4.0
1069	1903	3.0
1069	1953	3.0
1069	1969	1.0
1069	2017	4.0
1069	2160	4.0
1069	2240	3.0
1069	2252	2.0
1069	2350	4.0
1069	2562	4.0
1069	2565	4.0
1069	2633	4.0
1069	2772	5.0
1069	2940	5.0
1069	2994	3.0
1069	2996	2.0
1069	3050	3.0
1069	3052	4.0
1069	3084	4.0
1069	3129	4.0
1069	3134	2.0
1069	3249	3.0
1069	3331	3.0
1069	3368	4.0
1069	3385	4.0
1069	3418	4.0
1069	3561	4.0
1069	3650	5.0
1069	3679	4.0
1069	3783	3.0
1069	3852	4.0
1069	3929	3.0
1069	4094	5.0
1069	4187	4.0
1069	4229	4.0
1069	4253	3.0
1069	4260	4.0
1069	4291	2.0
1069	4372	3.0
1069	4464	3.0
1069	4487	3.0
1069	4553	4.0
1069	4608	2.0
1069	4639	3.0
1069	4662	4.0
1069	4663	3.0
1069	4705	2.0
1069	4726	2.0
1069	4802	1.0
1069	4814	3.0
1069	4834	2.0
1069	4880	4.0
1069	4881	4.0
1069	4883	3.0
1069	5015	4.0
1069	5047	3.0
1069	5124	4.0
1069	5407	5.0
1069	5490	4.0
1069	5491	4.0
1069	5504	5.0
1069	5569	1.0
1069	5636	2.0
1069	5686	5.0
1069	5742	4.0
1069	5757	4.0
1069	5767	1.0
1069	5780	5.0
1069	5789	3.0
1069	5827	4.0
1069	5989	4.0
1069	6057	4.0
1069	6082	3.0
1069	6097	3.0
1069	6168	3.0
1069	6224	1.0
1069	6238	3.0
1069	6249	3.0
1069	6400	4.0
1069	6422	3.0
1069	6480	2.0
1069	6517	3.0
1069	6555	4.0
1069	6561	2.0
1069	6619	1.0
1069	6641	4.0
1069	6700	3.0
1069	6759	4.0
1069	6875	4.0
1069	6925	3.0
1069	6931	4.0
1085	1	4.0
1085	96	5.0
1085	101	4.0
1085	141	4.0
1085	234	4.0
1085	241	3.0
1085	387	3.0
1085	401	3.0
1085	459	4.0
1085	500	2.0
1085	827	4.0
1085	868	3.0
1085	919	4.0
1085	1012	4.0
1085	1190	4.0
1085	1331	5.0
1085	1396	3.0
1085	1848	5.0
1085	1871	3.0
1085	1957	3.0
1085	2029	5.0
1085	2168	3.0
1085	2188	3.0
1085	2384	3.0
1085	2430	5.0
1085	2481	5.0
1085	2509	3.0
1085	2546	3.0
1085	2704	4.0
1085	2859	4.0
1085	2874	3.0
1085	2886	3.0
1085	2959	5.0
1085	3027	5.0
1085	3535	5.0
1085	3545	4.0
1085	3730	3.0
1085	3876	5.0
1085	4040	4.0
1085	4076	4.0
1085	4172	4.0
1085	4194	4.0
1085	4236	4.0
1085	4260	4.0
1085	4312	4.0
1085	4355	3.0
1085	4385	5.0
1085	4459	5.0
1085	4472	4.0
1085	4658	5.0
1085	4803	4.0
1085	4889	4.0
1085	4922	3.0
1085	5245	3.0
1085	5389	5.0
1085	5392	4.0
1085	5480	4.0
1085	5501	3.0
1085	5575	4.0
1085	5800	3.0
1085	5882	4.0
1085	5965	4.0
1085	6182	4.0
1085	6252	3.0
1085	6311	5.0
1085	6327	5.0
1085	6370	5.0
1085	6484	4.0
1085	6487	5.0
1085	6536	3.0
1085	6574	5.0
1085	6762	4.0
1085	6922	3.0
1085	6923	4.0
1088	29	5.0
1088	101	3.0
1088	105	4.0
1088	219	5.0
1088	227	5.0
1088	250	3.0
1088	303	5.0
1088	358	4.0
1088	475	4.0
1088	483	2.0
1088	561	3.0
1088	642	4.0
1088	724	3.0
1088	789	3.0
1088	817	3.0
1088	835	4.0
1088	873	4.0
1088	968	4.0
1088	969	4.0
1088	979	2.0
1088	1018	1.0
1088	1125	2.0
1088	1159	3.0
1088	1160	4.0
1088	1246	5.0
1088	1271	4.0
1088	1425	2.0
1088	1433	4.0
1088	1624	4.0
1088	1626	3.0
1088	1661	3.0
1088	1701	3.0
1088	1716	3.0
1088	1753	5.0
1088	1756	3.0
1088	1766	3.0
1088	1779	3.0
1088	1816	4.0
1088	1821	3.0
1088	1864	4.0
1088	1871	3.0
1088	1876	4.0
1088	1977	3.0
1088	2078	3.0
1088	2141	5.0
1088	2153	4.0
1088	2167	4.0
1088	2190	3.0
1088	2196	3.0
1088	2263	3.0
1088	2270	4.0
1088	2299	5.0
1088	2429	3.0
1088	2515	5.0
1088	2532	3.0
1088	2547	3.0
1088	2564	4.0
1088	2815	5.0
1088	2850	3.0
1088	2940	3.0
1088	2958	5.0
1088	2959	4.0
1088	2980	3.0
1088	2982	4.0
1088	2996	1.0
1088	3025	5.0
1088	3089	4.0
1088	3090	3.0
1088	3121	5.0
1088	3145	3.0
1088	3173	4.0
1088	3222	4.0
1088	3251	4.0
1088	3281	2.0
1088	3301	4.0
1088	3319	3.0
1088	3354	2.0
1088	3359	3.0
1088	3511	4.0
1088	3518	4.0
1088	3695	3.0
1088	3750	2.0
1088	3777	3.0
1088	3787	5.0
1088	3805	5.0
1088	3828	3.0
1088	3907	4.0
1088	4025	3.0
1088	4067	4.0
1088	4094	3.0
1088	4172	3.0
1088	4186	5.0
1088	4194	4.0
1088	4202	4.0
1088	4304	5.0
1088	4330	1.0
1088	4357	4.0
1088	4380	4.0
1088	4409	4.0
1088	4411	4.0
1088	4416	5.0
1088	4514	4.0
1088	4560	3.0
1088	4591	4.0
1088	4640	3.0
1088	4685	4.0
1088	4695	5.0
1088	4787	5.0
1088	4799	3.0
1088	4860	3.0
1088	4919	3.0
1088	4924	4.0
1088	4950	5.0
1088	4973	4.0
1088	4982	5.0
1088	5011	2.0
1088	5015	4.0
1088	5084	5.0
1088	5183	4.0
1088	5187	3.0
1088	5262	3.0
1088	5315	3.0
1088	5432	3.0
1088	5434	4.0
1088	5592	2.0
1088	5606	4.0
1088	5707	2.0
1088	5772	5.0
1088	5789	3.0
1088	5800	2.0
1088	5814	4.0
1088	5844	5.0
1088	5881	5.0
1088	5889	5.0
1088	5939	4.0
1088	5978	5.0
1088	6060	4.0
1088	6075	5.0
1088	6109	3.0
1088	6123	3.0
1088	6179	4.0
1088	6203	3.0
1088	6228	3.0
1088	6302	4.0
1088	6311	4.0
1088	6313	4.0
1088	6399	4.0
1088	6415	3.0
1088	6425	2.0
1088	6426	3.0
1088	6428	4.0
1088	6497	5.0
1088	6523	4.0
1088	6536	4.0
1088	6627	3.0
1088	6628	4.0
1088	6631	2.0
1088	6637	4.0
1088	6648	4.0
1088	6682	3.0
1088	6685	5.0
1088	6689	4.0
1088	6690	3.0
1088	6691	5.0
1088	6721	5.0
1088	6766	3.0
1088	6773	5.0
1088	6800	3.0
1088	6824	5.0
1088	6916	4.0
1088	6962	5.0
1102	105	3.0
1102	234	3.0
1102	292	3.0
1102	387	1.0
1102	389	2.0
1102	565	3.0
1102	588	4.0
1102	594	3.0
1102	746	3.0
1102	983	4.0
1102	986	2.0
1102	1001	3.0
1102	1080	4.0
1102	1135	1.0
1102	1186	1.0
1102	1245	4.0
1102	1300	3.0
1102	1367	3.0
1102	1432	4.0
1102	1482	3.0
1102	1626	3.0
1102	1650	3.0
1102	1728	5.0
1102	1736	3.0
1102	1768	2.0
1102	1819	3.0
1102	1824	2.0
1102	1860	4.0
1102	1887	1.0
1102	2024	2.0
1102	2029	5.0
1102	2199	3.0
1102	2220	4.0
1102	2302	5.0
1102	2445	3.0
1102	2656	3.0
1102	2715	4.0
1102	2749	3.0
1102	2786	4.0
1102	2851	3.0
1102	2910	4.0
1102	2940	4.0
1102	2962	4.0
1102	2972	3.0
1102	2999	3.0
1102	3055	3.0
1102	3098	2.0
1102	3192	5.0
1102	3270	5.0
1102	3273	3.0
1102	3309	5.0
1102	3414	1.0
1102	3450	3.0
1102	3512	2.0
1102	3601	3.0
1102	3723	2.0
1102	3739	5.0
1102	3891	4.0
1102	3993	3.0
1102	4067	4.0
1102	4194	4.0
1102	4230	1.0
1102	4307	5.0
1102	4391	1.0
1102	4392	3.0
1102	4469	3.0
1102	4507	3.0
1102	4513	2.0
1102	4924	4.0
1102	4993	3.0
1102	5154	3.0
1102	5346	4.0
1102	5355	3.0
1102	5423	4.0
1102	5432	4.0
1102	5440	3.0
1102	5493	3.0
1102	5501	3.0
1102	5566	5.0
1102	5575	4.0
1102	5792	4.0
1102	5795	4.0
1102	5837	1.0
1102	5947	1.0
1102	6169	4.0
1102	6172	3.0
1102	6214	3.0
1102	6368	4.0
1102	6370	4.0
1102	6432	4.0
1102	6583	3.0
1102	6597	4.0
1102	6599	2.0
1102	6648	4.0
1102	6695	1.0
1102	6727	5.0
1102	6773	3.0
1102	6885	3.0
1102	6968	2.0
1125	141	5.0
1125	161	5.0
1125	232	3.0
1125	417	3.0
1125	459	4.0
1125	469	2.0
1125	557	5.0
1125	652	5.0
1125	789	3.0
1125	806	5.0
1125	827	4.0
1125	857	3.0
1125	873	3.0
1125	912	2.0
1125	1005	4.0
1125	1036	4.0
1125	1071	4.0
1125	1125	3.0
1125	1456	2.0
1125	1488	5.0
1125	1521	4.0
1125	1654	3.0
1125	1782	1.0
1125	1871	3.0
1125	2065	2.0
1125	2098	5.0
1125	2135	3.0
1125	2196	3.0
1125	2340	3.0
1125	2351	4.0
1125	2462	4.0
1125	2575	5.0
1125	2721	4.0
1125	2763	3.0
1125	2782	3.0
1125	2825	3.0
1125	2846	4.0
1125	2923	3.0
1125	3125	4.0
1125	3331	3.0
1125	3341	4.0
1125	3365	4.0
1125	3366	3.0
1125	3387	4.0
1125	3388	4.0
1125	3581	3.0
1125	3645	4.0
1125	3666	3.0
1125	3692	4.0
1125	3717	4.0
1125	3733	5.0
1125	3877	4.0
1125	3924	4.0
1125	3949	3.0
1125	3953	4.0
1125	3954	3.0
1125	3993	3.0
1125	4006	4.0
1125	4067	3.0
1125	4161	4.0
1125	4173	4.0
1125	4361	5.0
1125	4404	4.0
1125	4421	4.0
1125	4483	3.0
1125	4523	4.0
1125	4562	5.0
1125	4592	4.0
1125	4596	4.0
1125	4658	5.0
1125	4684	5.0
1125	4779	3.0
1125	4783	1.0
1125	4857	5.0
1125	5005	3.0
1125	5015	4.0
1125	5178	4.0
1125	5236	4.0
1125	5480	3.0
1125	5590	5.0
1125	5742	3.0
1125	5785	5.0
1125	5846	5.0
1125	5888	3.0
1125	5890	3.0
1125	6208	5.0
1125	6300	2.0
1125	6336	4.0
1125	6469	3.0
1125	6583	3.0
1125	6637	4.0
1125	6672	5.0
1125	6792	4.0
1125	6814	5.0
1129	72	4.0
1129	220	5.0
1129	387	3.0
1129	585	4.0
1129	613	4.0
1129	661	3.0
1129	861	4.0
1129	1098	3.0
1129	1185	4.0
1129	1265	4.0
1129	1941	4.0
1129	2448	4.0
1129	2508	3.0
1129	2535	4.0
1129	2663	3.0
1129	2749	4.0
1129	2771	3.0
1129	3273	3.0
1129	3594	4.0
1129	3695	3.0
1129	3791	4.0
1129	4076	3.0
1129	4305	4.0
1129	4771	4.0
1129	5236	4.0
1129	5504	3.0
1129	5750	4.0
1129	5973	4.0
1129	6101	3.0
1129	6328	4.0
1129	6442	3.0
1129	6536	4.0
1129	6577	3.0
1140	7	3.0
1140	219	4.0
1140	243	4.0
1140	375	4.0
1140	618	4.0
1140	629	3.0
1140	755	4.0
1140	858	5.0
1140	970	4.0
1140	1061	4.0
1140	1125	2.0
1140	1336	4.0
1140	1506	3.0
1140	1728	4.0
1140	1765	5.0
1140	1931	4.0
1140	2252	4.0
1140	2425	5.0
1140	2731	5.0
1140	2824	4.0
1140	2901	3.0
1140	2973	4.0
1140	3022	3.0
1140	3023	3.0
1140	3055	4.0
1140	3158	4.0
1140	3193	4.0
1140	3301	4.0
1140	3371	3.0
1140	3417	3.0
1140	3670	5.0
1140	3690	4.0
1140	3781	5.0
1140	3955	5.0
1140	3993	3.0
1140	4001	4.0
1140	4034	4.0
1140	4171	5.0
1140	4186	5.0
1140	4187	5.0
1140	4296	3.0
1140	4385	5.0
1140	4665	4.0
1140	4894	4.0
1140	4973	5.0
1140	4976	4.0
1140	4993	3.0
1140	5217	4.0
1140	5247	4.0
1140	5297	4.0
1140	5389	5.0
1140	5392	4.0
1140	5503	3.0
1140	5792	4.0
1140	6208	5.0
1140	6243	5.0
1140	6580	5.0
1140	6637	5.0
1140	6695	3.0
1140	6872	3.0
1140	6958	4.0
1195	141	4.0
1195	285	2.0
1195	313	3.0
1195	323	3.0
1195	466	2.0
1195	577	1.0
1195	681	4.0
1195	729	4.0
1195	797	3.0
1195	884	3.0
1195	946	5.0
1195	1377	3.0
1195	1482	3.0
1195	1509	3.0
1195	1728	5.0
1195	1856	4.0
1195	1972	3.0
1195	2188	4.0
1195	2283	4.0
1195	2511	4.0
1195	2646	3.0
1195	2932	4.0
1195	3025	4.0
1195	3089	4.0
1195	3307	4.0
1195	3378	3.0
1195	3956	3.0
1195	4109	5.0
1195	4555	3.0
1195	4691	3.0
1195	4706	4.0
1195	4740	5.0
1195	4877	4.0
1195	4941	3.0
1195	5057	4.0
1195	5423	4.0
1195	5503	4.0
1195	5583	2.0
1195	5768	5.0
1195	5769	5.0
1195	5923	4.0
1195	6031	3.0
1195	6217	5.0
1195	6311	4.0
1195	6390	2.0
1195	6461	3.0
1195	6555	4.0
1197	3	4.0
1197	95	3.0
1197	226	4.0
1197	292	4.0
1197	372	4.0
1197	437	4.0
1197	500	5.0
1197	668	4.0
1197	859	4.0
1197	912	5.0
1197	986	4.0
1197	1012	5.0
1197	1075	5.0
1197	1079	4.0
1197	1201	5.0
1197	1329	4.0
1197	1336	5.0
1197	1401	4.0
1197	1488	5.0
1197	1607	4.0
1197	1728	5.0
1197	1774	4.0
1197	1941	4.0
1197	1950	4.0
1197	2132	4.0
1197	2135	5.0
1197	2151	4.0
1197	2327	5.0
1197	2351	4.0
1197	2706	5.0
1197	2778	4.0
1197	2838	5.0
1197	2859	5.0
1197	3055	5.0
1197	3089	4.0
1197	3099	4.0
1197	3102	5.0
1197	3170	5.0
1197	3650	4.0
1197	3832	3.0
1197	3874	5.0
1197	3910	4.0
1197	4067	4.0
1197	4117	5.0
1197	4140	4.0
1197	4236	5.0
1197	4617	3.0
1197	4625	4.0
1197	4634	4.0
1197	4658	5.0
1197	4791	4.0
1197	5201	4.0
1197	5257	4.0
1197	5258	5.0
1197	5283	4.0
1197	5341	5.0
1197	5432	5.0
1197	5433	3.0
1197	5619	3.0
1197	5654	4.0
1197	5705	4.0
1197	5810	5.0
1197	5922	4.0
1197	6052	4.0
1197	6311	5.0
1197	6369	4.0
1197	6416	4.0
1197	6502	3.0
1197	6561	4.0
1197	6626	4.0
1197	6700	5.0
1197	6803	3.0
1197	6872	3.0
1197	6955	5.0
1197	6957	4.0
1287	99	3.0
1287	132	3.0
1287	150	4.0
1287	180	3.0
1287	192	4.0
1287	194	4.0
1287	223	4.0
1287	313	3.0
1287	346	4.0
1287	358	3.0
1287	359	2.0
1287	371	3.0
1287	396	4.0
1287	483	2.0
1287	565	4.0
1287	627	4.0
1287	659	3.0
1287	831	3.0
1287	884	4.0
1287	897	4.0
1287	957	4.0
1287	968	3.0
1287	1187	3.0
1287	1193	3.0
1287	1249	3.0
1287	1274	4.0
1287	1397	4.0
1287	1682	4.0
1287	1728	4.0
1287	1799	4.0
1287	1800	4.0
1287	1819	3.0
1287	1850	2.0
1287	1870	2.0
1287	1944	2.0
1287	1972	4.0
1287	2028	4.0
1287	2072	2.0
1287	2135	2.0
1287	2144	3.0
1287	2167	4.0
1287	2322	2.0
1287	2386	4.0
1287	2391	3.0
1287	2481	5.0
1287	2492	4.0
1287	2656	3.0
1287	2698	3.0
1287	2841	4.0
1287	2854	4.0
1287	2863	5.0
1287	2884	4.0
1287	2959	5.0
1287	2973	4.0
1287	2978	2.0
1287	3073	4.0
1287	3089	4.0
1287	3099	3.0
1287	3100	2.0
1287	3105	3.0
1287	3193	3.0
1287	3196	3.0
1287	3198	2.0
1287	3309	4.0
1287	3310	3.0
1287	3328	3.0
1287	3408	4.0
1287	3512	4.0
1287	3544	3.0
1287	3545	4.0
1287	3691	2.0
1287	3692	4.0
1287	3730	4.0
1287	3791	4.0
1287	3966	3.0
1287	3968	2.0
1287	4074	3.0
1287	4076	2.0
1287	4172	3.0
1287	4183	3.0
1287	4209	4.0
1287	4386	3.0
1287	4399	4.0
1287	4480	4.0
1287	4514	4.0
1287	4538	4.0
1287	4544	4.0
1287	4553	2.0
1287	4635	3.0
1287	4856	3.0
1287	4928	4.0
1287	4951	4.0
1287	5053	3.0
1287	5084	3.0
1287	5243	3.0
1287	5251	4.0
1287	5258	2.0
1287	5297	2.0
1287	5394	4.0
1287	5432	3.0
1287	5437	3.0
1287	5515	3.0
1287	5536	3.0
1287	5584	3.0
1287	5710	3.0
1287	5750	2.0
1287	6050	3.0
1287	6219	3.0
1287	6255	4.0
1287	6287	4.0
1287	6637	4.0
1287	6638	4.0
1287	6690	4.0
1287	6692	4.0
1287	6884	4.0
1287	6922	4.0
1287	6955	5.0
1287	6957	3.0
1330	95	3.0
1330	102	4.0
1330	217	5.0
1330	219	5.0
1330	276	5.0
1330	358	4.0
1330	369	4.0
1330	396	2.0
1330	466	2.0
1330	470	5.0
1330	483	3.0
1330	535	5.0
1330	561	1.0
1330	605	4.0
1330	624	2.0
1330	706	3.0
1330	754	3.0
1330	794	4.0
1330	827	5.0
1330	861	5.0
1330	913	3.0
1330	936	3.0
1330	970	4.0
1330	974	3.0
1330	1030	2.0
1330	1033	4.0
1330	1061	5.0
1330	1073	4.0
1330	1074	4.0
1330	1078	1.0
1330	1116	3.0
1330	1125	4.0
1330	1209	3.0
1330	1226	5.0
1330	1301	4.0
1330	1365	2.0
1330	1403	4.0
1330	1482	2.0
1330	1491	4.0
1330	1515	3.0
1330	1517	5.0
1330	1544	4.0
1330	1592	4.0
1330	1628	3.0
1330	1679	3.0
1330	1722	5.0
1330	1738	3.0
1330	1741	4.0
1330	1819	3.0
1330	1826	2.0
1330	1859	3.0
1330	1934	4.0
1330	1944	2.0
1330	1976	4.0
1330	2028	4.0
1330	2101	2.0
1330	2135	5.0
1330	2156	2.0
1330	2167	3.0
1330	2186	3.0
1330	2283	5.0
1330	2384	4.0
1330	2459	5.0
1330	2460	4.0
1330	2520	3.0
1330	2529	3.0
1330	2605	3.0
1330	2656	3.0
1330	2678	1.0
1330	2722	3.0
1330	2730	3.0
1330	2739	5.0
1330	2771	4.0
1330	2806	2.0
1330	2823	4.0
1330	2842	3.0
1330	3024	5.0
1330	3091	4.0
1330	3193	4.0
1330	3273	3.0
1330	3305	1.0
1330	3431	3.0
1330	3450	3.0
1330	3624	3.0
1330	3661	3.0
1330	3779	5.0
1330	3785	2.0
1330	3906	3.0
1330	3921	4.0
1330	4053	4.0
1330	4183	3.0
1330	4186	5.0
1330	4187	5.0
1330	4236	3.0
1330	4260	5.0
1330	4296	5.0
1330	4330	2.0
1330	4333	1.0
1330	4355	3.0
1330	4407	4.0
1330	4453	5.0
1330	4541	3.0
1330	4545	2.0
1330	4803	3.0
1330	4922	5.0
1330	4929	3.0
1330	4947	2.0
1330	4951	4.0
1330	5037	5.0
1330	5047	2.0
1330	5154	3.0
1330	5157	3.0
1330	5193	1.0
1330	5251	5.0
1330	5263	3.0
1330	5401	4.0
1330	5598	3.0
1330	5623	2.0
1330	5709	4.0
1330	5710	3.0
1330	5789	3.0
1330	5874	3.0
1330	5884	4.0
1330	5928	4.0
1330	5941	3.0
1330	5946	2.0
1330	6179	4.0
1330	6190	3.0
1330	6203	3.0
1330	6244	5.0
1330	6301	4.0
1330	6539	5.0
1330	6561	4.0
1330	6578	3.0
1330	6637	4.0
1330	6656	4.0
1330	6708	4.0
1330	6722	5.0
1330	6835	4.0
1330	6878	3.0
1330	6888	3.0
1330	6916	3.0
1330	6918	3.0
1330	6945	4.0
1330	6955	5.0
1334	117	2.0
1334	341	3.0
1334	680	4.0
1334	706	4.0
1334	827	4.0
1334	829	4.0
1334	1632	4.0
1334	1881	3.0
1334	2132	3.0
1334	2283	3.0
1334	2300	3.0
1334	2350	5.0
1334	2639	3.0
1334	2787	3.0
1334	2886	4.0
1334	2938	3.0
1334	3141	4.0
1334	3150	4.0
1334	3419	5.0
1334	3440	3.0
1334	3513	4.0
1334	3570	5.0
1334	3690	3.0
1334	3781	5.0
1334	3856	4.0
1334	3975	3.0
1334	4037	3.0
1334	4135	3.0
1334	4257	5.0
1334	4457	4.0
1334	4507	4.0
1334	4647	2.0
1334	4857	4.0
1334	4917	4.0
1334	5065	4.0
1334	5236	3.0
1334	5294	5.0
1334	5401	5.0
1334	5504	3.0
1334	5668	4.0
1334	5928	4.0
1334	6190	4.0
1334	6198	4.0
1334	6201	5.0
1334	6203	4.0
1334	6327	5.0
1334	6370	5.0
1334	6685	4.0
1334	6708	4.0
1334	6884	4.0
1334	6955	4.0
1335	7	5.0
1335	96	5.0
1335	105	3.0
1335	220	5.0
1335	233	4.0
1335	240	2.0
1335	347	4.0
1335	479	5.0
1335	492	4.0
1335	500	3.0
1335	536	2.0
1335	729	3.0
1335	787	3.0
1335	831	4.0
1335	853	3.0
1335	858	4.0
1335	884	3.0
1335	968	3.0
1335	970	5.0
1335	1001	4.0
1335	1056	5.0
1335	1065	2.0
1335	1089	5.0
1335	1157	4.0
1335	1166	4.0
1335	1184	2.0
1335	1289	3.0
1335	1432	5.0
1335	1516	4.0
1335	1650	4.0
1335	1667	3.0
1335	1753	4.0
1335	1779	4.0
1335	1782	2.0
1335	1799	3.0
1335	1813	5.0
1335	1823	4.0
1335	1826	4.0
1335	1844	5.0
1335	1885	2.0
1335	1964	5.0
1335	2025	3.0
1335	2075	3.0
1335	2132	5.0
1335	2159	1.0
1335	2186	2.0
1335	2274	4.0
1335	2323	4.0
1335	2325	4.0
1335	2386	4.0
1335	2460	5.0
1335	2481	5.0
1335	2509	4.0
1335	2511	2.0
1335	2641	4.0
1335	2702	4.0
1335	2825	4.0
1335	2840	2.0
1335	2841	4.0
1335	2854	4.0
1335	2859	5.0
1335	2995	2.0
1335	3055	4.0
1335	3073	5.0
1335	3144	4.0
1335	3157	2.0
1335	3198	3.0
1335	3213	4.0
1335	3512	3.0
1335	3544	4.0
1335	3555	2.0
1335	3570	4.0
1335	3623	4.0
1335	3630	4.0
1335	3649	4.0
1335	3687	3.0
1335	3692	3.0
1335	3731	4.0
1335	3738	3.0
1335	4001	4.0
1335	4183	4.0
1335	4187	5.0
1335	4258	2.0
1335	4269	3.0
1335	4305	4.0
1335	4312	5.0
1335	4363	2.0
1335	4390	3.0
1335	4463	4.0
1335	4491	1.0
1335	4538	5.0
1335	4542	3.0
1335	4596	3.0
1335	4673	4.0
1335	4700	3.0
1335	4930	3.0
1335	4949	2.0
1335	4993	4.0
1335	5046	4.0
1335	5094	3.0
1335	5096	1.0
1335	5178	4.0
1335	5193	1.0
1335	5258	5.0
1335	5296	3.0
1335	5329	4.0
1335	5395	4.0
1335	5447	2.0
1335	5527	2.0
1335	5658	3.0
1335	5662	3.0
1335	5664	5.0
1335	5780	3.0
1335	5842	2.0
1335	5850	2.0
1335	6024	3.0
1335	6109	4.0
1335	6145	4.0
1335	6154	5.0
1335	6208	5.0
1335	6215	4.0
1335	6271	4.0
1335	6415	3.0
1335	6416	1.0
1335	6429	3.0
1335	6472	3.0
1335	6479	3.0
1335	6578	3.0
1335	6597	3.0
1335	6619	1.0
1335	6626	4.0
1335	6685	5.0
1335	6700	3.0
1335	6773	4.0
1335	6956	4.0
1374	21	2.0
1374	194	4.0
1374	341	5.0
1374	467	5.0
1374	499	3.0
1374	671	5.0
1374	770	4.0
1374	861	5.0
1374	938	3.0
1374	1208	2.0
1374	1274	5.0
1374	1396	2.0
1374	1844	5.0
1374	1871	3.0
1374	1890	5.0
1374	1957	4.0
1374	2109	5.0
1374	2165	5.0
1374	2230	3.0
1374	2351	4.0
1374	2678	3.0
1374	3014	3.0
1374	3070	5.0
1374	3110	4.0
1374	3125	4.0
1374	3179	4.0
1374	3311	5.0
1374	3410	3.0
1374	3468	4.0
1374	3581	5.0
1374	3594	4.0
1374	3696	5.0
1374	3783	3.0
1374	3852	5.0
1374	3910	4.0
1374	4018	5.0
1374	4390	4.0
1374	4487	4.0
1374	4514	5.0
1374	4551	5.0
1374	4562	5.0
1374	4642	3.0
1374	4647	3.0
1374	4664	5.0
1374	4852	3.0
1374	5036	3.0
1374	5050	5.0
1374	5252	5.0
1374	5481	3.0
1374	5506	3.0
1374	5521	3.0
1374	5575	5.0
1374	5589	4.0
1374	5707	4.0
1374	5748	4.0
1374	5776	5.0
1374	5896	3.0
1374	5988	5.0
1374	6062	3.0
1374	6328	5.0
1374	6370	5.0
1374	6397	5.0
1374	6538	5.0
1374	6555	4.0
1374	6630	5.0
1374	6637	5.0
1374	6739	4.0
1374	6968	3.0
1380	30	5.0
1380	101	4.0
1380	146	5.0
1380	301	5.0
1380	304	5.0
1380	350	5.0
1380	395	2.0
1380	475	5.0
1380	704	4.0
1380	716	4.0
1380	793	4.0
1380	827	5.0
1380	832	4.0
1380	861	3.0
1380	878	3.0
1380	913	3.0
1380	919	4.0
1380	934	3.0
1380	969	4.0
1380	1101	3.0
1380	1114	4.0
1380	1116	4.0
1380	1157	3.0
1380	1563	5.0
1380	1574	4.0
1380	1608	5.0
1380	1682	4.0
1380	1728	5.0
1380	1774	5.0
1380	1776	5.0
1380	1799	4.0
1380	1808	5.0
1380	1876	5.0
1380	1881	4.0
1380	2098	5.0
1380	2135	4.0
1380	2153	5.0
1380	2606	4.0
1380	2823	4.0
1380	2861	5.0
1380	2892	5.0
1380	3100	4.0
1380	3127	3.0
1380	3173	4.0
1380	3237	5.0
1380	3255	5.0
1380	3307	5.0
1380	3387	3.0
1380	3473	3.0
1380	3564	5.0
1380	3662	5.0
1380	3676	5.0
1380	3852	5.0
1380	3856	3.0
1380	3941	3.0
1380	4020	5.0
1380	4054	3.0
1380	4072	5.0
1380	4110	3.0
1380	4172	4.0
1380	4186	5.0
1380	4203	4.0
1380	4236	5.0
1380	4463	4.0
1380	4507	3.0
1380	4527	3.0
1380	4671	5.0
1380	4748	5.0
1380	4771	4.0
1380	4799	3.0
1380	4927	5.0
1380	5150	4.0
1380	5251	5.0
1380	5292	4.0
1380	5294	5.0
1380	5311	4.0
1380	5389	5.0
1380	5541	5.0
1380	5559	4.0
1380	5589	3.0
1380	5669	5.0
1380	5780	5.0
1380	5873	5.0
1380	5970	5.0
1380	6182	4.0
1380	6283	5.0
1380	6444	4.0
1380	6559	5.0
1380	6574	5.0
1380	6648	5.0
1380	6876	4.0
1380	6884	4.0
1380	6916	5.0
1380	6967	4.0
1384	133	5.0
1384	173	3.0
1384	421	3.0
1384	614	4.0
1384	844	4.0
1384	917	5.0
1384	1018	3.0
1384	1125	2.0
1384	1196	5.0
1384	1482	3.0
1384	1590	5.0
1384	1629	4.0
1384	1692	3.0
1384	1760	5.0
1384	1808	5.0
1384	1854	3.0
1384	2443	3.0
1384	2477	4.0
1384	2522	3.0
1384	3024	4.0
1384	3110	4.0
1384	3410	3.0
1384	3411	4.0
1384	3423	4.0
1384	3834	3.0
1384	4011	3.0
1384	4296	5.0
1384	4309	4.0
1384	4339	3.0
1384	4640	4.0
1384	4927	4.0
1384	4951	3.0
1384	5194	4.0
1384	5575	5.0
1384	5805	3.0
1384	5915	4.0
1384	5941	5.0
1384	6253	5.0
1384	6273	3.0
1384	6286	3.0
1384	6402	5.0
1384	6578	4.0
1384	6675	4.0
1384	6691	5.0
1384	6774	3.0
1385	190	4.0
1385	223	5.0
1385	313	3.0
1385	341	4.0
1385	605	4.0
1385	649	4.0
1385	680	4.0
1385	887	3.0
1385	913	4.0
1385	936	4.0
1385	957	3.0
1385	970	4.0
1385	1005	3.0
1385	1061	4.0
1385	1148	3.0
1385	1289	4.0
1385	1629	3.0
1385	1654	3.0
1385	1799	4.0
1385	1944	3.0
1385	2029	4.0
1385	2199	3.0
1385	2351	4.0
1385	2386	3.0
1385	2463	4.0
1385	2508	3.0
1385	2532	3.0
1385	2854	4.0
1385	2959	4.0
1385	3025	4.0
1385	3191	4.0
1385	3213	3.0
1385	3273	3.0
1385	3409	4.0
1385	3440	3.0
1385	3517	4.0
1385	3570	4.0
1385	3651	5.0
1385	3722	4.0
1385	3730	3.0
1385	3785	2.0
1385	3921	3.0
1385	4030	4.0
1385	4076	3.0
1385	4390	3.0
1385	4399	4.0
1385	4487	4.0
1385	4727	3.0
1385	4927	4.0
1385	5024	3.0
1385	5050	4.0
1385	5154	2.0
1385	5213	3.0
1385	5253	3.0
1385	5396	3.0
1385	5423	4.0
1385	5647	3.0
1385	5668	4.0
1385	5849	3.0
1385	5853	3.0
1385	5873	4.0
1385	6039	5.0
1385	6230	4.0
1385	6311	4.0
1385	6391	3.0
1385	6469	3.0
1385	6671	4.0
1385	6731	4.0
1385	6952	4.0
1385	6954	5.0
1401	7	4.0
1401	96	4.0
1401	133	4.0
1401	161	4.0
1401	243	5.0
1401	258	3.0
1401	268	4.0
1401	294	4.0
1401	319	3.0
1401	341	4.0
1401	353	4.0
1401	358	4.0
1401	362	3.0
1401	371	3.0
1401	399	4.0
1401	421	4.0
1401	437	2.0
1401	471	4.0
1401	475	5.0
1401	580	4.0
1401	745	3.0
1401	793	4.0
1401	816	1.0
1401	831	4.0
1401	913	4.0
1401	948	2.0
1401	1004	5.0
1401	1063	2.0
1401	1126	4.0
1401	1159	4.0
1401	1248	3.0
1401	1286	3.0
1401	1305	3.0
1401	1350	2.0
1401	1400	4.0
1401	1413	2.0
1401	1432	5.0
1401	1441	4.0
1401	1455	2.0
1401	1483	4.0
1401	1487	2.0
1401	1513	5.0
1401	1520	3.0
1401	1521	3.0
1401	1617	5.0
1401	1632	3.0
1401	1633	3.0
1401	1728	5.0
1401	1734	3.0
1401	1759	4.0
1401	1866	3.0
1401	1871	3.0
1401	2153	5.0
1401	2199	3.0
1401	2208	4.0
1401	2221	4.0
1401	2266	4.0
1401	2301	4.0
1401	2320	4.0
1401	2340	3.0
1401	2449	2.0
1401	2464	4.0
1401	2481	2.0
1401	2544	2.0
1401	2609	4.0
1401	2788	4.0
1401	2825	4.0
1401	2841	2.0
1401	2924	4.0
1401	2966	3.0
1401	2995	2.0
1401	3087	5.0
1401	3102	5.0
1401	3121	4.0
1401	3269	4.0
1401	3406	4.0
1401	3410	4.0
1401	3449	4.0
1401	3477	3.0
1401	3480	5.0
1401	3527	3.0
1401	3531	4.0
1401	3534	1.0
1401	3564	5.0
1401	3613	2.0
1401	3661	3.0
1401	3773	5.0
1401	3787	4.0
1401	3904	3.0
1401	3936	2.0
1401	3993	3.0
1401	4000	3.0
1401	4055	3.0
1401	4080	2.0
1401	4117	4.0
1401	4126	1.0
1401	4172	4.0
1401	4180	3.0
1401	4248	4.0
1401	4269	3.0
1401	4291	2.0
1401	4294	4.0
1401	4307	4.0
1401	4330	2.0
1401	4350	4.0
1401	4386	4.0
1401	4436	5.0
1401	4452	5.0
1401	4457	5.0
1401	4472	3.0
1401	4477	4.0
1401	4484	5.0
1401	4513	1.0
1401	4545	3.0
1401	4559	3.0
1401	4592	3.0
1401	4658	4.0
1401	4675	3.0
1401	4726	4.0
1401	4803	4.0
1401	4926	5.0
1401	4934	4.0
1401	5032	3.0
1401	5082	4.0
1401	5113	4.0
1401	5315	2.0
1401	5394	4.0
1401	5401	5.0
1401	5445	5.0
1401	5592	2.0
1401	5597	4.0
1401	5616	4.0
1401	5662	4.0
1401	5712	4.0
1401	5775	2.0
1401	5780	4.0
1401	5791	3.0
1401	5795	3.0
1401	5800	3.0
1401	5973	3.0
1401	5983	4.0
1401	6052	3.0
1401	6082	4.0
1401	6171	3.0
1401	6179	3.0
1401	6182	5.0
1401	6229	4.0
1401	6283	4.0
1401	6311	3.0
1401	6394	4.0
1401	6416	2.0
1401	6449	3.0
1401	6530	4.0
1401	6561	1.0
1401	6672	4.0
1401	6677	3.0
1401	6776	4.0
1401	6795	1.0
1401	6799	3.0
1401	6803	2.0
1401	6881	5.0
1401	6953	4.0
1401	6962	3.0
1410	101	3.0
1410	211	4.0
1410	223	5.0
1410	233	3.0
1410	341	3.0
1410	590	4.0
1410	664	5.0
1410	706	3.0
1410	768	3.0
1410	833	4.0
1410	859	3.0
1410	1513	4.0
1410	1532	2.0
1410	1587	3.0
1410	1728	5.0
1410	1799	4.0
1410	1871	3.0
1410	1887	2.0
1410	1894	4.0
1410	1963	3.0
1410	2179	3.0
1410	2252	4.0
1410	2340	3.0
1410	2350	5.0
1410	2384	4.0
1410	2464	4.0
1410	2481	4.0
1410	2483	4.0
1410	2588	4.0
1410	2818	4.0
1410	2821	4.0
1410	2993	3.0
1410	3307	4.0
1410	3371	4.0
1410	3527	3.0
1410	3584	4.0
1410	3601	4.0
1410	3633	3.0
1410	3690	3.0
1410	3914	4.0
1410	4006	5.0
1410	4094	3.0
1410	4097	4.0
1410	4172	4.0
1410	4187	5.0
1410	4206	5.0
1410	4253	4.0
1410	4312	4.0
1410	4427	4.0
1410	4430	5.0
1410	4740	5.0
1410	4927	4.0
1410	4928	4.0
1410	4951	4.0
1410	5000	3.0
1410	5392	4.0
1410	5423	3.0
1410	5438	4.0
1410	5515	5.0
1410	5530	3.0
1410	5686	3.0
1410	5698	4.0
1410	5915	4.0
1410	5928	3.0
1410	5936	3.0
1410	5973	4.0
1410	6024	3.0
1410	6039	5.0
1410	6123	3.0
1410	6154	4.0
1410	6197	2.0
1410	6311	4.0
1410	6391	3.0
1410	6535	4.0
1410	6646	4.0
1410	6653	5.0
1410	6729	3.0
1410	6735	4.0
1410	6786	3.0
1448	63	3.0
1448	233	3.0
1448	502	4.0
1448	510	4.0
1448	605	4.0
1448	729	3.0
1448	827	3.0
1448	1419	3.0
1448	1448	3.0
1448	1644	4.0
1448	1654	3.0
1448	1818	3.0
1448	1956	4.0
1448	2462	3.0
1448	2606	3.0
1448	2628	3.0
1448	2641	3.0
1448	2787	3.0
1448	3084	3.0
1448	3150	4.0
1448	3320	2.0
1448	3517	3.0
1448	3627	4.0
1448	3692	3.0
1448	3835	4.0
1448	3966	4.0
1448	4236	5.0
1448	4390	2.0
1448	4464	3.0
1448	4483	3.0
1448	4487	4.0
1448	4527	4.0
1448	4635	4.0
1448	4673	4.0
1448	4705	5.0
1448	4922	3.0
1448	5251	4.0
1448	5407	4.0
1448	5424	1.0
1448	5536	3.0
1448	5575	4.0
1448	5646	3.0
1448	5896	3.0
1448	6300	1.0
1448	6322	3.0
1448	6469	3.0
1448	6479	3.0
1448	6619	3.0
1448	6695	3.0
1448	6799	3.0
1484	76	3.0
1484	225	3.0
1484	233	4.0
1484	296	3.0
1484	341	4.0
1484	346	4.0
1484	578	4.0
1484	596	5.0
1484	729	4.0
1484	797	3.0
1484	936	3.0
1484	1059	3.0
1484	1204	3.0
1484	1296	4.0
1484	1329	4.0
1484	1377	5.0
1484	1483	4.0
1484	1770	5.0
1484	2017	4.0
1484	2028	4.0
1484	2069	5.0
1484	2120	3.0
1484	2199	3.0
1484	2274	4.0
1484	2283	4.0
1484	2384	4.0
1484	2460	4.0
1484	3060	5.0
1484	3089	4.0
1484	3284	3.0
1484	3407	3.0
1484	3427	2.0
1484	3630	4.0
1484	3650	4.0
1484	3869	2.0
1484	3874	5.0
1484	3923	5.0
1484	3949	4.0
1484	3952	5.0
1484	3954	4.0
1484	4164	3.0
1484	4180	3.0
1484	4236	5.0
1484	4256	4.0
1484	4291	2.0
1484	4462	4.0
1484	4729	4.0
1484	4796	5.0
1484	4947	4.0
1484	5100	4.0
1484	5154	4.0
1484	5193	3.0
1484	5407	5.0
1484	5489	4.0
1484	5514	5.0
1484	5560	3.0
1484	5628	3.0
1484	5686	3.0
1484	5747	5.0
1484	6220	3.0
1484	6310	4.0
1484	6479	4.0
1484	6869	3.0
1484	6952	4.0
1524	1	4.0
1524	72	3.0
1524	130	4.0
1524	132	3.0
1524	194	4.0
1524	341	4.0
1524	351	3.0
1524	399	4.0
1524	629	3.0
1524	656	4.0
1524	682	4.0
1524	714	5.0
1524	746	3.0
1524	919	3.0
1524	936	3.0
1524	970	4.0
1524	1071	3.0
1524	1135	3.0
1524	1157	3.0
1524	1207	4.0
1524	1249	3.0
1524	1313	3.0
1524	1413	3.0
1524	1513	4.0
1524	1538	4.0
1524	1650	3.0
1524	1667	3.0
1524	1741	4.0
1524	1814	3.0
1524	1850	3.0
1524	1900	2.0
1524	1930	2.0
1524	1955	4.0
1524	2012	3.0
1524	2018	3.0
1524	2028	3.0
1524	2061	3.0
1524	2108	2.0
1524	2135	4.0
1524	2161	3.0
1524	2166	4.0
1524	2188	3.0
1524	2190	3.0
1524	2244	4.0
1524	2270	3.0
1524	2301	3.0
1524	2320	4.0
1524	2391	3.0
1524	2460	3.0
1524	2477	4.0
1524	2481	5.0
1524	2656	3.0
1524	2710	3.0
1524	2715	4.0
1524	2744	2.0
1524	2840	3.0
1524	2859	4.0
1524	2874	4.0
1524	2918	3.0
1524	3024	4.0
1524	3206	5.0
1524	3269	5.0
1524	3354	3.0
1524	3378	3.0
1524	3409	3.0
1524	3535	4.0
1524	3570	4.0
1524	3649	3.0
1524	3688	4.0
1524	3902	3.0
1524	3993	4.0
1524	4018	3.0
1524	4067	4.0
1524	4110	3.0
1524	4164	3.0
1524	4186	4.0
1524	4200	3.0
1524	4202	4.0
1524	4236	4.0
1524	4357	3.0
1524	4372	2.0
1524	4407	3.0
1524	4463	3.0
1524	4483	3.0
1524	4514	4.0
1524	4596	4.0
1524	4608	2.0
1524	4628	3.0
1524	4649	3.0
1524	4666	5.0
1524	4712	2.0
1524	4726	3.0
1524	4786	3.0
1524	4821	3.0
1524	4857	4.0
1524	4923	4.0
1524	4929	4.0
1524	4951	3.0
1524	4965	4.0
1524	5058	3.0
1524	5087	3.0
1524	5172	3.0
1524	5179	3.0
1524	5217	3.0
1524	5390	4.0
1524	5493	2.0
1524	5507	4.0
1524	5530	3.0
1524	5536	3.0
1524	5575	4.0
1524	5642	4.0
1524	5663	4.0
1524	5696	3.0
1524	5736	3.0
1524	5871	3.0
1524	5947	3.0
1524	5950	3.0
1524	6126	3.0
1524	6138	4.0
1524	6198	3.0
1524	6209	3.0
1524	6217	3.0
1524	6232	4.0
1524	6286	1.0
1524	6300	3.0
1524	6395	3.0
1524	6437	3.0
1524	6479	3.0
1524	6584	3.0
1524	6616	3.0
1524	6629	4.0
1524	6682	4.0
1524	6708	3.0
1524	6774	3.0
1524	6799	4.0
1524	6916	4.0
1524	6918	3.0
1524	6953	4.0
1586	13	4.0
1586	62	3.0
1586	341	3.0
1586	342	4.0
1586	371	3.0
1586	386	5.0
1586	417	5.0
1586	500	4.0
1586	507	4.0
1586	517	3.0
1586	524	4.0
1586	553	3.0
1586	557	4.0
1586	568	4.0
1586	611	2.0
1586	629	3.0
1586	680	4.0
1586	784	4.0
1586	789	3.0
1586	827	4.0
1586	831	4.0
1586	1070	3.0
1586	1151	4.0
1586	1189	3.0
1586	1199	5.0
1586	1361	3.0
1586	1410	5.0
1586	1488	3.0
1586	1513	4.0
1586	1643	3.0
1586	1728	5.0
1586	1745	3.0
1586	1776	5.0
1586	1855	3.0
1586	1964	4.0
1586	1971	3.0
1586	2050	4.0
1586	2204	3.0
1586	2208	4.0
1586	2350	5.0
1586	2443	4.0
1586	2445	3.0
1586	2527	3.0
1586	2528	4.0
1586	2564	4.0
1586	2584	5.0
1586	2601	4.0
1586	2619	5.0
1586	2730	3.0
1586	2763	3.0
1586	2840	4.0
1586	2848	4.0
1586	2866	4.0
1586	2917	4.0
1586	2975	3.0
1586	2991	3.0
1586	3088	3.0
1586	3089	3.0
1586	3110	3.0
1586	3213	4.0
1586	3239	4.0
1586	3331	3.0
1586	3409	4.0
1586	3450	3.0
1586	3531	4.0
1586	3599	3.0
1586	3622	4.0
1586	3623	3.0
1586	3676	4.0
1586	3743	3.0
1586	3764	5.0
1586	3768	5.0
1586	3996	3.0
1586	4001	4.0
1586	4017	3.0
1586	4038	4.0
1586	4094	4.0
1586	4109	4.0
1586	4254	5.0
1586	4343	2.0
1586	4392	3.0
1586	4393	4.0
1586	4553	2.0
1586	4594	3.0
1586	4635	4.0
1586	4673	3.0
1586	4711	3.0
1586	4743	4.0
1586	4791	4.0
1586	4868	4.0
1586	4997	4.0
1586	5005	3.0
1586	5038	1.0
1586	5055	3.0
1586	5093	3.0
1586	5187	4.0
1586	5207	4.0
1586	5213	4.0
1586	5251	3.0
1586	5262	3.0
1586	5325	2.0
1586	5423	3.0
1586	5461	3.0
1586	5467	4.0
1586	5504	3.0
1586	5511	2.0
1586	5628	4.0
1586	5658	3.0
1586	5781	4.0
1586	5792	3.0
1586	5844	5.0
1586	5873	4.0
1586	5888	4.0
1586	5936	3.0
1586	6010	4.0
1586	6018	3.0
1586	6140	5.0
1586	6193	3.0
1586	6199	3.0
1586	6208	5.0
1586	6217	4.0
1586	6229	3.0
1586	6350	3.0
1586	6370	5.0
1586	6522	4.0
1586	6549	3.0
1586	6683	4.0
1586	6690	3.0
1586	6765	5.0
1586	6799	3.0
1586	6800	4.0
1586	6916	4.0
1630	275	3.0
1630	304	3.0
1630	371	3.0
1630	578	3.0
1630	594	4.0
1630	656	4.0
1630	667	2.0
1630	681	5.0
1630	816	5.0
1630	818	4.0
1630	819	4.0
1630	1133	4.0
1630	1172	3.0
1630	1565	4.0
1630	1593	5.0
1630	1629	4.0
1630	1632	3.0
1630	1635	4.0
1630	1668	5.0
1630	1813	4.0
1630	1815	4.0
1630	1914	4.0
1630	1976	4.0
1630	1998	4.0
1630	2029	4.0
1630	2048	4.0
1630	2072	1.0
1630	2132	3.0
1630	2339	4.0
1630	2421	4.0
1630	2606	3.0
1630	2699	4.0
1630	2823	4.0
1630	2863	4.0
1630	2886	3.0
1630	3055	4.0
1630	3270	5.0
1630	3273	3.0
1630	3274	4.0
1630	3286	5.0
1630	3382	3.0
1630	3411	4.0
1630	3513	4.0
1630	3538	5.0
1630	3620	4.0
1630	3623	4.0
1630	3778	4.0
1630	3791	5.0
1630	3984	5.0
1630	4095	3.0
1630	4236	3.0
1630	4312	4.0
1630	4344	3.0
1630	4407	4.0
1630	4426	3.0
1630	4448	4.0
1630	4487	4.0
1630	4574	5.0
1630	4617	2.0
1630	4928	4.0
1630	4982	4.0
1630	5050	3.0
1630	5093	3.0
1630	5183	5.0
1630	5193	2.0
1630	5270	3.0
1630	5293	4.0
1630	5566	4.0
1630	5639	4.0
1630	5699	3.0
1630	5709	4.0
1630	5835	3.0
1630	5896	2.0
1630	5934	2.0
1630	6335	4.0
1630	6401	5.0
1630	6417	4.0
1630	6479	4.0
1630	6529	4.0
1630	6747	4.0
1630	6927	4.0
1641	170	3.0
1641	174	5.0
1641	219	5.0
1641	255	5.0
1641	319	3.0
1641	747	5.0
1641	986	2.0
1641	1023	3.0
1641	1030	5.0
1641	1049	5.0
1641	1065	4.0
1641	1248	5.0
1641	1277	5.0
1641	1432	4.0
1641	1488	5.0
1641	1617	5.0
1641	1664	5.0
1641	1875	4.0
1641	2053	5.0
1641	2090	5.0
1641	2135	5.0
1641	2512	5.0
1641	2733	4.0
1641	2824	4.0
1641	2976	3.0
1641	3024	5.0
1641	3028	5.0
1641	3185	2.0
1641	3198	4.0
1641	3268	5.0
1641	3417	3.0
1641	3419	5.0
1641	3777	5.0
1641	3876	5.0
1641	3910	4.0
1641	3946	4.0
1641	4172	5.0
1641	4186	5.0
1641	4309	5.0
1641	4323	4.0
1641	4592	5.0
1641	4729	5.0
1641	4922	4.0
1641	5032	4.0
1641	5053	5.0
1641	5075	5.0
1641	5093	3.0
1641	5100	5.0
1641	5194	3.0
1641	5293	5.0
1641	5353	5.0
1641	5407	5.0
1641	5575	5.0
1641	5578	4.0
1641	5719	4.0
1641	5934	5.0
1641	6019	3.0
1641	6118	5.0
1641	6193	4.0
1641	6199	4.0
1641	6253	5.0
1641	6260	3.0
1641	6287	4.0
1641	6370	4.0
1641	6396	3.0
1641	6406	3.0
1641	6529	5.0
1641	6648	5.0
1641	6664	5.0
1641	6923	5.0
1641	6958	3.0
1647	3	5.0
1647	7	5.0
1647	59	3.0
1647	90	3.0
1647	112	4.0
1647	170	5.0
1647	229	5.0
1647	279	4.0
1647	282	3.0
1647	358	4.0
1647	375	4.0
1647	518	4.0
1647	519	4.0
1647	520	4.0
1647	557	5.0
1647	569	4.0
1647	686	4.0
1647	817	4.0
1647	846	4.0
1647	986	4.0
1647	1001	3.0
1647	1263	3.0
1647	1321	3.0
1647	1326	3.0
1647	1331	4.0
1647	1384	4.0
1647	1400	4.0
1647	1520	4.0
1647	1539	5.0
1647	1608	3.0
1647	1647	3.0
1647	1677	4.0
1647	1681	3.0
1647	1757	4.0
1647	1916	2.0
1647	1917	4.0
1647	1941	3.0
1647	1964	3.0
1647	1965	4.0
1647	1983	3.0
1647	2135	4.0
1647	2148	4.0
1647	2176	2.0
1647	2188	3.0
1647	2199	3.0
1647	2284	4.0
1647	2350	4.0
1647	2363	4.0
1647	2372	4.0
1647	2458	4.0
1647	2475	3.0
1647	2612	4.0
1647	2633	4.0
1647	2637	3.0
1647	2685	4.0
1647	2838	4.0
1647	2850	4.0
1647	2931	4.0
1647	3051	4.0
1647	3213	4.0
1647	3397	5.0
1647	3409	4.0
1647	3412	3.0
1647	3521	4.0
1647	3533	3.0
1647	3545	4.0
1647	3580	4.0
1647	3601	4.0
1647	3621	4.0
1647	3722	3.0
1647	3732	4.0
1647	3751	4.0
1647	3779	4.0
1647	3798	4.0
1647	3880	5.0
1647	3955	4.0
1647	4117	4.0
1647	4169	3.0
1647	4173	4.0
1647	4176	3.0
1647	4178	5.0
1647	4192	5.0
1647	4196	3.0
1647	4279	4.0
1647	4344	4.0
1647	4345	4.0
1647	4355	3.0
1647	4463	4.0
1647	4542	3.0
1647	4632	4.0
1647	4748	4.0
1647	5001	4.0
1647	5047	3.0
1647	5086	4.0
1647	5210	3.0
1647	5211	4.0
1647	5216	3.0
1647	5251	3.0
1647	5299	4.0
1647	5395	3.0
1647	5410	3.0
1647	5421	5.0
1647	5423	4.0
1647	5519	2.0
1647	5538	4.0
1647	5634	5.0
1647	5667	4.0
1647	5670	5.0
1647	5697	4.0
1647	5725	4.0
1647	5780	4.0
1647	5781	3.0
1647	5871	3.0
1647	5896	2.0
1647	6084	1.0
1647	6115	4.0
1647	6137	4.0
1647	6183	5.0
1647	6193	5.0
1647	6269	4.0
1647	6270	3.0
1647	6277	4.0
1647	6307	4.0
1647	6330	2.0
1647	6352	4.0
1647	6425	5.0
1647	6457	5.0
1647	6504	5.0
1647	6507	3.0
1647	6539	4.0
1647	6544	3.0
1647	6561	4.0
1647	6574	4.0
1647	6600	4.0
1647	6609	5.0
1647	6658	5.0
1647	6672	4.0
1647	6821	3.0
1647	6851	5.0
1647	6905	3.0
1651	147	3.0
1651	174	5.0
1651	180	5.0
1651	233	4.0
1651	292	4.0
1651	346	2.0
1651	395	1.0
1651	421	5.0
1651	499	3.0
1651	627	3.0
1651	629	3.0
1651	787	3.0
1651	828	3.0
1651	832	4.0
1651	861	3.0
1651	1023	3.0
1651	1056	5.0
1651	1146	5.0
1651	1189	2.0
1651	1204	3.0
1651	1377	5.0
1651	1385	4.0
1651	1389	3.0
1651	1650	4.0
1651	1881	5.0
1651	1974	5.0
1651	2132	4.0
1651	2159	1.0
1651	2168	5.0
1651	2252	3.0
1651	2320	4.0
1651	2431	3.0
1651	2645	4.0
1651	2841	3.0
1651	2899	4.0
1651	2908	4.0
1651	3089	4.0
1651	3099	4.0
1651	3106	4.0
1651	3147	3.0
1651	3245	3.0
1651	3307	5.0
1651	3331	4.0
1651	3359	4.0
1651	3360	4.0
1651	3409	4.0
1651	3492	3.0
1651	3545	3.0
1651	3587	4.0
1651	3690	5.0
1651	3692	5.0
1651	3779	5.0
1651	3781	5.0
1651	3856	4.0
1651	3886	5.0
1651	3921	4.0
1651	3950	3.0
1651	3978	3.0
1651	4067	5.0
1651	4135	3.0
1651	4185	5.0
1651	4260	4.0
1651	4274	3.0
1651	4312	5.0
1651	4372	4.0
1651	4487	4.0
1651	4501	4.0
1651	4512	3.0
1651	4538	5.0
1651	4579	3.0
1651	4621	4.0
1651	4658	5.0
1651	4673	4.0
1651	4707	1.0
1651	4726	2.0
1651	4791	5.0
1651	4889	4.0
1651	4932	5.0
1651	5006	4.0
1651	5096	2.0
1651	5182	4.0
1651	5194	3.0
1651	5394	4.0
1651	5426	4.0
1651	5432	4.0
1651	5515	5.0
1651	5528	5.0
1651	5577	4.0
1651	5780	4.0
1651	5978	4.0
1651	6145	4.0
1651	6199	3.0
1651	6232	5.0
1651	6300	1.0
1651	6310	4.0
1651	6370	5.0
1651	6479	3.0
1651	6599	1.0
1651	6600	4.0
1651	6627	3.0
1651	6672	5.0
1651	6677	3.0
1651	6695	4.0
1651	6799	4.0
1738	223	4.0
1738	234	4.0
1738	294	4.0
1738	311	2.0
1738	330	3.0
1738	346	2.0
1738	371	3.0
1738	459	4.0
1738	729	4.0
1738	817	5.0
1738	832	3.0
1738	861	2.0
1738	872	4.0
1738	947	1.0
1738	1077	4.0
1738	1336	5.0
1738	1377	4.0
1738	1653	5.0
1738	1654	3.0
1738	1782	2.0
1738	1808	5.0
1738	1881	4.0
1738	1941	5.0
1738	2135	5.0
1738	2300	2.0
1738	2787	4.0
1738	2806	2.0
1738	3024	5.0
1738	3141	3.0
1738	3301	5.0
1738	3307	5.0
1738	3309	5.0
1738	3310	2.0
1738	3489	4.0
1738	3570	4.0
1738	3581	4.0
1738	3743	3.0
1738	3754	5.0
1738	3777	5.0
1738	3856	5.0
1738	4180	4.0
1738	4206	5.0
1738	4265	3.0
1738	4296	3.0
1738	4309	3.0
1738	4487	4.0
1738	4726	2.0
1738	4993	3.0
1738	5005	3.0
1738	5150	2.0
1738	5187	5.0
1738	5294	4.0
1738	5373	4.0
1738	5515	3.0
1738	5569	3.0
1738	5592	2.0
1738	5709	5.0
1738	5792	5.0
1738	5934	3.0
1738	5936	5.0
1738	6024	3.0
1738	6097	5.0
1738	6139	3.0
1738	6203	3.0
1738	6208	5.0
1738	6217	4.0
1738	6244	4.0
1738	6416	2.0
1738	6439	5.0
1738	6637	5.0
1824	72	3.0
1824	212	3.0
1824	221	4.0
1824	465	3.0
1824	481	3.0
1824	483	1.0
1824	669	4.0
1824	680	4.0
1824	681	3.0
1824	799	3.0
1824	970	3.0
1824	996	2.0
1824	1189	2.0
1824	1196	2.0
1824	1354	4.0
1824	1506	2.0
1824	1643	3.0
1824	1692	3.0
1824	1743	4.0
1824	1776	2.0
1824	1937	4.0
1824	2144	2.0
1824	2188	3.0
1824	2211	2.0
1824	2292	4.0
1824	2351	3.0
1824	2386	3.0
1824	2434	3.0
1824	2482	3.0
1824	2591	3.0
1824	2743	2.0
1824	2771	3.0
1824	2799	3.0
1824	2825	3.0
1824	2838	5.0
1824	2916	3.0
1824	2978	3.0
1824	3019	1.0
1824	3025	4.0
1824	3058	5.0
1824	3147	3.0
1824	3174	4.0
1824	3222	4.0
1824	3295	4.0
1824	3332	3.0
1824	3334	5.0
1824	3372	3.0
1824	3414	3.0
1824	3447	3.0
1824	3463	3.0
1824	3629	4.0
1824	3650	3.0
1824	3676	3.0
1824	3882	3.0
1824	3977	4.0
1824	3983	3.0
1824	4172	4.0
1824	4226	3.0
1824	4339	3.0
1824	4405	3.0
1824	4469	3.0
1824	4483	3.0
1824	4522	4.0
1824	4596	3.0
1824	4699	4.0
1824	4748	3.0
1824	4774	1.0
1824	4789	3.0
1824	4826	3.0
1824	4884	5.0
1824	4964	2.0
1824	5159	3.0
1824	5251	4.0
1824	5258	3.0
1824	5294	3.0
1824	5389	3.0
1824	5440	4.0
1824	5595	3.0
1824	5596	4.0
1824	5638	2.0
1824	5712	3.0
1824	5831	4.0
1824	5836	4.0
1824	5998	4.0
1824	6052	4.0
1824	6182	3.0
1824	6274	3.0
1824	6322	3.0
1824	6328	4.0
1824	6364	4.0
1824	6378	4.0
1824	6521	3.0
1824	6645	3.0
1824	6769	1.0
1824	6853	4.0
1824	6878	4.0
1824	6955	4.0
1843	30	5.0
1843	31	5.0
1843	38	2.0
1843	103	5.0
1843	138	4.0
1843	141	4.0
1843	180	4.0
1843	243	5.0
1843	292	5.0
1843	298	3.0
1843	309	5.0
1843	341	4.0
1843	440	3.0
1843	684	4.0
1843	756	2.0
1843	873	4.0
1843	887	3.0
1843	957	3.0
1843	1074	4.0
1843	1093	4.0
1843	1142	3.0
1843	1157	5.0
1843	1193	3.0
1843	1331	3.0
1843	1359	4.0
1843	1385	5.0
1843	1608	4.0
1843	1773	4.0
1843	1775	5.0
1843	1792	3.0
1843	1808	5.0
1843	1819	3.0
1843	1824	5.0
1843	1894	4.0
1843	1903	5.0
1843	1971	4.0
1843	1975	3.0
1843	2029	4.0
1843	2042	4.0
1843	2045	4.0
1843	2062	3.0
1843	2200	5.0
1843	2240	5.0
1843	2340	4.0
1843	2481	4.0
1843	2520	4.0
1843	2535	3.0
1843	2597	5.0
1843	2794	2.0
1843	2854	4.0
1843	2861	5.0
1843	2874	4.0
1843	2875	4.0
1843	2904	3.0
1843	2938	4.0
1843	2966	4.0
1843	2999	4.0
1843	3144	2.0
1843	3239	3.0
1843	3319	4.0
1843	3327	4.0
1843	3378	3.0
1843	3404	4.0
1843	3492	3.0
1843	3507	3.0
1843	3511	4.0
1843	3645	5.0
1843	3649	2.0
1843	3676	5.0
1843	3690	2.0
1843	3722	2.0
1843	3738	5.0
1843	3835	4.0
1843	3864	4.0
1843	3902	3.0
1843	3942	4.0
1843	3965	4.0
1843	3986	5.0
1843	4018	4.0
1843	4026	4.0
1843	4038	5.0
1843	4090	4.0
1843	4203	3.0
1843	4229	4.0
1843	4246	4.0
1843	4304	5.0
1843	4312	5.0
1843	4323	5.0
1843	4344	5.0
1843	4345	5.0
1843	4842	5.0
1843	4852	4.0
1843	4900	5.0
1843	4953	3.0
1843	4982	4.0
1843	5004	1.0
1843	5033	1.0
1843	5037	4.0
1843	5055	5.0
1843	5136	5.0
1843	5144	3.0
1843	5244	5.0
1843	5297	4.0
1843	5329	3.0
1843	5500	5.0
1843	5664	5.0
1843	5777	5.0
1843	5990	5.0
1843	6061	3.0
1843	6087	3.0
1843	6101	3.0
1843	6118	4.0
1843	6169	3.0
1843	6390	3.0
1843	6572	5.0
1843	6580	3.0
1843	6593	4.0
1843	6771	2.0
1843	6884	4.0
1854	72	4.0
1854	220	5.0
1854	233	4.0
1854	466	3.0
1854	483	3.0
1854	699	5.0
1854	754	4.0
1854	776	5.0
1854	794	5.0
1854	817	4.0
1854	861	4.0
1854	984	4.0
1854	1040	5.0
1854	1135	3.0
1854	1157	3.0
1854	1265	4.0
1854	1301	4.0
1854	1305	4.0
1854	1396	4.0
1854	1399	4.0
1854	1431	3.0
1854	1482	3.0
1854	1591	4.0
1854	1603	4.0
1854	1608	4.0
1854	1679	4.0
1854	1728	4.0
1854	1738	2.0
1854	1792	5.0
1854	1824	4.0
1854	1850	4.0
1854	1944	3.0
1854	1971	3.0
1854	1974	5.0
1854	1983	5.0
1854	2168	3.0
1854	2188	4.0
1854	2252	4.0
1854	2386	4.0
1854	2425	5.0
1854	2460	4.0
1854	2606	3.0
1854	2639	3.0
1854	2769	3.0
1854	2806	3.0
1854	2825	4.0
1854	2863	4.0
1854	2875	5.0
1854	2884	4.0
1854	2908	3.0
1854	2971	5.0
1854	3024	5.0
1854	3081	4.0
1854	3091	4.0
1854	3193	5.0
1854	3204	3.0
1854	3210	5.0
1854	3236	4.0
1854	3241	3.0
1854	3517	5.0
1854	3556	4.0
1854	3692	3.0
1854	3730	3.0
1854	3739	5.0
1854	3937	5.0
1854	4117	4.0
1854	4226	5.0
1854	4295	5.0
1854	4307	5.0
1854	4344	5.0
1854	4347	3.0
1854	4399	5.0
1854	4437	3.0
1854	4487	5.0
1854	4674	4.0
1854	4675	3.0
1854	4684	5.0
1854	4695	4.0
1854	4700	4.0
1854	4880	5.0
1854	5037	5.0
1854	5104	5.0
1854	5172	5.0
1854	5251	4.0
1854	5294	5.0
1854	5323	4.0
1854	5386	5.0
1854	5417	3.0
1854	5423	5.0
1854	5432	5.0
1854	5480	5.0
1854	5501	3.0
1854	5515	3.0
1854	5520	3.0
1854	5598	4.0
1854	5605	4.0
1854	5642	4.0
1854	5710	4.0
1854	5783	3.0
1854	5859	1.0
1854	5936	3.0
1854	6145	5.0
1854	6219	4.0
1854	6311	4.0
1854	6322	3.0
1854	6329	4.0
1854	6345	3.0
1854	6377	3.0
1854	6391	4.0
1854	6415	3.0
1854	6527	5.0
1854	6597	5.0
1854	6626	4.0
1854	6754	5.0
1854	6927	5.0
1854	6942	5.0
1859	243	5.0
1859	311	3.0
1859	422	3.0
1859	827	5.0
1859	831	3.0
1859	1125	3.0
1859	1482	4.0
1859	1566	4.0
1859	1760	5.0
1859	1941	3.0
1859	1953	2.0
1859	1976	5.0
1859	2018	3.0
1859	2160	4.0
1859	2220	5.0
1859	2431	3.0
1859	3060	5.0
1859	3292	3.0
1859	3348	3.0
1859	3410	3.0
1859	3449	4.0
1859	3450	4.0
1859	3513	4.0
1859	3822	3.0
1859	4083	4.0
1859	4307	5.0
1859	4312	5.0
1859	4350	3.0
1859	4357	3.0
1859	4399	5.0
1859	4908	3.0
1859	4928	3.0
1859	5501	4.0
1859	5566	4.0
1859	5575	5.0
1859	5584	2.0
1859	6028	3.0
1859	6487	4.0
1859	6578	4.0
1859	6615	5.0
1859	6871	5.0
1859	6940	3.0
1877	3	3.0
1877	88	4.0
1877	96	4.0
1877	174	4.0
1877	217	5.0
1877	223	5.0
1877	226	4.0
1877	229	3.0
1877	294	5.0
1877	475	4.0
1877	513	3.0
1877	514	3.0
1877	649	4.0
1877	657	3.0
1877	680	4.0
1877	726	4.0
1877	827	4.0
1877	861	3.0
1877	1055	3.0
1877	1072	5.0
1877	1077	3.0
1877	1361	5.0
1877	1468	3.0
1877	1587	3.0
1877	1647	4.0
1877	1808	4.0
1877	2014	3.0
1877	2031	2.0
1877	2128	3.0
1877	2135	4.0
1877	2223	4.0
1877	2242	4.0
1877	2350	4.0
1877	2425	3.0
1877	2509	3.0
1877	2549	4.0
1877	2574	4.0
1877	2627	4.0
1877	2633	3.0
1877	2664	5.0
1877	2706	4.0
1877	2709	3.0
1877	2757	4.0
1877	2825	4.0
1877	2842	3.0
1877	2968	3.0
1877	3024	5.0
1877	3075	3.0
1877	3103	3.0
1877	3192	4.0
1877	3238	3.0
1877	3239	4.0
1877	3253	3.0
1877	3270	5.0
1877	3296	5.0
1877	3307	4.0
1877	3331	3.0
1877	3339	4.0
1877	3354	3.0
1877	3371	4.0
1877	3445	5.0
1877	3451	4.0
1877	3486	3.0
1877	3570	4.0
1877	3575	2.0
1877	3594	3.0
1877	3629	3.0
1877	3673	3.0
1877	3679	3.0
1877	3714	3.0
1877	3777	4.0
1877	3791	5.0
1877	3794	4.0
1877	3838	5.0
1877	3856	4.0
1877	3911	3.0
1877	4056	3.0
1877	4065	3.0
1877	4172	3.0
1877	4187	4.0
1877	4189	3.0
1877	4191	4.0
1877	4202	4.0
1877	4208	5.0
1877	4295	4.0
1877	4307	4.0
1877	4386	4.0
1877	4455	3.0
1877	4457	5.0
1877	4593	3.0
1877	4596	3.0
1877	4658	4.0
1877	4791	4.0
1877	4910	3.0
1877	4982	4.0
1877	4985	5.0
1877	4995	3.0
1877	5035	2.0
1877	5037	5.0
1877	5057	3.0
1877	5139	3.0
1877	5158	3.0
1877	5178	4.0
1877	5286	4.0
1877	5304	3.0
1877	5347	5.0
1877	5390	4.0
1877	5391	3.0
1877	5401	3.0
1877	5432	4.0
1877	5500	4.0
1877	5573	5.0
1877	5575	4.0
1877	5591	4.0
1877	5642	3.0
1877	5645	3.0
1877	5691	4.0
1877	5725	3.0
1877	5844	5.0
1877	6148	4.0
1877	6199	3.0
1877	6253	4.0
1877	6255	3.0
1877	6415	2.0
1877	6426	4.0
1877	6446	3.0
1877	6567	4.0
1877	6580	4.0
1877	6584	4.0
1877	6656	4.0
1877	6659	3.0
1877	6664	4.0
1877	6695	4.0
1877	6774	3.0
1877	6797	3.0
1877	6808	4.0
1877	6837	3.0
1877	6877	3.0
1877	6922	3.0
1877	6949	5.0
1877	6955	5.0
1877	6969	5.0
1879	7	4.0
1879	96	5.0
1879	220	5.0
1879	225	3.0
1879	399	4.0
1879	479	4.0
1879	594	2.0
1879	641	4.0
1879	680	4.0
1879	831	4.0
1879	884	3.0
1879	936	3.0
1879	1070	3.0
1879	1077	3.0
1879	1361	4.0
1879	1377	4.0
1879	1488	4.0
1879	1587	4.0
1879	1628	5.0
1879	1661	3.0
1879	1681	3.0
1879	1743	4.0
1879	1815	5.0
1879	1848	4.0
1879	1850	2.0
1879	2012	4.0
1879	2098	5.0
1879	2120	3.0
1879	2159	1.0
1879	2169	4.0
1879	2252	3.0
1879	2298	3.0
1879	2326	5.0
1879	2421	4.0
1879	2501	4.0
1879	2512	3.0
1879	2574	4.0
1879	2706	4.0
1879	2721	5.0
1879	2757	3.0
1879	2772	5.0
1879	2854	3.0
1879	2907	5.0
1879	2923	4.0
1879	3158	4.0
1879	3242	3.0
1879	3268	3.0
1879	3277	4.0
1879	3365	3.0
1879	3449	4.0
1879	3563	4.0
1879	3584	5.0
1879	3650	5.0
1879	3692	5.0
1879	3711	3.0
1879	3772	5.0
1879	3777	4.0
1879	3791	5.0
1879	3796	3.0
1879	3905	3.0
1879	3993	3.0
1879	4097	4.0
1879	4117	4.0
1879	4172	4.0
1879	4189	4.0
1879	4202	4.0
1879	4209	5.0
1879	4215	5.0
1879	4260	4.0
1879	4296	5.0
1879	4439	4.0
1879	4469	4.0
1879	4487	2.0
1879	4684	5.0
1879	4781	4.0
1879	4922	5.0
1879	4934	4.0
1879	5005	3.0
1879	5039	5.0
1879	5057	4.0
1879	5207	5.0
1879	5217	3.0
1879	5236	3.0
1879	5343	5.0
1879	5347	5.0
1879	5401	4.0
1879	5423	4.0
1879	5467	3.0
1879	5497	4.0
1879	5561	4.0
1879	5582	2.0
1879	5628	4.0
1879	5657	4.0
1879	5719	3.0
1879	5792	4.0
1879	5884	3.0
1879	6081	2.0
1879	6114	4.0
1879	6169	4.0
1879	6229	3.0
1879	6253	5.0
1879	6261	2.0
1879	6275	4.0
1879	6350	3.0
1879	6432	3.0
1879	6483	4.0
1879	6536	3.0
1879	6580	3.0
1879	6637	4.0
1879	6671	3.0
1879	6691	5.0
1879	6700	4.0
1879	6776	4.0
1879	6786	3.0
1879	6888	1.0
1879	6925	3.0
1879	6956	5.0
1879	6957	4.0
1879	6969	4.0
1885	101	4.0
1885	233	2.0
1885	292	3.0
1885	323	3.0
1885	328	1.0
1885	341	3.0
1885	459	3.0
1885	513	2.0
1885	557	5.0
1885	593	3.0
1885	706	2.0
1885	817	4.0
1885	919	4.0
1885	1072	4.0
1885	1171	3.0
1885	1419	5.0
1885	1421	3.0
1885	1432	5.0
1885	1483	5.0
1885	1587	4.0
1885	1632	2.0
1885	1760	4.0
1885	1782	2.0
1885	1871	2.0
1885	1951	3.0
1885	1952	3.0
1885	1957	3.0
1885	1998	3.0
1885	2025	4.0
1885	2220	5.0
1885	2273	5.0
1885	2369	4.0
1885	2663	2.0
1885	2698	3.0
1885	2731	3.0
1885	2806	3.0
1885	2874	3.0
1885	2886	2.0
1885	3144	3.0
1885	3192	5.0
1885	3269	2.0
1885	3382	5.0
1885	3400	3.0
1885	3438	2.0
1885	3486	4.0
1885	3587	5.0
1885	3665	4.0
1885	3723	3.0
1885	3777	5.0
1885	3826	2.0
1885	3911	4.0
1885	4092	3.0
1885	4169	3.0
1885	4312	5.0
1885	4339	3.0
1885	4433	3.0
1885	4803	2.0
1885	4857	4.0
1885	4928	2.0
1885	5145	3.0
1885	5257	3.0
1885	5293	4.0
1885	5357	1.0
1885	5387	3.0
1885	5422	3.0
1885	5575	4.0
1885	5646	1.0
1885	6129	5.0
1885	6328	3.0
1885	6369	3.0
1885	6394	3.0
1885	6454	5.0
1885	6534	3.0
1885	6631	2.0
1885	6782	5.0
1885	6789	4.0
1885	6821	3.0
1885	6929	4.0
1885	6953	5.0
1885	6956	5.0
1885	6963	4.0
1885	6968	3.0
1896	112	3.0
1896	141	3.0
1896	223	5.0
1896	319	3.0
1896	323	3.0
1896	375	4.0
1896	419	3.0
1896	500	3.0
1896	596	3.0
1896	711	4.0
1896	832	5.0
1896	836	3.0
1896	884	3.0
1896	929	4.0
1896	994	3.0
1896	1012	4.0
1896	1080	3.0
1896	1134	3.0
1896	1136	3.0
1896	1196	3.0
1896	1355	3.0
1896	1461	3.0
1896	1488	3.0
1896	1513	4.0
1896	1647	3.0
1896	1694	4.0
1896	1743	3.0
1896	1881	3.0
1896	1941	4.0
1896	2160	3.0
1896	2196	3.0
1896	2199	3.0
1896	2350	4.0
1896	2376	3.0
1896	2421	4.0
1896	2461	3.0
1896	2511	3.0
1896	2582	3.0
1896	2622	4.0
1896	2801	5.0
1896	2825	3.0
1896	3024	3.0
1896	3085	3.0
1896	3089	3.0
1896	3100	3.0
1896	3197	3.0
1896	3213	3.0
1896	3363	3.0
1896	3436	5.0
1896	3564	3.0
1896	3570	3.0
1896	3649	3.0
1896	3684	3.0
1896	3895	3.0
1896	3947	3.0
1896	3949	3.0
1896	3976	3.0
1896	4037	4.0
1896	4054	3.0
1896	4101	3.0
1896	4117	3.0
1896	4169	3.0
1896	4296	3.0
1896	4390	3.0
1896	4511	3.0
1896	4523	3.0
1896	4527	4.0
1896	4597	4.0
1896	4725	3.0
1896	4863	4.0
1896	4889	4.0
1896	4928	3.0
1896	4951	3.0
1896	5005	3.0
1896	5071	3.0
1896	5124	4.0
1896	5293	3.0
1896	5294	3.0
1896	5311	3.0
1896	5387	4.0
1896	5493	3.0
1896	5582	3.0
1896	5610	3.0
1896	5892	3.0
1896	5910	3.0
1896	5936	3.0
1896	6066	3.0
1896	6174	2.0
1896	6209	3.0
1896	6229	3.0
1896	6259	3.0
1896	6271	3.0
1896	6328	4.0
1896	6479	3.0
1896	6503	3.0
1896	6606	3.0
1896	6609	3.0
1896	6677	3.0
1896	6916	3.0
1896	6953	3.0
1908	95	4.0
1908	96	4.0
1908	126	3.0
1908	189	3.0
1908	204	3.0
1908	278	3.0
1908	309	4.0
1908	311	3.0
1908	347	4.0
1908	389	2.0
1908	401	3.0
1908	422	4.0
1908	561	2.0
1908	578	2.0
1908	804	3.0
1908	853	3.0
1908	861	3.0
1908	887	4.0
1908	901	3.0
1908	912	4.0
1908	957	4.0
1908	996	3.0
1908	1274	3.0
1908	1323	4.0
1908	1431	3.0
1908	1516	3.0
1908	1534	2.0
1908	1669	4.0
1908	1753	3.0
1908	1826	3.0
1908	1961	4.0
1908	2015	3.0
1908	2061	3.0
1908	2196	4.0
1908	2325	5.0
1908	2422	2.0
1908	2423	3.0
1908	2425	4.0
1908	2535	4.0
1908	2588	4.0
1908	2657	4.0
1908	2663	3.0
1908	2689	3.0
1908	2691	2.0
1908	2730	3.0
1908	2731	4.0
1908	2768	4.0
1908	2778	3.0
1908	2823	4.0
1908	2825	4.0
1908	2918	3.0
1908	2953	3.0
1908	3006	2.0
1908	3091	3.0
1908	3158	5.0
1908	3164	3.0
1908	3295	4.0
1908	3349	2.0
1908	3354	3.0
1908	3406	4.0
1908	3483	3.0
1908	3543	4.0
1908	3622	3.0
1908	3739	5.0
1908	3760	3.0
1908	3852	3.0
1908	4033	2.0
1908	4183	4.0
1908	4186	5.0
1908	4204	3.0
1908	4305	4.0
1908	4323	4.0
1908	4453	4.0
1908	4462	2.0
1908	4514	3.0
1908	4692	3.0
1908	4695	4.0
1908	4726	4.0
1908	4730	3.0
1908	4842	4.0
1908	4889	4.0
1908	4989	3.0
1908	5028	4.0
1908	5071	3.0
1908	5389	3.0
1908	5430	2.0
1908	5445	4.0
1908	5478	3.0
1908	5515	4.0
1908	5563	4.0
1908	5715	3.0
1908	5725	4.0
1908	5736	3.0
1908	5849	3.0
1908	5853	3.0
1908	5873	4.0
1908	5920	4.0
1908	5928	3.0
1908	5949	3.0
1908	5979	4.0
1908	6079	2.0
1908	6203	3.0
1908	6208	4.0
1908	6258	2.0
1908	6285	3.0
1908	6299	3.0
1908	6390	3.0
1908	6402	2.0
1908	6427	4.0
1908	6520	2.0
1908	6619	2.0
1908	6645	3.0
1908	6656	4.0
1908	6762	3.0
1908	6766	3.0
1908	6786	4.0
1908	6793	4.0
1908	6872	5.0
1908	6922	3.0
1908	6947	4.0
1918	8	5.0
1918	170	4.0
1918	236	2.0
1918	268	4.0
1918	370	5.0
1918	448	4.0
1918	500	4.0
1918	551	5.0
1918	581	5.0
1918	703	4.0
1918	707	5.0
1918	749	5.0
1918	793	5.0
1918	857	5.0
1918	858	5.0
1918	861	4.0
1918	931	4.0
1918	1101	4.0
1918	1148	5.0
1918	1175	3.0
1918	1355	4.0
1918	1379	5.0
1918	1508	5.0
1918	1587	5.0
1918	1701	4.0
1918	1727	5.0
1918	1770	5.0
1918	1799	5.0
1918	1808	5.0
1918	1842	3.0
1918	1964	5.0
1918	2017	4.0
1918	2057	5.0
1918	2089	5.0
1918	2171	4.0
1918	2199	3.0
1918	2285	1.0
1918	2421	5.0
1918	2818	5.0
1918	2988	4.0
1918	3008	4.0
1918	3089	5.0
1918	3173	5.0
1918	3317	5.0
1918	3319	4.0
1918	3570	5.0
1918	3662	5.0
1918	3666	3.0
1918	3707	4.0
1918	3722	5.0
1918	3822	3.0
1918	3946	5.0
1918	4042	5.0
1918	4103	3.0
1918	4168	4.0
1918	4323	4.0
1918	4324	3.0
1918	4459	5.0
1918	4480	3.0
1918	4596	5.0
1918	4617	3.0
1918	4706	3.0
1918	4794	5.0
1918	4932	4.0
1918	4963	3.0
1918	5150	3.0
1918	5237	4.0
1918	5256	5.0
1918	5293	5.0
1918	5302	5.0
1918	5423	5.0
1918	5430	3.0
1918	5544	2.0
1918	5560	3.0
1918	5571	4.0
1918	5619	3.0
1918	5686	2.0
1918	5827	5.0
1918	6090	5.0
1918	6208	5.0
1918	6229	4.0
1918	6253	5.0
1918	6403	5.0
1918	6479	4.0
1918	6513	4.0
1918	6672	5.0
1943	96	4.0
1943	198	4.0
1943	223	4.0
1943	234	4.0
1943	260	4.0
1943	328	2.0
1943	347	4.0
1943	358	4.0
1943	459	4.0
1943	522	1.0
1943	612	4.0
1943	633	4.0
1943	657	4.0
1943	674	3.0
1943	727	5.0
1943	734	4.0
1943	768	4.0
1943	799	4.0
1943	855	3.0
1943	982	3.0
1943	995	4.0
1943	1033	4.0
1943	1061	5.0
1943	1331	3.0
1943	1412	3.0
1943	1421	3.0
1943	1488	5.0
1943	1491	4.0
1943	1521	4.0
1943	1567	3.0
1943	1600	3.0
1943	1607	4.0
1943	1617	4.0
1943	1650	4.0
1943	1654	3.0
1943	1738	3.0
1943	1753	4.0
1943	1878	4.0
1943	1941	4.0
1943	1969	3.0
1943	2042	4.0
1943	2085	2.0
1943	2158	3.0
1943	2400	3.0
1943	2529	3.0
1943	2538	4.0
1943	2562	3.0
1943	2606	4.0
1943	2838	5.0
1943	2846	5.0
1943	2898	3.0
1943	2908	4.0
1943	2962	4.0
1943	2971	3.0
1943	2982	4.0
1943	3026	5.0
1943	3102	5.0
1943	3149	4.0
1943	3167	5.0
1943	3194	3.0
1943	3201	5.0
1943	3345	4.0
1943	3371	4.0
1943	3477	3.0
1943	3587	4.0
1943	3649	3.0
1943	3693	3.0
1943	3726	3.0
1943	3754	5.0
1943	3777	5.0
1943	3794	4.0
1943	3874	4.0
1943	3970	3.0
1943	4007	4.0
1943	4067	4.0
1943	4094	4.0
1943	4110	3.0
1943	4180	3.0
1943	4201	4.0
1943	4220	4.0
1943	4236	4.0
1943	4312	4.0
1943	4317	4.0
1943	4390	3.0
1943	4416	5.0
1943	4421	4.0
1943	4459	4.0
1943	4487	4.0
1943	4508	4.0
1943	4517	3.0
1943	4542	4.0
1943	4553	4.0
1943	4628	3.0
1943	4672	4.0
1943	4948	4.0
1943	5053	4.0
1943	5057	5.0
1943	5187	3.0
1943	5262	3.0
1943	5304	4.0
1943	5367	3.0
1943	5430	4.0
1943	5445	4.0
1943	5469	4.0
1943	5494	5.0
1943	5503	4.0
1943	5534	4.0
1943	5581	3.0
1943	5583	3.0
1943	5597	3.0
1943	5768	4.0
1943	5775	4.0
1943	5789	3.0
1943	5800	3.0
1943	5849	4.0
1943	5884	4.0
1943	5962	4.0
1943	6057	4.0
1943	6082	3.0
1943	6101	3.0
1943	6105	4.0
1943	6133	4.0
1943	6177	4.0
1943	6179	4.0
1943	6186	4.0
1943	6199	4.0
1943	6203	4.0
1943	6252	3.0
1943	6274	4.0
1943	6323	4.0
1943	6370	4.0
1943	6393	5.0
1943	6396	4.0
1943	6407	4.0
1943	6491	5.0
1943	6555	4.0
1943	6606	4.0
1943	6691	4.0
1943	6726	4.0
1943	6745	4.0
1943	6770	4.0
1943	6773	4.0
1943	6922	4.0
2021	215	5.0
2021	514	5.0
2021	518	5.0
2021	520	5.0
2021	535	4.0
2021	605	3.0
2021	682	4.0
2021	729	4.0
2021	808	4.0
2021	821	4.0
2021	1036	4.0
2021	1522	3.0
2021	1909	3.0
2021	1913	4.0
2021	1965	4.0
2021	2017	3.0
2021	2132	5.0
2021	2220	4.0
2021	2350	4.0
2021	2581	5.0
2021	2731	3.0
2021	2839	3.0
2021	3111	3.0
2021	3201	5.0
2021	3239	4.0
2021	3281	3.0
2021	3671	5.0
2021	3730	3.0
2021	3779	4.0
2021	3873	3.0
2021	4117	4.0
2021	4124	5.0
2021	4126	5.0
2021	4172	4.0
2021	4234	4.0
2021	4265	5.0
2021	4269	4.0
2021	4323	4.0
2021	4354	4.0
2021	4365	5.0
2021	4381	3.0
2021	4550	5.0
2021	4684	3.0
2021	4739	4.0
2021	4832	4.0
2021	4926	5.0
2021	4927	5.0
2021	4959	5.0
2021	4965	4.0
2021	5784	4.0
2021	5848	2.0
2021	6118	5.0
2021	6366	4.0
2021	6925	5.0
2021	6956	4.0
2051	62	3.0
2051	72	3.0
2051	130	3.0
2051	158	4.0
2051	217	4.0
2051	219	5.0
2051	220	4.0
2051	275	2.0
2051	438	3.0
2051	565	3.0
2051	568	3.0
2051	601	5.0
2051	711	3.0
2051	749	5.0
2051	755	4.0
2051	790	3.0
2051	818	5.0
2051	833	3.0
2051	1061	4.0
2051	1186	3.0
2051	1278	4.0
2051	1305	3.0
2051	1401	4.0
2051	1433	3.0
2051	1564	4.0
2051	1571	2.0
2051	1588	3.0
2051	1629	3.0
2051	1718	3.0
2051	1721	3.0
2051	1760	4.0
2051	1793	3.0
2051	1825	3.0
2051	1857	4.0
2051	1964	3.0
2051	1999	3.0
2051	2053	3.0
2051	2159	3.0
2051	2186	4.0
2051	2294	4.0
2051	2357	3.0
2051	2533	4.0
2051	2586	4.0
2051	2609	3.0
2051	2625	5.0
2051	2656	3.0
2051	2657	4.0
2051	2782	3.0
2051	2815	5.0
2051	2818	4.0
2051	2823	4.0
2051	2859	5.0
2051	2959	5.0
2051	2980	4.0
2051	3003	3.0
2051	3028	4.0
2051	3055	4.0
2051	3056	3.0
2051	3129	4.0
2051	3173	4.0
2051	3213	4.0
2051	3309	5.0
2051	3359	3.0
2051	3520	5.0
2051	3535	4.0
2051	3556	3.0
2051	3589	4.0
2051	3645	5.0
2051	3723	3.0
2051	3743	3.0
2051	3754	3.0
2051	3796	3.0
2051	3852	3.0
2051	3888	3.0
2051	3947	2.0
2051	3949	3.0
2051	3993	3.0
2051	4001	5.0
2051	4006	5.0
2051	4008	4.0
2051	4172	3.0
2051	4173	3.0
2051	4254	4.0
2051	4382	4.0
2051	4487	3.0
2051	4553	4.0
2051	4894	3.0
2051	4927	4.0
2051	4929	5.0
2051	4979	2.0
2051	5197	4.0
2051	5253	3.0
2051	5262	3.0
2051	5266	5.0
2051	5304	3.0
2051	5328	5.0
2051	5340	3.0
2051	5352	4.0
2051	5479	3.0
2051	5515	4.0
2051	5525	2.0
2051	5530	3.0
2051	5592	2.0
2051	5628	3.0
2051	5636	3.0
2051	5653	3.0
2051	5709	4.0
2051	5716	3.0
2051	5768	4.0
2051	5874	3.0
2051	5953	4.0
2051	6169	3.0
2051	6301	3.0
2051	6426	4.0
2051	6439	5.0
2051	6488	3.0
2051	6509	3.0
2051	6609	4.0
2051	6637	4.0
2051	6659	4.0
2051	6672	3.0
2051	6677	3.0
2051	6682	3.0
2051	6738	4.0
2051	6878	4.0
2051	6925	3.0
2061	48	4.0
2061	150	4.0
2061	152	4.0
2061	174	3.0
2061	233	4.0
2061	243	3.0
2061	282	4.0
2061	316	3.0
2061	341	3.0
2061	371	1.0
2061	402	5.0
2061	512	5.0
2061	578	3.0
2061	626	4.0
2061	649	5.0
2061	682	4.0
2061	700	4.0
2061	763	3.0
2061	808	4.0
2061	835	4.0
2061	908	4.0
2061	912	5.0
2061	998	5.0
2061	1012	4.0
2061	1071	4.0
2061	1180	5.0
2061	1299	4.0
2061	1329	4.0
2061	1491	3.0
2061	1493	3.0
2061	1585	4.0
2061	1669	4.0
2061	1702	4.0
2061	1740	3.0
2061	1741	3.0
2061	1745	5.0
2061	1746	5.0
2061	1767	4.0
2061	1782	3.0
2061	1881	4.0
2061	1925	4.0
2061	1941	4.0
2061	2085	3.0
2061	2173	3.0
2061	2221	3.0
2061	2248	4.0
2061	2250	3.0
2061	2254	4.0
2061	2258	3.0
2061	2395	3.0
2061	2425	4.0
2061	2427	2.0
2061	2431	4.0
2061	2663	3.0
2061	2665	3.0
2061	2758	3.0
2061	2884	4.0
2061	3026	4.0
2061	3055	4.0
2061	3156	4.0
2061	3162	3.0
2061	3198	3.0
2061	3213	3.0
2061	3273	3.0
2061	3287	3.0
2061	3317	3.0
2061	3365	4.0
2061	3563	3.0
2061	3568	3.0
2061	3649	3.0
2061	3650	4.0
2061	3777	4.0
2061	3835	4.0
2061	4171	4.0
2061	4186	4.0
2061	4236	4.0
2061	4253	5.0
2061	4307	5.0
2061	4390	3.0
2061	4472	4.0
2061	4487	3.0
2061	4635	4.0
2061	4780	3.0
2061	4791	4.0
2061	4885	5.0
2061	4928	3.0
2061	5058	3.0
2061	5079	3.0
2061	5093	4.0
2061	5098	3.0
2061	5126	3.0
2061	5263	3.0
2061	5274	4.0
2061	5294	4.0
2061	5444	4.0
2061	5504	3.0
2061	5506	2.0
2061	5575	5.0
2061	5595	3.0
2061	5665	4.0
2061	5697	5.0
2061	5787	4.0
2061	5936	3.0
2061	6040	2.0
2061	6082	4.0
2061	6145	4.0
2061	6198	2.0
2061	6203	3.0
2061	6205	4.0
2061	6206	4.0
2061	6469	3.0
2061	6487	4.0
2061	6656	3.0
2061	6683	5.0
2061	6685	4.0
2061	6739	3.0
2061	6742	3.0
2061	6799	3.0
2061	6927	5.0
2067	96	5.0
2067	141	4.0
2067	174	5.0
2067	177	4.0
2067	304	4.0
2067	341	4.0
2067	352	4.0
2067	353	4.0
2067	594	4.0
2067	649	4.0
2067	729	4.0
2067	821	5.0
2067	828	3.0
2067	832	3.0
2067	919	4.0
2067	970	4.0
2067	1030	5.0
2067	1070	3.0
2067	1076	4.0
2067	1079	5.0
2067	1197	3.0
2067	1397	4.0
2067	1425	3.0
2067	1431	3.0
2067	1436	4.0
2067	1544	3.0
2067	1681	5.0
2067	1738	3.0
2067	1740	3.0
2067	1741	4.0
2067	1781	4.0
2067	1792	5.0
2067	1826	2.0
2067	1881	4.0
2067	1953	4.0
2067	1981	3.0
2067	2260	5.0
2067	2274	4.0
2067	2351	4.0
2067	2460	4.0
2067	2509	3.0
2067	2511	3.0
2067	2527	4.0
2067	2565	4.0
2067	2641	4.0
2067	2715	5.0
2067	2771	3.0
2067	2781	4.0
2067	2859	5.0
2067	2863	3.0
2067	2874	3.0
2067	2889	4.0
2067	2959	3.0
2067	2962	3.0
2067	3004	4.0
2067	3029	4.0
2067	3077	5.0
2067	3170	4.0
2067	3307	5.0
2067	3309	4.0
2067	3418	4.0
2067	3650	4.0
2067	3670	3.0
2067	3690	3.0
2067	3723	4.0
2067	3738	2.0
2067	3781	4.0
2067	3796	4.0
2067	3958	4.0
2067	3964	2.0
2067	4001	3.0
2067	4053	5.0
2067	4094	5.0
2067	4110	4.0
2067	4171	5.0
2067	4230	3.0
2067	4236	4.0
2067	4344	3.0
2067	4453	5.0
2067	4460	4.0
2067	4462	4.0
2067	4523	3.0
2067	4652	4.0
2067	4654	3.0
2067	4684	4.0
2067	4695	4.0
2067	4723	4.0
2067	4860	4.0
2067	4923	5.0
2067	4926	4.0
2067	5043	4.0
2067	5050	3.0
2067	5052	4.0
2067	5053	4.0
2067	5054	4.0
2067	5074	3.0
2067	5142	4.0
2067	5165	3.0
2067	5341	5.0
2067	5481	5.0
2067	5501	3.0
2067	5508	4.0
2067	5592	3.0
2067	5725	5.0
2067	5780	5.0
2067	5892	4.0
2067	5896	1.0
2067	5993	3.0
2067	6171	3.0
2067	6208	5.0
2067	6217	4.0
2067	6232	4.0
2067	6283	5.0
2067	6311	4.0
2067	6345	5.0
2067	6370	4.0
2067	6384	3.0
2067	6416	2.0
2067	6446	2.0
2067	6521	3.0
2067	6529	3.0
2067	6606	4.0
2067	6747	3.0
2067	6811	5.0
2067	6820	5.0
2135	82	3.0
2135	236	2.0
2135	248	4.0
2135	254	5.0
2135	500	5.0
2135	629	2.0
2135	821	4.0
2135	1049	3.0
2135	1083	3.0
2135	1171	3.0
2135	1286	4.0
2135	1374	3.0
2135	1753	4.0
2135	2351	3.0
2135	2799	3.0
2135	2839	4.0
2135	2863	4.0
2135	2886	3.0
2135	2935	3.0
2135	2991	5.0
2135	3110	3.0
2135	3378	3.0
2135	3551	2.0
2135	3748	4.0
2135	3794	4.0
2135	3831	4.0
2135	3996	3.0
2135	4037	4.0
2135	4339	3.0
2135	4358	4.0
2135	4485	3.0
2135	4487	4.0
2135	4649	3.0
2135	4684	4.0
2135	4726	3.0
2135	4729	4.0
2135	4759	4.0
2135	5179	4.0
2135	5552	2.0
2135	5928	4.0
2135	5956	4.0
2135	6214	3.0
2135	6529	4.0
2135	6789	3.0
2135	6799	3.0
2135	6925	4.0
2166	31	3.0
2166	112	4.0
2166	144	5.0
2166	223	4.0
2166	229	2.0
2166	315	4.0
2166	331	5.0
2166	346	5.0
2166	356	4.0
2166	419	3.0
2166	629	3.0
2166	668	3.0
2166	699	3.0
2166	797	3.0
2166	799	5.0
2166	859	4.0
2166	1018	3.0
2166	1116	5.0
2166	1224	4.0
2166	1281	4.0
2166	1334	3.0
2166	1336	5.0
2166	1414	5.0
2166	1432	5.0
2166	1513	4.0
2166	1570	5.0
2166	1774	5.0
2166	1808	3.0
2166	1957	3.0
2166	2008	5.0
2166	2011	5.0
2166	2032	3.0
2166	2148	5.0
2166	2252	3.0
2166	2490	3.0
2166	2552	5.0
2166	2568	3.0
2166	2788	5.0
2166	2900	4.0
2166	2919	4.0
2166	2938	3.0
2166	2957	5.0
2166	2959	5.0
2166	2976	3.0
2166	3017	5.0
2166	3170	5.0
2166	3236	5.0
2166	3263	5.0
2166	3307	5.0
2166	3409	5.0
2166	3433	3.0
2166	3440	4.0
2166	3538	4.0
2166	3564	4.0
2166	3570	5.0
2166	3652	3.0
2166	3731	5.0
2166	3739	5.0
2166	3871	5.0
2166	3874	5.0
2166	3908	5.0
2166	3910	3.0
2166	3937	4.0
2166	4135	3.0
2166	4171	3.0
2166	4172	2.0
2166	4185	4.0
2166	4186	5.0
2166	4209	3.0
2166	4244	4.0
2166	4295	3.0
2166	4333	3.0
2166	4357	3.0
2166	4469	4.0
2166	4649	5.0
2166	4743	4.0
2166	4781	4.0
2166	4796	5.0
2166	4798	2.0
2166	4922	3.0
2166	4926	5.0
2166	4929	3.0
2166	4932	4.0
2166	4982	4.0
2166	4983	5.0
2166	5175	5.0
2166	5210	3.0
2166	5253	4.0
2166	5377	3.0
2166	5388	5.0
2166	5424	4.0
2166	5453	5.0
2166	5538	3.0
2166	5539	4.0
2166	5669	4.0
2166	5810	4.0
2166	5856	4.0
2166	5882	4.0
2166	5978	4.0
2166	6010	4.0
2166	6101	3.0
2166	6299	2.0
2166	6375	4.0
2166	6409	5.0
2166	6491	5.0
2166	6530	5.0
2166	6731	3.0
2166	6852	4.0
2166	6854	5.0
2166	6876	4.0
2166	6878	4.0
2166	6923	5.0
2166	6925	3.0
2166	6952	5.0
2166	6956	5.0
2166	6957	5.0
2177	190	5.0
2177	310	5.0
2177	338	3.0
2177	513	4.0
2177	711	4.0
2177	755	5.0
2177	947	2.0
2177	948	3.0
2177	1033	5.0
2177	1071	4.0
2177	1077	5.0
2177	1226	5.0
2177	1338	5.0
2177	1396	3.0
2177	1419	4.0
2177	1436	5.0
2177	1451	5.0
2177	1488	5.0
2177	1521	5.0
2177	1617	5.0
2177	1663	4.0
2177	1701	5.0
2177	1770	5.0
2177	1776	5.0
2177	1808	5.0
2177	1813	5.0
2177	1976	5.0
2177	2015	4.0
2177	2029	5.0
2177	2085	3.0
2177	2196	4.0
2177	2220	5.0
2177	2234	4.0
2177	2287	5.0
2177	2349	2.0
2177	2431	3.0
2177	2512	4.0
2177	2565	4.0
2177	2782	5.0
2177	2807	5.0
2177	2842	4.0
2177	2846	5.0
2177	2931	5.0
2177	2938	5.0
2177	3026	5.0
2177	3055	5.0
2177	3084	4.0
2177	3090	5.0
2177	3124	3.0
2177	3234	4.0
2177	3335	4.0
2177	3428	4.0
2177	3440	4.0
2177	3521	4.0
2177	3613	3.0
2177	3650	5.0
2177	3794	5.0
2177	3936	2.0
2177	3964	4.0
2177	4042	4.0
2177	4094	5.0
2177	4135	3.0
2177	4140	5.0
2177	4151	5.0
2177	4236	5.0
2177	4309	4.0
2177	4517	3.0
2177	4523	5.0
2177	4590	3.0
2177	4673	3.0
2177	4726	4.0
2177	4864	5.0
2177	4927	5.0
2177	5258	5.0
2177	5344	5.0
2177	5456	3.0
2177	5480	5.0
2177	5493	4.0
2177	5575	5.0
2177	5582	5.0
2177	5696	3.0
2177	5698	5.0
2177	5872	4.0
2177	5934	3.0
2177	5936	3.0
2177	5966	4.0
2177	5996	4.0
2177	6300	3.0
2177	6310	5.0
2177	6350	4.0
2177	6417	5.0
2177	6476	4.0
2177	6578	4.0
2177	6601	5.0
2177	6603	3.0
2177	6877	3.0
2177	6878	5.0
2177	6922	5.0
2177	6952	3.0
2219	105	3.0
2219	130	3.0
2219	141	4.0
2219	164	3.0
2219	170	4.0
2219	281	5.0
2219	385	4.0
2219	420	3.0
2219	421	3.0
2219	437	3.0
2219	466	2.0
2219	499	3.0
2219	514	5.0
2219	581	3.0
2219	624	3.0
2219	633	4.0
2219	680	4.0
2219	931	4.0
2219	1050	3.0
2219	1070	3.0
2219	1074	3.0
2219	1079	4.0
2219	1083	4.0
2219	1155	4.0
2219	1263	4.0
2219	1456	3.0
2219	1488	4.0
2219	1534	3.0
2219	1603	3.0
2219	1644	3.0
2219	1881	4.0
2219	1941	4.0
2219	2033	4.0
2219	2186	4.0
2219	2197	3.0
2219	2221	4.0
2219	2240	4.0
2219	2351	4.0
2219	2384	5.0
2219	2427	3.0
2219	2436	3.0
2219	2460	3.0
2219	2678	3.0
2219	2763	3.0
2219	2799	4.0
2219	2825	4.0
2219	2846	5.0
2219	2872	3.0
2219	2901	3.0
2219	2931	5.0
2219	2938	4.0
2219	3025	5.0
2219	3045	3.0
2219	3102	4.0
2219	3144	3.0
2219	3371	4.0
2219	3398	3.0
2219	3427	3.0
2219	3440	3.0
2219	3594	3.0
2219	3727	4.0
2219	3783	3.0
2219	3856	4.0
2219	4107	3.0
2219	4110	4.0
2219	4135	3.0
2219	4188	3.0
2219	4202	4.0
2219	4307	4.0
2219	4323	3.0
2219	4390	3.0
2219	4464	3.0
2219	4483	4.0
2219	4511	4.0
2219	4523	4.0
2219	4527	3.0
2219	4684	4.0
2219	4706	5.0
2219	4779	3.0
2219	4852	5.0
2219	4889	4.0
2219	4894	5.0
2219	4922	3.0
2219	4951	3.0
2219	5036	2.0
2219	5129	3.0
2219	5179	4.0
2219	5187	3.0
2219	5188	3.0
2219	5211	5.0
2219	5236	4.0
2219	5252	4.0
2219	5293	4.0
2219	5299	4.0
2219	5381	3.0
2219	5781	5.0
2219	6036	3.0
2219	6192	3.0
2219	6198	2.0
2219	6214	3.0
2219	6328	4.0
2219	6447	5.0
2219	6460	3.0
2219	6583	4.0
2219	6664	4.0
2219	6672	4.0
2219	6687	4.0
2219	6878	3.0
2219	6955	5.0
2237	194	4.0
2237	240	3.0
2237	272	4.0
2237	346	4.0
2237	359	3.0
2237	369	4.0
2237	371	4.0
2237	529	4.0
2237	557	5.0
2237	602	4.0
2237	668	3.0
2237	818	5.0
2237	844	3.0
2237	859	3.0
2237	861	3.0
2237	897	3.0
2237	921	4.0
2237	936	3.0
2237	1050	3.0
2237	1074	4.0
2237	1076	5.0
2237	1148	4.0
2237	1218	4.0
2237	1355	3.0
2237	1377	4.0
2237	1541	3.0
2237	1566	3.0
2237	1592	3.0
2237	1596	3.0
2237	1607	4.0
2237	1633	3.0
2237	1654	3.0
2237	1656	3.0
2237	1850	4.0
2237	1854	5.0
2237	1866	3.0
2237	1881	4.0
2237	1933	3.0
2237	1941	3.0
2237	1972	3.0
2237	2286	4.0
2237	2319	4.0
2237	2340	5.0
2237	2421	3.0
2237	2436	4.0
2237	2461	4.0
2237	2694	4.0
2237	2706	5.0
2237	2839	5.0
2237	2858	4.0
2237	2884	3.0
2237	3100	5.0
2237	3337	3.0
2237	3423	5.0
2237	3498	3.0
2237	3526	4.0
2237	3549	4.0
2237	3595	4.0
2237	3596	3.0
2237	3613	3.0
2237	3655	4.0
2237	3693	3.0
2237	3697	4.0
2237	3754	4.0
2237	3794	3.0
2237	3807	3.0
2237	3955	4.0
2237	4039	4.0
2237	4061	3.0
2237	4081	3.0
2237	4139	4.0
2237	4194	4.0
2237	4239	5.0
2237	4312	4.0
2237	4390	2.0
2237	4411	4.0
2237	4590	3.0
2237	4631	4.0
2237	4635	4.0
2237	4647	4.0
2237	4779	4.0
2237	4791	4.0
2237	4803	3.0
2237	4808	3.0
2237	4868	4.0
2237	4894	5.0
2237	4907	3.0
2237	4928	4.0
2237	4929	4.0
2237	5142	4.0
2237	5163	4.0
2237	5167	3.0
2237	5213	4.0
2237	5219	4.0
2237	5311	4.0
2237	5324	4.0
2237	5503	5.0
2237	5534	4.0
2237	5575	5.0
2237	5581	3.0
2237	5670	4.0
2237	5688	3.0
2237	5698	3.0
2237	5726	3.0
2237	5834	3.0
2237	5871	3.0
2237	5950	4.0
2237	5990	5.0
2237	6009	5.0
2237	6154	4.0
2237	6271	3.0
2237	6285	3.0
2237	6311	5.0
2237	6370	3.0
2237	6415	3.0
2237	6446	3.0
2237	6533	4.0
2237	6534	3.0
2237	6578	5.0
2237	6656	3.0
2237	6680	4.0
2237	6744	3.0
2237	6871	4.0
2237	6878	4.0
2237	6909	3.0
2237	6929	3.0
2245	7	3.0
2245	133	4.0
2245	138	4.0
2245	141	4.0
2245	161	5.0
2245	166	5.0
2245	170	4.0
2245	182	2.0
2245	194	3.0
2245	200	2.0
2245	233	4.0
2245	289	5.0
2245	382	5.0
2245	386	4.0
2245	404	3.0
2245	459	4.0
2245	466	2.0
2245	555	3.0
2245	605	5.0
2245	657	4.0
2245	660	3.0
2245	684	3.0
2245	687	3.0
2245	698	5.0
2245	767	4.0
2245	808	3.0
2245	868	2.0
2245	923	2.0
2245	1076	4.0
2245	1116	4.0
2245	1136	3.0
2245	1137	5.0
2245	1193	3.0
2245	1228	4.0
2245	1236	2.0
2245	1350	3.0
2245	1384	5.0
2245	1435	5.0
2245	1441	4.0
2245	1504	4.0
2245	1772	5.0
2245	1808	3.0
2245	1881	2.0
2245	1904	3.0
2245	1956	2.0
2245	1977	3.0
2245	1983	4.0
2245	2050	3.0
2245	2079	2.0
2245	2089	4.0
2245	2135	5.0
2245	2166	2.0
2245	2168	4.0
2245	2258	3.0
2245	2277	3.0
2245	2294	3.0
2245	2307	3.0
2245	2331	5.0
2245	2340	3.0
2245	2384	3.0
2245	2391	4.0
2245	2430	3.0
2245	2458	4.0
2245	2487	3.0
2245	2559	3.0
2245	2627	5.0
2245	2647	4.0
2245	2678	1.0
2245	2702	4.0
2245	2767	3.0
2245	2880	5.0
2245	2924	3.0
2245	2958	4.0
2245	2987	4.0
2245	3011	2.0
2245	3022	3.0
2245	3128	3.0
2245	3141	1.0
2245	3158	4.0
2245	3188	2.0
2245	3310	3.0
2245	3378	5.0
2245	3419	4.0
2245	3486	5.0
2245	3518	3.0
2245	3564	3.0
2245	3732	3.0
2245	3779	4.0
2245	3787	4.0
2245	3941	4.0
2245	3946	5.0
2245	3966	3.0
2245	3992	2.0
2245	4171	3.0
2245	4209	3.0
2245	4241	3.0
2245	4293	3.0
2245	4309	5.0
2245	4313	2.0
2245	4456	4.0
2245	4507	3.0
2245	4553	2.0
2245	4596	3.0
2245	4742	3.0
2245	4765	3.0
2245	4772	3.0
2245	4811	4.0
2245	4894	4.0
2245	4911	5.0
2245	4953	3.0
2245	5005	2.0
2245	5042	4.0
2245	5150	3.0
2245	5210	3.0
2245	5213	3.0
2245	5246	3.0
2245	5369	4.0
2245	5445	3.0
2245	5472	3.0
2245	5480	3.0
2245	5492	4.0
2245	5566	3.0
2245	5582	4.0
2245	5646	3.0
2245	5649	2.0
2245	5672	1.0
2245	5696	3.0
2245	5712	4.0
2245	5725	3.0
2245	5780	4.0
2245	5818	5.0
2245	5850	3.0
2245	5920	2.0
2245	6074	3.0
2245	6214	4.0
2245	6229	3.0
2245	6265	2.0
2245	6274	3.0
2245	6311	5.0
2245	6396	2.0
2245	6449	4.0
2245	6450	5.0
2245	6577	4.0
2245	6615	4.0
2245	6620	4.0
2245	6637	5.0
2245	6676	4.0
2245	6708	2.0
2245	6777	5.0
2245	6876	4.0
2276	300	5.0
2276	305	5.0
2276	311	1.0
2276	596	5.0
2276	808	2.0
2276	833	5.0
2276	1077	3.0
2276	1088	2.0
2276	1279	4.0
2276	1402	3.0
2276	1770	5.0
2276	1776	5.0
2276	1799	2.0
2276	1820	3.0
2276	1908	4.0
2276	1991	4.0
2276	2217	3.0
2276	2283	1.0
2276	2314	2.0
2276	2358	2.0
2276	2384	2.0
2276	2438	4.0
2276	2490	2.0
2276	2627	2.0
2276	2699	3.0
2276	2818	3.0
2276	2823	3.0
2276	2850	3.0
2276	2907	5.0
2276	3028	5.0
2276	3173	3.0
2276	3228	3.0
2276	3252	3.0
2276	3402	3.0
2276	3486	3.0
2276	3528	5.0
2276	3600	3.0
2276	3651	4.0
2276	3742	3.0
2276	3779	3.0
2276	3782	5.0
2276	3905	3.0
2276	3991	2.0
2276	4014	3.0
2276	4172	3.0
2276	4295	5.0
2276	4361	3.0
2276	4414	3.0
2276	4457	5.0
2276	4695	5.0
2276	4748	4.0
2276	4840	4.0
2276	4864	4.0
2276	5071	2.0
2276	5081	3.0
2276	5117	3.0
2276	5213	1.0
2276	5286	3.0
2276	5320	4.0
2276	5489	3.0
2276	5503	3.0
2276	5508	3.0
2276	5534	5.0
2276	5628	3.0
2276	5664	2.0
2276	5810	5.0
2276	5955	3.0
2276	5998	3.0
2276	5999	3.0
2276	6327	4.0
2276	6407	5.0
2276	6449	5.0
2276	6535	4.0
2276	6820	2.0
2288	7	4.0
2288	341	4.0
2288	350	4.0
2288	353	5.0
2288	787	3.0
2288	861	4.0
2288	913	4.0
2288	970	4.0
2288	992	5.0
2288	1012	4.0
2288	1195	5.0
2288	1201	5.0
2288	1336	4.0
2288	1401	4.0
2288	1565	4.0
2288	1607	5.0
2288	1622	4.0
2288	1654	3.0
2288	2188	3.0
2288	2242	4.0
2288	2463	4.0
2288	2481	5.0
2288	2790	5.0
2288	3145	4.0
2288	3192	5.0
2288	3301	5.0
2288	3326	5.0
2288	3378	3.0
2288	3591	3.0
2288	4305	4.0
2288	4341	3.0
2288	4399	5.0
2288	4457	5.0
2288	4635	5.0
2288	4638	5.0
2288	4791	4.0
2288	4927	5.0
2288	5012	4.0
2288	5057	5.0
2288	5251	4.0
2288	5406	5.0
2288	5434	5.0
2288	5467	4.0
2288	5538	4.0
2288	5572	4.0
2288	5753	4.0
2288	5979	3.0
2288	6145	4.0
2288	6311	4.0
2331	112	5.0
2331	141	4.0
2331	194	4.0
2331	211	4.0
2331	219	4.0
2331	260	4.0
2331	311	3.0
2331	385	4.0
2331	419	5.0
2331	475	5.0
2331	492	5.0
2331	656	4.0
2331	750	3.0
2331	821	4.0
2331	859	4.0
2331	928	4.0
2331	998	4.0
2331	1026	5.0
2331	1077	4.0
2331	1141	4.0
2331	1184	4.0
2331	1266	3.0
2331	1322	3.0
2331	1401	4.0
2331	1458	4.0
2331	1588	3.0
2331	1608	5.0
2331	1609	5.0
2331	1716	5.0
2331	1741	3.0
2331	1917	5.0
2331	1933	3.0
2331	1981	4.0
2331	2010	3.0
2331	2028	4.0
2331	2048	3.0
2331	2220	4.0
2331	2221	5.0
2331	2320	5.0
2331	2465	5.0
2331	2549	5.0
2331	2778	3.0
2331	2978	3.0
2331	2982	4.0
2331	3027	4.0
2331	3055	4.0
2331	3056	4.0
2331	3073	4.0
2331	3164	4.0
2331	3186	4.0
2331	3193	4.0
2331	3224	3.0
2331	3359	3.0
2331	3386	5.0
2331	3408	4.0
2331	3438	3.0
2331	3601	4.0
2331	3644	3.0
2331	3676	4.0
2331	3714	4.0
2331	3718	5.0
2331	3730	4.0
2331	3739	5.0
2331	3775	3.0
2331	3777	5.0
2331	3856	5.0
2331	3863	3.0
2331	3876	4.0
2331	4168	4.0
2331	4172	3.0
2331	4246	5.0
2331	4272	4.0
2331	4309	4.0
2331	4421	5.0
2331	4538	4.0
2331	4635	4.0
2331	4857	4.0
2331	4908	4.0
2331	4922	4.0
2331	5012	3.0
2331	5151	3.0
2331	5173	4.0
2331	5236	4.0
2331	5274	5.0
2331	5391	4.0
2331	5401	4.0
2331	5456	2.0
2331	5549	3.0
2331	5575	5.0
2331	5581	2.0
2331	5785	5.0
2331	5792	5.0
2331	5842	3.0
2331	5867	4.0
2331	5887	2.0
2331	5946	3.0
2331	6146	3.0
2331	6259	4.0
2331	6307	5.0
2331	6319	3.0
2331	6370	5.0
2331	6426	4.0
2331	6435	3.0
2331	6472	4.0
2331	6523	5.0
2331	6628	4.0
2331	6638	4.0
2331	6662	5.0
2331	6820	5.0
2331	6876	4.0
2341	1	3.0
2341	72	4.0
2341	174	4.0
2341	234	5.0
2341	341	5.0
2341	351	3.0
2341	399	5.0
2341	453	4.0
2341	500	3.0
2341	553	5.0
2341	584	2.0
2341	594	4.0
2341	617	4.0
2341	642	3.0
2341	649	5.0
2341	730	2.0
2341	901	4.0
2341	913	3.0
2341	970	4.0
2341	1061	4.0
2341	1070	4.0
2341	1240	3.0
2341	1377	5.0
2341	1461	4.0
2341	1488	3.0
2341	1493	1.0
2341	1515	4.0
2341	1527	3.0
2341	1659	5.0
2341	1681	4.0
2341	1715	4.0
2341	1716	4.0
2341	1743	5.0
2341	1799	4.0
2341	1885	4.0
2341	2153	4.0
2341	2161	4.0
2341	2199	3.0
2341	2211	4.0
2341	2221	4.0
2341	2351	4.0
2341	2386	3.0
2341	2481	3.0
2341	2508	4.0
2341	2535	4.0
2341	2572	3.0
2341	2716	4.0
2341	2788	4.0
2341	2799	3.0
2341	2825	4.0
2341	2850	4.0
2341	2859	4.0
2341	2931	5.0
2341	2959	4.0
2341	2962	5.0
2341	2972	5.0
2341	2976	1.0
2341	3108	2.0
2341	3409	5.0
2341	3418	5.0
2341	3661	4.0
2341	3785	3.0
2341	3950	4.0
2341	3998	4.0
2341	4065	4.0
2341	4110	4.0
2341	4196	4.0
2341	4305	4.0
2341	4333	1.0
2341	4357	4.0
2341	4568	5.0
2341	4593	4.0
2341	4672	5.0
2341	4749	1.0
2341	4765	3.0
2341	4791	4.0
2341	4857	5.0
2341	4929	5.0
2341	4951	4.0
2341	4983	5.0
2341	5006	4.0
2341	5154	4.0
2341	5251	3.0
2341	5304	4.0
2341	5394	5.0
2341	5395	3.0
2341	5466	4.0
2341	5592	3.0
2341	5607	3.0
2341	5642	4.0
2341	5710	4.0
2341	5853	4.0
2341	5871	3.0
2341	6169	4.0
2341	6214	3.0
2341	6261	2.0
2341	6275	4.0
2341	6391	3.0
2341	6433	4.0
2341	6523	3.0
2341	6545	3.0
2341	6656	4.0
2341	6667	4.0
2341	6708	3.0
2341	6765	4.0
2341	6776	5.0
2341	6854	4.0
2359	72	3.0
2359	170	4.0
2359	256	3.0
2359	300	5.0
2359	422	3.0
2359	450	3.0
2359	499	3.0
2359	538	4.0
2359	557	3.0
2359	581	4.0
2359	683	3.0
2359	709	2.0
2359	711	4.0
2359	817	3.0
2359	832	5.0
2359	833	5.0
2359	861	4.0
2359	919	5.0
2359	1159	4.0
2359	1198	4.0
2359	1329	3.0
2359	1361	5.0
2359	1420	3.0
2359	1590	5.0
2359	1607	3.0
2359	1656	4.0
2359	1747	3.0
2359	1767	4.0
2359	1786	5.0
2359	1999	3.0
2359	2025	4.0
2359	2182	4.0
2359	2230	1.0
2359	2268	4.0
2359	2633	4.0
2359	2854	3.0
2359	2947	4.0
2359	2958	3.0
2359	3002	3.0
2359	3024	4.0
2359	3149	4.0
2359	3236	3.0
2359	3309	4.0
2359	3320	1.0
2359	3331	3.0
2359	3400	3.0
2359	3407	3.0
2359	3419	5.0
2359	3444	4.0
2359	3453	4.0
2359	3653	4.0
2359	3684	3.0
2359	3690	4.0
2359	3716	2.0
2359	3717	4.0
2359	3794	5.0
2359	3821	3.0
2359	3950	3.0
2359	3960	5.0
2359	4030	3.0
2359	4171	5.0
2359	4190	5.0
2359	4237	5.0
2359	4339	2.0
2359	4390	5.0
2359	4589	5.0
2359	4712	3.0
2359	4774	3.0
2359	5082	3.0
2359	5178	2.0
2359	5191	4.0
2359	5252	3.0
2359	5262	3.0
2359	5294	3.0
2359	5296	2.0
2359	5324	4.0
2359	5445	3.0
2359	5500	4.0
2359	5515	3.0
2359	5621	3.0
2359	5702	5.0
2359	5716	4.0
2359	5967	4.0
2359	5971	4.0
2359	6036	2.0
2359	6050	5.0
2359	6074	3.0
2359	6190	5.0
2359	6327	3.0
2359	6330	3.0
2359	6370	4.0
2359	6469	3.0
2359	6479	4.0
2359	6610	3.0
2359	6645	4.0
2359	6656	4.0
2359	6672	5.0
2359	6794	4.0
2359	6851	4.0
2359	6956	5.0
2360	96	5.0
2360	219	4.0
2360	266	4.0
2360	371	4.0
2360	391	3.0
2360	399	5.0
2360	569	4.0
2360	671	4.0
2360	681	3.0
2360	747	4.0
2360	946	5.0
2360	959	4.0
2360	970	4.0
2360	1076	4.0
2360	1079	4.0
2360	1563	4.0
2360	1728	5.0
2360	1770	4.0
2360	1799	4.0
2360	1808	5.0
2360	1813	5.0
2360	1834	4.0
2360	2029	5.0
2360	2035	4.0
2360	2120	3.0
2360	2132	4.0
2360	2135	5.0
2360	2199	3.0
2360	2208	5.0
2360	2262	5.0
2360	2307	3.0
2360	2431	3.0
2360	2462	5.0
2360	2509	3.0
2360	2706	4.0
2360	2928	4.0
2360	2931	4.0
2360	2939	5.0
2360	3060	4.0
2360	3102	5.0
2360	3128	3.0
2360	3158	4.0
2360	3194	3.0
2360	3239	4.0
2360	3331	3.0
2360	3497	5.0
2360	3517	4.0
2360	3538	5.0
2360	3555	2.0
2360	3564	4.0
2360	3567	4.0
2360	3649	3.0
2360	3661	4.0
2360	3739	4.0
2360	3778	3.0
2360	3780	4.0
2360	3791	4.0
2360	3794	4.0
2360	3831	4.0
2360	3880	3.0
2360	3894	5.0
2360	3905	3.0
2360	4001	4.0
2360	4186	5.0
2360	4206	5.0
2360	4215	5.0
2360	4216	4.0
2360	4376	4.0
2360	4459	4.0
2360	4464	3.0
2360	4502	3.0
2360	4743	5.0
2360	4985	4.0
2360	5059	3.0
2360	5148	5.0
2360	5193	2.0
2360	5253	4.0
2360	5258	4.0
2360	5330	5.0
2360	5386	4.0
2360	5503	3.0
2360	5572	4.0
2360	5592	4.0
2360	5597	4.0
2360	5606	4.0
2360	5621	4.0
2360	5655	5.0
2360	5669	4.0
2360	5719	3.0
2360	5802	5.0
2360	5979	4.0
2360	5986	4.0
2360	6043	3.0
2360	6052	4.0
2360	6055	4.0
2360	6109	3.0
2360	6125	3.0
2360	6159	4.0
2360	6208	5.0
2360	6301	4.0
2360	6333	4.0
2360	6370	4.0
2360	6433	3.0
2360	6561	3.0
2360	6571	3.0
2360	6580	4.0
2360	6583	4.0
2360	6600	4.0
2360	6622	3.0
2360	6628	3.0
2360	6741	5.0
2360	6765	4.0
2360	6767	3.0
2360	6884	4.0
2360	6927	4.0
2360	6943	4.0
2360	6949	5.0
2360	6962	4.0
2364	105	3.0
2364	124	4.0
2364	139	4.0
2364	141	4.0
2364	219	4.0
2364	323	4.0
2364	386	4.0
2364	531	4.0
2364	535	3.0
2364	545	3.0
2364	759	4.0
2364	760	4.0
2364	797	2.0
2364	853	4.0
2364	858	3.0
2364	884	3.0
2364	923	2.0
2364	936	3.0
2364	1079	4.0
2364	1123	3.0
2364	1263	3.0
2364	1300	4.0
2364	1305	4.0
2364	1374	3.0
2364	1455	3.0
2364	1642	2.0
2364	1682	5.0
2364	1697	3.0
2364	1698	4.0
2364	1813	4.0
2364	1871	3.0
2364	1965	4.0
2364	2062	4.0
2364	2075	2.0
2364	2132	4.0
2364	2167	3.0
2364	2186	3.0
2364	2199	3.0
2364	2212	4.0
2364	2220	4.0
2364	2300	2.0
2364	2307	4.0
2364	2324	4.0
2364	2339	4.0
2364	2506	3.0
2364	2563	2.0
2364	2586	4.0
2364	2606	3.0
2364	2633	2.0
2364	2673	3.0
2364	2678	1.0
2364	2758	3.0
2364	2825	3.0
2364	2846	5.0
2364	2863	3.0
2364	2931	3.0
2364	2959	5.0
2364	3019	3.0
2364	3021	5.0
2364	3047	4.0
2364	3050	4.0
2364	3055	4.0
2364	3236	5.0
2364	3273	3.0
2364	3287	2.0
2364	3302	3.0
2364	3359	4.0
2364	3386	3.0
2364	3450	3.0
2364	3479	4.0
2364	3613	3.0
2364	3777	4.0
2364	3852	4.0
2364	3889	3.0
2364	3908	5.0
2364	3935	4.0
2364	3956	3.0
2364	4017	4.0
2364	4135	2.0
2364	4176	5.0
2364	4178	4.0
2364	4180	2.0
2364	4202	4.0
2364	4209	4.0
2364	4230	3.0
2364	4246	5.0
2364	4309	2.0
2364	4343	3.0
2364	4365	3.0
2364	4409	4.0
2364	4527	4.0
2364	4590	2.0
2364	4595	3.0
2364	4617	2.0
2364	4691	3.0
2364	4711	4.0
2364	4748	5.0
2364	4772	4.0
2364	4857	4.0
2364	4889	4.0
2364	4911	4.0
2364	4963	1.0
2364	4979	2.0
2364	5082	4.0
2364	5236	3.0
2364	5251	3.0
2364	5297	3.0
2364	5349	3.0
2364	5430	2.0
2364	5534	2.0
2364	5562	4.0
2364	5575	4.0
2364	5601	5.0
2364	5719	4.0
2364	5759	4.0
2364	5845	3.0
2364	5853	5.0
2364	5889	4.0
2364	5896	3.0
2364	5963	4.0
2364	6031	3.0
2364	6040	2.0
2364	6057	3.0
2364	6058	3.0
2364	6097	3.0
2364	6200	3.0
2364	6203	2.0
2364	6214	3.0
2364	6408	5.0
2364	6421	4.0
2364	6456	5.0
2364	6477	3.0
2364	6546	4.0
2364	6681	4.0
2364	6691	5.0
2364	6799	4.0
2364	6940	4.0
2364	6942	4.0
2368	7	3.0
2368	90	4.0
2368	113	4.0
2368	210	4.0
2368	272	3.0
2368	287	2.0
2368	405	3.0
2368	421	4.0
2368	487	5.0
2368	509	3.0
2368	568	4.0
2368	710	4.0
2368	859	4.0
2368	906	3.0
2368	962	3.0
2368	986	4.0
2368	1070	3.0
2368	1100	2.0
2368	1226	4.0
2368	1294	5.0
2368	1305	4.0
2368	1384	4.0
2368	1431	4.0
2368	1443	4.0
2368	1580	4.0
2368	1669	4.0
2368	1702	4.0
2368	1741	3.0
2368	1781	5.0
2368	1827	5.0
2368	1880	3.0
2368	1900	3.0
2368	1908	3.0
2368	1914	4.0
2368	2061	3.0
2368	2120	3.0
2368	2172	3.0
2368	2188	4.0
2368	2199	3.0
2368	2237	3.0
2368	2386	4.0
2368	2416	3.0
2368	2439	5.0
2368	2477	4.0
2368	2520	4.0
2368	2639	3.0
2368	2749	5.0
2368	2806	3.0
2368	2838	4.0
2368	2935	3.0
2368	3042	4.0
2368	3046	5.0
2368	3085	3.0
2368	3089	4.0
2368	3106	4.0
2368	3161	4.0
2368	3198	4.0
2368	3221	3.0
2368	3226	3.0
2368	3294	4.0
2368	3301	5.0
2368	3407	3.0
2368	3450	4.0
2368	3529	5.0
2368	3556	4.0
2368	3591	3.0
2368	3638	5.0
2368	3787	4.0
2368	4151	4.0
2368	4373	3.0
2368	4399	4.0
2368	4445	2.0
2368	4523	4.0
2368	4530	4.0
2368	4586	3.0
2368	4649	3.0
2368	4695	5.0
2368	4884	5.0
2368	4963	2.0
2368	5015	4.0
2368	5370	4.0
2368	5498	5.0
2368	5646	3.0
2368	5700	5.0
2368	5783	3.0
2368	5799	4.0
2368	5801	3.0
2368	5802	4.0
2368	5849	3.0
2368	5878	3.0
2368	6146	3.0
2368	6217	4.0
2368	6327	4.0
2368	6369	3.0
2368	6473	4.0
2368	6538	4.0
2368	6655	3.0
2368	6661	3.0
2368	6789	4.0
2368	6795	3.0
2368	6830	5.0
2388	38	4.0
2388	76	4.0
2388	309	4.0
2388	499	4.0
2388	537	3.0
2388	828	5.0
2388	853	3.0
2388	921	4.0
2388	939	4.0
2388	1063	5.0
2388	1177	4.0
2388	1316	4.0
2388	1371	4.0
2388	1702	5.0
2388	1887	3.0
2388	1949	5.0
2388	1999	4.0
2388	2240	4.0
2388	2242	3.0
2388	2260	5.0
2388	2320	4.0
2388	2351	4.0
2388	2517	3.0
2388	2606	2.0
2388	2641	3.0
2388	2661	3.0
2388	2874	4.0
2388	3019	3.0
2388	3056	3.0
2388	3060	4.0
2388	3224	3.0
2388	3303	3.0
2388	3449	5.0
2388	3513	3.0
2388	3533	4.0
2388	3564	5.0
2388	3650	5.0
2388	3730	5.0
2388	3740	4.0
2388	3794	5.0
2388	4202	4.0
2388	4309	4.0
2388	4620	4.0
2388	4781	4.0
2388	4840	3.0
2388	4852	4.0
2388	4907	3.0
2388	4967	4.0
2388	5052	5.0
2388	5376	3.0
2388	5503	4.0
2388	5873	4.0
2388	5890	3.0
2388	6174	4.0
2388	6200	5.0
2388	6336	5.0
2388	6449	4.0
2388	6662	4.0
2404	139	5.0
2404	190	5.0
2404	285	3.0
2404	427	3.0
2404	465	5.0
2404	467	3.0
2404	509	3.0
2404	561	2.0
2404	656	2.0
2404	787	2.0
2404	828	2.0
2404	913	4.0
2404	921	4.0
2404	1030	3.0
2404	1654	2.0
2404	1685	3.0
2404	1740	5.0
2404	2029	4.0
2404	2188	3.0
2404	2307	3.0
2404	2384	4.0
2404	2386	4.0
2404	2421	4.0
2404	2443	4.0
2404	2544	3.0
2404	2646	4.0
2404	2758	4.0
2404	3006	3.0
2404	3594	4.0
2404	3671	5.0
2404	3690	3.0
2404	3794	3.0
2404	3797	3.0
2404	4172	4.0
2404	4180	3.0
2404	4453	5.0
2404	4586	3.0
2404	4608	3.0
2404	4673	4.0
2404	4679	3.0
2404	4894	4.0
2404	5150	3.0
2404	5293	4.0
2404	5294	5.0
2404	5296	3.0
2404	5503	3.0
2404	5507	3.0
2404	5555	4.0
2404	5934	3.0
2404	5986	3.0
2404	5989	4.0
2404	6037	4.0
2404	6097	3.0
2404	6316	4.0
2404	6390	3.0
2404	6628	3.0
2404	6637	4.0
2404	6691	5.0
2404	6700	2.0
2404	6731	3.0
2415	3	4.0
2415	21	2.0
2415	62	4.0
2415	184	3.0
2415	185	3.0
2415	195	3.0
2415	226	4.0
2415	260	3.0
2415	337	2.0
2415	341	3.0
2415	370	3.0
2415	439	3.0
2415	500	5.0
2415	509	4.0
2415	512	5.0
2415	513	3.0
2415	578	2.0
2415	601	3.0
2415	675	4.0
2415	690	3.0
2415	784	3.0
2415	793	5.0
2415	817	4.0
2415	961	3.0
2415	980	2.0
2415	1018	2.0
2415	1053	4.0
2415	1129	4.0
2415	1130	3.0
2415	1131	4.0
2415	1236	5.0
2415	1294	3.0
2415	1333	3.0
2415	1349	5.0
2415	1352	4.0
2415	1441	4.0
2415	1798	2.0
2415	1851	4.0
2415	1886	4.0
2415	1891	5.0
2415	1958	3.0
2415	2032	4.0
2415	2113	1.0
2415	2135	5.0
2415	2152	4.0
2415	2269	4.0
2415	2285	1.0
2415	2544	4.0
2415	2598	4.0
2415	2602	3.0
2415	2787	4.0
2415	2806	2.0
2415	2830	4.0
2415	2989	2.0
2415	2999	4.0
2415	3049	2.0
2415	3100	4.0
2415	3147	4.0
2415	3244	3.0
2415	3258	3.0
2415	3409	4.0
2415	3443	5.0
2415	3492	4.0
2415	3494	3.0
2415	3575	1.0
2415	3641	4.0
2415	3650	4.0
2415	3689	3.0
2415	3705	4.0
2415	3723	4.0
2415	3731	4.0
2415	3873	5.0
2415	3880	4.0
2415	3888	3.0
2415	3908	4.0
2415	4067	4.0
2415	4117	4.0
2415	4314	3.0
2415	4321	5.0
2415	4334	3.0
2415	4338	3.0
2415	4340	4.0
2415	4422	4.0
2415	4444	4.0
2415	4469	5.0
2415	4484	5.0
2415	4507	3.0
2415	4513	2.0
2415	4562	4.0
2415	4565	4.0
2415	4590	2.0
2415	4605	2.0
2415	4679	2.0
2415	4726	3.0
2415	4745	5.0
2415	4767	5.0
2415	4943	4.0
2415	5034	3.0
2415	5073	4.0
2415	5105	4.0
2415	5134	4.0
2415	5180	2.0
2415	5187	5.0
2415	5414	2.0
2415	5465	4.0
2415	5481	4.0
2415	5515	3.0
2415	5546	3.0
2415	5570	4.0
2415	5695	4.0
2415	5713	4.0
2415	5767	2.0
2415	5792	4.0
2415	5795	5.0
2415	5802	3.0
2415	5817	4.0
2415	5867	3.0
2415	5889	4.0
2415	5893	1.0
2415	6040	3.0
2415	6043	3.0
2415	6046	2.0
2415	6097	3.0
2415	6208	4.0
2415	6217	5.0
2415	6244	3.0
2415	6316	3.0
2415	6426	4.0
2415	6483	3.0
2415	6545	3.0
2415	6555	3.0
2415	6559	4.0
2415	6600	5.0
2415	6700	4.0
2415	6709	5.0
2415	6881	4.0
2433	7	3.0
2433	95	4.0
2433	180	4.0
2433	182	5.0
2433	276	4.0
2433	331	4.0
2433	419	4.0
2433	444	3.0
2433	606	4.0
2433	689	3.0
2433	704	4.0
2433	747	4.0
2433	751	3.0
2433	829	5.0
2433	858	3.0
2433	931	4.0
2433	1059	1.0
2433	1071	4.0
2433	1179	4.0
2433	1185	5.0
2433	1189	3.0
2433	1192	4.0
2433	1240	4.0
2433	1305	4.0
2433	1355	3.0
2433	1367	3.0
2433	1425	3.0
2433	1465	3.0
2433	1644	3.0
2433	1650	4.0
2433	1772	5.0
2433	1857	3.0
2433	1888	4.0
2433	1950	5.0
2433	1979	5.0
2433	2152	3.0
2433	2178	2.0
2433	2252	4.0
2433	2294	4.0
2433	2425	4.0
2433	2477	4.0
2433	2520	5.0
2433	2544	3.0
2433	2663	3.0
2433	2715	4.0
2433	2731	4.0
2433	2739	5.0
2433	2859	5.0
2433	2928	3.0
2433	2929	3.0
2433	2947	4.0
2433	2962	5.0
2433	3021	5.0
2433	3025	5.0
2433	3033	4.0
2433	3150	3.0
2433	3191	5.0
2433	3224	3.0
2433	3308	3.0
2433	3349	3.0
2433	3386	3.0
2433	3505	5.0
2433	3538	5.0
2433	3644	3.0
2433	3645	5.0
2433	3651	5.0
2433	3780	5.0
2433	3846	4.0
2433	3876	5.0
2433	4038	4.0
2433	4050	5.0
2433	4099	5.0
2433	4138	3.0
2433	4171	4.0
2433	4178	4.0
2433	4187	5.0
2433	4191	5.0
2433	4198	4.0
2433	4222	4.0
2433	4231	4.0
2433	4236	4.0
2433	4309	5.0
2433	4317	3.0
2433	4323	4.0
2433	4341	4.0
2433	4349	3.0
2433	4382	3.0
2433	4459	4.0
2433	4462	3.0
2433	4553	4.0
2433	4562	4.0
2433	4571	4.0
2433	4639	4.0
2433	4665	4.0
2433	4690	4.0
2433	4706	2.0
2433	4724	4.0
2433	4781	4.0
2433	4852	4.0
2433	4954	3.0
2433	5023	3.0
2433	5084	3.0
2433	5193	3.0
2433	5211	5.0
2433	5236	4.0
2433	5270	3.0
2433	5297	4.0
2433	5385	3.0
2433	5423	4.0
2433	5501	3.0
2433	5538	3.0
2433	5573	5.0
2433	5592	3.0
2433	5598	3.0
2433	5653	4.0
2433	5737	4.0
2433	5856	5.0
2433	5859	3.0
2433	5890	5.0
2433	5922	3.0
2433	5931	3.0
2433	5945	4.0
2433	5978	4.0
2433	5979	5.0
2433	5991	5.0
2433	6115	5.0
2433	6116	4.0
2433	6191	3.0
2433	6232	4.0
2433	6259	4.0
2433	6270	4.0
2433	6313	4.0
2433	6328	3.0
2433	6369	3.0
2433	6390	3.0
2433	6503	3.0
2433	6558	4.0
2433	6569	4.0
2433	6593	4.0
2433	6643	3.0
2433	6702	5.0
2433	6884	5.0
2433	6900	4.0
2433	6931	3.0
2433	6954	5.0
2436	2	5.0
2436	124	4.0
2436	174	5.0
2436	194	4.0
2436	344	3.0
2436	462	5.0
2436	687	2.0
2436	714	5.0
2436	729	3.0
2436	770	5.0
2436	919	4.0
2436	936	2.0
2436	973	3.0
2436	974	3.0
2436	1061	5.0
2436	1107	5.0
2436	1116	4.0
2436	1166	5.0
2436	1323	3.0
2436	1359	3.0
2436	1384	4.0
2436	1400	4.0
2436	1428	5.0
2436	1491	2.0
2436	1516	4.0
2436	1522	3.0
2436	1532	2.0
2436	1534	3.0
2436	1536	3.0
2436	1608	5.0
2436	1621	4.0
2436	1628	3.0
2436	1672	5.0
2436	1703	3.0
2436	1964	4.0
2436	2025	4.0
2436	2135	3.0
2436	2153	5.0
2436	2160	4.0
2436	2188	5.0
2436	2307	3.0
2436	2391	5.0
2436	2675	2.0
2436	2715	5.0
2436	2749	5.0
2436	2778	3.0
2436	2788	5.0
2436	2848	5.0
2436	2901	5.0
2436	2924	5.0
2436	2949	5.0
2436	2950	5.0
2436	3005	3.0
2436	3055	5.0
2436	3089	4.0
2436	3295	4.0
2436	3309	5.0
2436	3336	5.0
2436	3403	4.0
2436	3532	4.0
2436	3537	5.0
2436	3570	4.0
2436	3588	5.0
2436	3594	4.0
2436	3629	4.0
2436	3643	1.0
2436	3650	5.0
2436	3670	3.0
2436	4001	4.0
2436	4072	4.0
2436	4117	4.0
2436	4186	5.0
2436	4230	2.0
2436	4260	5.0
2436	4271	4.0
2436	4309	5.0
2436	4345	5.0
2436	4443	2.0
2436	4511	3.0
2436	4553	3.0
2436	4634	4.0
2436	4673	3.0
2436	4927	5.0
2436	5032	3.0
2436	5178	5.0
2436	5232	2.0
2436	5297	4.0
2436	5424	3.0
2436	5432	4.0
2436	5664	4.0
2436	5922	5.0
2436	6010	5.0
2436	6208	5.0
2436	6252	3.0
2436	6261	3.0
2436	6479	4.0
2436	6523	5.0
2436	6526	4.0
2436	6571	3.0
2436	6577	3.0
2436	6672	5.0
2436	6715	1.0
2436	6777	4.0
2436	6857	4.0
2445	1	2.0
2445	25	2.0
2445	112	5.0
2445	130	3.0
2445	164	3.0
2445	170	5.0
2445	192	3.0
2445	226	5.0
2445	338	2.0
2445	347	3.0
2445	537	3.0
2445	606	4.0
2445	729	3.0
2445	787	3.0
2445	827	3.0
2445	835	3.0
2445	871	5.0
2445	1014	3.0
2445	1061	3.0
2445	1138	3.0
2445	1175	3.0
2445	1204	3.0
2445	1208	2.0
2445	1379	3.0
2445	1384	3.0
2445	1393	2.0
2445	1506	2.0
2445	1540	4.0
2445	1643	4.0
2445	1647	3.0
2445	1659	4.0
2445	1678	3.0
2445	1775	4.0
2445	1782	3.0
2445	1808	4.0
2445	1874	3.0
2445	1881	4.0
2445	1959	3.0
2445	2052	2.0
2445	2061	4.0
2445	2188	4.0
2445	2233	3.0
2445	2478	3.0
2445	2519	3.0
2445	2524	3.0
2445	2530	3.0
2445	2532	3.0
2445	2700	4.0
2445	2704	3.0
2445	2752	4.0
2445	2801	3.0
2445	2806	2.0
2445	2842	3.0
2445	2854	3.0
2445	2968	3.0
2445	3019	2.0
2445	3027	5.0
2445	3073	4.0
2445	3084	3.0
2445	3170	4.0
2445	3196	3.0
2445	3198	3.0
2445	3239	5.0
2445	3281	3.0
2445	3324	3.0
2445	3371	4.0
2445	3386	3.0
2445	3418	3.0
2445	3452	3.0
2445	3475	3.0
2445	3487	3.0
2445	3508	3.0
2445	3555	2.0
2445	3570	4.0
2445	3613	2.0
2445	3623	4.0
2445	3650	3.0
2445	3651	4.0
2445	3670	5.0
2445	3684	3.0
2445	3856	5.0
2445	3941	3.0
2445	4117	5.0
2445	4269	3.0
2445	4291	1.0
2445	4333	3.0
2445	4400	3.0
2445	4445	2.0
2445	4460	3.0
2445	4487	3.0
2445	4568	3.0
2445	4677	3.0
2445	4765	4.0
2445	4786	5.0
2445	4799	4.0
2445	4811	3.0
2445	4973	4.0
2445	5038	4.0
2445	5080	3.0
2445	5086	4.0
2445	5087	3.0
2445	5089	3.0
2445	5096	1.0
2445	5145	3.0
2445	5151	3.0
2445	5187	4.0
2445	5213	3.0
2445	5261	3.0
2445	5297	3.0
2445	5342	3.0
2445	5344	4.0
2445	5352	4.0
2445	5424	3.0
2445	5426	2.0
2445	5538	3.0
2445	5659	3.0
2445	5792	4.0
2445	5821	3.0
2445	5841	4.0
2445	5910	3.0
2445	5947	3.0
2445	5951	3.0
2445	5967	3.0
2445	6069	3.0
2445	6087	3.0
2445	6109	4.0
2445	6174	3.0
2445	6207	4.0
2445	6210	3.0
2445	6217	4.0
2445	6232	5.0
2445	6271	3.0
2445	6300	2.0
2445	6310	3.0
2445	6327	3.0
2445	6363	3.0
2445	6390	3.0
2445	6416	3.0
2445	6432	3.0
2445	6503	4.0
2445	6523	5.0
2445	6545	3.0
2445	6574	4.0
2445	6593	3.0
2445	6600	5.0
2445	6629	4.0
2445	6672	5.0
2445	6803	3.0
2445	6915	3.0
2445	6921	2.0
2445	6926	3.0
2511	57	3.0
2511	105	4.0
2511	108	4.0
2511	223	4.0
2511	292	4.0
2511	413	3.0
2511	417	5.0
2511	459	4.0
2511	513	3.0
2511	613	3.0
2511	642	4.0
2511	755	4.0
2511	830	4.0
2511	859	4.0
2511	861	4.0
2511	875	4.0
2511	913	4.0
2511	970	3.0
2511	1159	5.0
2511	1226	5.0
2511	1354	4.0
2511	1359	3.0
2511	1433	3.0
2511	1487	4.0
2511	1515	3.0
2511	1522	4.0
2511	1533	4.0
2511	1608	4.0
2511	1667	5.0
2511	1716	4.0
2511	1740	4.0
2511	1759	5.0
2511	1781	3.0
2511	1808	4.0
2511	1826	2.0
2511	1950	3.0
2511	2006	5.0
2511	2016	5.0
2511	2028	4.0
2511	2094	3.0
2511	2135	4.0
2511	2159	3.0
2511	2270	4.0
2511	2350	4.0
2511	2351	4.0
2511	2464	4.0
2511	2519	4.0
2511	2535	4.0
2511	2651	4.0
2511	2722	4.0
2511	2728	4.0
2511	2758	4.0
2511	2806	1.0
2511	2842	3.0
2511	2859	4.0
2511	2923	4.0
2511	2940	4.0
2511	3025	4.0
2511	3060	4.0
2511	3082	4.0
2511	3089	4.0
2511	3099	4.0
2511	3180	5.0
2511	3192	5.0
2511	3248	4.0
2511	3307	3.0
2511	3356	3.0
2511	3378	2.0
2511	3414	3.0
2511	3555	1.0
2511	3594	3.0
2511	3618	2.0
2511	3670	4.0
2511	3679	3.0
2511	3717	4.0
2511	3731	4.0
2511	3759	3.0
2511	3787	5.0
2511	3796	4.0
2511	3856	5.0
2511	3964	3.0
2511	3998	3.0
2511	4065	5.0
2511	4172	5.0
2511	4186	3.0
2511	4241	4.0
2511	4262	5.0
2511	4296	4.0
2511	4313	4.0
2511	4339	3.0
2511	4345	5.0
2511	4372	3.0
2511	4409	5.0
2511	4622	4.0
2511	4658	5.0
2511	4748	4.0
2511	4796	4.0
2511	4857	5.0
2511	4869	4.0
2511	4889	4.0
2511	4910	4.0
2511	4923	3.0
2511	4982	5.0
2511	5035	3.0
2511	5038	3.0
2511	5089	3.0
2511	5152	5.0
2511	5207	4.0
2511	5295	3.0
2511	5391	3.0
2511	5423	2.0
2511	5503	4.0
2511	5520	4.0
2511	5580	2.0
2511	5657	3.0
2511	5718	3.0
2511	5726	4.0
2511	5789	4.0
2511	5830	4.0
2511	5849	3.0
2511	5939	3.0
2511	5949	4.0
2511	5962	4.0
2511	6040	4.0
2511	6123	3.0
2511	6199	4.0
2511	6287	2.0
2511	6370	4.0
2511	6426	4.0
2511	6429	4.0
2511	6433	4.0
2511	6538	2.0
2511	6539	4.0
2511	6631	3.0
2511	6691	5.0
2511	6708	4.0
2511	6766	4.0
2511	6881	3.0
2511	6925	3.0
2511	6948	4.0
2511	6955	4.0
2583	46	4.0
2583	275	3.0
2583	282	4.0
2583	420	2.0
2583	469	3.0
2583	513	3.0
2583	680	5.0
2583	923	3.0
2583	965	2.0
2583	970	3.0
2583	1049	5.0
2583	1170	4.0
2583	1186	3.0
2583	1377	4.0
2583	1461	2.0
2583	1532	4.0
2583	1664	4.0
2583	1780	4.0
2583	1808	4.0
2583	1871	2.0
2583	2029	3.0
2583	2159	2.0
2583	2167	4.0
2583	2287	4.0
2583	2320	4.0
2583	2639	3.0
2583	2778	3.0
2583	2839	5.0
2583	2842	2.0
2583	2874	3.0
2583	2899	4.0
2583	3100	5.0
2583	3170	5.0
2583	3309	5.0
2583	3378	3.0
2583	3649	4.0
2583	3676	4.0
2583	3690	4.0
2583	3692	3.0
2583	3722	4.0
2583	3964	4.0
2583	4004	1.0
2583	4067	5.0
2583	4094	4.0
2583	4110	4.0
2583	4186	5.0
2583	4200	4.0
2583	4269	3.0
2583	4295	3.0
2583	4309	4.0
2583	4333	2.0
2583	4443	2.0
2583	4463	4.0
2583	4501	4.0
2583	4542	5.0
2583	4700	3.0
2583	4726	4.0
2583	4916	4.0
2583	4982	3.0
2583	4983	4.0
2583	5015	3.0
2583	5046	4.0
2583	5150	2.0
2583	5213	2.0
2583	5424	3.0
2583	5539	5.0
2583	5582	4.0
2583	5657	4.0
2583	5660	3.0
2583	5664	5.0
2583	5792	5.0
2583	6081	2.0
2583	6179	2.0
2583	6203	3.0
2583	6207	4.0
2583	6208	5.0
2583	6253	5.0
2583	6383	3.0
2583	6479	4.0
2583	6536	4.0
2583	6659	3.0
2583	6704	5.0
2583	6708	2.0
2583	6901	2.0
2583	6923	5.0
2595	99	4.0
2595	121	3.0
2595	170	4.0
2595	182	4.0
2595	208	5.0
2595	220	4.0
2595	279	4.0
2595	370	3.0
2595	453	4.0
2595	512	5.0
2595	591	3.0
2595	680	4.0
2595	827	4.0
2595	958	4.0
2595	962	4.0
2595	970	4.0
2595	1012	3.0
2595	1098	4.0
2595	1112	4.0
2595	1191	5.0
2595	1226	4.0
2595	1364	4.0
2595	1441	4.0
2595	1513	3.0
2595	1565	4.0
2595	1609	5.0
2595	1617	5.0
2595	1772	4.0
2595	1774	4.0
2595	1819	3.0
2595	1881	4.0
2595	1919	4.0
2595	2033	5.0
2595	2123	4.0
2595	2146	4.0
2595	2198	4.0
2595	2225	4.0
2595	2319	4.0
2595	2350	1.0
2595	2487	4.0
2595	2533	4.0
2595	2611	5.0
2595	2631	4.0
2595	2641	3.0
2595	2774	3.0
2595	2782	4.0
2595	2859	5.0
2595	2861	4.0
2595	2881	3.0
2595	2907	5.0
2595	2924	3.0
2595	2940	4.0
2595	2992	5.0
2595	3021	4.0
2595	3025	4.0
2595	3144	4.0
2595	3378	4.0
2595	3558	4.0
2595	3852	4.0
2595	3856	3.0
2595	3858	4.0
2595	3876	4.0
2595	3990	4.0
2595	4171	4.0
2595	4202	4.0
2595	4209	4.0
2595	4244	3.0
2595	4270	4.0
2595	4307	4.0
2595	4311	5.0
2595	4385	5.0
2595	4453	4.0
2595	4477	4.0
2595	4487	3.0
2595	4635	4.0
2595	4644	4.0
2595	4658	4.0
2595	4699	4.0
2595	4747	4.0
2595	4759	5.0
2595	4884	4.0
2595	4885	5.0
2595	4911	5.0
2595	4926	4.0
2595	4934	3.0
2595	5015	4.0
2595	5213	3.0
2595	5217	3.0
2595	5226	4.0
2595	5265	5.0
2595	5326	4.0
2595	5339	4.0
2595	5573	5.0
2595	5575	5.0
2595	5604	4.0
2595	5838	4.0
2595	6067	2.0
2595	6200	4.0
2595	6214	2.0
2595	6301	5.0
2595	6351	4.0
2595	6450	5.0
2595	6507	4.0
2595	6523	3.0
2595	6534	3.0
2595	6545	4.0
2595	6600	5.0
2595	6620	5.0
2595	6681	4.0
2595	6685	4.0
2595	6727	4.0
2595	6777	3.0
2595	6876	4.0
2595	6884	5.0
2595	6928	5.0
2595	6937	4.0
2595	6938	4.0
2605	40	3.0
2605	165	4.0
2605	178	4.0
2605	180	4.0
2605	198	5.0
2605	260	4.0
2605	386	5.0
2605	420	5.0
2605	496	5.0
2605	575	4.0
2605	577	3.0
2605	629	5.0
2605	817	4.0
2605	818	5.0
2605	888	4.0
2605	939	4.0
2605	970	4.0
2605	1023	4.0
2605	1026	5.0
2605	1030	5.0
2605	1091	4.0
2605	1099	3.0
2605	1129	5.0
2605	1301	5.0
2605	1432	5.0
2605	1532	4.0
2605	1629	5.0
2605	1708	4.0
2605	1780	4.0
2605	1799	5.0
2605	1823	3.0
2605	1885	3.0
2605	1937	5.0
2605	1959	5.0
2605	1975	3.0
2605	1999	4.0
2605	2017	4.0
2605	2025	4.0
2605	2040	4.0
2605	2086	5.0
2605	2125	3.0
2605	2128	3.0
2605	2221	4.0
2605	2384	3.0
2605	2425	5.0
2605	2430	4.0
2605	2431	3.0
2605	2461	4.0
2605	2509	3.0
2605	2650	4.0
2605	2701	3.0
2605	2797	4.0
2605	2900	4.0
2605	2962	4.0
2605	2966	4.0
2605	2984	3.0
2605	3019	3.0
2605	3064	5.0
2605	3083	3.0
2605	3100	5.0
2605	3120	4.0
2605	3285	4.0
2605	3287	5.0
2605	3359	3.0
2605	3361	3.0
2605	3367	3.0
2605	3380	4.0
2605	3414	5.0
2605	3467	5.0
2605	3587	5.0
2605	3595	3.0
2605	3629	4.0
2605	3644	3.0
2605	3650	3.0
2605	3757	5.0
2605	3789	5.0
2605	3822	5.0
2605	3831	5.0
2605	3851	3.0
2605	3932	3.0
2605	3952	5.0
2605	4031	5.0
2605	4038	3.0
2605	4049	3.0
2605	4110	5.0
2605	4163	4.0
2605	4214	5.0
2605	4230	5.0
2605	4239	5.0
2605	4241	3.0
2605	4338	4.0
2605	4390	3.0
2605	4532	3.0
2605	4567	5.0
2605	4617	3.0
2605	4889	5.0
2605	4922	4.0
2605	4923	5.0
2605	4928	3.0
2605	4965	3.0
2605	4976	3.0
2605	5065	5.0
2605	5080	5.0
2605	5083	4.0
2605	5206	5.0
2605	5231	5.0
2605	5251	4.0
2605	5304	4.0
2605	5417	3.0
2605	5469	5.0
2605	5538	3.0
2605	5627	4.0
2605	5756	4.0
2605	5789	4.0
2605	5791	4.0
2605	5819	2.0
2605	5986	5.0
2605	5990	5.0
2605	6000	4.0
2605	6018	5.0
2605	6066	3.0
2605	6126	5.0
2605	6132	5.0
2605	6184	3.0
2605	6210	3.0
2605	6280	5.0
2605	6298	5.0
2605	6308	5.0
2605	6426	5.0
2605	6484	4.0
2605	6555	4.0
2605	6593	5.0
2605	6634	4.0
2605	6664	4.0
2605	6872	4.0
2605	6924	5.0
2661	75	4.0
2661	126	2.0
2661	165	3.0
2661	174	5.0
2661	223	5.0
2661	260	3.0
2661	300	3.0
2661	311	4.0
2661	475	3.0
2661	492	3.0
2661	497	5.0
2661	506	3.0
2661	594	2.0
2661	613	4.0
2661	799	5.0
2661	818	4.0
2661	831	4.0
2661	858	2.0
2661	868	3.0
2661	970	3.0
2661	979	1.0
2661	1001	4.0
2661	1059	1.0
2661	1065	4.0
2661	1175	5.0
2661	1247	4.0
2661	1265	3.0
2661	1296	1.0
2661	1322	2.0
2661	1479	3.0
2661	1491	2.0
2661	1513	4.0
2661	1516	4.0
2661	1608	2.0
2661	1609	5.0
2661	1617	5.0
2661	1626	4.0
2661	1648	1.0
2661	1745	3.0
2661	1813	5.0
2661	1834	3.0
2661	1866	3.0
2661	1933	3.0
2661	1972	4.0
2661	2118	4.0
2661	2198	5.0
2661	2221	4.0
2661	2287	4.0
2661	2320	4.0
2661	2356	4.0
2661	2420	3.0
2661	2422	3.0
2661	2430	4.0
2661	2504	5.0
2661	2530	3.0
2661	2711	5.0
2661	2721	4.0
2661	2742	3.0
2661	2778	3.0
2661	2848	3.0
2661	2859	4.0
2661	2874	4.0
2661	2907	3.0
2661	3073	3.0
2661	3089	5.0
2661	3129	5.0
2661	3138	4.0
2661	3154	5.0
2661	3255	4.0
2661	3265	5.0
2661	3281	3.0
2661	3349	4.0
2661	3359	3.0
2661	3449	4.0
2661	3451	3.0
2661	3555	2.0
2661	3592	3.0
2661	3675	3.0
2661	3692	3.0
2661	3739	4.0
2661	3759	4.0
2661	3777	4.0
2661	3780	4.0
2661	3791	5.0
2661	3846	3.0
2661	3991	4.0
2661	4025	3.0
2661	4094	3.0
2661	4097	4.0
2661	4140	3.0
2661	4168	3.0
2661	4172	3.0
2661	4206	5.0
2661	4232	3.0
2661	4258	4.0
2661	4309	4.0
2661	4312	4.0
2661	4596	3.0
2661	4643	2.0
2661	4685	5.0
2661	4705	4.0
2661	4803	2.0
2661	4808	5.0
2661	4889	4.0
2661	4927	4.0
2661	4982	4.0
2661	5028	4.0
2661	5035	3.0
2661	5037	1.0
2661	5052	5.0
2661	5124	4.0
2661	5247	4.0
2661	5258	4.0
2661	5266	4.0
2661	5274	5.0
2661	5312	2.0
2661	5328	4.0
2661	5373	5.0
2661	5509	5.0
2661	5686	1.0
2661	5710	4.0
2661	5780	4.0
2661	5792	4.0
2661	5795	3.0
2661	5811	2.0
2661	5850	3.0
2661	5991	5.0
2661	6067	4.0
2661	6117	4.0
2661	6203	4.0
2661	6313	3.0
2661	6391	3.0
2661	6479	4.0
2661	6523	4.0
2661	6620	5.0
2661	6672	4.0
2661	6700	1.0
2661	6969	4.0
2667	48	4.0
2667	96	3.0
2667	105	3.0
2667	141	3.0
2667	223	5.0
2667	289	4.0
2667	319	3.0
2667	322	3.0
2667	341	3.0
2667	386	3.0
2667	421	3.0
2667	500	4.0
2667	594	3.0
2667	682	3.0
2667	729	3.0
2667	801	1.0
2667	845	3.0
2667	1023	3.0
2667	1056	4.0
2667	1071	4.0
2667	1127	2.0
2667	1160	4.0
2667	1294	4.0
2667	1329	4.0
2667	1517	3.0
2667	1608	4.0
2667	1682	3.0
2667	1734	4.0
2667	1763	3.0
2667	1770	4.0
2667	1863	4.0
2667	1883	4.0
2667	1884	4.0
2667	2015	3.0
2667	2151	3.0
2667	2168	3.0
2667	2176	2.0
2667	2189	2.0
2667	2221	3.0
2667	2290	3.0
2667	2325	4.0
2667	2361	4.0
2667	2394	3.0
2667	2443	4.0
2667	2476	3.0
2667	2601	1.0
2667	2714	4.0
2667	2833	2.0
2667	2860	3.0
2667	2931	4.0
2667	2944	4.0
2667	3025	5.0
2667	3071	3.0
2667	3141	3.0
2667	3158	3.0
2667	3167	3.0
2667	3193	3.0
2667	3309	4.0
2667	3343	2.0
2667	3345	4.0
2667	3428	4.0
2667	3449	3.0
2667	3492	3.0
2667	3532	3.0
2667	3541	3.0
2667	3555	3.0
2667	3594	3.0
2667	3600	4.0
2667	3630	2.0
2667	3780	4.0
2667	3785	2.0
2667	3867	3.0
2667	4025	4.0
2667	4072	3.0
2667	4111	5.0
2667	4116	4.0
2667	4132	4.0
2667	4151	4.0
2667	4164	3.0
2667	4180	3.0
2667	4296	4.0
2667	4309	3.0
2667	4507	1.0
2667	4574	4.0
2667	4606	4.0
2667	4611	2.0
2667	4635	4.0
2667	4691	3.0
2667	4801	4.0
2667	4932	4.0
2667	4983	4.0
2667	5059	3.0
2667	5154	3.0
2667	5207	2.0
2667	5231	4.0
2667	5263	3.0
2667	5288	2.0
2667	5299	3.0
2667	5349	4.0
2667	5434	3.0
2667	5593	4.0
2667	5639	3.0
2667	5640	4.0
2667	5664	4.0
2667	5696	3.0
2667	5757	3.0
2667	5780	3.0
2667	5923	2.0
2667	6190	5.0
2667	6251	3.0
2667	6283	3.0
2667	6370	5.0
2667	6461	3.0
2667	6462	2.0
2667	6491	5.0
2667	6573	4.0
2667	6647	4.0
2667	6679	4.0
2667	6742	3.0
2667	6784	4.0
2667	6862	4.0
2667	6907	5.0
2667	6956	5.0
2680	86	5.0
2680	223	5.0
2680	263	5.0
2680	352	4.0
2680	589	5.0
2680	775	5.0
2680	867	4.0
2680	888	5.0
2680	890	5.0
2680	932	4.0
2680	1019	5.0
2680	1131	4.0
2680	1195	5.0
2680	1237	5.0
2680	1426	4.0
2680	1436	5.0
2680	1608	5.0
2680	1795	4.0
2680	1886	4.0
2680	1903	5.0
2680	2183	5.0
2680	2226	5.0
2680	2258	3.0
2680	2260	3.0
2680	2483	4.0
2680	2842	4.0
2680	2900	4.0
2680	2901	5.0
2680	2990	3.0
2680	3129	5.0
2680	3196	4.0
2680	3340	5.0
2680	3746	5.0
2680	3781	5.0
2680	3820	4.0
2680	3929	4.0
2680	4031	4.0
2680	4057	5.0
2680	4090	5.0
2680	4109	5.0
2680	4161	5.0
2680	4230	3.0
2680	4253	5.0
2680	4284	4.0
2680	4296	5.0
2680	4304	5.0
2680	4345	5.0
2680	4404	5.0
2680	4555	3.0
2680	4573	5.0
2680	4727	4.0
2680	4896	5.0
2680	5122	4.0
2680	5308	5.0
2680	5943	3.0
2680	6370	5.0
2680	6637	5.0
2680	6672	5.0
2680	6816	5.0
2703	26	3.0
2703	180	4.0
2703	210	4.0
2703	371	3.0
2703	513	3.0
2703	768	3.0
2703	1296	1.0
2703	1364	3.0
2703	1466	4.0
2703	1491	4.0
2703	1585	4.0
2703	1617	4.0
2703	1629	3.0
2703	1894	4.0
2703	1904	4.0
2703	2072	2.0
2703	2131	4.0
2703	2653	3.0
2703	2806	2.0
2703	2815	5.0
2703	2823	5.0
2703	3003	5.0
2703	3006	3.0
2703	3027	5.0
2703	3056	3.0
2703	3089	4.0
2703	3305	1.0
2703	3359	3.0
2703	3387	3.0
2703	3403	3.0
2703	3430	3.0
2703	3449	4.0
2703	3527	2.0
2703	3594	3.0
2703	3743	3.0
2703	3799	4.0
2703	3923	4.0
2703	4459	4.0
2703	4513	3.0
2703	4790	3.0
2703	5053	4.0
2703	5151	3.0
2703	5294	5.0
2703	5357	1.0
2703	5407	5.0
2703	5479	5.0
2703	5626	3.0
2703	6089	3.0
2703	6311	5.0
2703	6390	3.0
2703	6416	2.0
2703	6419	3.0
2703	6819	3.0
2703	6884	5.0
2709	217	5.0
2709	233	5.0
2709	347	5.0
2709	411	5.0
2709	462	5.0
2709	605	5.0
2709	680	5.0
2709	797	5.0
2709	827	5.0
2709	977	5.0
2709	1377	5.0
2709	1405	5.0
2709	1540	5.0
2709	1563	5.0
2709	1577	5.0
2709	1654	5.0
2709	1770	5.0
2709	1772	5.0
2709	1871	5.0
2709	2017	5.0
2709	2167	5.0
2709	2188	5.0
2709	2287	5.0
2709	2541	5.0
2709	2641	5.0
2709	2656	5.0
2709	2778	5.0
2709	2841	5.0
2709	3024	5.0
2709	3026	5.0
2709	3087	5.0
2709	3102	5.0
2709	3594	5.0
2709	3718	5.0
2709	3739	5.0
2709	4233	5.0
2709	4305	5.0
2709	4340	5.0
2709	4344	5.0
2709	4523	5.0
2709	4596	5.0
2709	4673	5.0
2709	4759	5.0
2709	5042	5.0
2709	5053	5.0
2709	5057	5.0
2709	5146	5.0
2709	5262	5.0
2709	5328	5.0
2709	5389	5.0
2709	5503	5.0
2709	5527	5.0
2709	5575	5.0
2709	5592	5.0
2709	5711	5.0
2709	5790	5.0
2709	5849	5.0
2709	5868	5.0
2709	6040	5.0
2709	6121	5.0
2709	6145	5.0
2709	6200	5.0
2709	6203	5.0
2709	6378	5.0
2709	6637	5.0
2731	92	3.0
2731	233	2.0
2731	271	4.0
2731	537	3.0
2731	578	2.0
2731	711	4.0
2731	734	4.0
2731	766	3.0
2731	787	4.0
2731	832	4.0
2731	964	3.0
2731	970	3.0
2731	1003	2.0
2731	1069	4.0
2731	1073	4.0
2731	1220	4.0
2731	1322	3.0
2731	1336	4.0
2731	1348	3.0
2731	1389	4.0
2731	1432	2.0
2731	1441	5.0
2731	1462	4.0
2731	1522	4.0
2731	1553	3.0
2731	1594	4.0
2731	1771	4.0
2731	1773	3.0
2731	1839	2.0
2731	1894	4.0
2731	1957	3.0
2731	2004	4.0
2731	2048	3.0
2731	2098	3.0
2731	2154	4.0
2731	2161	2.0
2731	2307	4.0
2731	2386	3.0
2731	2709	3.0
2731	2787	4.0
2731	2819	3.0
2731	2854	3.0
2731	2891	4.0
2731	2918	4.0
2731	3007	3.0
2731	3128	4.0
2731	3297	4.0
2731	3305	1.0
2731	3359	4.0
2731	3595	4.0
2731	3651	4.0
2731	3683	3.0
2731	3704	3.0
2731	3891	4.0
2731	3944	4.0
2731	3990	2.0
2731	4042	4.0
2731	4158	2.0
2731	4181	3.0
2731	4220	3.0
2731	4230	4.0
2731	4292	4.0
2731	4419	3.0
2731	4525	3.0
2731	4665	4.0
2731	4752	4.0
2731	4807	3.0
2731	4953	5.0
2731	5004	2.0
2731	5150	3.0
2731	5183	4.0
2731	5193	1.0
2731	5252	4.0
2731	5283	4.0
2731	5325	4.0
2731	5344	4.0
2731	5417	3.0
2731	5419	4.0
2731	5435	3.0
2731	5464	5.0
2731	5501	3.0
2731	5506	3.0
2731	5509	4.0
2731	5581	3.0
2731	5619	2.0
2731	5690	4.0
2731	5709	3.0
2731	6024	3.0
2731	6113	3.0
2731	6203	4.0
2731	6252	3.0
2731	6383	4.0
2731	6384	3.0
2731	6390	2.0
2731	6408	3.0
2731	6485	4.0
2731	6491	5.0
2731	6888	2.0
2742	1	4.0
2742	72	3.0
2742	150	3.0
2742	163	4.0
2742	204	3.0
2742	241	3.0
2742	338	3.0
2742	371	3.0
2742	386	4.0
2742	483	2.0
2742	485	4.0
2742	492	3.0
2742	509	4.0
2742	510	4.0
2742	611	4.0
2742	632	3.0
2742	793	4.0
2742	808	3.0
2742	827	3.0
2742	828	3.0
2742	832	4.0
2742	836	4.0
2742	840	4.0
2742	873	4.0
2742	875	5.0
2742	926	2.0
2742	940	3.0
2742	1004	5.0
2742	1056	4.0
2742	1078	2.0
2742	1101	4.0
2742	1204	4.0
2742	1209	3.0
2742	1352	4.0
2742	1491	3.0
2742	1544	5.0
2742	1608	4.0
2742	1745	3.0
2742	1782	4.0
2742	1824	3.0
2742	1840	4.0
2742	1941	5.0
2742	2029	4.0
2742	2228	4.0
2742	2252	3.0
2742	2347	3.0
2742	2433	4.0
2742	2462	5.0
2742	2606	4.0
2742	2819	3.0
2742	3008	3.0
2742	3018	3.0
2742	3100	5.0
2742	3135	4.0
2742	3238	4.0
2742	3262	3.0
2742	3311	4.0
2742	3319	3.0
2742	3400	3.0
2742	3568	4.0
2742	3594	4.0
2742	3723	4.0
2742	3785	3.0
2742	3835	4.0
2742	3871	3.0
2742	3910	5.0
2742	3964	3.0
2742	3991	3.0
2742	4140	3.0
2742	4164	3.0
2742	4202	4.0
2742	4254	4.0
2742	4272	3.0
2742	4307	3.0
2742	4323	4.0
2742	4340	4.0
2742	4368	4.0
2742	4469	5.0
2742	4513	3.0
2742	4559	4.0
2742	4634	4.0
2742	4648	4.0
2742	4658	3.0
2742	4791	4.0
2742	4833	4.0
2742	4848	3.0
2742	4894	5.0
2742	5082	4.0
2742	5147	2.0
2742	5194	4.0
2742	5228	4.0
2742	5236	3.0
2742	5472	3.0
2742	5507	4.0
2742	5511	2.0
2742	5518	4.0
2742	5578	4.0
2742	5592	3.0
2742	5678	3.0
2742	5690	4.0
2742	5775	3.0
2742	5776	4.0
2742	5871	4.0
2742	5873	4.0
2742	5995	3.0
2742	6101	3.0
2742	6109	3.0
2742	6236	3.0
2742	6383	4.0
2742	6544	5.0
2742	6848	4.0
2742	6878	4.0
2756	1	3.0
2756	194	2.0
2756	211	4.0
2756	215	5.0
2756	234	4.0
2756	282	3.0
2756	341	3.0
2756	346	2.0
2756	353	5.0
2756	362	2.0
2756	500	4.0
2756	513	4.0
2756	514	5.0
2756	545	4.0
2756	557	4.0
2756	565	4.0
2756	578	2.0
2756	629	3.0
2756	680	5.0
2756	768	2.0
2756	797	1.0
2756	817	3.0
2756	818	4.0
2756	820	4.0
2756	887	5.0
2756	912	5.0
2756	921	4.0
2756	939	4.0
2756	1056	4.0
2756	1064	4.0
2756	1077	5.0
2756	1167	4.0
2756	1168	3.0
2756	1279	4.0
2756	1443	2.0
2756	1448	3.0
2756	1461	2.0
2756	1479	4.0
2756	1488	4.0
2756	1517	1.0
2756	1522	4.0
2756	1527	4.0
2756	1563	5.0
2756	1654	4.0
2756	1740	4.0
2756	1743	5.0
2756	1748	4.0
2756	1774	3.0
2756	1779	4.0
2756	1870	4.0
2756	1941	4.0
2756	1959	3.0
2756	2090	5.0
2756	2178	4.0
2756	2220	4.0
2756	2242	3.0
2756	2262	5.0
2756	2359	4.0
2756	2431	2.0
2756	2537	4.0
2756	2641	3.0
2756	2656	4.0
2756	2846	5.0
2756	2894	2.0
2756	2931	4.0
2756	2938	4.0
2756	2986	4.0
2756	3026	3.0
2756	3100	5.0
2756	3110	4.0
2756	3180	4.0
2756	3185	2.0
2756	3205	3.0
2756	3255	5.0
2756	3288	3.0
2756	3296	4.0
2756	3310	4.0
2756	3450	2.0
2756	3465	4.0
2756	3527	1.0
2756	3551	1.0
2756	3555	1.0
2756	3622	3.0
2756	3629	4.0
2756	3650	5.0
2756	3661	4.0
2756	3679	4.0
2756	3692	3.0
2756	3730	4.0
2756	3778	4.0
2756	3794	5.0
2756	3856	4.0
2756	3879	1.0
2756	3901	2.0
2756	3911	5.0
2756	3920	2.0
2756	3978	3.0
2756	3993	3.0
2756	3998	5.0
2756	4001	5.0
2756	4067	4.0
2756	4080	4.0
2756	4094	4.0
2756	4117	5.0
2756	4120	5.0
2756	4172	4.0
2756	4187	5.0
2756	4200	4.0
2756	4204	4.0
2756	4241	4.0
2756	4258	4.0
2756	4330	1.0
2756	4333	1.0
2756	4357	5.0
2756	4392	4.0
2756	4418	3.0
2756	4428	3.0
2756	4513	2.0
2756	4608	2.0
2756	4649	2.0
2756	4705	4.0
2756	4726	4.0
2756	4733	3.0
2756	4748	5.0
2756	4848	1.0
2756	4889	4.0
2756	4916	1.0
2756	4917	5.0
2756	4923	5.0
2756	4928	4.0
2756	4975	4.0
2756	4982	4.0
2756	5042	4.0
2756	5053	4.0
2756	5057	3.0
2756	5105	4.0
2756	5187	4.0
2756	5214	3.0
2756	5257	3.0
2756	5304	3.0
2756	5357	1.0
2756	5385	3.0
2756	5407	4.0
2756	5423	4.0
2756	5434	3.0
2756	5503	3.0
2756	5657	4.0
2756	5682	2.0
2756	5780	5.0
2756	5791	3.0
2756	5910	4.0
2756	5936	5.0
2756	5982	3.0
2756	5983	4.0
2756	6084	2.0
2756	6163	1.0
2756	6187	3.0
2756	6199	3.0
2756	6208	4.0
2756	6220	2.0
2756	6300	1.0
2756	6302	4.0
2756	6311	5.0
2756	6369	3.0
2756	6384	4.0
2756	6387	5.0
2756	6479	5.0
2756	6536	3.0
2756	6571	4.0
2756	6580	4.0
2756	6593	4.0
2756	6626	4.0
2756	6637	4.0
2756	6648	5.0
2756	6672	4.0
2756	6690	4.0
2756	6695	3.0
2756	6725	3.0
2756	6727	3.0
2756	6731	3.0
2756	6774	4.0
2756	6776	4.0
2756	6881	5.0
2784	174	5.0
2784	185	5.0
2784	211	5.0
2784	276	5.0
2784	330	5.0
2784	349	5.0
2784	356	5.0
2784	397	5.0
2784	399	4.0
2784	492	4.0
2784	502	5.0
2784	507	5.0
2784	513	4.0
2784	545	3.0
2784	586	4.0
2784	611	5.0
2784	633	5.0
2784	655	5.0
2784	730	4.0
2784	774	5.0
2784	866	5.0
2784	872	4.0
2784	912	5.0
2784	929	5.0
2784	944	5.0
2784	1001	5.0
2784	1125	3.0
2784	1162	5.0
2784	1251	5.0
2784	1258	5.0
2784	1270	4.0
2784	1355	4.0
2784	1360	4.0
2784	1390	5.0
2784	1481	5.0
2784	1501	5.0
2784	1520	5.0
2784	1533	4.0
2784	1545	4.0
2784	1563	4.0
2784	1632	3.0
2784	1642	3.0
2784	1779	3.0
2784	1782	4.0
2784	1793	4.0
2784	1889	5.0
2784	1890	5.0
2784	2014	5.0
2784	2070	5.0
2784	2072	2.0
2784	2109	5.0
2784	2178	3.0
2784	2248	4.0
2784	2256	5.0
2784	2269	5.0
2784	2286	5.0
2784	2294	5.0
2784	2299	5.0
2784	2436	4.0
2784	2443	5.0
2784	2475	5.0
2784	2490	4.0
2784	2565	4.0
2784	2586	5.0
2784	2606	5.0
2784	2633	5.0
2784	2695	5.0
2784	2859	4.0
2784	2901	5.0
2784	2939	5.0
2784	2973	5.0
2784	3006	4.0
2784	3016	5.0
2784	3056	5.0
2784	3089	4.0
2784	3192	5.0
2784	3197	3.0
2784	3198	1.0
2784	3277	5.0
2784	3303	5.0
2784	3326	5.0
2784	3341	5.0
2784	3373	5.0
2784	3438	4.0
2784	3439	5.0
2784	3452	3.0
2784	3528	5.0
2784	3618	5.0
2784	3628	5.0
2784	3642	5.0
2784	3649	5.0
2784	3650	5.0
2784	3671	5.0
2784	3864	5.0
2784	3970	4.0
2784	3991	4.0
2784	4001	5.0
2784	4084	3.0
2784	4188	4.0
2784	4215	5.0
2784	4260	4.0
2784	4266	5.0
2784	4316	5.0
2784	4351	5.0
2784	4388	4.0
2784	4398	4.0
2784	4593	4.0
2784	4748	5.0
2784	4889	4.0
2784	4960	5.0
2784	4985	4.0
2784	5148	5.0
2784	5317	4.0
2784	5357	2.0
2784	5369	5.0
2784	5385	5.0
2784	5395	5.0
2784	5514	5.0
2784	5685	5.0
2784	5696	3.0
2784	5732	5.0
2784	5780	4.0
2784	5874	3.0
2784	5888	5.0
2784	5987	5.0
2784	6185	4.0
2784	6203	3.0
2784	6333	4.0
2784	6340	5.0
2784	6509	5.0
2784	6512	4.0
2784	6541	5.0
2784	6571	5.0
2784	6572	4.0
2784	6637	5.0
2784	6662	4.0
2784	6700	5.0
2784	6771	4.0
2784	6881	5.0
2784	6905	4.0
2784	6922	5.0
2784	6962	5.0
2811	139	4.0
2811	236	1.0
2811	243	4.0
2811	285	4.0
2811	797	3.0
2811	853	3.0
2811	970	4.0
2811	1226	5.0
2811	1387	4.0
2811	1432	4.0
2811	1506	4.0
2811	1549	3.0
2811	1608	5.0
2811	1623	5.0
2811	2220	4.0
2811	2221	4.0
2811	2286	5.0
2811	2386	4.0
2811	2823	5.0
2811	3100	5.0
2811	3150	3.0
2811	3594	3.0
2811	3613	3.0
2811	3639	5.0
2811	3778	4.0
2811	3869	2.0
2811	3912	5.0
2811	4074	5.0
2811	4097	4.0
2811	4109	5.0
2811	4135	3.0
2811	4339	2.0
2811	4774	4.0
2811	4795	3.0
2811	4854	3.0
2811	4928	3.0
2811	4993	3.0
2811	5053	5.0
2811	5262	2.0
2811	5430	3.0
2811	5536	5.0
2811	5572	5.0
2811	5888	5.0
2811	5956	4.0
2811	6012	4.0
2811	6190	5.0
2811	6200	4.0
2811	6630	4.0
2863	1	3.0
2863	34	3.0
2863	106	3.0
2863	190	5.0
2863	194	4.0
2863	337	2.0
2863	348	4.0
2863	421	3.0
2863	478	1.0
2863	514	4.0
2863	629	4.0
2863	649	5.0
2863	850	3.0
2863	859	4.0
2863	936	4.0
2863	1036	5.0
2863	1046	3.0
2863	1063	3.0
2863	1117	3.0
2863	1177	4.0
2863	1189	2.0
2863	1204	3.0
2863	1209	2.0
2863	1380	4.0
2863	1432	4.0
2863	1461	3.0
2863	1487	3.0
2863	1516	3.0
2863	1518	3.0
2863	1549	5.0
2863	1600	3.0
2863	1647	4.0
2863	1684	3.0
2863	1709	3.0
2863	1728	5.0
2863	1801	3.0
2863	1826	3.0
2863	1941	4.0
2863	1957	3.0
2863	1999	3.0
2863	2072	1.0
2863	2089	4.0
2863	2143	3.0
2863	2176	3.0
2863	2197	4.0
2863	2220	4.0
2863	2221	3.0
2863	2258	3.0
2863	2274	5.0
2863	2285	1.0
2863	2323	3.0
2863	2430	4.0
2863	2448	3.0
2863	2598	3.0
2863	2606	4.0
2863	2647	4.0
2863	2770	3.0
2863	2787	4.0
2863	2798	5.0
2863	2959	4.0
2863	2991	4.0
2863	2997	3.0
2863	3060	4.0
2863	3067	4.0
2863	3101	3.0
2863	3168	2.0
2863	3312	4.0
2863	3359	4.0
2863	3414	4.0
2863	3483	3.0
2863	3486	4.0
2863	3513	4.0
2863	3516	3.0
2863	3692	4.0
2863	3693	4.0
2863	3695	4.0
2863	3697	3.0
2863	3949	4.0
2863	3972	5.0
2863	3997	4.0
2863	4187	5.0
2863	4188	4.0
2863	4200	4.0
2863	4234	5.0
2863	4253	4.0
2863	4260	5.0
2863	4307	5.0
2863	4398	4.0
2863	4482	4.0
2863	4614	3.0
2863	4647	2.0
2863	4808	4.0
2863	4857	4.0
2863	4923	5.0
2863	4964	4.0
2863	5048	1.0
2863	5057	5.0
2863	5071	4.0
2863	5072	4.0
2863	5159	2.0
2863	5194	3.0
2863	5229	4.0
2863	5251	5.0
2863	5296	3.0
2863	5300	4.0
2863	5414	2.0
2863	5472	3.0
2863	5554	4.0
2863	5556	4.0
2863	5566	5.0
2863	5649	4.0
2863	5663	5.0
2863	5683	4.0
2863	5686	3.0
2863	5749	3.0
2863	5773	4.0
2863	5800	3.0
2863	5896	3.0
2863	6012	3.0
2863	6081	3.0
2863	6107	4.0
2863	6159	5.0
2863	6182	4.0
2863	6300	3.0
2863	6311	3.0
2863	6336	4.0
2863	6373	4.0
2863	6384	3.0
2863	6390	4.0
2863	6426	4.0
2863	6600	4.0
2863	6619	2.0
2863	6704	5.0
2863	6705	4.0
2863	6710	1.0
2863	6837	3.0
2863	6915	4.0
2863	6916	4.0
2863	6939	4.0
2863	6962	4.0
2878	340	4.0
2878	341	4.0
2878	364	5.0
2878	399	5.0
2878	402	5.0
2878	465	5.0
2878	483	3.0
2878	537	2.0
2878	699	5.0
2878	1030	3.0
2878	1075	5.0
2878	1204	3.0
2878	1336	5.0
2878	1350	3.0
2878	1359	3.0
2878	1628	4.0
2878	1629	3.0
2878	1643	4.0
2878	1650	4.0
2878	1667	4.0
2878	2133	5.0
2878	2135	3.0
2878	2163	4.0
2878	2199	3.0
2878	2260	5.0
2878	2298	5.0
2878	2511	4.0
2878	2513	3.0
2878	2645	3.0
2878	2676	5.0
2878	2704	5.0
2878	2824	5.0
2878	2858	4.0
2878	2893	3.0
2878	2899	3.0
2878	2907	3.0
2878	2988	5.0
2878	3025	5.0
2878	3069	3.0
2878	3109	4.0
2878	3128	2.0
2878	3222	4.0
2878	3295	5.0
2878	3362	5.0
2878	3394	2.0
2878	3425	3.0
2878	3563	4.0
2878	3618	2.0
2878	3662	5.0
2878	3716	4.0
2878	3791	5.0
2878	4094	5.0
2878	4215	5.0
2878	4318	5.0
2878	4338	3.0
2878	4340	5.0
2878	4390	3.0
2878	4472	4.0
2878	4628	3.0
2878	4673	3.0
2878	4725	3.0
2878	4809	3.0
2878	4852	4.0
2878	4922	5.0
2878	5005	4.0
2878	5152	5.0
2878	5170	5.0
2878	5191	5.0
2878	5630	4.0
2878	5910	3.0
2878	5979	3.0
2878	6123	3.0
2878	6203	3.0
2878	6342	4.0
2878	6446	3.0
2878	6469	4.0
2878	6666	3.0
2878	6691	5.0
2878	6850	3.0
2878	6875	3.0
2883	25	5.0
2883	76	5.0
2883	94	5.0
2883	153	5.0
2883	180	5.0
2883	236	3.0
2883	275	4.0
2883	294	5.0
2883	353	5.0
2883	545	4.0
2883	602	4.0
2883	629	2.0
2883	656	4.0
2883	730	1.0
2883	824	5.0
2883	828	4.0
2883	858	4.0
2883	934	2.0
2883	1018	3.0
2883	1049	4.0
2883	1352	3.0
2883	1361	5.0
2883	1377	3.0
2883	1384	5.0
2883	1421	4.0
2883	1432	5.0
2883	1654	3.0
2883	1760	4.0
2883	1871	2.0
2883	1964	5.0
2883	2132	5.0
2883	2282	5.0
2883	2509	2.0
2883	2544	3.0
2883	2627	4.0
2883	2683	4.0
2883	2790	5.0
2883	2874	5.0
2883	3060	4.0
2883	3089	4.0
2883	3144	4.0
2883	3361	4.0
2883	3739	5.0
2883	3873	5.0
2883	4117	5.0
2883	4323	4.0
2883	4390	3.0
2883	4590	4.0
2883	4665	4.0
2883	4695	5.0
2883	4769	4.0
2883	4927	5.0
2883	4947	3.0
2883	5151	4.0
2883	5213	4.0
2883	5274	4.0
2883	5322	5.0
2883	5555	4.0
2883	5592	2.0
2883	5597	5.0
2883	5621	5.0
2883	5858	5.0
2883	5910	5.0
2883	5928	2.0
2883	6203	3.0
2883	6472	3.0
2883	6578	3.0
2883	6637	3.0
2891	6	1.0
2891	293	5.0
2891	311	1.0
2891	372	5.0
2891	387	2.0
2891	401	3.0
2891	432	3.0
2891	459	3.0
2891	499	2.0
2891	605	4.0
2891	699	5.0
2891	714	3.0
2891	797	1.0
2891	832	5.0
2891	962	2.0
2891	1036	5.0
2891	1058	2.0
2891	1060	3.0
2891	1061	5.0
2891	1071	4.0
2891	1140	2.0
2891	1145	3.0
2891	1150	2.0
2891	1189	3.0
2891	1247	2.0
2891	1278	5.0
2891	1361	1.0
2891	1403	3.0
2891	1433	3.0
2891	1458	1.0
2891	1513	1.0
2891	1556	5.0
2891	1607	3.0
2891	1684	1.0
2891	1740	3.0
2891	1772	5.0
2891	1855	3.0
2891	1866	3.0
2891	1973	2.0
2891	2021	2.0
2891	2031	3.0
2891	2093	4.0
2891	2167	2.0
2891	2220	5.0
2891	2221	3.0
2891	2231	3.0
2891	2330	4.0
2891	2394	5.0
2891	2481	4.0
2891	2596	1.0
2891	2758	2.0
2891	2765	3.0
2891	2866	3.0
2891	2902	2.0
2891	2911	4.0
2891	2971	5.0
2891	3055	5.0
2891	3089	3.0
2891	3193	4.0
2891	3205	3.0
2891	3235	3.0
2891	3273	3.0
2891	3277	3.0
2891	3387	3.0
2891	3423	5.0
2891	3473	3.0
2891	3486	2.0
2891	3512	2.0
2891	3594	4.0
2891	3644	1.0
2891	3650	3.0
2891	3690	2.0
2891	3708	5.0
2891	3774	3.0
2891	3781	3.0
2891	3784	4.0
2891	3919	3.0
2891	3954	4.0
2891	3993	2.0
2891	4180	1.0
2891	4239	3.0
2891	4386	4.0
2891	4390	1.0
2891	4458	2.0
2891	4487	2.0
2891	4507	1.0
2891	4524	2.0
2891	4635	4.0
2891	4647	1.0
2891	4857	1.0
2891	4887	1.0
2891	4924	4.0
2891	4927	5.0
2891	4929	5.0
2891	5055	1.0
2891	5123	4.0
2891	5194	3.0
2891	5196	3.0
2891	5211	5.0
2891	5220	2.0
2891	5236	5.0
2891	5246	2.0
2891	5392	3.0
2891	5494	5.0
2891	5598	4.0
2891	5710	3.0
2891	5756	5.0
2891	5768	4.0
2891	5802	5.0
2891	5929	1.0
2891	5932	3.0
2891	5949	3.0
2891	5970	3.0
2891	6097	3.0
2891	6120	3.0
2891	6203	1.0
2891	6208	5.0
2891	6236	3.0
2891	6260	2.0
2891	6295	4.0
2891	6577	3.0
2891	6747	5.0
2891	6762	3.0
2891	6792	4.0
2891	6852	5.0
2891	6921	2.0
2891	6928	4.0
2901	174	5.0
2901	326	3.0
2901	359	3.0
2901	629	3.0
2901	776	3.0
2901	828	2.0
2901	936	3.0
2901	1209	1.0
2901	1294	5.0
2901	1521	4.0
2901	1565	5.0
2901	1587	3.0
2901	1653	5.0
2901	1706	4.0
2901	1760	4.0
2901	1817	3.0
2901	1914	5.0
2901	1983	5.0
2901	2025	5.0
2901	2135	5.0
2901	2160	5.0
2901	2430	4.0
2901	2462	5.0
2901	2492	3.0
2901	2564	4.0
2901	2838	5.0
2901	2840	5.0
2901	3055	5.0
2901	3060	5.0
2901	3070	3.0
2901	3094	4.0
2901	3151	3.0
2901	3222	3.0
2901	3255	5.0
2901	3270	5.0
2901	3281	3.0
2901	3292	5.0
2901	3386	3.0
2901	3429	3.0
2901	3536	5.0
2901	3570	5.0
2901	3581	5.0
2901	3594	4.0
2901	3777	5.0
2901	3779	5.0
2901	3784	4.0
2901	3915	4.0
2901	3993	3.0
2901	4172	5.0
2901	4236	5.0
2901	4258	3.0
2901	4307	5.0
2901	4312	4.0
2901	4340	5.0
2901	4392	4.0
2901	4524	3.0
2901	4646	5.0
2901	4663	3.0
2901	4748	5.0
2901	4922	3.0
2901	4979	1.0
2901	5086	3.0
2901	5151	3.0
2901	5263	3.0
2901	5293	4.0
2901	5386	4.0
2901	5423	4.0
2901	5503	5.0
2901	5581	3.0
2901	5614	3.0
2901	5849	3.0
2901	5913	2.0
2901	5986	3.0
2901	6018	3.0
2901	6123	3.0
2901	6208	5.0
2901	6221	4.0
2901	6232	5.0
2901	6320	3.0
2901	6416	1.0
2901	6470	4.0
2901	6476	5.0
2901	6479	4.0
2901	6672	5.0
2901	6685	5.0
2901	6881	4.0
2968	499	2.0
2968	540	3.0
2968	574	3.0
2968	575	4.0
2968	1142	1.0
2968	1145	5.0
2968	1311	4.0
2968	1413	4.0
2968	1441	3.0
2968	1654	3.0
2968	1950	3.0
2968	1964	4.0
2968	1999	4.0
2968	2069	5.0
2968	2211	4.0
2968	2262	5.0
2968	2331	4.0
2968	2757	3.0
2968	2854	4.0
2968	2972	3.0
2968	3099	5.0
2968	3144	3.0
2968	3175	4.0
2968	3226	4.0
2968	3550	2.0
2968	3649	4.0
2968	3680	2.0
2968	3726	2.0
2968	3830	4.0
2968	3847	3.0
2968	4094	4.0
2968	4221	4.0
2968	4323	3.0
2968	4463	4.0
2968	4608	4.0
2968	4611	2.0
2968	4748	4.0
2968	5040	5.0
2968	5251	2.0
2968	5262	4.0
2968	5386	5.0
2968	5555	3.0
2968	5783	4.0
2968	5842	2.0
2968	5857	2.0
2968	6066	3.0
2968	6145	5.0
2968	6369	4.0
2968	6479	4.0
2968	6545	4.0
