User	Movie	Rating
13	272	5.0
13	324	5.0
13	364	4.0
13	371	5.0
13	399	4.0
13	422	4.0
13	448	4.0
13	483	5.0
13	529	5.0
13	575	5.0
13	699	4.0
13	831	5.0
13	879	4.0
13	1001	5.0
13	1077	5.0
13	1125	5.0
13	1177	5.0
13	1338	5.0
13	1432	5.0
13	1437	5.0
13	1456	4.0
13	1547	4.0
13	1745	5.0
13	1842	4.0
13	1853	5.0
13	1854	5.0
13	1884	5.0
13	1907	5.0
13	2015	4.0
13	2139	5.0
13	2414	4.0
13	2425	5.0
13	2461	5.0
13	2477	5.0
13	2550	4.0
13	2729	5.0
13	2900	5.0
13	3024	5.0
13	3025	5.0
13	3026	5.0
13	3086	3.0
13	3110	5.0
13	3129	4.0
13	3167	5.0
13	3173	5.0
13	3192	5.0
13	3319	5.0
13	3409	4.0
13	3449	5.0
13	3468	5.0
13	3754	5.0
13	3777	4.0
13	3794	5.0
13	3834	5.0
13	3846	5.0
13	4037	5.0
13	4042	5.0
13	4090	5.0
13	4188	5.0
13	4234	4.0
13	4462	4.0
13	4477	5.0
13	4522	4.0
13	4628	5.0
13	4665	5.0
13	4684	5.0
13	4759	4.0
13	4857	5.0
13	4860	5.0
13	4900	5.0
13	4951	5.0
13	5036	4.0
13	5105	3.0
13	5157	5.0
13	5179	5.0
13	5194	4.0
13	5236	5.0
13	5262	4.0
13	5265	4.0
13	5294	5.0
13	5316	5.0
13	5368	5.0
13	5515	3.0
13	5534	5.0
13	5709	5.0
13	6105	5.0
13	6209	4.0
13	6222	5.0
13	6512	4.0
13	6681	3.0
13	6696	5.0
13	6733	5.0
13	6768	5.0
13	6769	4.0
13	6773	5.0
13	6774	5.0
13	6903	4.0
13	6965	5.0
13	6968	5.0
22	223	5.0
22	832	4.0
22	1329	3.0
22	1355	3.0
22	1380	5.0
22	1521	4.0
22	1540	4.0
22	1586	3.0
22	1738	4.0
22	1799	5.0
22	1834	4.0
22	2084	3.0
22	2313	3.0
22	2492	4.0
22	2859	4.0
22	2982	3.0
22	3024	4.0
22	3026	4.0
22	3045	3.0
22	3102	4.0
22	3308	3.0
22	3400	4.0
22	3510	3.0
22	3563	4.0
22	3587	4.0
22	3781	4.0
22	3834	3.0
22	3967	3.0
22	4021	3.0
22	4135	3.0
22	4230	4.0
22	4402	3.0
22	4517	3.0
22	4665	4.0
22	4932	5.0
22	4951	3.0
22	5082	4.0
22	5252	4.0
22	5282	4.0
22	5566	4.0
22	6036	3.0
22	6208	4.0
22	6776	4.0
53	61	3.0
53	198	3.0
53	248	4.0
53	537	3.0
53	676	5.0
53	773	4.0
53	1060	4.0
53	1295	5.0
53	1506	3.0
53	1770	5.0
53	1813	3.0
53	2081	3.0
53	2135	5.0
53	2269	4.0
53	2350	5.0
53	2395	4.0
53	3129	3.0
53	3144	3.0
53	4113	4.0
53	4201	4.0
53	4241	3.0
53	4387	5.0
53	4487	4.0
53	4559	3.0
53	4878	3.0
53	4894	4.0
53	5198	4.0
53	5572	4.0
53	5867	4.0
53	6161	4.0
53	6420	5.0
53	6421	5.0
53	6724	4.0
53	6780	5.0
105	238	4.0
105	294	5.0
105	304	4.0
105	328	2.0
105	338	2.0
105	339	4.0
105	421	3.0
105	537	3.0
105	545	4.0
105	681	4.0
105	711	4.0
105	729	3.0
105	827	4.0
105	858	4.0
105	913	4.0
105	936	2.0
105	947	3.0
105	1033	4.0
105	1061	5.0
105	1094	2.0
105	1125	4.0
105	1336	4.0
105	1400	4.0
105	1482	3.0
105	1563	4.0
105	1585	4.0
105	1641	5.0
105	1650	4.0
105	1717	3.0
105	1937	4.0
105	1951	5.0
105	1956	4.0
105	1963	3.0
105	2032	4.0
105	2111	2.0
105	2135	4.0
105	2197	4.0
105	2240	3.0
105	2246	4.0
105	2298	4.0
105	2384	4.0
105	2458	4.0
105	2788	4.0
105	2959	5.0
105	3026	5.0
105	3144	3.0
105	3193	4.0
105	3523	5.0
105	3555	2.0
105	3630	4.0
105	3791	5.0
105	3834	3.0
105	4160	3.0
105	4171	3.0
105	4453	4.0
105	4487	4.0
105	4513	1.0
105	4559	3.0
105	4620	4.0
105	4647	3.0
105	4712	3.0
105	4803	3.0
105	4857	4.0
105	4894	3.0
105	4924	4.0
105	4947	4.0
105	4951	4.0
105	4953	4.0
105	4997	4.0
105	5047	3.0
105	5082	4.0
105	5109	5.0
105	5146	3.0
105	5157	3.0
105	5165	4.0
105	5179	3.0
105	5213	3.0
105	5228	4.0
105	5294	4.0
105	5317	4.0
105	5385	4.0
105	5440	3.0
105	5552	3.0
105	5572	4.0
105	5581	3.0
105	5592	3.0
105	5793	4.0
105	5979	5.0
105	6029	5.0
105	6202	3.0
105	6544	4.0
105	6672	5.0
105	6925	5.0
105	6955	5.0
105	6968	3.0
124	7	2.0
124	67	3.0
124	71	4.0
124	133	5.0
124	185	3.0
124	427	4.0
124	510	4.0
124	528	3.0
124	533	2.0
124	612	3.0
124	629	3.0
124	763	1.0
124	797	3.0
124	908	2.0
124	939	5.0
124	983	3.0
124	1061	5.0
124	1096	3.0
124	1140	4.0
124	1145	4.0
124	1209	3.0
124	1210	4.0
124	1226	5.0
124	1506	3.0
124	1608	4.0
124	1654	3.0
124	1713	5.0
124	2071	3.0
124	2252	4.0
124	2300	3.0
124	2320	3.0
124	2522	4.0
124	2628	2.0
124	2806	2.0
124	2846	5.0
124	2874	3.0
124	2929	4.0
124	2995	2.0
124	3025	5.0
124	3031	2.0
124	3085	3.0
124	3124	3.0
124	3301	5.0
124	3313	2.0
124	3317	4.0
124	3345	5.0
124	3427	3.0
124	3435	3.0
124	3630	4.0
124	3789	3.0
124	3852	4.0
124	3921	4.0
124	3952	5.0
124	3964	3.0
124	3970	4.0
124	4153	2.0
124	4221	5.0
124	4256	3.0
124	4270	3.0
124	4424	5.0
124	4488	4.0
124	4597	5.0
124	4606	4.0
124	4664	4.0
124	4727	3.0
124	4874	4.0
124	4979	3.0
124	5093	4.0
124	5124	5.0
124	5154	3.0
124	5222	1.0
124	5546	4.0
124	5583	3.0
124	5690	3.0
124	5696	2.0
124	5758	3.0
124	5781	5.0
124	5802	4.0
124	5852	3.0
124	5873	5.0
124	5928	4.0
124	6370	5.0
124	6394	4.0
124	6402	2.0
124	6545	4.0
124	6719	3.0
124	6745	3.0
124	6848	3.0
172	61	3.0
172	174	5.0
172	194	3.0
172	220	4.0
172	346	2.0
172	418	4.0
172	493	3.0
172	614	5.0
172	682	2.0
172	709	3.0
172	804	4.0
172	881	3.0
172	1079	4.0
172	1340	4.0
172	1483	4.0
172	1745	4.0
172	1848	4.0
172	2313	4.0
172	2350	4.0
172	2414	2.0
172	2436	4.0
172	2462	4.0
172	2628	3.0
172	2872	5.0
172	3307	4.0
172	3331	3.0
172	3341	4.0
172	3400	3.0
172	3517	4.0
172	3781	4.0
172	3852	3.0
172	3910	5.0
172	3991	3.0
172	3993	4.0
172	3998	3.0
172	4172	4.0
172	4507	3.0
172	4635	4.0
172	4636	3.0
172	4791	3.0
172	4951	3.0
172	4983	5.0
172	5129	4.0
172	5136	4.0
172	5154	3.0
172	5457	2.0
172	5508	4.0
172	5546	3.0
172	5595	3.0
172	5838	3.0
172	5896	4.0
172	5945	4.0
172	5998	5.0
172	6196	3.0
172	6203	3.0
172	6304	3.0
172	6538	3.0
172	6738	3.0
172	6821	4.0
172	6877	3.0
172	6918	2.0
172	6950	3.0
237	28	3.0
237	31	4.0
237	61	4.0
237	62	3.0
237	161	5.0
237	197	5.0
237	510	4.0
237	646	4.0
237	678	5.0
237	808	4.0
237	817	5.0
237	873	3.0
237	1033	5.0
237	1171	5.0
237	1175	4.0
237	1478	3.0
237	1821	5.0
237	1834	3.0
237	2334	5.0
237	2361	5.0
237	2363	5.0
237	2431	3.0
237	2810	2.0
237	2980	4.0
237	3017	5.0
237	3022	3.0
237	3102	2.0
237	3307	4.0
237	3430	4.0
237	3449	5.0
237	3463	4.0
237	3570	5.0
237	3747	5.0
237	3886	3.0
237	3905	4.0
237	4112	3.0
237	4120	5.0
237	4345	5.0
237	4415	4.0
237	4592	5.0
237	4607	2.0
237	4658	5.0
237	4922	4.0
237	5124	4.0
237	5152	4.0
237	5177	5.0
237	5228	5.0
237	5353	5.0
237	5507	5.0
237	5698	3.0
237	5743	5.0
237	5822	4.0
237	5928	5.0
237	6036	5.0
237	6203	4.0
237	6735	4.0
292	1	3.0
292	34	3.0
292	139	4.0
292	141	5.0
292	170	4.0
292	179	3.0
292	225	3.0
292	234	3.0
292	248	4.0
292	261	3.0
292	272	3.0
292	338	2.0
292	339	3.0
292	389	3.0
292	421	3.0
292	438	4.0
292	522	1.0
292	602	4.0
292	624	3.0
292	724	3.0
292	737	3.0
292	770	3.0
292	797	2.0
292	818	4.0
292	821	4.0
292	827	4.0
292	865	3.0
292	946	4.0
292	1060	4.0
292	1074	3.0
292	1126	3.0
292	1233	3.0
292	1271	4.0
292	1372	3.0
292	1374	3.0
292	1396	3.0
292	1397	3.0
292	1409	2.0
292	1411	4.0
292	1503	4.0
292	1544	3.0
292	1607	4.0
292	1654	3.0
292	1730	3.0
292	1736	3.0
292	1759	4.0
292	1765	5.0
292	1817	3.0
292	1843	4.0
292	1859	4.0
292	1904	3.0
292	1939	3.0
292	1942	4.0
292	1961	3.0
292	1967	3.0
292	2021	3.0
292	2069	4.0
292	2098	5.0
292	2116	3.0
292	2179	3.0
292	2211	3.0
292	2224	3.0
292	2242	4.0
292	2251	3.0
292	2260	5.0
292	2300	2.0
292	2320	4.0
292	2371	4.0
292	2509	3.0
292	2522	3.0
292	2568	3.0
292	2609	4.0
292	2677	3.0
292	2758	2.0
292	2874	3.0
292	2896	3.0
292	2968	3.0
292	2997	3.0
292	3060	4.0
292	3110	3.0
292	3345	3.0
292	3388	4.0
292	3409	3.0
292	3427	3.0
292	3428	4.0
292	3449	3.0
292	3568	3.0
292	3570	5.0
292	3575	1.0
292	3612	3.0
292	3620	3.0
292	3629	3.0
292	3688	3.0
292	3766	3.0
292	3777	5.0
292	3786	4.0
292	3794	4.0
292	3834	2.0
292	3860	4.0
292	3862	2.0
292	3919	3.0
292	3956	2.0
292	3993	3.0
292	4054	4.0
292	4087	3.0
292	4117	4.0
292	4125	3.0
292	4151	3.0
292	4220	3.0
292	4289	3.0
292	4524	3.0
292	4559	2.0
292	4608	2.0
292	4635	4.0
292	4647	2.0
292	4664	3.0
292	4691	3.0
292	4729	3.0
292	4737	2.0
292	4767	4.0
292	4793	3.0
292	5073	3.0
292	5109	4.0
292	5155	3.0
292	5546	3.0
292	5673	5.0
292	5696	2.0
292	5744	4.0
292	5768	4.0
292	5848	3.0
292	5849	3.0
292	5984	4.0
292	5990	3.0
292	5991	4.0
292	6021	4.0
292	6067	3.0
292	6163	2.0
292	6212	3.0
292	6232	4.0
292	6271	3.0
292	6299	2.0
292	6355	4.0
292	6394	4.0
292	6470	4.0
292	6554	2.0
292	6584	4.0
292	6605	3.0
292	6686	5.0
292	6731	3.0
292	6748	3.0
292	6800	3.0
292	6807	4.0
292	6863	3.0
292	6867	2.0
292	6879	3.0
292	6880	3.0
292	6920	3.0
292	6922	3.0
292	6955	5.0
338	126	2.0
338	185	5.0
338	194	3.0
338	211	4.0
338	516	5.0
338	545	4.0
338	561	3.0
338	633	5.0
338	649	4.0
338	676	5.0
338	715	3.0
338	733	2.0
338	747	4.0
338	872	3.0
338	929	5.0
338	946	4.0
338	966	3.0
338	1060	4.0
338	1291	5.0
338	1410	4.0
338	1622	4.0
338	1654	3.0
338	1740	2.0
338	1759	5.0
338	1802	2.0
338	1894	3.0
338	2056	4.0
338	2098	5.0
338	2104	4.0
338	2135	5.0
338	2160	4.0
338	2189	3.0
338	2208	5.0
338	2255	4.0
338	2324	3.0
338	2340	4.0
338	2368	3.0
338	2463	4.0
338	2477	4.0
338	2535	4.0
338	2564	4.0
338	2604	3.0
338	2639	2.0
338	2706	5.0
338	2787	4.0
338	2970	4.0
338	3003	5.0
338	3056	4.0
338	3060	5.0
338	3150	4.0
338	3473	4.0
338	3561	3.0
338	3656	5.0
338	3687	3.0
338	3743	3.0
338	3860	4.0
338	3919	2.0
338	4007	3.0
338	4014	5.0
338	4111	5.0
338	4132	4.0
338	4265	5.0
338	4289	3.0
338	4304	4.0
338	4305	4.0
338	4321	2.0
338	4372	2.0
338	4464	3.0
338	4679	3.0
338	4698	4.0
338	4713	3.0
338	4787	3.0
338	4860	4.0
338	4907	2.0
338	4932	4.0
338	4946	4.0
338	5150	2.0
338	5152	3.0
338	5153	5.0
338	5407	5.0
338	5424	3.0
338	5465	4.0
338	5491	5.0
338	5575	5.0
338	5616	4.0
338	5646	2.0
338	5749	2.0
338	5998	3.0
338	6006	4.0
338	6043	4.0
338	6056	4.0
338	6115	4.0
338	6237	3.0
338	6340	3.0
338	6399	3.0
338	6484	5.0
338	6555	4.0
338	6792	3.0
338	6800	3.0
338	6878	4.0
338	6909	3.0
338	6920	3.0
338	6927	5.0
338	6931	4.0
346	38	2.0
346	42	4.0
346	113	4.0
346	509	3.0
346	884	3.0
346	912	4.0
346	1064	5.0
346	1608	3.0
346	1707	4.0
346	1759	3.0
346	1774	3.0
346	1821	5.0
346	1957	4.0
346	1969	3.0
346	2017	3.0
346	2384	3.0
346	2461	3.0
346	2886	3.0
346	3132	3.0
346	3309	4.0
346	3555	3.0
346	3690	3.0
346	3691	3.0
346	3754	4.0
346	3773	3.0
346	3777	5.0
346	3822	4.0
346	3950	3.0
346	4135	3.0
346	4390	4.0
346	4478	4.0
346	4791	3.0
346	4797	3.0
346	4860	4.0
346	4900	5.0
346	4922	3.0
346	5049	4.0
346	5154	3.0
346	5251	3.0
346	5664	4.0
346	5688	3.0
346	5928	3.0
346	6250	4.0
346	6288	3.0
346	6395	3.0
346	6659	3.0
360	72	3.0
360	272	3.0
360	323	4.0
360	346	3.0
360	353	4.0
360	374	3.0
360	466	2.0
360	559	3.0
360	747	5.0
360	799	4.0
360	828	3.0
360	857	4.0
360	926	2.0
360	1049	3.0
360	1071	4.0
360	1271	4.0
360	1384	5.0
360	1448	3.0
360	1601	4.0
360	1617	5.0
360	1654	3.0
360	1740	4.0
360	1776	5.0
360	1941	4.0
360	2017	4.0
360	2052	2.0
360	2199	3.0
360	2213	3.0
360	2421	4.0
360	2522	4.0
360	2692	3.0
360	2743	4.0
360	2929	4.0
360	2948	3.0
360	2997	5.0
360	3095	4.0
360	3124	4.0
360	3223	3.0
360	3310	3.0
360	3320	1.0
360	3422	4.0
360	3427	3.0
360	3512	3.0
360	3513	3.0
360	3563	4.0
360	3618	2.0
360	3650	5.0
360	3684	4.0
360	3691	3.0
360	3695	4.0
360	3707	5.0
360	3724	3.0
360	3781	4.0
360	3785	3.0
360	3856	4.0
360	3869	2.0
360	3910	4.0
360	3946	5.0
360	3997	3.0
360	4025	4.0
360	4094	3.0
360	4135	3.0
360	4209	4.0
360	4230	3.0
360	4317	4.0
360	4338	3.0
360	4339	3.0
360	4381	3.0
360	4484	5.0
360	4653	3.0
360	4703	4.0
360	4765	3.0
360	4767	4.0
360	4769	4.0
360	5063	4.0
360	5150	4.0
360	5194	4.0
360	5319	3.0
360	5385	4.0
360	5515	3.0
360	5595	4.0
360	5909	3.0
360	5934	3.0
360	6024	3.0
360	6099	3.0
360	6139	4.0
360	6192	3.0
360	6350	4.0
360	6432	4.0
360	6493	4.0
360	6578	3.0
360	6633	3.0
360	6671	4.0
360	6687	4.0
360	6695	3.0
360	6722	3.0
360	6869	3.0
360	6871	4.0
360	6923	5.0
360	6931	4.0
360	6953	4.0
360	6957	4.0
361	10	4.0
361	61	3.0
361	163	3.0
361	170	4.0
361	174	4.0
361	185	3.0
361	350	5.0
361	421	3.0
361	437	3.0
361	483	2.0
361	514	3.0
361	578	2.0
361	594	3.0
361	614	4.0
361	653	3.0
361	669	2.0
361	747	4.0
361	764	1.0
361	832	5.0
361	884	3.0
361	935	3.0
361	978	3.0
361	979	1.0
361	998	4.0
361	1073	3.0
361	1113	3.0
361	1204	3.0
361	1263	4.0
361	1412	3.0
361	1503	3.0
361	1515	3.0
361	1517	3.0
361	1534	3.0
361	1607	3.0
361	1646	3.0
361	1653	4.0
361	1678	3.0
361	1702	3.0
361	1706	3.0
361	1728	4.0
361	1739	3.0
361	1743	3.0
361	1747	3.0
361	1756	3.0
361	1772	4.0
361	1799	4.0
361	1839	3.0
361	1941	3.0
361	1956	3.0
361	1999	2.0
361	2015	3.0
361	2033	4.0
361	2035	5.0
361	2042	3.0
361	2089	4.0
361	2090	5.0
361	2093	3.0
361	2196	4.0
361	2213	3.0
361	2221	3.0
361	2284	4.0
361	2430	4.0
361	2453	3.0
361	2515	3.0
361	2559	3.0
361	2617	3.0
361	2633	3.0
361	2672	3.0
361	2690	3.0
361	2716	4.0
361	2742	4.0
361	2760	4.0
361	2924	3.0
361	2980	4.0
361	2988	4.0
361	2991	3.0
361	3062	4.0
361	3150	3.0
361	3213	4.0
361	3281	2.0
361	3340	3.0
361	3341	4.0
361	3345	3.0
361	3371	4.0
361	3385	4.0
361	3406	4.0
361	3409	4.0
361	3439	3.0
361	3470	3.0
361	3570	4.0
361	3690	3.0
361	3703	4.0
361	3740	4.0
361	3785	2.0
361	3796	5.0
361	3894	3.0
361	3940	4.0
361	4390	3.0
361	4477	4.0
361	4596	4.0
361	4609	2.0
361	4759	4.0
361	4804	3.0
361	4826	4.0
361	4889	4.0
361	4907	2.0
361	4916	3.0
361	5015	4.0
361	5190	3.0
361	5236	3.0
361	5293	4.0
361	5294	4.0
361	5311	3.0
361	5401	3.0
361	5404	3.0
361	5457	3.0
361	5470	3.0
361	5592	2.0
361	5822	3.0
361	5849	3.0
361	5879	3.0
361	5928	3.0
361	5956	3.0
361	6037	3.0
361	6052	4.0
361	6179	3.0
361	6199	3.0
361	6229	3.0
361	6324	2.0
361	6396	3.0
361	6416	3.0
361	6426	3.0
361	6460	3.0
361	6479	3.0
361	6500	3.0
361	6539	3.0
361	6554	1.0
361	6582	4.0
361	6619	2.0
361	6641	3.0
361	6648	4.0
361	6659	3.0
361	6704	3.0
361	6708	3.0
361	6877	3.0
361	6903	3.0
390	62	3.0
390	108	4.0
390	194	3.0
390	417	4.0
390	816	5.0
390	824	4.0
390	874	3.0
390	1040	4.0
390	1060	3.0
390	1142	3.0
390	1270	3.0
390	1526	5.0
390	1625	3.0
390	1740	3.0
390	1802	3.0
390	1825	3.0
390	1899	2.0
390	2384	4.0
390	2792	4.0
390	2886	3.0
390	2998	5.0
390	3025	5.0
390	3097	4.0
390	3192	4.0
390	3294	3.0
390	3301	5.0
390	3785	2.0
390	3989	3.0
390	4017	3.0
390	4090	4.0
390	4188	5.0
390	4236	4.0
390	4305	3.0
390	4307	4.0
390	4385	5.0
390	4662	3.0
390	4763	4.0
390	4779	4.0
390	4928	4.0
390	4993	2.0
390	5047	3.0
390	5199	3.0
390	5294	4.0
390	5299	4.0
390	5325	3.0
390	5453	5.0
390	5494	5.0
390	5530	3.0
390	5632	4.0
390	5768	4.0
390	6075	4.0
390	6078	4.0
390	6097	4.0
390	6115	4.0
390	6190	3.0
390	6517	4.0
390	6552	4.0
390	6599	4.0
390	6683	4.0
390	6691	4.0
390	6953	3.0
390	6960	3.0
411	1	3.0
411	20	4.0
411	31	4.0
411	61	3.0
411	101	4.0
411	105	4.0
411	141	4.0
411	167	4.0
411	178	4.0
411	211	4.0
411	220	5.0
411	264	4.0
411	350	3.0
411	466	2.0
411	483	3.0
411	528	4.0
411	629	3.0
411	668	3.0
411	714	4.0
411	747	4.0
411	749	4.0
411	827	5.0
411	861	4.0
411	876	4.0
411	897	3.0
411	960	4.0
411	1059	3.0
411	1079	4.0
411	1108	4.0
411	1118	3.0
411	1127	3.0
411	1159	4.0
411	1171	3.0
411	1180	4.0
411	1196	3.0
411	1287	3.0
411	1306	4.0
411	1361	4.0
411	1396	3.0
411	1417	4.0
411	1432	4.0
411	1446	3.0
411	1577	3.0
411	1608	4.0
411	1681	3.0
411	1703	4.0
411	1738	3.0
411	1751	3.0
411	1753	4.0
411	1774	4.0
411	1802	3.0
411	1805	3.0
411	1808	4.0
411	1811	3.0
411	1839	3.0
411	1881	4.0
411	1920	3.0
411	1958	2.0
411	1999	3.0
411	2028	4.0
411	2064	3.0
411	2093	5.0
411	2100	5.0
411	2132	4.0
411	2251	4.0
411	2262	4.0
411	2269	4.0
411	2350	4.0
411	2363	5.0
411	2461	3.0
411	2462	4.0
411	2485	3.0
411	2528	4.0
411	2565	4.0
411	2598	3.0
411	2599	4.0
411	2602	4.0
411	2706	4.0
411	2754	3.0
411	2782	4.0
411	2806	3.0
411	2895	5.0
411	2898	3.0
411	2971	3.0
411	2995	2.0
411	3056	4.0
411	3262	3.0
411	3345	4.0
411	3371	5.0
411	3376	4.0
411	3479	4.0
411	3555	2.0
411	3564	4.0
411	3565	3.0
411	3613	3.0
411	3674	3.0
411	3679	4.0
411	3692	4.0
411	3717	3.0
411	3804	3.0
411	3856	3.0
411	3950	3.0
411	4006	5.0
411	4109	5.0
411	4194	4.0
411	4215	4.0
411	4269	3.0
411	4306	3.0
411	4317	4.0
411	4340	4.0
411	4390	3.0
411	4455	4.0
411	4464	3.0
411	4469	3.0
411	4507	3.0
411	4538	4.0
411	4607	4.0
411	4673	4.0
411	4765	3.0
411	4790	3.0
411	4791	4.0
411	4882	5.0
411	4893	3.0
411	5049	4.0
411	5063	5.0
411	5251	4.0
411	5293	4.0
411	5352	4.0
411	5394	4.0
411	5404	4.0
411	5407	5.0
411	5440	3.0
411	5480	4.0
411	5485	3.0
411	5552	3.0
411	5616	4.0
411	5767	2.0
411	5792	4.0
411	5842	3.0
411	5846	4.0
411	5917	3.0
411	5956	3.0
411	6029	4.0
411	6057	4.0
411	6140	5.0
411	6164	4.0
411	6329	3.0
411	6336	5.0
411	6370	5.0
411	6394	4.0
411	6424	3.0
411	6583	4.0
411	6599	3.0
411	6628	3.0
411	6788	4.0
411	6811	4.0
411	6826	4.0
411	6875	3.0
411	6899	3.0
411	6957	3.0
420	117	3.0
420	221	5.0
420	323	3.0
420	351	5.0
420	607	5.0
420	936	2.0
420	938	3.0
420	1161	4.0
420	1506	3.0
420	1680	5.0
420	1728	5.0
420	1826	3.0
420	1941	3.0
420	2001	5.0
420	2004	5.0
420	2300	3.0
420	2384	3.0
420	2628	2.0
420	3418	5.0
420	3468	3.0
420	3690	5.0
420	3825	5.0
420	3845	4.0
420	3934	5.0
420	4034	3.0
420	4171	5.0
420	4256	5.0
420	4323	4.0
420	4592	5.0
420	4673	5.0
420	4726	5.0
420	4963	3.0
420	5417	5.0
420	5581	5.0
420	5699	4.0
420	5934	3.0
420	6011	5.0
420	6182	3.0
420	6219	4.0
420	6262	3.0
420	6561	2.0
420	6678	5.0
420	6691	5.0
420	6717	5.0
420	6798	5.0
421	20	3.0
421	243	3.0
421	797	3.0
421	804	4.0
421	1033	4.0
421	1125	5.0
421	1129	5.0
421	1591	3.0
421	1772	3.0
421	1890	5.0
421	2529	5.0
421	3110	5.0
421	3371	4.0
421	3612	4.0
421	3613	5.0
421	3649	3.0
421	3680	3.0
421	3707	5.0
421	3726	5.0
421	3760	3.0
421	3785	3.0
421	4037	5.0
421	4063	5.0
421	4250	5.0
421	4270	4.0
421	4392	4.0
421	4402	5.0
421	4614	5.0
421	4951	3.0
421	5154	3.0
421	5282	5.0
421	5416	4.0
421	5507	3.0
421	5915	4.0
421	6061	4.0
421	6066	4.0
421	6114	4.0
421	6253	5.0
421	6393	4.0
440	46	3.0
440	133	5.0
440	194	3.0
440	233	3.0
440	275	4.0
440	276	3.0
440	346	3.0
440	350	4.0
440	371	3.0
440	384	3.0
440	401	4.0
440	422	3.0
440	459	3.0
440	539	4.0
440	596	4.0
440	669	3.0
440	715	3.0
440	746	3.0
440	827	4.0
440	832	5.0
440	845	3.0
440	948	3.0
440	1036	4.0
440	1073	3.0
440	1076	5.0
440	1077	3.0
440	1125	2.0
440	1160	4.0
440	1166	4.0
440	1167	3.0
440	1187	3.0
440	1247	3.0
440	1305	3.0
440	1437	3.0
440	1566	3.0
440	1632	3.0
440	1684	3.0
440	1700	3.0
440	1738	3.0
440	1740	3.0
440	1741	3.0
440	1778	3.0
440	1792	4.0
440	1826	3.0
440	1847	3.0
440	1866	3.0
440	1959	4.0
440	1964	4.0
440	1999	3.0
440	2125	2.0
440	2132	3.0
440	2162	4.0
440	2244	3.0
440	2292	3.0
440	2302	4.0
440	2356	4.0
440	2391	3.0
440	2417	3.0
440	2425	3.0
440	2429	3.0
440	2478	3.0
440	2496	3.0
440	2559	2.0
440	2586	4.0
440	2656	4.0
440	2686	5.0
440	2709	3.0
440	2739	4.0
440	2769	3.0
440	2782	4.0
440	2788	4.0
440	2840	3.0
440	2841	2.0
440	2907	4.0
440	3006	3.0
440	3007	2.0
440	3014	3.0
440	3025	4.0
440	3029	3.0
440	3205	3.0
440	3296	3.0
440	3311	3.0
440	3348	3.0
440	3418	3.0
440	3449	4.0
440	3486	3.0
440	3601	3.0
440	3624	3.0
440	3743	3.0
440	3777	4.0
440	3834	3.0
440	4055	3.0
440	4194	3.0
440	4382	4.0
440	4457	5.0
440	4460	3.0
440	4507	3.0
440	4545	3.0
440	4647	3.0
440	4673	3.0
440	4695	4.0
440	4727	3.0
440	4786	3.0
440	4793	3.0
440	4840	4.0
440	4842	3.0
440	4983	4.0
440	5012	3.0
440	5049	3.0
440	5078	2.0
440	5086	3.0
440	5123	4.0
440	5124	5.0
440	5136	4.0
440	5150	2.0
440	5154	3.0
440	5456	3.0
440	5501	3.0
440	5506	3.0
440	5534	2.0
440	5575	4.0
440	5659	4.0
440	5663	4.0
440	5697	4.0
440	5698	3.0
440	5707	2.0
440	5709	4.0
440	5730	3.0
440	5780	3.0
440	5805	2.0
440	5849	3.0
440	5875	3.0
440	5937	3.0
440	6146	4.0
440	6203	3.0
440	6209	2.0
440	6223	3.0
440	6299	2.0
440	6377	3.0
440	6556	3.0
440	6597	3.0
440	6609	5.0
440	6616	3.0
440	6638	3.0
440	6657	3.0
440	6687	4.0
440	6738	5.0
440	6766	3.0
440	6854	4.0
440	6876	3.0
440	6940	3.0
440	6942	4.0
440	6948	2.0
447	8	4.0
447	44	4.0
447	61	4.0
447	117	4.0
447	120	4.0
447	126	3.0
447	170	4.0
447	185	4.0
447	233	4.0
447	370	3.0
447	375	5.0
447	399	4.0
447	466	3.0
447	485	4.0
447	508	4.0
447	680	4.0
447	747	5.0
447	797	4.0
447	940	1.0
447	947	1.0
447	1004	4.0
447	1113	3.0
447	1503	5.0
447	1522	3.0
447	1617	4.0
447	1715	3.0
447	1768	4.0
447	1776	5.0
447	1879	3.0
447	1881	4.0
447	2029	5.0
447	2031	3.0
447	2132	5.0
447	2135	4.0
447	2141	5.0
447	2166	5.0
447	2199	3.0
447	2300	3.0
447	2356	5.0
447	2421	4.0
447	2517	4.0
447	2583	3.0
447	2639	4.0
447	2846	5.0
447	2859	4.0
447	2971	5.0
447	3050	5.0
447	3234	4.0
447	3255	4.0
447	3407	4.0
447	3431	4.0
447	3433	4.0
447	3440	4.0
447	3536	4.0
447	3564	5.0
447	3570	5.0
447	3598	5.0
447	3650	4.0
447	3654	1.0
447	3692	3.0
447	3703	3.0
447	3707	4.0
447	3740	4.0
447	3754	5.0
447	3755	5.0
447	3794	3.0
447	3856	5.0
447	3874	5.0
447	3876	4.0
447	4021	4.0
447	4151	3.0
447	4386	4.0
447	4390	4.0
447	4392	5.0
447	4421	4.0
447	4483	4.0
447	4569	1.0
447	4705	2.0
447	4771	4.0
447	4795	4.0
447	4851	3.0
447	5252	4.0
447	5258	5.0
447	5344	3.0
447	5367	4.0
447	5401	5.0
447	5493	3.0
447	5581	4.0
447	5595	4.0
447	5664	4.0
447	5690	3.0
447	5696	3.0
447	5802	5.0
447	5867	4.0
447	6139	4.0
447	6214	3.0
447	6273	3.0
447	6294	5.0
447	6300	3.0
447	6327	5.0
447	6340	4.0
447	6637	4.0
447	6669	3.0
447	6719	4.0
447	6878	5.0
447	6924	4.0
483	64	3.0
483	67	5.0
483	126	4.0
483	190	5.0
483	243	5.0
483	537	3.0
483	797	3.0
483	936	3.0
483	1058	3.0
483	1377	5.0
483	1652	3.0
483	1802	5.0
483	1881	4.0
483	1889	4.0
483	2031	5.0
483	2096	4.0
483	2188	4.0
483	2283	4.0
483	2421	4.0
483	2501	5.0
483	2561	3.0
483	2643	4.0
483	2995	3.0
483	3014	4.0
483	3050	5.0
483	3084	3.0
483	3344	5.0
483	3345	4.0
483	3359	5.0
483	3437	4.0
483	3486	4.0
483	3489	5.0
483	3575	3.0
483	3671	4.0
483	3760	4.0
483	3784	5.0
483	4048	5.0
483	4151	5.0
483	4168	5.0
483	4202	5.0
483	4321	5.0
483	4339	3.0
483	4390	4.0
483	4410	5.0
483	4663	3.0
483	4691	4.0
483	4706	3.0
483	4750	4.0
483	4802	3.0
483	5462	4.0
483	5756	4.0
483	5768	4.0
483	5934	4.0
483	6041	3.0
483	6163	2.0
483	6205	5.0
483	6370	5.0
483	6390	4.0
483	6538	4.0
483	6724	4.0
483	6830	4.0
483	6881	4.0
489	56	2.0
489	105	4.0
489	272	3.0
489	296	2.0
489	574	5.0
489	656	4.0
489	832	5.0
489	844	4.0
489	934	2.0
489	1355	3.0
489	1532	3.0
489	1617	5.0
489	1684	3.0
489	1968	4.0
489	2262	5.0
489	2350	3.0
489	2414	3.0
489	2427	4.0
489	2512	3.0
489	2606	3.0
489	2627	5.0
489	2846	5.0
489	3065	3.0
489	3110	4.0
489	3244	2.0
489	3407	3.0
489	3649	4.0
489	3691	3.0
489	4893	2.0
489	4919	4.0
489	5209	2.0
489	5261	1.0
489	5394	5.0
489	5538	5.0
489	5962	4.0
489	6331	3.0
489	6731	3.0
489	6953	5.0
492	76	3.0
492	82	4.0
492	350	3.0
492	386	4.0
492	453	3.0
492	557	4.0
492	578	3.0
492	643	3.0
492	681	4.0
492	708	4.0
492	818	4.0
492	936	3.0
492	1001	4.0
492	1076	4.0
492	1226	4.0
492	1441	4.0
492	1527	4.0
492	1534	3.0
492	1662	4.0
492	1881	2.0
492	2012	4.0
492	2033	4.0
492	2458	4.0
492	2637	4.0
492	2756	4.0
492	2767	4.0
492	2787	3.0
492	2846	4.0
492	2940	3.0
492	3102	5.0
492	3295	4.0
492	3298	4.0
492	3471	4.0
492	3593	4.0
492	3690	3.0
492	3863	4.0
492	3932	3.0
492	3946	3.0
492	4029	4.0
492	4067	4.0
492	4086	3.0
492	4087	3.0
492	4161	4.0
492	4186	4.0
492	4200	4.0
492	4202	4.0
492	4236	3.0
492	4397	4.0
492	4421	4.0
492	4453	3.0
492	4462	3.0
492	4534	4.0
492	4594	4.0
492	4767	4.0
492	4782	4.0
492	4951	4.0
492	5049	4.0
492	5053	4.0
492	5328	4.0
492	5575	4.0
492	5659	4.0
492	5662	3.0
492	5668	4.0
492	5747	4.0
492	5781	3.0
492	6012	4.0
492	6182	4.0
492	6193	4.0
492	6217	3.0
492	6265	4.0
492	6300	2.0
492	6583	3.0
492	6609	4.0
492	6922	4.0
540	13	4.0
540	22	3.0
540	203	2.0
540	211	5.0
540	234	4.0
540	285	5.0
540	358	5.0
540	359	4.0
540	361	3.0
540	380	5.0
540	417	4.0
540	421	4.0
540	443	3.0
540	459	5.0
540	467	4.0
540	500	4.0
540	667	4.0
540	714	5.0
540	737	3.0
540	811	3.0
540	861	5.0
540	874	5.0
540	931	5.0
540	1030	5.0
540	1055	5.0
540	1159	5.0
540	1195	5.0
540	1236	5.0
540	1355	3.0
540	1397	4.0
540	1403	5.0
540	1419	5.0
540	1473	5.0
540	1509	5.0
540	1510	4.0
540	1527	4.0
540	1565	5.0
540	1608	4.0
540	1655	5.0
540	1706	2.0
540	1782	3.0
540	1808	3.0
540	1840	5.0
540	1856	4.0
540	1914	5.0
540	2029	5.0
540	2117	5.0
540	2178	1.0
540	2181	5.0
540	2188	4.0
540	2235	5.0
540	2347	4.0
540	2384	5.0
540	2421	5.0
540	2429	5.0
540	2461	3.0
540	2492	5.0
540	2571	4.0
540	2597	2.0
540	2769	5.0
540	2774	5.0
540	2853	5.0
540	2924	5.0
540	2973	5.0
540	3014	4.0
540	3077	4.0
540	3125	3.0
540	3167	5.0
540	3176	3.0
540	3261	4.0
540	3337	5.0
540	3343	4.0
540	3344	4.0
540	3368	5.0
540	3410	5.0
540	3437	4.0
540	3530	5.0
540	3622	5.0
540	3629	5.0
540	3630	5.0
540	3680	3.0
540	3692	4.0
540	3718	5.0
540	3779	5.0
540	3785	2.0
540	3801	5.0
540	3834	4.0
540	3921	4.0
540	4006	5.0
540	4008	4.0
540	4094	5.0
540	4097	5.0
540	4109	5.0
540	4112	4.0
540	4130	5.0
540	4138	5.0
540	4164	4.0
540	4172	5.0
540	4202	5.0
540	4236	4.0
540	4357	5.0
540	4477	5.0
540	4513	3.0
540	4590	3.0
540	4664	4.0
540	4673	4.0
540	4833	5.0
540	4845	4.0
540	4856	5.0
540	4878	5.0
540	4894	5.0
540	4927	5.0
540	4928	4.0
540	4946	5.0
540	5048	2.0
540	5154	4.0
540	5288	4.0
540	5294	5.0
540	5410	4.0
540	5473	5.0
540	5494	5.0
540	5543	5.0
540	5680	5.0
540	5789	5.0
540	5890	5.0
540	5985	4.0
540	5987	5.0
540	5994	5.0
540	6002	4.0
540	6009	3.0
540	6040	4.0
540	6127	5.0
540	6190	5.0
540	6199	4.0
540	6208	5.0
540	6244	5.0
540	6281	5.0
540	6285	4.0
540	6333	3.0
540	6555	4.0
540	6570	5.0
540	6594	5.0
540	6599	4.0
540	6637	5.0
540	6661	4.0
540	6670	5.0
540	6674	5.0
540	6739	5.0
540	6813	3.0
540	6963	4.0
576	233	3.0
576	275	3.0
576	347	4.0
576	401	3.0
576	479	5.0
576	499	3.0
576	649	5.0
576	755	3.0
576	770	5.0
576	831	3.0
576	861	4.0
576	1432	4.0
576	1813	4.0
576	1866	3.0
576	1925	3.0
576	2010	4.0
576	2028	3.0
576	2269	5.0
576	2350	5.0
576	2448	3.0
576	2850	4.0
576	3060	4.0
576	3098	3.0
576	3175	4.0
576	3544	4.0
576	3612	4.0
576	3692	4.0
576	3707	3.0
576	3906	3.0
576	3914	5.0
576	4242	5.0
576	4596	5.0
576	4617	2.0
576	4684	5.0
576	4738	3.0
576	4748	5.0
576	4791	5.0
576	4851	4.0
576	4955	3.0
576	5047	3.0
576	5154	5.0
576	5258	5.0
576	5389	5.0
576	5392	5.0
576	5432	4.0
576	5560	2.0
576	5575	4.0
576	5750	5.0
576	5849	3.0
576	6200	3.0
576	6328	5.0
576	6691	5.0
576	6731	5.0
576	6763	4.0
576	6772	5.0
576	6848	3.0
595	226	3.0
595	509	4.0
595	966	5.0
595	1840	4.0
595	1843	5.0
595	2017	4.0
595	2371	3.0
595	2522	4.0
595	2561	3.0
595	2562	3.0
595	2565	4.0
595	2774	4.0
595	3084	3.0
595	3150	4.0
595	3344	3.0
595	3385	5.0
595	3579	5.0
595	3599	4.0
595	3781	5.0
595	4135	3.0
595	4169	4.0
595	4201	3.0
595	4283	5.0
595	4321	3.0
595	4520	3.0
595	4673	4.0
595	4979	2.0
595	5193	3.0
595	5213	3.0
595	5423	5.0
595	5711	4.0
595	5715	3.0
595	5767	3.0
595	6323	3.0
595	6549	4.0
647	8	4.0
647	170	4.0
647	220	5.0
647	236	3.0
647	250	4.0
647	268	3.0
647	282	4.0
647	311	3.0
647	328	3.0
647	337	4.0
647	341	3.0
647	385	3.0
647	448	4.0
647	483	1.0
647	496	3.0
647	510	4.0
647	518	5.0
647	528	5.0
647	553	4.0
647	611	5.0
647	711	3.0
647	734	4.0
647	747	5.0
647	1078	3.0
647	1080	4.0
647	1116	5.0
647	1162	4.0
647	1203	3.0
647	1421	5.0
647	1439	5.0
647	1458	5.0
647	1586	3.0
647	1591	2.0
647	1598	5.0
647	1637	5.0
647	1759	5.0
647	1760	4.0
647	1854	4.0
647	1875	4.0
647	1903	5.0
647	1953	3.0
647	1957	3.0
647	1981	4.0
647	2100	5.0
647	2115	3.0
647	2132	4.0
647	2135	5.0
647	2163	3.0
647	2188	5.0
647	2285	2.0
647	2384	3.0
647	2431	4.0
647	2448	3.0
647	2501	5.0
647	2563	3.0
647	2564	4.0
647	2593	5.0
647	2698	4.0
647	2706	4.0
647	2787	4.0
647	2848	4.0
647	2972	3.0
647	2999	5.0
647	3009	5.0
647	3045	3.0
647	3060	5.0
647	3069	3.0
647	3100	5.0
647	3143	1.0
647	3170	5.0
647	3323	3.0
647	3371	4.0
647	3381	3.0
647	3418	5.0
647	3541	3.0
647	3618	3.0
647	3653	5.0
647	3687	5.0
647	3843	4.0
647	3895	4.0
647	3905	5.0
647	3990	4.0
647	4097	4.0
647	4120	5.0
647	4121	5.0
647	4160	2.0
647	4200	4.0
647	4300	4.0
647	4345	5.0
647	4411	5.0
647	4421	5.0
647	4476	5.0
647	4480	4.0
647	4569	2.0
647	4590	3.0
647	4649	2.0
647	4673	3.0
647	4759	4.0
647	4802	2.0
647	4857	5.0
647	4894	5.0
647	4910	3.0
647	4915	5.0
647	4922	4.0
647	4924	4.0
647	4947	4.0
647	4953	4.0
647	4995	5.0
647	5046	4.0
647	5082	4.0
647	5146	3.0
647	5154	4.0
647	5187	4.0
647	5195	4.0
647	5251	5.0
647	5290	4.0
647	5312	3.0
647	5330	5.0
647	5378	3.0
647	5508	4.0
647	5534	3.0
647	5581	4.0
647	5592	2.0
647	5662	5.0
647	5698	5.0
647	5753	5.0
647	5939	4.0
647	6024	3.0
647	6036	3.0
647	6084	3.0
647	6161	3.0
647	6197	3.0
647	6310	4.0
647	6479	4.0
647	6536	5.0
647	6574	4.0
647	6679	5.0
647	6691	5.0
647	6796	3.0
647	6858	4.0
647	6879	4.0
741	1	3.0
741	20	5.0
741	43	2.0
741	76	3.0
741	114	3.0
741	178	3.0
741	185	3.0
741	258	4.0
741	312	4.0
741	387	3.0
741	437	3.0
741	466	2.0
741	483	4.0
741	537	4.0
741	562	2.0
741	574	4.0
741	599	3.0
741	711	4.0
741	808	3.0
741	817	4.0
741	828	2.0
741	847	3.0
741	858	4.0
741	941	3.0
741	948	4.0
741	951	2.0
741	1036	4.0
741	1046	3.0
741	1159	4.0
741	1162	5.0
741	1202	3.0
741	1316	5.0
741	1331	3.0
741	1432	4.0
741	1458	5.0
741	1467	5.0
741	1475	5.0
741	1482	3.0
741	1506	4.0
741	1571	4.0
741	1603	3.0
741	1662	3.0
741	1767	3.0
741	1772	3.0
741	1782	3.0
741	1792	4.0
741	1798	2.0
741	1889	3.0
741	1890	3.0
741	1962	3.0
741	2001	3.0
741	2068	3.0
741	2142	5.0
741	2165	4.0
741	2286	4.0
741	2300	2.0
741	2306	2.0
741	2384	3.0
741	2407	2.0
741	2436	4.0
741	2492	3.0
741	2527	3.0
741	2529	4.0
741	2532	4.0
741	2706	5.0
741	2729	4.0
741	2758	3.0
741	2769	2.0
741	2787	4.0
741	2788	3.0
741	2832	3.0
741	2991	3.0
741	3008	3.0
741	3018	2.0
741	3077	4.0
741	3084	3.0
741	3102	5.0
741	3106	4.0
741	3208	4.0
741	3308	5.0
741	3317	3.0
741	3407	3.0
741	3411	5.0
741	3431	4.0
741	3465	3.0
741	3475	4.0
741	3690	3.0
741	3692	4.0
741	3693	3.0
741	3695	3.0
741	3734	4.0
741	3751	3.0
741	3794	5.0
741	3910	4.0
741	3946	4.0
741	3948	4.0
741	4014	4.0
741	4053	4.0
741	4087	3.0
741	4103	3.0
741	4172	3.0
741	4202	5.0
741	4204	4.0
741	4221	3.0
741	4239	4.0
741	4309	4.0
741	4324	2.0
741	4373	3.0
741	4480	3.0
741	4580	5.0
741	4635	5.0
741	4713	1.0
741	4726	4.0
741	4737	1.0
741	4744	4.0
741	4894	4.0
741	5054	5.0
741	5087	3.0
741	5117	4.0
741	5189	3.0
741	5193	3.0
741	5213	3.0
741	5251	4.0
741	5388	5.0
741	5389	4.0
741	5511	3.0
741	5512	4.0
741	5582	4.0
741	5646	2.0
741	5696	3.0
741	5729	4.0
741	5767	2.0
741	5800	2.0
741	5864	4.0
741	5867	4.0
741	5875	5.0
741	5928	4.0
741	5943	4.0
741	5985	4.0
741	6000	2.0
741	6193	4.0
741	6200	4.0
741	6327	4.0
741	6329	5.0
741	6330	3.0
741	6335	4.0
741	6370	5.0
741	6443	3.0
741	6545	3.0
741	6558	3.0
741	6583	4.0
741	6671	4.0
741	6672	4.0
741	6695	3.0
741	6742	3.0
741	6880	4.0
741	6948	4.0
741	6953	5.0
769	70	4.0
769	96	5.0
769	176	2.0
769	241	3.0
769	309	5.0
769	341	4.0
769	561	3.0
769	578	3.0
769	613	4.0
769	913	3.0
769	961	4.0
769	1036	5.0
769	1110	4.0
769	1116	5.0
769	1131	5.0
769	1432	5.0
769	1483	5.0
769	1551	5.0
769	1743	5.0
769	1772	3.0
769	1853	4.0
769	2111	3.0
769	2141	5.0
769	2196	5.0
769	2384	4.0
769	2430	5.0
769	2436	5.0
769	2492	5.0
769	2509	3.0
769	2659	4.0
769	2758	4.0
769	2782	5.0
769	3014	3.0
769	3085	4.0
769	3234	4.0
769	3359	4.0
769	3410	4.0
769	3431	4.0
769	3580	4.0
769	3670	5.0
769	3730	2.0
769	4042	3.0
769	4135	4.0
769	4242	5.0
769	4522	4.0
769	4729	5.0
769	4740	4.0
769	4821	5.0
769	4931	4.0
769	5058	3.0
769	5103	5.0
769	5179	4.0
769	5387	4.0
769	5512	3.0
769	5592	3.0
769	5662	4.0
769	5797	4.0
769	5834	4.0
769	5856	3.0
769	6203	5.0
769	6275	5.0
769	6350	4.0
769	6397	3.0
769	6578	5.0
769	6705	3.0
769	6745	5.0
769	6757	5.0
769	6813	2.0
769	6878	3.0
769	6887	4.0
769	6968	3.0
802	29	4.0
802	34	3.0
802	79	4.0
802	170	4.0
802	206	2.0
802	223	5.0
802	233	3.0
802	254	3.0
802	427	4.0
802	562	3.0
802	608	3.0
802	713	3.0
802	735	3.0
802	887	4.0
802	961	3.0
802	1071	4.0
802	1129	3.0
802	1171	4.0
802	1175	5.0
802	1204	2.0
802	1206	4.0
802	1246	5.0
802	1300	3.0
802	1306	4.0
802	1389	4.0
802	1448	2.0
802	1610	3.0
802	1705	3.0
802	1770	4.0
802	1772	4.0
802	1802	3.0
802	1806	3.0
802	1840	5.0
802	1906	5.0
802	2009	4.0
802	2052	2.0
802	2081	3.0
802	2091	4.0
802	2093	5.0
802	2185	4.0
802	2199	3.0
802	2223	3.0
802	2262	5.0
802	2312	3.0
802	2334	5.0
802	2348	3.0
802	2352	4.0
802	2454	3.0
802	2461	4.0
802	2469	3.0
802	2598	5.0
802	2774	5.0
802	2807	3.0
802	2841	3.0
802	3018	2.0
802	3212	3.0
802	3296	4.0
802	3300	4.0
802	3429	5.0
802	3430	4.0
802	3495	5.0
802	3574	4.0
802	3580	4.0
802	3597	4.0
802	3632	3.0
802	3689	3.0
802	3690	3.0
802	3717	4.0
802	3743	4.0
802	3781	5.0
802	3792	4.0
802	3808	4.0
802	3875	3.0
802	3903	4.0
802	3937	4.0
802	3950	3.0
802	3993	3.0
802	4054	3.0
802	4111	3.0
802	4140	4.0
802	4150	4.0
802	4194	5.0
802	4286	4.0
802	4321	4.0
802	4340	3.0
802	4345	5.0
802	4381	4.0
802	4424	4.0
802	4434	3.0
802	4451	3.0
802	4469	5.0
802	4475	1.0
802	4486	3.0
802	4522	3.0
802	4620	4.0
802	4639	2.0
802	4673	3.0
802	4713	3.0
802	4735	4.0
802	4804	4.0
802	4878	4.0
802	4974	5.0
802	5187	5.0
802	5213	3.0
802	5258	4.0
802	5261	3.0
802	5283	3.0
802	5330	4.0
802	5365	3.0
802	5488	3.0
802	5506	3.0
802	5569	2.0
802	5584	3.0
802	5633	3.0
802	5683	2.0
802	5743	4.0
802	5864	4.0
802	5915	3.0
802	5917	3.0
802	5941	4.0
802	5986	4.0
802	6004	4.0
802	6105	3.0
802	6145	4.0
802	6251	3.0
802	6253	5.0
802	6280	4.0
802	6307	4.0
802	6400	4.0
802	6401	5.0
802	6554	3.0
802	6606	5.0
802	6648	5.0
802	6909	4.0
877	97	3.0
877	371	4.0
877	509	3.0
877	703	4.0
877	797	3.0
877	832	5.0
877	913	4.0
877	1076	5.0
877	1713	2.0
877	1957	4.0
877	2075	3.0
877	2093	5.0
877	2155	4.0
877	2274	5.0
877	2282	4.0
877	2283	4.0
877	2300	2.0
877	3089	5.0
877	3287	3.0
877	3504	3.0
877	3665	3.0
877	3690	4.0
877	4151	5.0
877	4321	2.0
877	4517	3.0
877	4665	4.0
877	4729	3.0
877	5005	3.0
877	5154	4.0
877	5251	4.0
877	5344	4.0
877	5423	3.0
877	5575	5.0
877	5622	4.0
877	5646	2.0
877	5686	2.0
877	5700	5.0
877	5778	1.0
877	5910	2.0
877	6018	3.0
877	6040	3.0
877	6078	5.0
877	6108	3.0
877	6283	5.0
877	6394	4.0
877	6476	4.0
877	6687	4.0
877	6691	4.0
877	6875	3.0
877	6953	3.0
882	56	4.0
882	215	5.0
882	241	3.0
882	243	4.0
882	343	4.0
882	345	5.0
882	485	2.0
882	594	3.0
882	676	3.0
882	714	3.0
882	719	4.0
882	747	4.0
882	810	4.0
882	817	4.0
882	832	5.0
882	844	5.0
882	865	4.0
882	884	5.0
882	938	4.0
882	988	4.0
882	1033	3.0
882	1070	3.0
882	1078	4.0
882	1226	5.0
882	1241	4.0
882	1249	4.0
882	1294	4.0
882	1296	4.0
882	1305	4.0
882	1316	4.0
882	1397	5.0
882	1413	4.0
882	1432	4.0
882	1521	5.0
882	1632	3.0
882	1647	3.0
882	1654	4.0
882	1730	3.0
882	1760	4.0
882	1768	3.0
882	1813	5.0
882	1850	5.0
882	1854	4.0
882	1876	5.0
882	1888	3.0
882	1933	3.0
882	1957	3.0
882	1994	3.0
882	2017	5.0
882	2093	3.0
882	2111	3.0
882	2250	4.0
882	2274	4.0
882	2330	4.0
882	2350	4.0
882	2376	5.0
882	2501	3.0
882	2522	4.0
882	2529	3.0
882	2628	3.0
882	2663	3.0
882	2709	3.0
882	2710	3.0
882	2763	3.0
882	2767	4.0
882	2936	3.0
882	3144	4.0
882	3147	5.0
882	3192	5.0
882	3193	5.0
882	3234	5.0
882	3287	3.0
882	3305	2.0
882	3371	4.0
882	3385	5.0
882	3386	4.0
882	3449	5.0
882	3459	5.0
882	3512	4.0
882	3622	4.0
882	3630	4.0
882	3649	4.0
882	3680	3.0
882	3690	3.0
882	3754	5.0
882	3876	4.0
882	3902	3.0
882	3909	4.0
882	3991	5.0
882	4037	5.0
882	4135	4.0
882	4407	4.0
882	4596	5.0
882	4605	3.0
882	4706	4.0
882	4712	3.0
882	4840	5.0
882	4892	3.0
882	5043	3.0
882	5054	5.0
882	5096	5.0
882	5158	3.0
882	5166	2.0
882	5194	3.0
882	5262	3.0
882	5311	5.0
882	5362	4.0
882	5392	4.0
882	5473	4.0
882	5507	4.0
882	5510	5.0
882	5534	4.0
882	5567	4.0
882	5575	5.0
882	5604	5.0
882	5686	3.0
882	5781	5.0
882	5792	4.0
882	5849	4.0
882	5985	4.0
882	6009	4.0
882	6051	3.0
882	6081	3.0
882	6261	3.0
882	6299	3.0
882	6332	3.0
882	6379	4.0
882	6402	3.0
882	6415	3.0
882	6439	3.0
882	6637	4.0
882	6646	4.0
882	6752	3.0
906	3	4.0
906	7	3.0
906	8	3.0
906	79	4.0
906	185	3.0
906	198	3.0
906	206	2.0
906	254	5.0
906	312	2.0
906	350	5.0
906	351	4.0
906	419	2.0
906	469	3.0
906	509	4.0
906	574	4.0
906	605	5.0
906	777	4.0
906	789	4.0
906	814	4.0
906	945	2.0
906	946	4.0
906	1015	1.0
906	1059	2.0
906	1061	5.0
906	1063	2.0
906	1086	2.0
906	1171	3.0
906	1225	2.0
906	1239	4.0
906	1329	3.0
906	1346	3.0
906	1606	2.0
906	1644	4.0
906	1682	4.0
906	1696	4.0
906	1737	3.0
906	1875	5.0
906	1876	5.0
906	1881	4.0
906	1959	4.0
906	2177	1.0
906	2208	5.0
906	2279	5.0
906	2287	4.0
906	2307	3.0
906	2356	5.0
906	2359	2.0
906	2461	3.0
906	2492	5.0
906	2545	3.0
906	2564	3.0
906	2721	5.0
906	2757	3.0
906	2790	3.0
906	2794	4.0
906	2809	3.0
906	2918	4.0
906	2976	2.0
906	2995	2.0
906	3010	4.0
906	3134	2.0
906	3179	2.0
906	3185	2.0
906	3189	3.0
906	3222	4.0
906	3268	5.0
906	3277	3.0
906	3278	3.0
906	3344	2.0
906	3649	5.0
906	3652	3.0
906	3653	2.0
906	3662	5.0
906	3719	2.0
906	3828	3.0
906	3873	5.0
906	3932	3.0
906	3946	3.0
906	3996	3.0
906	4109	3.0
906	4133	3.0
906	4324	4.0
906	4398	4.0
906	4404	3.0
906	4487	5.0
906	4511	5.0
906	4590	3.0
906	4607	3.0
906	4628	3.0
906	4706	4.0
906	4795	3.0
906	4877	4.0
906	4889	4.0
906	4924	4.0
906	4927	5.0
906	5049	4.0
906	5068	3.0
906	5094	1.0
906	5135	4.0
906	5159	3.0
906	5195	3.0
906	5213	3.0
906	5252	5.0
906	5347	3.0
906	5357	1.0
906	5407	5.0
906	5560	1.0
906	5633	3.0
906	5746	5.0
906	5889	4.0
906	5909	3.0
906	5934	5.0
906	6029	3.0
906	6042	3.0
906	6046	1.0
906	6086	3.0
906	6097	3.0
906	6125	3.0
906	6182	5.0
906	6323	4.0
906	6355	5.0
906	6376	4.0
906	6420	5.0
906	6440	1.0
906	6472	4.0
906	6544	5.0
906	6589	2.0
906	6643	5.0
906	6774	3.0
906	6776	4.0
906	6799	4.0
906	6840	1.0
906	6880	5.0
906	6897	2.0
906	6956	4.0
965	119	4.0
965	120	3.0
965	180	5.0
965	217	4.0
965	233	4.0
965	234	4.0
965	236	2.0
965	241	3.0
965	248	3.0
965	260	4.0
965	276	4.0
965	387	3.0
965	399	4.0
965	469	2.0
965	539	4.0
965	789	3.0
965	983	3.0
965	1030	3.0
965	1070	2.0
965	1202	3.0
965	1204	3.0
965	1236	5.0
965	1354	4.0
965	1397	4.0
965	1515	4.0
965	1516	3.0
965	1575	3.0
965	1578	4.0
965	1633	5.0
965	1663	3.0
965	1728	5.0
965	1826	2.0
965	1941	4.0
965	1985	3.0
965	2167	3.0
965	2371	3.0
965	2384	3.0
965	2421	4.0
965	2492	4.0
965	2602	3.0
965	2605	5.0
965	2704	5.0
965	2725	5.0
965	2752	4.0
965	2938	4.0
965	3062	3.0
965	3089	3.0
965	3124	3.0
965	3128	4.0
965	3129	4.0
965	3145	5.0
965	3292	5.0
965	3386	4.0
965	3410	2.0
965	3417	4.0
965	3513	4.0
965	3521	4.0
965	3587	4.0
965	3731	5.0
965	3873	5.0
965	3894	4.0
965	3906	3.0
965	3921	5.0
965	3964	4.0
965	4037	4.0
965	4097	4.0
965	4135	4.0
965	4158	2.0
965	4171	5.0
965	4230	3.0
965	4284	4.0
965	4307	4.0
965	4339	3.0
965	4342	4.0
965	4381	5.0
965	4462	4.0
965	4463	5.0
965	4469	4.0
965	4517	4.0
965	4522	2.0
965	4544	3.0
965	4560	4.0
965	4579	2.0
965	4596	4.0
965	4609	3.0
965	4665	5.0
965	4687	2.0
965	4769	4.0
965	4796	4.0
965	4898	3.0
965	5005	4.0
965	5018	5.0
965	5050	4.0
965	5053	4.0
965	5089	4.0
965	5150	4.0
965	5213	3.0
965	5385	4.0
965	5407	5.0
965	5566	5.0
965	5581	4.0
965	5619	3.0
965	5768	2.0
965	5800	3.0
965	6109	4.0
965	6121	2.0
965	6123	4.0
965	6229	4.0
965	6368	4.0
965	6402	2.0
965	6426	5.0
965	6584	4.0
965	6619	2.0
965	6667	3.0
965	6687	5.0
965	6731	3.0
965	6799	4.0
965	6877	3.0
965	6885	4.0
965	6936	4.0
996	263	5.0
996	272	4.0
996	293	4.0
996	387	3.0
996	417	5.0
996	422	4.0
996	509	4.0
996	611	4.0
996	759	5.0
996	761	5.0
996	810	4.0
996	827	5.0
996	875	3.0
996	1397	3.0
996	1487	3.0
996	1488	5.0
996	1503	4.0
996	1608	3.0
996	1721	3.0
996	1802	4.0
996	1899	4.0
996	1900	4.0
996	1937	3.0
996	2188	3.0
996	2353	4.0
996	2414	4.0
996	2429	4.0
996	2501	5.0
996	2508	3.0
996	2527	3.0
996	2609	4.0
996	2682	3.0
996	2745	4.0
996	2761	5.0
996	3085	5.0
996	3465	4.0
996	3486	2.0
996	3512	2.0
996	3597	4.0
996	3679	3.0
996	3709	4.0
996	3743	3.0
996	3798	3.0
996	3834	4.0
996	3906	3.0
996	3909	3.0
996	3952	4.0
996	3993	4.0
996	4107	3.0
996	4111	2.0
996	4164	4.0
996	4172	4.0
996	4239	3.0
996	4254	5.0
996	4415	3.0
996	4513	5.0
996	4523	5.0
996	4562	5.0
996	4796	4.0
996	4840	3.0
996	4922	3.0
996	4928	2.0
996	4941	4.0
996	5043	4.0
996	5049	5.0
996	5236	3.0
996	5392	3.0
996	5469	4.0
996	5508	4.0
996	5622	3.0
996	5700	5.0
996	5736	3.0
996	5768	3.0
996	5800	2.0
996	5896	3.0
996	5931	2.0
996	5966	2.0
996	6115	5.0
996	6169	3.0
996	6198	3.0
996	6203	5.0
996	6302	3.0
996	6899	3.0
996	6906	4.0
996	6916	5.0
1035	106	4.0
1035	152	4.0
1035	198	3.0
1035	199	4.0
1035	223	5.0
1035	341	4.0
1035	353	4.0
1035	509	4.0
1035	557	4.0
1035	613	4.0
1035	636	3.0
1035	676	3.0
1035	680	4.0
1035	681	4.0
1035	789	3.0
1035	817	4.0
1035	919	5.0
1035	921	4.0
1035	936	3.0
1035	1012	4.0
1035	1048	3.0
1035	1049	3.0
1035	1060	4.0
1035	1064	5.0
1035	1177	5.0
1035	1199	5.0
1035	1384	5.0
1035	1491	4.0
1035	1613	4.0
1035	1728	5.0
1035	1738	3.0
1035	1780	3.0
1035	1808	5.0
1035	1825	3.0
1035	1856	3.0
1035	1876	5.0
1035	2190	4.0
1035	2246	4.0
1035	2275	4.0
1035	2385	5.0
1035	2395	4.0
1035	2425	4.0
1035	2458	4.0
1035	2550	4.0
1035	2609	4.0
1035	2725	4.0
1035	2739	4.0
1035	2806	3.0
1035	2837	3.0
1035	3035	5.0
1035	3051	3.0
1035	3056	3.0
1035	3295	5.0
1035	3613	4.0
1035	3670	5.0
1035	3717	5.0
1035	3822	3.0
1035	3834	2.0
1035	3874	3.0
1035	3956	3.0
1035	4094	4.0
1035	4111	5.0
1035	4253	5.0
1035	4309	4.0
1035	4323	4.0
1035	4404	4.0
1035	4477	4.0
1035	4487	3.0
1035	4693	3.0
1035	4755	3.0
1035	4779	4.0
1035	4894	5.0
1035	4903	5.0
1035	4928	3.0
1035	5005	4.0
1035	5394	4.0
1035	5530	4.0
1035	5583	3.0
1035	5710	3.0
1035	5758	4.0
1035	5778	3.0
1035	5848	4.0
1035	5867	4.0
1035	5872	4.0
1035	5873	4.0
1035	5888	4.0
1035	5910	3.0
1035	5988	4.0
1035	6155	4.0
1035	6182	5.0
1035	6193	4.0
1035	6253	5.0
1035	6275	3.0
1035	6287	4.0
1035	6302	4.0
1035	6561	3.0
1035	6664	3.0
1035	6679	4.0
1035	6765	5.0
1035	6776	4.0
1035	6799	3.0
1035	6878	4.0
1035	6955	4.0
1077	185	3.0
1077	294	4.0
1077	316	4.0
1077	322	3.0
1077	338	2.0
1077	343	3.0
1077	385	3.0
1077	409	2.0
1077	416	5.0
1077	509	4.0
1077	629	4.0
1077	631	3.0
1077	633	5.0
1077	706	3.0
1077	714	3.0
1077	761	4.0
1077	784	4.0
1077	810	3.0
1077	921	3.0
1077	944	3.0
1077	1001	3.0
1077	1126	4.0
1077	1571	3.0
1077	1768	3.0
1077	1791	4.0
1077	1802	4.0
1077	1818	3.0
1077	1819	3.0
1077	1840	4.0
1077	1890	4.0
1077	1894	3.0
1077	2015	4.0
1077	2045	4.0
1077	2048	3.0
1077	2065	4.0
1077	2093	4.0
1077	2160	3.0
1077	2243	5.0
1077	2246	5.0
1077	2334	4.0
1077	2361	4.0
1077	2508	4.0
1077	2564	3.0
1077	2602	3.0
1077	2642	4.0
1077	2709	3.0
1077	2855	5.0
1077	2872	4.0
1077	2909	3.0
1077	2956	4.0
1077	2958	4.0
1077	2962	3.0
1077	2968	4.0
1077	2973	4.0
1077	3021	5.0
1077	3143	4.0
1077	3158	5.0
1077	3188	5.0
1077	3206	5.0
1077	3371	5.0
1077	3374	4.0
1077	3409	3.0
1077	3451	4.0
1077	3536	3.0
1077	3560	4.0
1077	3612	3.0
1077	3692	4.0
1077	3696	3.0
1077	3730	3.0
1077	3741	4.0
1077	3743	3.0
1077	3773	3.0
1077	3903	3.0
1077	3918	3.0
1077	3987	4.0
1077	3990	3.0
1077	4031	3.0
1077	4067	3.0
1077	4074	4.0
1077	4080	3.0
1077	4083	5.0
1077	4477	4.0
1077	4563	3.0
1077	4584	3.0
1077	4607	3.0
1077	4632	4.0
1077	4649	3.0
1077	4664	4.0
1077	4677	3.0
1077	4782	5.0
1077	4799	3.0
1077	4838	5.0
1077	4854	3.0
1077	5157	3.0
1077	5257	5.0
1077	5269	4.0
1077	5273	5.0
1077	5329	3.0
1077	5340	4.0
1077	5349	2.0
1077	5383	3.0
1077	5396	4.0
1077	5430	3.0
1077	5434	2.0
1077	5519	3.0
1077	5557	4.0
1077	5628	4.0
1077	5655	5.0
1077	5707	2.0
1077	5757	3.0
1077	5780	4.0
1077	5878	3.0
1077	5896	3.0
1077	5904	2.0
1077	5937	3.0
1077	5988	3.0
1077	6042	3.0
1077	6138	3.0
1077	6139	3.0
1077	6187	3.0
1077	6209	3.0
1077	6234	3.0
1077	6262	4.0
1077	6270	3.0
1077	6388	3.0
1077	6415	3.0
1077	6469	3.0
1077	6583	4.0
1077	6620	4.0
1142	45	3.0
1142	61	3.0
1142	62	3.0
1142	236	2.0
1142	272	3.0
1142	599	3.0
1142	653	3.0
1142	733	1.0
1142	817	5.0
1142	818	4.0
1142	936	1.0
1142	939	3.0
1142	1076	4.0
1142	1169	2.0
1142	1457	1.0
1142	1585	2.0
1142	1770	5.0
1142	1779	3.0
1142	1871	2.0
1142	1878	3.0
1142	1881	4.0
1142	1941	4.0
1142	2135	4.0
1142	2255	2.0
1142	2736	2.0
1142	2829	3.0
1142	2936	1.0
1142	3024	5.0
1142	3051	3.0
1142	3089	3.0
1142	3213	3.0
1142	3376	5.0
1142	3387	4.0
1142	3502	3.0
1142	3527	2.0
1142	3561	5.0
1142	3726	3.0
1142	3777	4.0
1142	3852	4.0
1142	3868	3.0
1142	4614	4.0
1142	4673	3.0
1142	5010	3.0
1142	5262	3.0
1142	5487	3.0
1142	5501	2.0
1142	5646	3.0
1142	5686	3.0
1142	5928	2.0
1142	6009	3.0
1142	6168	3.0
1148	96	5.0
1148	300	4.0
1148	369	5.0
1148	427	5.0
1148	479	5.0
1148	578	2.0
1148	596	4.0
1148	770	4.0
1148	817	5.0
1148	831	4.0
1148	832	5.0
1148	1329	5.0
1148	1377	4.0
1148	1506	3.0
1148	1608	4.0
1148	1791	4.0
1148	1834	4.0
1148	1888	5.0
1148	2072	3.0
1148	2089	5.0
1148	2128	3.0
1148	2152	3.0
1148	2186	3.0
1148	2221	4.0
1148	2270	4.0
1148	2386	3.0
1148	2600	2.0
1148	2639	4.0
1148	2714	5.0
1148	2722	4.0
1148	2778	3.0
1148	2792	5.0
1148	2908	4.0
1148	2931	4.0
1148	2939	5.0
1148	3309	4.0
1148	3556	4.0
1148	3657	5.0
1148	3690	3.0
1148	3739	5.0
1148	3777	4.0
1148	3785	2.0
1148	3874	5.0
1148	4018	3.0
1148	4236	5.0
1148	4269	5.0
1148	4295	5.0
1148	4338	4.0
1148	4339	5.0
1148	4511	4.0
1148	4590	3.0
1148	4596	4.0
1148	4684	4.0
1148	4748	5.0
1148	4781	4.0
1148	5008	3.0
1148	5037	4.0
1148	5046	4.0
1148	5047	4.0
1148	5057	5.0
1148	5150	4.0
1148	5154	3.0
1148	5193	2.0
1148	5212	3.0
1148	5263	4.0
1148	5496	5.0
1148	5582	5.0
1148	5657	5.0
1148	5669	4.0
1148	5789	3.0
1148	5792	5.0
1148	5850	4.0
1148	5873	5.0
1148	5928	2.0
1148	6036	4.0
1148	6084	3.0
1148	6196	4.0
1148	6203	2.0
1148	6300	1.0
1148	6426	4.0
1148	6459	4.0
1148	6469	3.0
1148	6572	5.0
1148	6577	4.0
1148	6672	5.0
1148	6772	4.0
1148	6953	4.0
1159	61	4.0
1159	133	5.0
1159	185	3.0
1159	217	5.0
1159	320	3.0
1159	353	5.0
1159	474	3.0
1159	548	4.0
1159	557	5.0
1159	593	3.0
1159	688	3.0
1159	818	4.0
1159	875	4.0
1159	1019	5.0
1159	1030	3.0
1159	1033	3.0
1159	1199	4.0
1159	1271	4.0
1159	1306	5.0
1159	1481	4.0
1159	1643	4.0
1159	1958	3.0
1159	2042	4.0
1159	2073	2.0
1159	2086	5.0
1159	2159	2.0
1159	2196	4.0
1159	2319	4.0
1159	2359	3.0
1159	2421	4.0
1159	2547	4.0
1159	2606	3.0
1159	2684	4.0
1159	2886	3.0
1159	3024	5.0
1159	3099	5.0
1159	3269	4.0
1159	3327	4.0
1159	3407	3.0
1159	3423	4.0
1159	3440	4.0
1159	3490	4.0
1159	3492	3.0
1159	3707	4.0
1159	3779	4.0
1159	3781	5.0
1159	3849	4.0
1159	3875	3.0
1159	3879	2.0
1159	3931	3.0
1159	3940	4.0
1159	3947	4.0
1159	4054	4.0
1159	4140	5.0
1159	4164	3.0
1159	4182	4.0
1159	4200	4.0
1159	4241	5.0
1159	4287	3.0
1159	4365	4.0
1159	4487	3.0
1159	4620	3.0
1159	4628	3.0
1159	4673	4.0
1159	4679	3.0
1159	4746	3.0
1159	4759	5.0
1159	4796	4.0
1159	4894	4.0
1159	4910	3.0
1159	5154	3.0
1159	5213	2.0
1159	5239	5.0
1159	5262	3.0
1159	5353	4.0
1159	5386	5.0
1159	5410	4.0
1159	5423	4.0
1159	5657	3.0
1159	5698	4.0
1159	5746	4.0
1159	5778	2.0
1159	5854	3.0
1159	6036	3.0
1159	6108	4.0
1159	6115	4.0
1159	6182	5.0
1159	6220	3.0
1159	6237	4.0
1159	6249	3.0
1159	6358	4.0
1159	6394	3.0
1159	6628	4.0
1159	6643	4.0
1159	6876	5.0
1159	6881	4.0
1169	20	4.0
1169	72	3.0
1169	97	3.0
1169	105	4.0
1169	141	4.0
1169	164	4.0
1169	181	4.0
1169	220	5.0
1169	221	5.0
1169	276	3.0
1169	341	5.0
1169	399	3.0
1169	418	5.0
1169	437	4.0
1169	448	3.0
1169	522	3.0
1169	604	3.0
1169	609	4.0
1169	745	3.0
1169	827	5.0
1169	855	3.0
1169	916	4.0
1169	1049	5.0
1169	1104	4.0
1169	1116	5.0
1169	1117	3.0
1169	1171	4.0
1169	1177	3.0
1169	1195	4.0
1169	1204	4.0
1169	1238	4.0
1169	1323	4.0
1169	1328	3.0
1169	1329	4.0
1169	1412	4.0
1169	1420	4.0
1169	1462	4.0
1169	1506	3.0
1169	1587	4.0
1169	1596	3.0
1169	1604	4.0
1169	1607	3.0
1169	1617	4.0
1169	1643	3.0
1169	1662	4.0
1169	1682	4.0
1169	1730	4.0
1169	1788	4.0
1169	1799	5.0
1169	1802	3.0
1169	2093	3.0
1169	2118	5.0
1169	2135	4.0
1169	2279	4.0
1169	2283	4.0
1169	2350	4.0
1169	2436	3.0
1169	2475	4.0
1169	2514	4.0
1169	2541	4.0
1169	2601	3.0
1169	2603	3.0
1169	2609	4.0
1169	2665	3.0
1169	2767	4.0
1169	2806	3.0
1169	2898	4.0
1169	2982	4.0
1169	3018	3.0
1169	3056	4.0
1169	3080	3.0
1169	3084	4.0
1169	3089	3.0
1169	3110	5.0
1169	3150	4.0
1169	3170	4.0
1169	3180	5.0
1169	3276	5.0
1169	3279	4.0
1169	3332	4.0
1169	3344	4.0
1169	3371	5.0
1169	3409	4.0
1169	3433	3.0
1169	3447	3.0
1169	3527	3.0
1169	3577	5.0
1169	3587	4.0
1169	3630	3.0
1169	3649	4.0
1169	3666	3.0
1169	3726	4.0
1169	3728	3.0
1169	3737	4.0
1169	3852	3.0
1169	3874	4.0
1169	3906	3.0
1169	3908	3.0
1169	3921	3.0
1169	3931	3.0
1169	3970	3.0
1169	3982	4.0
1169	3983	4.0
1169	3993	3.0
1169	3996	5.0
1169	4054	4.0
1169	4067	5.0
1169	4087	3.0
1169	4110	3.0
1169	4135	3.0
1169	4250	4.0
1169	4258	5.0
1169	4269	3.0
1169	4327	4.0
1169	4362	4.0
1169	4390	4.0
1169	4394	4.0
1169	4517	3.0
1169	4520	4.0
1169	4541	4.0
1169	4595	4.0
1169	4617	3.0
1169	4665	4.0
1169	4726	4.0
1169	4759	4.0
1169	4781	3.0
1169	4808	5.0
1169	4894	3.0
1169	5005	4.0
1169	5040	4.0
1169	5150	3.0
1169	5158	3.0
1169	5172	3.0
1169	5194	3.0
1169	5236	3.0
1169	5261	3.0
1169	5299	5.0
1169	5515	4.0
1169	5560	3.0
1169	5572	4.0
1169	5633	3.0
1169	5784	4.0
1169	5924	3.0
1169	5956	4.0
1169	5973	4.0
1169	6022	5.0
1169	6077	3.0
1169	6151	3.0
1169	6198	3.0
1169	6202	5.0
1169	6208	4.0
1169	6220	4.0
1169	6291	3.0
1169	6545	4.0
1169	6583	3.0
1169	6587	3.0
1169	6687	5.0
1169	6700	4.0
1169	6736	4.0
1169	6793	4.0
1169	6852	5.0
1169	6963	5.0
1174	243	3.0
1174	562	3.0
1174	613	3.0
1174	1377	5.0
1174	1441	3.0
1174	1760	3.0
1174	1799	5.0
1174	1956	3.0
1174	2427	3.0
1174	2627	3.0
1174	2714	4.0
1174	2938	5.0
1174	3026	3.0
1174	3085	3.0
1174	3213	3.0
1174	3649	3.0
1174	3781	4.0
1174	3869	2.0
1174	3905	3.0
1174	3910	3.0
1174	4665	3.0
1174	4706	4.0
1174	4743	3.0
1174	4767	4.0
1174	4774	5.0
1174	4826	5.0
1174	4993	3.0
1174	5049	4.0
1174	5472	3.0
1174	6082	3.0
1174	6138	3.0
1174	6209	3.0
1194	1	3.0
1194	23	4.0
1194	46	4.0
1194	89	3.0
1194	130	5.0
1194	453	3.0
1194	487	4.0
1194	522	2.0
1194	729	3.0
1194	827	4.0
1194	842	4.0
1194	921	4.0
1194	939	3.0
1194	1001	5.0
1194	1070	3.0
1194	1098	4.0
1194	1246	5.0
1194	1274	3.0
1194	1503	2.0
1194	1513	4.0
1194	1566	5.0
1194	1613	4.0
1194	1642	3.0
1194	1700	3.0
1194	1780	4.0
1194	1818	4.0
1194	1853	3.0
1194	1930	4.0
1194	1935	4.0
1194	2062	4.0
1194	2167	3.0
1194	2194	5.0
1194	2368	3.0
1194	2414	4.0
1194	2481	5.0
1194	2496	4.0
1194	2547	2.0
1194	2656	3.0
1194	2744	4.0
1194	2825	3.0
1194	2940	3.0
1194	2973	4.0
1194	3026	5.0
1194	3046	4.0
1194	3060	5.0
1194	3213	3.0
1194	3592	4.0
1194	3690	3.0
1194	3730	4.0
1194	3824	4.0
1194	3828	5.0
1194	3893	3.0
1194	3919	3.0
1194	3921	4.0
1194	4040	3.0
1194	4112	4.0
1194	4183	3.0
1194	4209	4.0
1194	4248	4.0
1194	4312	5.0
1194	4513	1.0
1194	4544	3.0
1194	4635	3.0
1194	4647	4.0
1194	4727	4.0
1194	4740	4.0
1194	4759	4.0
1194	4786	3.0
1194	4951	4.0
1194	4963	1.0
1194	4993	2.0
1194	5036	3.0
1194	5043	4.0
1194	5119	4.0
1194	5154	4.0
1194	5193	3.0
1194	5220	2.0
1194	5292	5.0
1194	5386	5.0
1194	5487	4.0
1194	5489	5.0
1194	5506	4.0
1194	5510	4.0
1194	5531	4.0
1194	5536	4.0
1194	5627	4.0
1194	5709	4.0
1194	5755	4.0
1194	5780	4.0
1194	5805	3.0
1194	5853	4.0
1194	5936	3.0
1194	6079	4.0
1194	6154	4.0
1194	6156	3.0
1194	6198	3.0
1194	6199	4.0
1194	6200	3.0
1194	6209	5.0
1194	6329	3.0
1194	6597	3.0
1194	6637	3.0
1194	6664	3.0
1194	6667	5.0
1194	6762	4.0
1194	6907	5.0
1194	6971	3.0
1265	63	2.0
1265	72	3.0
1265	96	3.0
1265	124	4.0
1265	141	4.0
1265	217	5.0
1265	226	5.0
1265	243	4.0
1265	496	3.0
1265	519	3.0
1265	629	3.0
1265	652	5.0
1265	668	3.0
1265	711	3.0
1265	716	4.0
1265	1030	4.0
1265	1226	5.0
1265	1432	4.0
1265	1451	4.0
1265	1468	3.0
1265	1578	3.0
1265	1627	4.0
1265	1730	3.0
1265	1802	3.0
1265	1959	4.0
1265	2029	4.0
1265	2098	5.0
1265	2128	3.0
1265	2135	4.0
1265	2188	3.0
1265	2384	4.0
1265	2601	3.0
1265	2818	5.0
1265	2900	4.0
1265	2916	3.0
1265	2988	4.0
1265	3065	4.0
1265	3161	3.0
1265	3173	4.0
1265	3387	3.0
1265	3463	3.0
1265	3592	3.0
1265	3692	3.0
1265	3697	3.0
1265	3738	3.0
1265	3777	4.0
1265	3964	3.0
1265	4054	3.0
1265	4094	4.0
1265	4135	3.0
1265	4307	4.0
1265	4434	4.0
1265	4446	3.0
1265	4487	3.0
1265	4513	2.0
1265	4594	4.0
1265	4608	2.0
1265	4684	3.0
1265	4791	3.0
1265	4928	3.0
1265	5197	5.0
1265	5213	3.0
1265	5262	3.0
1265	5299	4.0
1265	5340	3.0
1265	5438	5.0
1265	5461	4.0
1265	5707	4.0
1265	5750	3.0
1265	5774	4.0
1265	5791	4.0
1265	5792	4.0
1265	5848	4.0
1265	5928	3.0
1265	5956	4.0
1265	6169	4.0
1265	6214	3.0
1265	6370	3.0
1265	6523	4.0
1265	6574	4.0
1265	6652	3.0
1296	120	4.0
1296	141	4.0
1296	223	3.0
1296	234	5.0
1296	421	5.0
1296	466	3.0
1296	470	3.0
1296	509	5.0
1296	724	5.0
1296	797	3.0
1296	817	4.0
1296	832	5.0
1296	921	4.0
1296	939	5.0
1296	1001	5.0
1296	1064	5.0
1296	1125	4.0
1296	1295	5.0
1296	1348	5.0
1296	1462	4.0
1296	1488	4.0
1296	1536	5.0
1296	1642	2.0
1296	1727	5.0
1296	1834	5.0
1296	1859	3.0
1296	1937	5.0
1296	2119	5.0
1296	2177	1.0
1296	2203	3.0
1296	2260	4.0
1296	2323	4.0
1296	2517	3.0
1296	2850	5.0
1296	2924	5.0
1296	2931	5.0
1296	3087	5.0
1296	3127	3.0
1296	3196	5.0
1296	3224	4.0
1296	3287	5.0
1296	3510	5.0
1296	3623	5.0
1296	4202	4.0
1296	4333	4.0
1296	4517	3.0
1296	4523	3.0
1296	4553	5.0
1296	4687	5.0
1296	4769	5.0
1296	4894	3.0
1296	4979	2.0
1296	5199	3.0
1296	5262	2.0
1296	5432	3.0
1296	5560	3.0
1296	5688	3.0
1296	5842	1.0
1296	6067	3.0
1296	6217	5.0
1296	6287	3.0
1296	6479	3.0
1296	6493	5.0
1296	6578	4.0
1296	6675	3.0
1296	6727	4.0
1296	6772	4.0
1296	6887	3.0
1324	90	4.0
1324	120	5.0
1324	243	4.0
1324	328	2.0
1324	346	3.0
1324	369	4.0
1324	535	4.0
1324	605	3.0
1324	980	3.0
1324	1045	4.0
1324	1049	3.0
1324	1350	3.0
1324	1396	3.0
1324	1654	4.0
1324	1681	3.0
1324	1740	4.0
1324	1808	2.0
1324	2227	2.0
1324	2258	5.0
1324	2325	2.0
1324	2350	5.0
1324	2541	3.0
1324	2975	2.0
1324	3024	3.0
1324	3025	4.0
1324	3197	3.0
1324	3309	5.0
1324	3359	4.0
1324	3440	4.0
1324	3690	3.0
1324	3759	3.0
1324	3993	3.0
1324	4236	4.0
1324	4390	3.0
1324	4617	3.0
1324	5213	4.0
1324	5423	4.0
1324	5781	5.0
1324	6084	5.0
1324	6210	2.0
1324	6232	4.0
1324	6252	1.0
1324	6369	5.0
1324	6626	3.0
1324	6665	4.0
1324	6877	3.0
1324	6924	4.0
1337	509	4.0
1337	594	4.0
1337	654	3.0
1337	861	4.0
1337	912	4.0
1337	977	4.0
1337	1048	3.0
1337	1350	4.0
1337	1667	4.0
1337	1782	5.0
1337	1802	3.0
1337	1885	4.0
1337	1950	3.0
1337	2177	1.0
1337	2264	4.0
1337	2277	5.0
1337	2307	4.0
1337	2334	4.0
1337	2614	2.0
1337	2690	3.0
1337	2757	4.0
1337	2816	3.0
1337	2841	4.0
1337	2846	5.0
1337	2929	4.0
1337	2960	3.0
1337	3019	3.0
1337	3093	3.0
1337	3100	5.0
1337	3152	5.0
1337	3236	4.0
1337	3301	4.0
1337	3608	4.0
1337	3623	4.0
1337	3760	4.0
1337	3781	5.0
1337	3852	5.0
1337	3941	3.0
1337	4056	5.0
1337	4236	3.0
1337	4269	4.0
1337	4291	2.0
1337	4330	3.0
1337	4344	4.0
1337	4462	3.0
1337	4463	4.0
1337	4485	1.0
1337	4665	5.0
1337	4705	3.0
1337	4706	3.0
1337	4916	4.0
1337	5124	5.0
1337	5214	2.0
1337	5232	2.0
1337	5424	4.0
1337	5435	4.0
1337	5473	4.0
1337	5507	4.0
1337	5581	4.0
1337	5663	4.0
1337	5696	5.0
1337	5719	4.0
1337	5848	3.0
1337	5928	4.0
1337	5986	4.0
1337	6077	4.0
1337	6178	4.0
1337	6335	3.0
1337	6479	5.0
1337	6480	4.0
1337	6534	3.0
1337	6700	4.0
1342	67	3.0
1342	241	4.0
1342	243	4.0
1342	272	4.0
1342	359	4.0
1342	500	4.0
1342	635	4.0
1342	719	4.0
1342	782	4.0
1342	844	3.0
1342	872	4.0
1342	910	4.0
1342	936	4.0
1342	1139	4.0
1342	1159	4.0
1342	1211	4.0
1342	1225	4.0
1342	1344	4.0
1342	1419	4.0
1342	1515	3.0
1342	1532	4.0
1342	1617	4.0
1342	1727	4.0
1342	1780	4.0
1342	1825	4.0
1342	1826	4.0
1342	1888	3.0
1342	1933	4.0
1342	1983	4.0
1342	2029	5.0
1342	2135	4.0
1342	2220	4.0
1342	2499	4.0
1342	2709	4.0
1342	2745	4.0
1342	2763	4.0
1342	2874	3.0
1342	2886	4.0
1342	3019	3.0
1342	3036	3.0
1342	3056	4.0
1342	3296	4.0
1342	3403	4.0
1342	3406	5.0
1342	3407	4.0
1342	3533	4.0
1342	3595	4.0
1342	3629	4.0
1342	3779	4.0
1342	3812	4.0
1342	3865	3.0
1342	3906	4.0
1342	3909	4.0
1342	3991	4.0
1342	3993	4.0
1342	4001	4.0
1342	4006	4.0
1342	4037	4.0
1342	4119	4.0
1342	4171	5.0
1342	4187	4.0
1342	4189	4.0
1342	4361	4.0
1342	4372	3.0
1342	4460	4.0
1342	4477	5.0
1342	4559	4.0
1342	4592	4.0
1342	4779	4.0
1342	4885	4.0
1342	4922	4.0
1342	5049	4.0
1342	5154	4.0
1342	5191	4.0
1342	5207	4.0
1342	5304	4.0
1342	5343	4.0
1342	5394	4.0
1342	5399	4.0
1342	5401	4.0
1342	5437	3.0
1342	5478	4.0
1342	5508	4.0
1342	5541	4.0
1342	5668	4.0
1342	5682	3.0
1342	5890	5.0
1342	6039	4.0
1342	6043	4.0
1342	6059	4.0
1342	6115	4.0
1342	6182	4.0
1342	6198	4.0
1342	6223	4.0
1342	6323	4.0
1342	6331	4.0
1342	6362	3.0
1342	6415	3.0
1342	6419	4.0
1342	6577	3.0
1342	6584	4.0
1342	6659	4.0
1342	6708	4.0
1342	6731	4.0
1342	6792	4.0
1342	6854	4.0
1342	6901	3.0
1342	6907	4.0
1342	6962	4.0
1352	56	5.0
1352	61	5.0
1352	241	4.0
1352	341	5.0
1352	369	3.0
1352	386	4.0
1352	493	2.0
1352	708	4.0
1352	856	3.0
1352	884	5.0
1352	1005	4.0
1352	1033	5.0
1352	1076	4.0
1352	1125	2.0
1352	1189	2.0
1352	1506	5.0
1352	1522	4.0
1352	1643	4.0
1352	1728	5.0
1352	1964	5.0
1352	2025	5.0
1352	2109	3.0
1352	2350	5.0
1352	2609	4.0
1352	2676	4.0
1352	2874	5.0
1352	3008	3.0
1352	3014	3.0
1352	3102	3.0
1352	3110	4.0
1352	3144	3.0
1352	3343	2.0
1352	3359	4.0
1352	3407	4.0
1352	3410	4.0
1352	3468	3.0
1352	3486	3.0
1352	3568	4.0
1352	3570	4.0
1352	4021	4.0
1352	4037	4.0
1352	4647	3.0
1352	4673	3.0
1352	4729	4.0
1352	4743	4.0
1352	4791	4.0
1352	5012	3.0
1352	5213	4.0
1352	5258	4.0
1352	5262	3.0
1352	5299	5.0
1352	5457	4.0
1352	5508	2.0
1352	5582	5.0
1352	5820	3.0
1352	5910	4.0
1352	6355	5.0
1352	6558	5.0
1352	6584	4.0
1391	30	5.0
1391	71	5.0
1391	155	3.0
1391	203	3.0
1391	233	3.0
1391	339	3.0
1391	341	3.0
1391	401	5.0
1391	437	3.0
1391	509	4.0
1391	557	4.0
1391	563	3.0
1391	596	5.0
1391	711	4.0
1391	735	3.0
1391	769	4.0
1391	797	4.0
1391	831	3.0
1391	873	4.0
1391	897	3.0
1391	980	3.0
1391	1018	3.0
1391	1072	5.0
1391	1195	5.0
1391	1415	3.0
1391	1482	4.0
1391	1511	4.0
1391	1607	4.0
1391	1622	4.0
1391	1693	4.0
1391	1707	3.0
1391	1738	3.0
1391	1745	4.0
1391	1765	3.0
1391	1813	4.0
1391	1881	4.0
1391	1914	3.0
1391	1923	4.0
1391	1973	4.0
1391	2014	3.0
1391	2015	3.0
1391	2062	4.0
1391	2081	4.0
1391	2181	5.0
1391	2194	3.0
1391	2287	5.0
1391	2397	4.0
1391	2414	4.0
1391	2425	4.0
1391	2462	4.0
1391	2511	3.0
1391	2628	3.0
1391	2714	4.0
1391	2725	3.0
1391	2901	4.0
1391	2905	3.0
1391	3014	3.0
1391	3015	4.0
1391	3111	4.0
1391	3187	4.0
1391	3192	4.0
1391	3307	5.0
1391	3344	4.0
1391	3386	4.0
1391	3450	4.0
1391	3527	3.0
1391	3560	3.0
1391	3601	3.0
1391	3723	3.0
1391	3781	5.0
1391	3825	5.0
1391	3834	3.0
1391	3869	3.0
1391	3877	3.0
1391	3929	4.0
1391	4037	4.0
1391	4054	4.0
1391	4125	5.0
1391	4209	5.0
1391	4253	5.0
1391	4254	5.0
1391	4339	4.0
1391	4373	3.0
1391	4415	4.0
1391	4469	3.0
1391	4480	3.0
1391	4523	4.0
1391	4857	5.0
1391	4868	5.0
1391	4884	5.0
1391	4927	5.0
1391	5053	5.0
1391	5207	4.0
1391	5385	5.0
1391	5410	5.0
1391	5432	3.0
1391	5457	3.0
1391	5504	3.0
1391	5536	3.0
1391	5538	4.0
1391	5560	3.0
1391	5583	3.0
1391	5648	4.0
1391	5686	3.0
1391	5753	4.0
1391	5793	2.0
1391	5871	3.0
1391	6102	4.0
1391	6214	4.0
1391	6223	4.0
1391	6269	4.0
1391	6271	4.0
1391	6295	4.0
1391	6389	4.0
1391	6539	4.0
1391	6607	4.0
1391	6674	3.0
1391	6899	5.0
1391	6941	5.0
1391	6953	4.0
1406	174	4.0
1406	194	4.0
1406	254	4.0
1406	346	4.0
1406	466	3.0
1406	773	3.0
1406	844	4.0
1406	884	4.0
1406	938	4.0
1406	939	5.0
1406	1154	5.0
1406	1233	4.0
1406	1377	4.0
1406	1746	4.0
1406	1872	4.0
1406	1994	4.0
1406	2004	4.0
1406	2017	4.0
1406	2414	4.0
1406	2737	3.0
1406	2886	5.0
1406	3084	3.0
1406	3378	4.0
1406	3527	4.0
1406	3785	4.0
1406	4330	3.0
1406	4487	5.0
1406	4726	3.0
1406	4951	3.0
1406	5050	4.0
1406	5154	3.0
1406	5214	2.0
1406	5423	5.0
1406	5493	4.0
1406	5534	4.0
1406	5552	3.0
1406	5909	3.0
1406	6606	4.0
1406	6778	4.0
1435	40	4.0
1435	63	3.0
1435	156	5.0
1435	166	4.0
1435	180	5.0
1435	183	4.0
1435	295	3.0
1435	409	3.0
1435	421	3.0
1435	468	4.0
1435	499	3.0
1435	508	3.0
1435	581	4.0
1435	604	3.0
1435	627	4.0
1435	645	3.0
1435	656	4.0
1435	699	5.0
1435	709	4.0
1435	747	4.0
1435	795	2.0
1435	938	3.0
1435	983	3.0
1435	1061	5.0
1435	1071	4.0
1435	1074	4.0
1435	1116	4.0
1435	1140	5.0
1435	1180	4.0
1435	1186	5.0
1435	1296	2.0
1435	1336	5.0
1435	1352	3.0
1435	1355	3.0
1435	1374	4.0
1435	1462	3.0
1435	1491	4.0
1435	1503	4.0
1435	1520	5.0
1435	1538	4.0
1435	1540	4.0
1435	1684	3.0
1435	1739	3.0
1435	1842	4.0
1435	2133	5.0
1435	2168	4.0
1435	2197	3.0
1435	2262	5.0
1435	2307	4.0
1435	2340	3.0
1435	2424	4.0
1435	2427	4.0
1435	2477	4.0
1435	2481	5.0
1435	2549	4.0
1435	2560	4.0
1435	2605	4.0
1435	2607	3.0
1435	2678	2.0
1435	2716	3.0
1435	2735	4.0
1435	2758	3.0
1435	2771	5.0
1435	2790	4.0
1435	2874	3.0
1435	2884	3.0
1435	2913	5.0
1435	2914	4.0
1435	3024	5.0
1435	3025	5.0
1435	3028	5.0
1435	3070	4.0
1435	3085	3.0
1435	3102	5.0
1435	3292	4.0
1435	3346	3.0
1435	3359	3.0
1435	3361	4.0
1435	3555	2.0
1435	3563	4.0
1435	3592	4.0
1435	3594	4.0
1435	3661	4.0
1435	3704	3.0
1435	3755	4.0
1435	3781	5.0
1435	3796	4.0
1435	3826	2.0
1435	3864	3.0
1435	3889	3.0
1435	4159	3.0
1435	4165	3.0
1435	4229	4.0
1435	4236	4.0
1435	4250	3.0
1435	4260	3.0
1435	4291	2.0
1435	4296	5.0
1435	4317	3.0
1435	4324	3.0
1435	4392	4.0
1435	4394	3.0
1435	4402	3.0
1435	4513	1.0
1435	4649	2.0
1435	4665	4.0
1435	4705	2.0
1435	4723	3.0
1435	4748	5.0
1435	4803	4.0
1435	4848	2.0
1435	4916	3.0
1435	4953	4.0
1435	4961	5.0
1435	4997	4.0
1435	5012	4.0
1435	5211	5.0
1435	5230	3.0
1435	5344	4.0
1435	5394	5.0
1435	5480	3.0
1435	5481	3.0
1435	5544	1.0
1435	5645	5.0
1435	5662	4.0
1435	5712	4.0
1435	5790	3.0
1435	5808	3.0
1435	5853	4.0
1435	5910	4.0
1435	5936	3.0
1435	5995	5.0
1435	6087	4.0
1435	6139	3.0
1435	6145	5.0
1435	6197	3.0
1435	6259	4.0
1435	6274	4.0
1435	6310	4.0
1435	6378	4.0
1435	6430	4.0
1435	6439	4.0
1435	6513	3.0
1435	6628	3.0
1435	6678	3.0
1435	6876	4.0
1435	6888	4.0
1454	72	4.0
1454	236	3.0
1454	296	3.0
1454	321	3.0
1454	421	5.0
1454	453	4.0
1454	483	2.0
1454	551	5.0
1454	680	5.0
1454	817	5.0
1454	818	5.0
1454	939	4.0
1454	980	4.0
1454	1074	4.0
1454	1707	4.0
1454	1780	5.0
1454	1782	3.0
1454	1826	4.0
1454	2079	2.0
1454	2135	5.0
1454	2350	5.0
1454	2443	4.0
1454	2609	5.0
1454	2628	4.0
1454	3385	5.0
1454	3593	5.0
1454	3613	5.0
1454	3857	4.0
1454	3875	4.0
1454	4097	5.0
1454	4256	3.0
1454	4309	4.0
1454	4357	5.0
1454	4434	4.0
1454	4487	4.0
1454	4590	3.0
1454	4628	3.0
1454	4647	3.0
1454	4673	5.0
1454	4875	4.0
1454	4993	5.0
1454	5262	3.0
1454	5646	3.0
1454	5710	4.0
1454	5934	4.0
1454	6280	5.0
1454	6440	3.0
1454	6523	5.0
1454	6606	4.0
1454	6687	5.0
1454	6747	4.0
1454	6916	5.0
1478	70	4.0
1478	141	4.0
1478	223	5.0
1478	310	5.0
1478	346	4.0
1478	348	3.0
1478	352	4.0
1478	483	3.0
1478	509	1.0
1478	514	4.0
1478	557	4.0
1478	565	3.0
1478	593	3.0
1478	714	4.0
1478	716	4.0
1478	844	3.0
1478	858	4.0
1478	874	4.0
1478	921	3.0
1478	1017	3.0
1478	1025	3.0
1478	1029	3.0
1478	1055	4.0
1478	1060	4.0
1478	1072	4.0
1478	1129	4.0
1478	1193	3.0
1478	1194	4.0
1478	1211	3.0
1478	1247	4.0
1478	1272	5.0
1478	1282	5.0
1478	1506	4.0
1478	1608	4.0
1478	1700	2.0
1478	1701	5.0
1478	1759	3.0
1478	1763	3.0
1478	1880	4.0
1478	1892	5.0
1478	1899	3.0
1478	1933	3.0
1478	1941	4.0
1478	1976	4.0
1478	2029	4.0
1478	2069	4.0
1478	2093	3.0
1478	2101	3.0
1478	2135	4.0
1478	2161	4.0
1478	2191	5.0
1478	2242	5.0
1478	2260	5.0
1478	2278	3.0
1478	2344	4.0
1478	2417	4.0
1478	2462	4.0
1478	2470	4.0
1478	2478	4.0
1478	2481	4.0
1478	2492	3.0
1478	2509	2.0
1478	2544	3.0
1478	2578	3.0
1478	2676	4.0
1478	2698	3.0
1478	2702	4.0
1478	2910	4.0
1478	2962	3.0
1478	3026	4.0
1478	3074	4.0
1478	3089	4.0
1478	3129	3.0
1478	3268	3.0
1478	3273	3.0
1478	3344	4.0
1478	3363	4.0
1478	3369	3.0
1478	3400	4.0
1478	3411	4.0
1478	3440	4.0
1478	3489	2.0
1478	3597	3.0
1478	3622	4.0
1478	3670	4.0
1478	3743	3.0
1478	3834	3.0
1478	3910	3.0
1478	4019	4.0
1478	4111	5.0
1478	4135	3.0
1478	4173	3.0
1478	4194	3.0
1478	4248	4.0
1478	4306	4.0
1478	4364	4.0
1478	4399	4.0
1478	4564	3.0
1478	4605	1.0
1478	4638	3.0
1478	4653	3.0
1478	4676	3.0
1478	4727	4.0
1478	4756	2.0
1478	4840	3.0
1478	4842	4.0
1478	5043	3.0
1478	5157	3.0
1478	5158	4.0
1478	5353	3.0
1478	5432	4.0
1478	5440	3.0
1478	5503	4.0
1478	5505	3.0
1478	5515	4.0
1478	5559	2.0
1478	5566	3.0
1478	5578	4.0
1478	5646	3.0
1478	5668	4.0
1478	5707	4.0
1478	5719	3.0
1478	5756	4.0
1478	5931	2.0
1478	5945	4.0
1478	6105	4.0
1478	6311	5.0
1478	6316	4.0
1478	6332	3.0
1478	6379	4.0
1478	6437	3.0
1478	6469	4.0
1478	6472	5.0
1478	6487	4.0
1478	6507	3.0
1478	6556	4.0
1478	6570	2.0
1478	6579	4.0
1478	6580	3.0
1478	6583	4.0
1478	6679	3.0
1478	6682	4.0
1478	6702	3.0
1478	6778	3.0
1478	6878	5.0
1478	6881	4.0
1478	6916	3.0
1478	6923	3.0
1478	6952	2.0
1538	20	5.0
1538	21	4.0
1538	61	4.0
1538	70	4.0
1538	117	5.0
1538	194	4.0
1538	195	3.0
1538	272	5.0
1538	496	5.0
1538	532	4.0
1538	565	4.0
1538	578	3.0
1538	607	5.0
1538	629	4.0
1538	661	4.0
1538	714	4.0
1538	716	3.0
1538	874	5.0
1538	924	4.0
1538	934	3.0
1538	958	4.0
1538	964	4.0
1538	1130	3.0
1538	1131	4.0
1538	1149	4.0
1538	1210	5.0
1538	1343	4.0
1538	1375	4.0
1538	1462	3.0
1538	1470	4.0
1538	1491	5.0
1538	1569	4.0
1538	1927	3.0
1538	2029	5.0
1538	2066	3.0
1538	2069	4.0
1538	2071	4.0
1538	2188	5.0
1538	2230	4.0
1538	2286	4.0
1538	2287	5.0
1538	2384	4.0
1538	2421	4.0
1538	2427	4.0
1538	2484	5.0
1538	2509	4.0
1538	2565	5.0
1538	2566	4.0
1538	2625	5.0
1538	2659	3.0
1538	2673	4.0
1538	2687	4.0
1538	2905	4.0
1538	2959	5.0
1538	2991	3.0
1538	3001	4.0
1538	3026	5.0
1538	3041	5.0
1538	3056	4.0
1538	3058	5.0
1538	3471	5.0
1538	3560	3.0
1538	3690	4.0
1538	3691	3.0
1538	3804	5.0
1538	3825	5.0
1538	3872	3.0
1538	3921	5.0
1538	3997	3.0
1538	4011	3.0
1538	4048	5.0
1538	4054	3.0
1538	4112	5.0
1538	4115	4.0
1538	4253	5.0
1538	4284	5.0
1538	4350	3.0
1538	4508	4.0
1538	4555	3.0
1538	4597	4.0
1538	4607	4.0
1538	4649	4.0
1538	4706	4.0
1538	4728	4.0
1538	4776	4.0
1538	4879	5.0
1538	4886	3.0
1538	4896	4.0
1538	4901	3.0
1538	4926	5.0
1538	5043	3.0
1538	5276	3.0
1538	5373	4.0
1538	5423	4.0
1538	5449	3.0
1538	5480	4.0
1538	5494	5.0
1538	5503	4.0
1538	5521	4.0
1538	5534	3.0
1538	5557	3.0
1538	5566	5.0
1538	5572	4.0
1538	5600	5.0
1538	5613	4.0
1538	5719	4.0
1538	5743	4.0
1538	5845	4.0
1538	5873	4.0
1538	5890	4.0
1538	5915	4.0
1538	5977	4.0
1538	5986	3.0
1538	6009	3.0
1538	6029	4.0
1538	6036	3.0
1538	6132	4.0
1538	6139	4.0
1538	6281	4.0
1538	6323	4.0
1538	6420	5.0
1538	6421	4.0
1538	6516	3.0
1538	6545	3.0
1538	6630	5.0
1538	6681	4.0
1538	6876	4.0
1538	6919	3.0
1553	113	3.0
1553	178	3.0
1553	198	4.0
1553	201	3.0
1553	236	3.0
1553	328	2.0
1553	341	4.0
1553	399	3.0
1553	488	5.0
1553	531	4.0
1553	575	4.0
1553	624	3.0
1553	653	4.0
1553	758	5.0
1553	761	5.0
1553	784	5.0
1553	1076	5.0
1553	1125	3.0
1553	1342	3.0
1553	1429	3.0
1553	1432	5.0
1553	1483	5.0
1553	1494	5.0
1553	1703	3.0
1553	1834	4.0
1553	1995	4.0
1553	2093	5.0
1553	2239	5.0
1553	2289	2.0
1553	2342	5.0
1553	2384	3.0
1553	2427	4.0
1553	2448	4.0
1553	2456	4.0
1553	2550	3.0
1553	2562	4.0
1553	2591	2.0
1553	2603	4.0
1553	2629	3.0
1553	2644	4.0
1553	2801	3.0
1553	2994	4.0
1553	3028	5.0
1553	3038	4.0
1553	3042	4.0
1553	3211	4.0
1553	3251	4.0
1553	3277	4.0
1553	3388	4.0
1553	3394	3.0
1553	3428	4.0
1553	3512	2.0
1553	3576	5.0
1553	3630	4.0
1553	3666	3.0
1553	3690	3.0
1553	3691	4.0
1553	3777	5.0
1553	3825	5.0
1553	3873	4.0
1553	3923	3.0
1553	3963	4.0
1553	4025	4.0
1553	4087	3.0
1553	4097	4.0
1553	4109	5.0
1553	4159	3.0
1553	4180	3.0
1553	4269	4.0
1553	4312	4.0
1553	4345	5.0
1553	4602	4.0
1553	4620	5.0
1553	4711	3.0
1553	4746	3.0
1553	4768	4.0
1553	4804	4.0
1553	4882	4.0
1553	4889	5.0
1553	5130	3.0
1553	5236	4.0
1553	5445	5.0
1553	5686	4.0
1553	5756	4.0
1553	5842	3.0
1553	5848	4.0
1553	5888	4.0
1553	5890	5.0
1553	5936	2.0
1553	6105	4.0
1553	6134	3.0
1553	6161	4.0
1553	6193	5.0
1553	6259	3.0
1553	6286	2.0
1553	6421	3.0
1553	6516	3.0
1553	6574	4.0
1553	6583	5.0
1553	6635	3.0
1553	6642	3.0
1553	6651	4.0
1553	6765	5.0
1553	6800	4.0
1553	6826	3.0
1553	6845	5.0
1553	6969	4.0
1563	101	4.0
1563	112	4.0
1563	117	3.0
1563	170	4.0
1563	341	3.0
1563	417	5.0
1563	517	3.0
1563	533	2.0
1563	643	3.0
1563	797	3.0
1563	817	4.0
1563	827	3.0
1563	913	3.0
1563	946	4.0
1563	1074	3.0
1563	1076	4.0
1563	1105	3.0
1563	1159	4.0
1563	1232	4.0
1563	1361	3.0
1563	1421	4.0
1563	1432	4.0
1563	1488	4.0
1563	1527	4.0
1563	1728	3.0
1563	1953	4.0
1563	2031	4.0
1563	2075	3.0
1563	2282	3.0
1563	2340	3.0
1563	2544	3.0
1563	2606	3.0
1563	2628	2.0
1563	2769	3.0
1563	2801	5.0
1563	2846	5.0
1563	2862	3.0
1563	2886	3.0
1563	2923	4.0
1563	3056	3.0
1563	3102	5.0
1563	3120	3.0
1563	3393	3.0
1563	3455	4.0
1563	3473	5.0
1563	3622	4.0
1563	3670	4.0
1563	3690	4.0
1563	3691	3.0
1563	3804	4.0
1563	3831	4.0
1563	3947	3.0
1563	4031	4.0
1563	4173	4.0
1563	4180	3.0
1563	4269	4.0
1563	4350	4.0
1563	4365	4.0
1563	4477	3.0
1563	4485	2.0
1563	4555	1.0
1563	4617	3.0
1563	4684	3.0
1563	4852	4.0
1563	4854	3.0
1563	4951	4.0
1563	4963	3.0
1563	5036	3.0
1563	5050	4.0
1563	5150	4.0
1563	5154	3.0
1563	5262	4.0
1563	5304	4.0
1563	5330	5.0
1563	5473	3.0
1563	5972	4.0
1563	6010	5.0
1563	6208	4.0
1563	6220	2.0
1563	6311	4.0
1563	6327	3.0
1563	6369	4.0
1563	6578	4.0
1563	6682	3.0
1563	6687	5.0
1563	6700	3.0
1602	190	5.0
1602	217	4.0
1602	233	4.0
1602	399	5.0
1602	512	5.0
1602	643	3.0
1602	649	5.0
1602	656	4.0
1602	657	4.0
1602	668	4.0
1602	780	4.0
1602	831	5.0
1602	832	5.0
1602	847	4.0
1602	861	4.0
1602	918	5.0
1602	919	5.0
1602	931	5.0
1602	986	1.0
1602	1080	5.0
1602	1140	4.0
1602	1145	5.0
1602	1196	5.0
1602	1199	5.0
1602	1361	4.0
1602	1384	5.0
1602	1488	5.0
1602	1513	5.0
1602	1588	1.0
1602	1603	4.0
1602	1654	5.0
1602	1782	5.0
1602	1825	5.0
1602	2033	5.0
1602	2199	4.0
1602	2220	5.0
1602	2262	5.0
1602	2278	3.0
1602	2307	4.0
1602	2323	3.0
1602	2350	5.0
1602	2430	4.0
1602	2431	4.0
1602	2516	4.0
1602	2520	4.0
1602	2588	3.0
1602	2739	5.0
1602	2842	4.0
1602	2859	5.0
1602	2861	5.0
1602	2931	5.0
1602	2938	5.0
1602	2971	5.0
1602	3006	4.0
1602	3056	5.0
1602	3100	5.0
1602	3150	3.0
1602	3193	5.0
1602	3198	4.0
1602	3371	3.0
1602	3376	5.0
1602	3383	5.0
1602	3418	5.0
1602	3538	5.0
1602	3655	5.0
1602	3656	4.0
1602	3691	4.0
1602	3707	4.0
1602	3739	4.0
1602	3749	5.0
1602	3759	3.0
1602	3781	5.0
1602	3844	4.0
1602	3873	5.0
1602	3902	3.0
1602	3913	3.0
1602	3923	4.0
1602	3946	4.0
1602	3949	5.0
1602	3953	5.0
1602	3993	5.0
1602	4260	5.0
1602	4305	5.0
1602	4309	4.0
1602	4345	5.0
1602	4480	4.0
1602	4484	5.0
1602	4581	5.0
1602	4592	4.0
1602	4665	4.0
1602	4673	5.0
1602	4684	4.0
1602	4724	5.0
1602	4860	5.0
1602	4916	4.0
1602	4923	5.0
1602	4993	4.0
1602	5050	5.0
1602	5053	4.0
1602	5256	5.0
1602	5266	5.0
1602	5296	4.0
1602	5407	5.0
1602	5544	2.0
1602	5546	4.0
1602	5567	4.0
1602	5575	5.0
1602	5582	5.0
1602	5618	4.0
1602	5664	5.0
1602	5716	5.0
1602	5928	5.0
1602	6010	4.0
1602	6109	4.0
1602	6139	4.0
1602	6310	5.0
1602	6328	4.0
1602	6370	5.0
1602	6449	4.0
1602	6479	4.0
1602	6522	5.0
1602	6545	4.0
1602	6685	5.0
1602	6691	4.0
1602	6762	4.0
1602	6765	5.0
1602	6849	4.0
1602	6853	4.0
1602	6878	5.0
1602	6923	4.0
1602	6963	5.0
1620	60	4.0
1620	111	4.0
1620	328	4.0
1620	329	4.0
1620	340	5.0
1620	409	3.0
1620	453	4.0
1620	483	3.0
1620	522	3.0
1620	535	5.0
1620	537	4.0
1620	553	4.0
1620	594	3.0
1620	604	5.0
1620	897	5.0
1620	919	5.0
1620	921	5.0
1620	934	3.0
1620	946	5.0
1620	964	5.0
1620	981	3.0
1620	1030	5.0
1620	1049	5.0
1620	1067	4.0
1620	1072	4.0
1620	1077	5.0
1620	1171	4.0
1620	1203	3.0
1620	1272	5.0
1620	1339	5.0
1620	1404	4.0
1620	1503	5.0
1620	1522	4.0
1620	1586	5.0
1620	1601	3.0
1620	1627	5.0
1620	1770	5.0
1620	1843	5.0
1620	1859	3.0
1620	1881	4.0
1620	2041	4.0
1620	2046	4.0
1620	2069	5.0
1620	2104	5.0
1620	2135	4.0
1620	2242	4.0
1620	2274	5.0
1620	2283	4.0
1620	2322	3.0
1620	2386	4.0
1620	2446	5.0
1620	2462	5.0
1620	2522	4.0
1620	2531	5.0
1620	2565	4.0
1620	2585	4.0
1620	2606	4.0
1620	2628	3.0
1620	2841	4.0
1620	2845	4.0
1620	2874	4.0
1620	2910	4.0
1620	2936	3.0
1620	2991	4.0
1620	2995	3.0
1620	3017	5.0
1620	3019	3.0
1620	3026	4.0
1620	3056	4.0
1620	3064	4.0
1620	3110	5.0
1620	3144	4.0
1620	3162	3.0
1620	3167	5.0
1620	3277	4.0
1620	3319	5.0
1620	3320	3.0
1620	3371	5.0
1620	3378	4.0
1620	3386	5.0
1620	3387	5.0
1620	3410	4.0
1620	3430	4.0
1620	3437	3.0
1620	3440	4.0
1620	3470	5.0
1620	3519	4.0
1620	3672	3.0
1620	3751	4.0
1620	3834	3.0
1620	3877	3.0
1620	3923	4.0
1620	3964	3.0
1620	3970	3.0
1620	4010	4.0
1620	4041	4.0
1620	4043	5.0
1620	4067	4.0
1620	4135	4.0
1620	4151	4.0
1620	4160	3.0
1620	4180	3.0
1620	4291	3.0
1620	4323	5.0
1620	4345	5.0
1620	4352	4.0
1620	4483	4.0
1620	4559	3.0
1620	4651	4.0
1620	4673	3.0
1620	4934	4.0
1620	4947	4.0
1620	4980	3.0
1620	5005	5.0
1620	5040	4.0
1620	5067	3.0
1620	5089	3.0
1620	5107	4.0
1620	5150	3.0
1620	5193	3.0
1620	5304	5.0
1620	5330	5.0
1620	5408	5.0
1620	5461	5.0
1620	5481	4.0
1620	5555	4.0
1620	5560	3.0
1620	5719	4.0
1620	5732	4.0
1620	5848	4.0
1620	5910	4.0
1620	5924	3.0
1620	5927	4.0
1620	6010	5.0
1620	6040	4.0
1620	6099	3.0
1620	6155	4.0
1620	6198	5.0
1620	6300	4.0
1620	6469	4.0
1620	6480	4.0
1620	6484	5.0
1620	6493	5.0
1620	6672	4.0
1620	6722	4.0
1620	6792	5.0
1620	6833	4.0
1620	6878	5.0
1682	190	4.0
1682	313	3.0
1682	346	3.0
1682	353	3.0
1682	387	3.0
1682	414	2.0
1682	475	3.0
1682	500	3.0
1682	578	3.0
1682	666	3.0
1682	703	2.0
1682	782	4.0
1682	817	4.0
1682	818	5.0
1682	913	4.0
1682	924	3.0
1682	931	4.0
1682	934	3.0
1682	1030	4.0
1682	1096	3.0
1682	1125	4.0
1682	1145	4.0
1682	1150	4.0
1682	1409	4.0
1682	1448	1.0
1682	1506	4.0
1682	1544	3.0
1682	1586	3.0
1682	1644	3.0
1682	1654	4.0
1682	1774	2.0
1682	2089	5.0
1682	2421	3.0
1682	2547	3.0
1682	2789	4.0
1682	2973	3.0
1682	3024	4.0
1682	3052	4.0
1682	3084	3.0
1682	3141	3.0
1682	3211	4.0
1682	3226	3.0
1682	3380	3.0
1682	3437	4.0
1682	3458	4.0
1682	3570	3.0
1682	3638	3.0
1682	3649	3.0
1682	3690	3.0
1682	3781	4.0
1682	3804	4.0
1682	3861	3.0
1682	3947	3.0
1682	3952	4.0
1682	3956	3.0
1682	3964	5.0
1682	4110	4.0
1682	4180	4.0
1682	4239	4.0
1682	4321	5.0
1682	4421	4.0
1682	4464	4.0
1682	4491	3.0
1682	4522	4.0
1682	4673	4.0
1682	4691	3.0
1682	4743	4.0
1682	4796	4.0
1682	4845	4.0
1682	4893	4.0
1682	4947	4.0
1682	5043	3.0
1682	5150	3.0
1682	5172	3.0
1682	5180	3.0
1682	5262	3.0
1682	5294	4.0
1682	5357	4.0
1682	5417	3.0
1682	5432	3.0
1682	5511	3.0
1682	5521	4.0
1682	5592	3.0
1682	5622	4.0
1682	5627	5.0
1682	5781	5.0
1682	5845	4.0
1682	5853	3.0
1682	6036	3.0
1682	6061	3.0
1682	6253	4.0
1682	6295	4.0
1682	6332	3.0
1682	6561	3.0
1682	6624	3.0
1682	6637	3.0
1682	6799	3.0
1682	6878	4.0
1682	6904	5.0
1682	6963	4.0
1706	2	4.0
1706	46	4.0
1706	127	3.0
1706	176	3.0
1706	180	4.0
1706	211	3.0
1706	226	4.0
1706	230	3.0
1706	294	4.0
1706	311	3.0
1706	448	3.0
1706	455	4.0
1706	479	3.0
1706	506	3.0
1706	514	4.0
1706	517	4.0
1706	518	3.0
1706	545	2.0
1706	578	1.0
1706	606	3.0
1706	678	4.0
1706	787	3.0
1706	810	4.0
1706	832	4.0
1706	840	3.0
1706	861	4.0
1706	875	3.0
1706	876	3.0
1706	887	2.0
1706	913	4.0
1706	1012	4.0
1706	1047	5.0
1706	1162	5.0
1706	1164	2.0
1706	1195	4.0
1706	1319	2.0
1706	1321	3.0
1706	1375	3.0
1706	1441	2.0
1706	1475	3.0
1706	1747	4.0
1706	1759	4.0
1706	1774	4.0
1706	1798	1.0
1706	1838	2.0
1706	1951	2.0
1706	2029	4.0
1706	2066	1.0
1706	2148	2.0
1706	2228	3.0
1706	2261	2.0
1706	2287	4.0
1706	2412	4.0
1706	2560	4.0
1706	2579	5.0
1706	2581	3.0
1706	2601	4.0
1706	2607	2.0
1706	2642	3.0
1706	2702	3.0
1706	2711	2.0
1706	2792	5.0
1706	2938	3.0
1706	2991	4.0
1706	3013	3.0
1706	3050	4.0
1706	3089	4.0
1706	3099	4.0
1706	3105	3.0
1706	3150	3.0
1706	3157	3.0
1706	3213	4.0
1706	3259	3.0
1706	3326	5.0
1706	3383	5.0
1706	3419	4.0
1706	3450	3.0
1706	3522	4.0
1706	3587	4.0
1706	3613	3.0
1706	3627	4.0
1706	3662	1.0
1706	3690	1.0
1706	3711	4.0
1706	3746	5.0
1706	3791	2.0
1706	3796	4.0
1706	3867	3.0
1706	4020	4.0
1706	4029	4.0
1706	4080	2.0
1706	4117	3.0
1706	4124	3.0
1706	4151	4.0
1706	4158	4.0
1706	4173	3.0
1706	4234	2.0
1706	4241	5.0
1706	4265	4.0
1706	4269	3.0
1706	4272	5.0
1706	4296	4.0
1706	4507	3.0
1706	4519	3.0
1706	4522	3.0
1706	4559	3.0
1706	4662	2.0
1706	4790	3.0
1706	4797	4.0
1706	4820	4.0
1706	4854	3.0
1706	4907	3.0
1706	4917	3.0
1706	4923	4.0
1706	5150	4.0
1706	5173	2.0
1706	5258	3.0
1706	5262	3.0
1706	5291	1.0
1706	5304	3.0
1706	5341	4.0
1706	5377	4.0
1706	5501	2.0
1706	5506	1.0
1706	5575	4.0
1706	5592	3.0
1706	5630	4.0
1706	5656	4.0
1706	5664	4.0
1706	5686	2.0
1706	5719	3.0
1706	5793	4.0
1706	5890	4.0
1706	5943	3.0
1706	5946	1.0
1706	6029	4.0
1706	6040	3.0
1706	6059	3.0
1706	6105	3.0
1706	6214	4.0
1706	6236	4.0
1706	6388	3.0
1706	6437	3.0
1706	6523	2.0
1706	6637	3.0
1706	6723	2.0
1706	6881	4.0
1706	6954	5.0
1706	6957	4.0
1741	16	5.0
1741	174	4.0
1741	223	5.0
1741	269	4.0
1741	711	4.0
1741	808	3.0
1741	817	5.0
1741	913	3.0
1741	1023	3.0
1741	1024	5.0
1741	1073	4.0
1741	1074	3.0
1741	1080	4.0
1741	1377	4.0
1741	1532	3.0
1741	1650	4.0
1741	2122	4.0
1741	2213	4.0
1741	2340	4.0
1741	3019	3.0
1741	3024	5.0
1741	3025	4.0
1741	3026	5.0
1741	3138	4.0
1741	3158	4.0
1741	3243	4.0
1741	3251	4.0
1741	3307	5.0
1741	3371	4.0
1741	3751	3.0
1741	3755	4.0
1741	3794	5.0
1741	3834	3.0
1741	3993	3.0
1741	4180	3.0
1741	4189	4.0
1741	4239	5.0
1741	4390	4.0
1741	4646	5.0
1741	4894	5.0
1741	4916	3.0
1741	5150	3.0
1741	5154	3.0
1741	5194	3.0
1741	5262	3.0
1741	5416	4.0
1741	5585	3.0
1741	5879	3.0
1741	6252	3.0
1741	6577	3.0
1741	6774	4.0
1741	6777	3.0
1741	6924	4.0
1741	6931	4.0
1748	17	4.0
1748	117	3.0
1748	223	5.0
1748	233	3.0
1748	236	2.0
1748	243	4.0
1748	353	5.0
1748	459	3.0
1748	512	5.0
1748	594	4.0
1748	627	4.0
1748	703	3.0
1748	827	5.0
1748	831	4.0
1748	938	4.0
1748	951	3.0
1748	1105	3.0
1748	1175	4.0
1748	1195	3.0
1748	1348	4.0
1748	1574	4.0
1748	1586	3.0
1748	1600	2.0
1748	1622	3.0
1748	1701	4.0
1748	1730	3.0
1748	1834	4.0
1748	1840	4.0
1748	1996	3.0
1748	2135	4.0
1748	2160	3.0
1748	2172	5.0
1748	2188	4.0
1748	2199	3.0
1748	2265	2.0
1748	2274	4.0
1748	2281	3.0
1748	2300	3.0
1748	2522	4.0
1748	2529	4.0
1748	2559	4.0
1748	2639	3.0
1748	2647	3.0
1748	2898	3.0
1748	2924	4.0
1748	3019	3.0
1748	3054	3.0
1748	3084	3.0
1748	3141	2.0
1748	3315	4.0
1748	3371	4.0
1748	3419	4.0
1748	3436	3.0
1748	3437	2.0
1748	3449	3.0
1748	3517	4.0
1748	3527	3.0
1748	3666	3.0
1748	3739	4.0
1748	3828	4.0
1748	3871	3.0
1748	3950	4.0
1748	3964	3.0
1748	4003	3.0
1748	4161	3.0
1748	4172	4.0
1748	4173	3.0
1748	4246	5.0
1748	4295	4.0
1748	4309	3.0
1748	4312	3.0
1748	4368	2.0
1748	4390	3.0
1748	4493	3.0
1748	4504	4.0
1748	4617	3.0
1748	4673	4.0
1748	4706	3.0
1748	4712	3.0
1748	4872	3.0
1748	4884	4.0
1748	4919	3.0
1748	4963	1.0
1748	4997	4.0
1748	5178	4.0
1748	5218	3.0
1748	5229	4.0
1748	5297	4.0
1748	5433	3.0
1748	5454	3.0
1748	5503	4.0
1748	5507	4.0
1748	5578	4.0
1748	5589	3.0
1748	5792	4.0
1748	5841	4.0
1748	5856	4.0
1748	6066	3.0
1748	6328	4.0
1748	6777	4.0
1748	6803	2.0
1748	6848	4.0
1748	6962	5.0
1758	31	3.0
1758	87	3.0
1758	174	5.0
1758	243	5.0
1758	272	5.0
1758	341	3.0
1758	664	5.0
1758	753	5.0
1758	817	3.0
1758	855	3.0
1758	882	4.0
1758	935	5.0
1758	1010	5.0
1758	1033	3.0
1758	1071	5.0
1758	1074	5.0
1758	1080	3.0
1758	1107	5.0
1758	1280	4.0
1758	1329	4.0
1758	1432	4.0
1758	1540	3.0
1758	1635	1.0
1758	1740	4.0
1758	1746	5.0
1758	1782	3.0
1758	1840	5.0
1758	1890	5.0
1758	2154	3.0
1758	2257	5.0
1758	2356	3.0
1758	2430	5.0
1758	2499	5.0
1758	2752	4.0
1758	2763	4.0
1758	2808	3.0
1758	2819	3.0
1758	2872	3.0
1758	2931	4.0
1758	3024	5.0
1758	3087	5.0
1758	3158	3.0
1758	3202	5.0
1758	3296	5.0
1758	3407	3.0
1758	3410	3.0
1758	3430	5.0
1758	3449	5.0
1758	3670	4.0
1758	3690	3.0
1758	3707	4.0
1758	3710	1.0
1758	3739	5.0
1758	3777	4.0
1758	3828	3.0
1758	3908	3.0
1758	3970	4.0
1758	4087	2.0
1758	4111	4.0
1758	4171	3.0
1758	4241	4.0
1758	4253	5.0
1758	4386	4.0
1758	4394	2.0
1758	4549	5.0
1758	4559	3.0
1758	4577	4.0
1758	4686	4.0
1758	4928	3.0
1758	5005	1.0
1758	5052	5.0
1758	5077	4.0
1758	5127	3.0
1758	5258	2.0
1758	5287	3.0
1758	5328	5.0
1758	5394	3.0
1758	5410	4.0
1758	5522	3.0
1758	5534	3.0
1758	5575	5.0
1758	5597	5.0
1758	5665	5.0
1758	5712	5.0
1758	5789	3.0
1758	5879	4.0
1758	5916	4.0
1758	5917	5.0
1758	6076	5.0
1758	6203	3.0
1758	6205	5.0
1758	6242	3.0
1758	6395	3.0
1758	6419	4.0
1758	6538	3.0
1758	6599	2.0
1758	6600	3.0
1758	6689	5.0
1758	6725	3.0
1758	6902	3.0
1758	6927	5.0
1758	6955	3.0
1767	53	4.0
1767	54	3.0
1767	88	4.0
1767	281	5.0
1767	338	3.0
1767	350	4.0
1767	501	3.0
1767	614	5.0
1767	629	3.0
1767	747	5.0
1767	750	2.0
1767	918	3.0
1767	1168	4.0
1767	1171	4.0
1767	1196	3.0
1767	1226	4.0
1767	1293	3.0
1767	1336	5.0
1767	1377	4.0
1767	1441	4.0
1767	1449	2.0
1767	1506	5.0
1767	1514	3.0
1767	1517	3.0
1767	1565	4.0
1767	1617	4.0
1767	1703	4.0
1767	1735	3.0
1767	1999	3.0
1767	2125	3.0
1767	2135	4.0
1767	2152	5.0
1767	2199	4.0
1767	2262	5.0
1767	2350	4.0
1767	2386	4.0
1767	2456	5.0
1767	2522	3.0
1767	2523	4.0
1767	2527	3.0
1767	2549	5.0
1767	2582	3.0
1767	2625	5.0
1767	2678	4.0
1767	2725	4.0
1767	2780	4.0
1767	2901	5.0
1767	2941	4.0
1767	3061	2.0
1767	3089	5.0
1767	3192	5.0
1767	3268	3.0
1767	3295	4.0
1767	3296	4.0
1767	3335	4.0
1767	3431	5.0
1767	3434	4.0
1767	3555	3.0
1767	3556	3.0
1767	3612	4.0
1767	3613	4.0
1767	3623	4.0
1767	3690	4.0
1767	3691	3.0
1767	3777	5.0
1767	3906	3.0
1767	3921	3.0
1767	3935	4.0
1767	4072	5.0
1767	4248	4.0
1767	4256	4.0
1767	4295	4.0
1767	4307	5.0
1767	4317	4.0
1767	4323	3.0
1767	4513	3.0
1767	4540	4.0
1767	4548	3.0
1767	4555	4.0
1767	4638	4.0
1767	4658	4.0
1767	4673	4.0
1767	4932	4.0
1767	4953	3.0
1767	4982	4.0
1767	5046	5.0
1767	5048	3.0
1767	5177	3.0
1767	5222	4.0
1767	5258	5.0
1767	5283	3.0
1767	5311	4.0
1767	5323	5.0
1767	5401	5.0
1767	5407	5.0
1767	5417	3.0
1767	5423	3.0
1767	5445	4.0
1767	5508	4.0
1767	5560	3.0
1767	5566	5.0
1767	5591	4.0
1767	5719	3.0
1767	5781	5.0
1767	5782	3.0
1767	5783	4.0
1767	5864	5.0
1767	5931	3.0
1767	6009	3.0
1767	6040	3.0
1767	6232	5.0
1767	6469	3.0
1767	6529	4.0
1767	6545	3.0
1767	6588	3.0
1767	6627	3.0
1767	6740	3.0
1767	6878	5.0
1767	6944	2.0
1767	6955	4.0
1789	42	4.0
1789	190	5.0
1789	192	3.0
1789	194	4.0
1789	236	2.0
1789	255	4.0
1789	299	5.0
1789	341	4.0
1789	518	4.0
1789	627	5.0
1789	688	3.0
1789	731	4.0
1789	778	4.0
1789	799	4.0
1789	857	4.0
1789	861	3.0
1789	1065	4.0
1789	1076	5.0
1789	1145	4.0
1789	1430	4.0
1789	1491	4.0
1789	1703	5.0
1789	1730	4.0
1789	1958	4.0
1789	1999	4.0
1789	2015	4.0
1789	2017	4.0
1789	2098	5.0
1789	2140	3.0
1789	2141	5.0
1789	2195	5.0
1789	2242	4.0
1789	2320	2.0
1789	2360	4.0
1789	2453	3.0
1789	2483	5.0
1789	2522	4.0
1789	2618	5.0
1789	2706	4.0
1789	2725	4.0
1789	2810	3.0
1789	2815	5.0
1789	2842	4.0
1789	2908	3.0
1789	2935	3.0
1789	3017	5.0
1789	3052	4.0
1789	3110	5.0
1789	3136	4.0
1789	3150	4.0
1789	3249	3.0
1789	3310	4.0
1789	3369	4.0
1789	3378	4.0
1789	3389	4.0
1789	3409	3.0
1789	3419	5.0
1789	3431	3.0
1789	3551	2.0
1789	3613	3.0
1789	3649	4.0
1789	3690	3.0
1789	3707	4.0
1789	3754	4.0
1789	3777	5.0
1789	3948	5.0
1789	3998	4.0
1789	4054	3.0
1789	4111	5.0
1789	4164	3.0
1789	4254	5.0
1789	4329	3.0
1789	4421	5.0
1789	4503	4.0
1789	4517	4.0
1789	4527	4.0
1789	4673	5.0
1789	4739	4.0
1789	4744	4.0
1789	4779	4.0
1789	4857	4.0
1789	4889	4.0
1789	5005	3.0
1789	5018	4.0
1789	5049	4.0
1789	5065	5.0
1789	5077	4.0
1789	5088	4.0
1789	5236	5.0
1789	5261	4.0
1789	5262	3.0
1789	5297	4.0
1789	5353	4.0
1789	5386	5.0
1789	5430	3.0
1789	5501	3.0
1789	5508	4.0
1789	5581	4.0
1789	5589	3.0
1789	5693	4.0
1789	5927	4.0
1789	5928	4.0
1789	5936	3.0
1789	5956	4.0
1789	6096	3.0
1789	6115	4.0
1789	6123	4.0
1789	6177	4.0
1789	6229	5.0
1789	6408	5.0
1789	6493	4.0
1789	6588	3.0
1789	6695	4.0
1789	6772	4.0
1789	6778	3.0
1789	6849	4.0
1789	6850	4.0
1832	20	4.0
1832	198	5.0
1832	676	4.0
1832	847	4.0
1832	856	4.0
1832	900	5.0
1832	948	3.0
1832	994	4.0
1832	1216	3.0
1832	1532	3.0
1832	1588	3.0
1832	1699	4.0
1832	1883	4.0
1832	1953	3.0
1832	2010	4.0
1832	2135	5.0
1832	2160	4.0
1832	2286	4.0
1832	2421	4.0
1832	2428	3.0
1832	2434	4.0
1832	2592	5.0
1832	2714	5.0
1832	2772	5.0
1832	2844	3.0
1832	3060	5.0
1832	3130	4.0
1832	3268	4.0
1832	3513	3.0
1832	3649	4.0
1832	3706	4.0
1832	3732	4.0
1832	3822	4.0
1832	3874	4.0
1832	3876	5.0
1832	3919	3.0
1832	3956	4.0
1832	3992	3.0
1832	4132	4.0
1832	4201	3.0
1832	4302	4.0
1832	4409	4.0
1832	4457	4.0
1832	4477	4.0
1832	4559	3.0
1832	4664	4.0
1832	4679	3.0
1832	4729	4.0
1832	4814	3.0
1832	5063	4.0
1832	5163	5.0
1832	5179	2.0
1832	5209	3.0
1832	5435	5.0
1832	5566	5.0
1832	5572	4.0
1832	5581	3.0
1832	5768	4.0
1832	5769	5.0
1832	6041	3.0
1832	6055	5.0
1832	6082	4.0
1832	6260	4.0
1832	6308	3.0
1832	6476	4.0
1832	6555	4.0
1832	6565	4.0
1832	6903	3.0
1832	6931	3.0
1832	6940	4.0
1835	243	4.0
1835	831	4.0
1835	861	3.0
1835	1125	3.0
1835	1384	4.0
1835	1432	4.0
1835	1506	4.0
1835	1782	3.0
1835	1881	3.0
1835	1941	5.0
1835	1999	3.0
1835	2017	4.0
1835	2028	4.0
1835	2462	5.0
1835	2633	4.0
1835	2900	4.0
1835	2938	4.0
1835	3192	5.0
1835	3331	3.0
1835	3431	4.0
1835	3692	4.0
1835	3754	4.0
1835	3785	3.0
1835	3852	4.0
1835	4117	4.0
1835	4309	4.0
1835	4349	4.0
1835	4390	4.0
1835	4487	4.0
1835	4673	3.0
1835	4927	5.0
1835	4951	3.0
1835	5124	5.0
1835	5207	4.0
1835	5249	4.0
1835	5407	5.0
1835	5575	5.0
1835	5590	5.0
1835	5696	2.0
1835	5928	4.0
1835	6138	4.0
1835	6296	5.0
1835	6396	4.0
1835	6578	3.0
1835	6691	5.0
1835	6700	4.0
1835	6773	4.0
1928	72	4.0
1928	117	4.0
1928	174	5.0
1928	240	3.0
1928	341	5.0
1928	386	5.0
1928	682	3.0
1928	793	4.0
1928	805	5.0
1928	861	4.0
1928	1061	5.0
1928	1385	4.0
1928	1760	4.0
1928	1881	4.0
1928	2199	3.0
1928	2323	3.0
1928	2600	3.0
1928	2606	4.0
1928	2682	5.0
1928	2848	4.0
1928	3085	2.0
1928	3270	5.0
1928	3433	3.0
1928	3564	4.0
1928	3623	3.0
1928	3655	4.0
1928	3691	3.0
1928	3754	5.0
1928	4037	4.0
1928	4048	5.0
1928	4180	3.0
1928	4187	5.0
1928	4309	4.0
1928	4487	5.0
1928	4673	3.0
1928	4706	3.0
1928	5297	3.0
1928	5304	4.0
1928	5394	4.0
1928	5423	3.0
1928	5700	4.0
1928	5873	5.0
1928	6010	4.0
1928	6174	4.0
1928	6209	3.0
1928	6232	4.0
1928	6439	4.0
1928	6577	4.0
1928	6578	3.0
1931	31	4.0
1931	56	4.0
1931	61	4.0
1931	203	3.0
1931	223	5.0
1931	272	3.0
1931	375	4.0
1931	483	4.0
1931	496	3.0
1931	531	5.0
1931	606	3.0
1931	817	5.0
1931	855	3.0
1931	913	5.0
1931	934	2.0
1931	1005	3.0
1931	1058	3.0
1931	1295	5.0
1931	1517	4.0
1931	1549	4.0
1931	1557	5.0
1931	1586	3.0
1931	1588	4.0
1931	1598	5.0
1931	1601	3.0
1931	1738	4.0
1931	1925	3.0
1931	2025	3.0
1931	2133	5.0
1931	2189	2.0
1931	2274	5.0
1931	2323	4.0
1931	2528	5.0
1931	2646	3.0
1931	2739	5.0
1931	2797	4.0
1931	2856	4.0
1931	2874	5.0
1931	2968	5.0
1931	3045	2.0
1931	3147	5.0
1931	3214	3.0
1931	3295	4.0
1931	3502	4.0
1931	3629	5.0
1931	3670	3.0
1931	3765	5.0
1931	3777	3.0
1931	3779	5.0
1931	3910	4.0
1931	3918	5.0
1931	3919	5.0
1931	3921	3.0
1931	3955	4.0
1931	3996	5.0
1931	4037	4.0
1931	4042	3.0
1931	4053	5.0
1931	4112	4.0
1931	4309	4.0
1931	4349	3.0
1931	4453	4.0
1931	4522	3.0
1931	4564	4.0
1931	4605	3.0
1931	4733	3.0
1931	4831	3.0
1931	4922	4.0
1931	4943	5.0
1931	5133	5.0
1931	5494	4.0
1931	5531	5.0
1931	5575	4.0
1931	5603	4.0
1931	5662	4.0
1931	5729	4.0
1931	5768	4.0
1931	5805	3.0
1931	5889	4.0
1931	5921	4.0
1931	6022	5.0
1931	6057	3.0
1931	6168	5.0
1931	6202	5.0
1931	6513	4.0
1931	6599	5.0
1931	6728	4.0
1931	6927	5.0
1931	6955	2.0
1931	6956	4.0
1931	6968	4.0
1951	141	4.0
1951	150	5.0
1951	174	5.0
1951	198	4.0
1951	220	5.0
1951	248	4.0
1951	272	4.0
1951	281	5.0
1951	347	4.0
1951	370	4.0
1951	492	4.0
1951	512	5.0
1951	788	4.0
1951	821	4.0
1951	827	5.0
1951	832	5.0
1951	910	5.0
1951	912	5.0
1951	1055	5.0
1951	1074	4.0
1951	1160	4.0
1951	1166	5.0
1951	1175	5.0
1951	1221	5.0
1951	1297	5.0
1951	1322	5.0
1951	1375	5.0
1951	1377	5.0
1951	1384	5.0
1951	1440	4.0
1951	1476	5.0
1951	1629	4.0
1951	1663	3.0
1951	1760	4.0
1951	1787	4.0
1951	1793	4.0
1951	1834	5.0
1951	1850	5.0
1951	1917	5.0
1951	1964	5.0
1951	2017	3.0
1951	2033	5.0
1951	2065	3.0
1951	2090	5.0
1951	2151	3.0
1951	2268	5.0
1951	2278	2.0
1951	2307	3.0
1951	2356	5.0
1951	2430	4.0
1951	2458	4.0
1951	2471	4.0
1951	2509	3.0
1951	2531	5.0
1951	2549	5.0
1951	2619	5.0
1951	2622	5.0
1951	2633	5.0
1951	2725	5.0
1951	2730	4.0
1951	2762	4.0
1951	2763	3.0
1951	2791	5.0
1951	2838	5.0
1951	2839	4.0
1951	2840	4.0
1951	2856	5.0
1951	2858	4.0
1951	2900	5.0
1951	2907	5.0
1951	2946	5.0
1951	2997	5.0
1951	3026	4.0
1951	3060	4.0
1951	3110	4.0
1951	3137	4.0
1951	3186	5.0
1951	3268	5.0
1951	3388	5.0
1951	3412	5.0
1951	3690	4.0
1951	3692	3.0
1951	3723	5.0
1951	3739	5.0
1951	3783	4.0
1951	3828	5.0
1951	4161	4.0
1951	4206	5.0
1951	4258	3.0
1951	4345	5.0
1951	4361	3.0
1951	4376	5.0
1951	4379	3.0
1951	4380	4.0
1951	4453	5.0
1951	4457	5.0
1951	4523	5.0
1951	4628	3.0
1951	4665	5.0
1951	4673	5.0
1951	4767	5.0
1951	4836	5.0
1951	4868	5.0
1951	4909	4.0
1951	4928	4.0
1951	5005	4.0
1951	5018	5.0
1951	5023	5.0
1951	5059	5.0
1951	5090	4.0
1951	5129	5.0
1951	5151	4.0
1951	5152	4.0
1951	5183	5.0
1951	5258	5.0
1951	5292	4.0
1951	5334	5.0
1951	5344	5.0
1951	5347	5.0
1951	5386	5.0
1951	5461	3.0
1951	5695	4.0
1951	5818	5.0
1951	5881	5.0
1951	5939	4.0
1951	5950	4.0
1951	6036	2.0
1951	6115	5.0
1951	6143	5.0
1951	6144	3.0
1951	6152	5.0
1951	6200	5.0
1951	6205	5.0
1951	6259	4.0
1951	6275	4.0
1951	6313	3.0
1951	6328	5.0
1951	6333	5.0
1951	6350	5.0
1951	6424	4.0
1951	6430	5.0
1951	6472	3.0
1951	6487	5.0
1951	6536	5.0
1951	6539	4.0
1951	6544	5.0
1951	6631	4.0
1951	6665	2.0
1951	6695	5.0
1951	6799	3.0
1951	6808	5.0
1951	6850	3.0
1983	350	5.0
1983	466	3.0
1983	479	5.0
1983	770	4.0
1983	1025	5.0
1983	1278	4.0
1983	1556	4.0
1983	2414	4.0
1983	3054	3.0
1983	3081	3.0
1983	3277	5.0
1983	3413	3.0
1983	3431	4.0
1983	3436	3.0
1983	4011	5.0
1983	4306	5.0
1983	4635	5.0
1983	5100	5.0
1983	6163	3.0
1983	6545	3.0
1983	6550	4.0
1983	6903	5.0
1983	6931	5.0
2048	7	3.0
2048	76	4.0
2048	141	4.0
2048	248	4.0
2048	466	3.0
2048	797	4.0
2048	919	4.0
2048	1125	3.0
2048	1432	4.0
2048	1506	4.0
2048	1603	3.0
2048	1881	3.0
2048	2135	4.0
2048	2221	3.0
2048	2458	3.0
2048	2639	3.0
2048	2901	5.0
2048	3019	3.0
2048	3056	3.0
2048	3309	4.0
2048	3440	4.0
2048	3649	4.0
2048	3777	5.0
2048	3996	4.0
2048	4063	5.0
2048	4169	4.0
2048	4171	4.0
2048	4186	5.0
2048	4202	4.0
2048	4307	4.0
2048	4309	3.0
2048	4324	3.0
2048	4390	3.0
2048	4487	4.0
2048	4522	3.0
2048	4673	4.0
2048	4927	3.0
2048	5129	5.0
2048	5252	2.0
2048	5258	5.0
2048	5262	3.0
2048	5304	4.0
2048	5389	4.0
2048	5473	5.0
2048	5581	5.0
2048	5582	4.0
2048	5696	3.0
2048	5768	3.0
2048	6172	3.0
2048	6182	5.0
2048	6197	3.0
2048	6469	3.0
2048	6685	4.0
2048	6963	5.0
2054	117	5.0
2054	126	3.0
2054	133	3.0
2054	227	4.0
2054	260	4.0
2054	348	3.0
2054	362	3.0
2054	523	3.0
2054	605	4.0
2054	653	4.0
2054	703	3.0
2054	818	4.0
2054	936	3.0
2054	939	4.0
2054	946	5.0
2054	948	4.0
2054	1300	3.0
2054	1532	4.0
2054	1534	3.0
2054	1587	4.0
2054	1629	4.0
2054	1654	3.0
2054	1667	4.0
2054	1764	3.0
2054	1941	4.0
2054	1951	4.0
2054	2135	4.0
2054	2178	3.0
2054	2188	5.0
2054	2196	5.0
2054	2348	2.0
2054	2349	3.0
2054	2350	4.0
2054	2384	5.0
2054	2386	4.0
2054	2414	4.0
2054	2425	4.0
2054	2431	3.0
2054	2585	4.0
2054	2696	3.0
2054	2787	3.0
2054	2842	3.0
2054	2901	4.0
2054	2972	5.0
2054	3150	5.0
2054	3251	4.0
2054	3309	5.0
2054	3358	4.0
2054	3527	3.0
2054	3692	4.0
2054	3759	3.0
2054	3777	5.0
2054	3869	2.0
2054	4135	3.0
2054	4260	3.0
2054	4317	4.0
2054	4477	3.0
2054	4479	4.0
2054	4480	4.0
2054	4726	4.0
2054	4856	4.0
2054	4918	2.0
2054	4927	5.0
2054	4928	4.0
2054	5154	4.0
2054	5165	2.0
2054	5166	2.0
2054	5214	4.0
2054	5407	5.0
2054	5432	2.0
2054	5515	4.0
2054	5572	4.0
2054	5599	4.0
2054	5707	2.0
2054	5835	4.0
2054	5848	4.0
2054	5935	4.0
2054	6036	3.0
2054	6040	3.0
2054	6056	4.0
2054	6066	3.0
2054	6178	3.0
2054	6261	3.0
2054	6439	2.0
2054	6483	4.0
2054	6558	3.0
2054	6599	5.0
2054	6695	2.0
2054	6731	3.0
2054	6789	4.0
2054	6799	4.0
2054	6931	4.0
2066	70	5.0
2066	241	3.0
2066	285	4.0
2066	324	4.0
2066	429	3.0
2066	435	4.0
2066	439	4.0
2066	459	3.0
2066	467	4.0
2066	479	4.0
2066	526	5.0
2066	599	4.0
2066	633	5.0
2066	729	5.0
2066	831	4.0
2066	1477	4.0
2066	1482	4.0
2066	1566	3.0
2066	1736	5.0
2066	1741	3.0
2066	1826	4.0
2066	1850	4.0
2066	1878	4.0
2066	1884	4.0
2066	1890	5.0
2066	1903	5.0
2066	1930	4.0
2066	1953	4.0
2066	2021	5.0
2066	2062	4.0
2066	2110	4.0
2066	2167	3.0
2066	2252	4.0
2066	2311	4.0
2066	2371	5.0
2066	2391	5.0
2066	2472	4.0
2066	2550	4.0
2066	2565	4.0
2066	2604	4.0
2066	2673	4.0
2066	3056	5.0
2066	3234	4.0
2066	3328	3.0
2066	3343	4.0
2066	3449	5.0
2066	3474	4.0
2066	3513	4.0
2066	3762	5.0
2066	3785	3.0
2066	3822	4.0
2066	3956	5.0
2066	4031	4.0
2066	4284	4.0
2066	4330	3.0
2066	4348	4.0
2066	4356	4.0
2066	4426	5.0
2066	4520	5.0
2066	4602	5.0
2066	4647	4.0
2066	4828	3.0
2066	4960	5.0
2066	5124	5.0
2066	5131	4.0
2066	5154	4.0
2066	5157	5.0
2066	5173	4.0
2066	5182	4.0
2066	5217	4.0
2066	5440	4.0
2066	5588	5.0
2066	5603	5.0
2066	5768	4.0
2066	5820	4.0
2066	5889	5.0
2066	5906	4.0
2066	6141	4.0
2066	6302	5.0
2066	6420	4.0
2066	6553	4.0
2066	6791	4.0
2066	6800	5.0
2118	21	2.0
2118	29	5.0
2118	38	3.0
2118	67	4.0
2118	70	4.0
2118	241	3.0
2118	276	3.0
2118	355	4.0
2118	369	4.0
2118	466	1.0
2118	481	3.0
2118	516	5.0
2118	594	3.0
2118	627	5.0
2118	706	3.0
2118	709	3.0
2118	784	3.0
2118	836	4.0
2118	1001	3.0
2118	1154	1.0
2118	1339	4.0
2118	1461	4.0
2118	1484	3.0
2118	1585	5.0
2118	1588	2.0
2118	1608	2.0
2118	1628	3.0
2118	1637	4.0
2118	1653	5.0
2118	1676	3.0
2118	1716	4.0
2118	1733	5.0
2118	1751	3.0
2118	1752	5.0
2118	1763	3.0
2118	1766	3.0
2118	1802	4.0
2118	1835	2.0
2118	1903	5.0
2118	1904	3.0
2118	1925	3.0
2118	2017	4.0
2118	2228	5.0
2118	2300	3.0
2118	2330	4.0
2118	2384	3.0
2118	2391	3.0
2118	2395	5.0
2118	2408	5.0
2118	2470	2.0
2118	2477	4.0
2118	2482	4.0
2118	2492	3.0
2118	2598	1.0
2118	2604	3.0
2118	2611	3.0
2118	2670	4.0
2118	2728	4.0
2118	2761	5.0
2118	2788	4.0
2118	2838	5.0
2118	2911	2.0
2118	2978	1.0
2118	3038	5.0
2118	3055	4.0
2118	3056	4.0
2118	3134	3.0
2118	3327	5.0
2118	3341	5.0
2118	3369	4.0
2118	3439	3.0
2118	3570	2.0
2118	3622	3.0
2118	3675	2.0
2118	3696	1.0
2118	3784	3.0
2118	3792	2.0
2118	3915	5.0
2118	3991	4.0
2118	3994	4.0
2118	4090	5.0
2118	4097	4.0
2118	4109	5.0
2118	4304	5.0
2118	4317	3.0
2118	4404	4.0
2118	4488	4.0
2118	4523	4.0
2118	4536	2.0
2118	4542	3.0
2118	4568	1.0
2118	4596	3.0
2118	4607	2.0
2118	4618	3.0
2118	4647	4.0
2118	4649	3.0
2118	4664	3.0
2118	4711	3.0
2118	4727	3.0
2118	4766	4.0
2118	4781	4.0
2118	4883	4.0
2118	4900	3.0
2118	4983	3.0
2118	4995	5.0
2118	5100	4.0
2118	5131	4.0
2118	5133	4.0
2118	5207	5.0
2118	5210	4.0
2118	5315	4.0
2118	5365	3.0
2118	5490	2.0
2118	5492	4.0
2118	5534	5.0
2118	5690	3.0
2118	5758	5.0
2118	5805	3.0
2118	5822	3.0
2118	5825	5.0
2118	5887	2.0
2118	5890	3.0
2118	5993	4.0
2118	6006	5.0
2118	6042	4.0
2118	6074	3.0
2118	6075	5.0
2118	6082	4.0
2118	6084	5.0
2118	6115	4.0
2118	6190	4.0
2118	6234	3.0
2118	6258	2.0
2118	6323	3.0
2118	6420	3.0
2118	6422	1.0
2118	6553	3.0
2118	6554	1.0
2118	6600	3.0
2118	6668	5.0
2118	6693	1.0
2118	6724	3.0
2118	6741	5.0
2118	6763	5.0
2118	6867	2.0
2118	6919	3.0
2118	6947	4.0
2121	1	3.0
2121	20	4.0
2121	82	3.0
2121	192	4.0
2121	217	4.0
2121	223	5.0
2121	241	4.0
2121	272	3.0
2121	453	4.0
2121	519	5.0
2121	537	4.0
2121	604	3.0
2121	699	5.0
2121	706	4.0
2121	729	4.0
2121	734	4.0
2121	741	3.0
2121	747	5.0
2121	770	5.0
2121	884	3.0
2121	981	4.0
2121	1126	4.0
2121	1162	5.0
2121	1266	4.0
2121	1301	4.0
2121	1441	3.0
2121	1463	3.0
2121	1482	3.0
2121	1493	4.0
2121	1513	3.0
2121	1587	3.0
2121	1591	3.0
2121	1684	3.0
2121	1707	2.0
2121	1779	4.0
2121	1821	3.0
2121	2029	5.0
2121	2163	4.0
2121	2221	3.0
2121	2228	4.0
2121	2269	5.0
2121	2282	3.0
2121	2313	4.0
2121	2427	3.0
2121	2443	3.0
2121	2463	4.0
2121	2501	5.0
2121	2519	5.0
2121	2522	4.0
2121	2613	5.0
2121	2725	4.0
2121	2823	5.0
2121	2891	4.0
2121	2892	4.0
2121	2907	5.0
2121	2946	5.0
2121	2959	4.0
2121	3014	3.0
2121	3056	3.0
2121	3093	3.0
2121	3098	4.0
2121	3099	3.0
2121	3144	4.0
2121	3183	4.0
2121	3213	3.0
2121	3234	4.0
2121	3239	4.0
2121	3307	4.0
2121	3339	4.0
2121	3347	5.0
2121	3378	5.0
2121	3386	3.0
2121	3407	5.0
2121	3475	3.0
2121	3582	4.0
2121	3597	4.0
2121	3613	5.0
2121	3649	3.0
2121	3707	3.0
2121	3777	5.0
2121	3778	4.0
2121	3970	3.0
2121	3977	5.0
2121	4086	4.0
2121	4097	3.0
2121	4124	5.0
2121	4161	5.0
2121	4230	3.0
2121	4236	3.0
2121	4507	3.0
2121	4559	3.0
2121	4608	2.0
2121	4649	3.0
2121	4673	3.0
2121	4772	5.0
2121	4773	4.0
2121	4808	5.0
2121	4868	3.0
2121	4916	2.0
2121	4928	3.0
2121	4995	5.0
2121	5053	4.0
2121	5154	3.0
2121	5195	4.0
2121	5207	4.0
2121	5213	4.0
2121	5294	5.0
2121	5301	5.0
2121	5389	5.0
2121	5501	3.0
2121	5508	4.0
2121	5709	4.0
2121	5998	5.0
2121	6139	4.0
2121	6208	4.0
2121	6247	4.0
2121	6432	5.0
2121	6534	3.0
2121	6538	4.0
2121	6637	4.0
2121	6850	5.0
2121	6852	4.0
2131	173	3.0
2131	199	4.0
2131	319	3.0
2131	352	3.0
2131	555	3.0
2131	575	3.0
2131	581	4.0
2131	642	4.0
2131	676	3.0
2131	711	4.0
2131	895	4.0
2131	913	3.0
2131	958	3.0
2131	971	3.0
2131	1105	3.0
2131	1125	3.0
2131	1140	3.0
2131	1145	3.0
2131	1180	4.0
2131	1246	3.0
2131	1374	3.0
2131	1432	3.0
2131	1482	3.0
2131	1554	4.0
2131	1565	3.0
2131	1608	4.0
2131	1633	3.0
2131	1707	3.0
2131	1738	3.0
2131	1770	3.0
2131	1774	3.0
2131	1813	3.0
2131	1899	3.0
2131	1943	3.0
2131	2004	3.0
2131	2017	4.0
2131	2028	3.0
2131	2029	3.0
2131	2093	3.0
2131	2133	5.0
2131	2270	4.0
2131	2275	3.0
2131	2361	4.0
2131	2414	3.0
2131	2459	3.0
2131	2490	4.0
2131	2496	3.0
2131	2639	3.0
2131	2785	2.0
2131	2874	3.0
2131	2923	3.0
2131	2924	3.0
2131	2941	2.0
2131	3014	3.0
2131	3085	3.0
2131	3115	3.0
2131	3144	3.0
2131	3176	3.0
2131	3202	3.0
2131	3212	3.0
2131	3295	4.0
2131	3353	3.0
2131	3478	1.0
2131	3479	2.0
2131	3492	3.0
2131	3720	4.0
2131	3764	5.0
2131	3765	5.0
2131	3783	3.0
2131	3849	3.0
2131	3874	3.0
2131	3906	3.0
2131	3914	3.0
2131	3968	3.0
2131	4086	4.0
2131	4109	3.0
2131	4130	4.0
2131	4202	3.0
2131	4241	3.0
2131	4295	4.0
2131	4307	3.0
2131	4410	4.0
2131	4457	3.0
2131	4520	3.0
2131	4559	3.0
2131	4684	5.0
2131	4760	3.0
2131	4767	4.0
2131	4793	3.0
2131	4875	4.0
2131	4951	3.0
2131	4960	3.0
2131	5055	3.0
2131	5072	3.0
2131	5158	3.0
2131	5236	3.0
2131	5264	3.0
2131	5294	4.0
2131	5435	3.0
2131	5445	3.0
2131	5476	3.0
2131	5489	3.0
2131	5534	3.0
2131	5577	3.0
2131	5695	5.0
2131	5700	3.0
2131	5814	3.0
2131	5924	4.0
2131	6036	3.0
2131	6115	3.0
2131	6133	3.0
2131	6196	3.0
2131	6273	3.0
2131	6328	4.0
2131	6522	4.0
2131	6524	2.0
2131	6538	3.0
2131	6675	4.0
2131	6679	3.0
2131	6772	4.0
2131	6794	4.0
2131	6869	4.0
2131	6899	4.0
2131	6951	3.0
2173	76	3.0
2173	79	5.0
2173	141	5.0
2173	183	3.0
2173	185	4.0
2173	293	4.0
2173	319	4.0
2173	350	4.0
2173	353	5.0
2173	514	5.0
2173	537	5.0
2173	602	5.0
2173	770	5.0
2173	931	3.0
2173	1030	4.0
2173	1209	3.0
2173	1246	5.0
2173	1294	5.0
2173	1354	5.0
2173	1400	5.0
2173	1493	3.0
2173	1558	5.0
2173	1633	3.0
2173	1683	4.0
2173	1718	5.0
2173	1740	5.0
2173	1759	5.0
2173	1765	5.0
2173	2001	4.0
2173	2012	5.0
2173	2031	5.0
2173	2093	4.0
2173	2169	4.0
2173	2328	3.0
2173	2350	5.0
2173	2433	5.0
2173	2598	4.0
2173	2706	5.0
2173	2788	5.0
2173	2930	5.0
2173	3056	4.0
2173	3215	4.0
2173	3269	4.0
2173	3344	5.0
2173	3423	3.0
2173	3486	4.0
2173	3649	4.0
2173	3671	5.0
2173	3687	5.0
2173	3699	5.0
2173	3707	5.0
2173	3784	4.0
2173	3785	3.0
2173	3862	4.0
2173	3948	5.0
2173	3986	5.0
2173	4013	5.0
2173	4037	5.0
2173	4048	4.0
2173	4056	3.0
2173	4087	5.0
2173	4109	5.0
2173	4171	5.0
2173	4186	5.0
2173	4236	4.0
2173	4307	5.0
2173	4323	4.0
2173	4424	5.0
2173	4548	3.0
2173	4623	5.0
2173	4684	5.0
2173	4796	4.0
2173	4901	4.0
2173	4923	5.0
2173	4928	4.0
2173	4934	4.0
2173	4951	4.0
2173	5005	3.0
2173	5193	3.0
2173	5328	5.0
2173	5399	5.0
2173	5472	3.0
2173	5673	5.0
2173	5781	4.0
2173	6000	4.0
2173	6034	5.0
2173	6036	3.0
2173	6169	5.0
2173	6198	4.0
2173	6208	5.0
2173	6214	2.0
2173	6273	5.0
2173	6379	4.0
2173	6396	3.0
2173	6400	4.0
2173	6692	4.0
2173	6698	4.0
2173	6774	4.0
2173	6886	5.0
2173	6946	3.0
2173	6955	5.0
2181	1	4.0
2181	70	4.0
2181	105	4.0
2181	233	3.0
2181	236	1.0
2181	243	4.0
2181	369	4.0
2181	420	3.0
2181	466	2.0
2181	605	4.0
2181	613	3.0
2181	706	4.0
2181	817	4.0
2181	821	5.0
2181	835	3.0
2181	857	4.0
2181	921	4.0
2181	1070	3.0
2181	1127	3.0
2181	1217	2.0
2181	1329	4.0
2181	1377	4.0
2181	1441	5.0
2181	1532	3.0
2181	1577	4.0
2181	1608	5.0
2181	1642	2.0
2181	1760	3.0
2181	1765	4.0
2181	1802	4.0
2181	1876	5.0
2181	1941	5.0
2181	1973	3.0
2181	2104	3.0
2181	2135	4.0
2181	2283	3.0
2181	2347	2.0
2181	2350	4.0
2181	2360	3.0
2181	2565	5.0
2181	2980	4.0
2181	3014	3.0
2181	3024	4.0
2181	3081	3.0
2181	3099	4.0
2181	3177	4.0
2181	3269	4.0
2181	3368	4.0
2181	3386	4.0
2181	3400	3.0
2181	3427	2.0
2181	3552	4.0
2181	3671	5.0
2181	3687	3.0
2181	3690	4.0
2181	3923	3.0
2181	4054	3.0
2181	4135	3.0
2181	4180	1.0
2181	4381	3.0
2181	4553	3.0
2181	4665	4.0
2181	4673	3.0
2181	4801	5.0
2181	4852	3.0
2181	4854	3.0
2181	4860	3.0
2181	4919	3.0
2181	5005	4.0
2181	5049	3.0
2181	5052	3.0
2181	5057	5.0
2181	5078	3.0
2181	5154	3.0
2181	5368	4.0
2181	5417	2.0
2181	5423	3.0
2181	5578	3.0
2181	5595	2.0
2181	5597	3.0
2181	5849	3.0
2181	5904	4.0
2181	5936	3.0
2181	6037	3.0
2181	6174	3.0
2181	6203	3.0
2181	6222	4.0
2181	6251	4.0
2181	6537	5.0
2181	6561	3.0
2181	6578	3.0
2181	6774	4.0
2181	6783	4.0
2181	6792	4.0
2181	6884	4.0
2196	97	3.0
2196	178	3.0
2196	185	4.0
2196	220	5.0
2196	676	3.0
2196	1432	3.0
2196	1760	3.0
2196	1813	3.0
2196	1957	2.0
2196	1999	4.0
2196	2025	5.0
2196	2611	4.0
2196	2739	5.0
2196	2786	5.0
2196	2806	3.0
2196	3060	3.0
2196	3147	4.0
2196	3198	4.0
2196	3431	5.0
2196	3440	4.0
2196	3486	2.0
2196	3497	5.0
2196	3753	4.0
2196	3754	4.0
2196	3781	5.0
2196	4135	3.0
2196	4201	4.0
2196	4309	4.0
2196	4520	3.0
2196	4711	3.0
2196	5057	4.0
2196	5100	3.0
2196	5154	4.0
2196	5386	5.0
2196	5714	5.0
2196	6397	5.0
2196	6510	3.0
2196	6739	3.0
2196	6770	3.0
2222	141	5.0
2222	243	4.0
2222	422	4.0
2222	466	5.0
2222	474	5.0
2222	629	3.0
2222	821	3.0
2222	993	5.0
2222	1246	5.0
2222	1513	3.0
2222	1532	2.0
2222	1941	3.0
2222	1962	5.0
2222	2300	3.0
2222	2384	3.0
2222	2850	5.0
2222	3468	4.0
2222	3852	3.0
2222	4037	5.0
2222	4180	3.0
2222	4255	5.0
2222	4596	5.0
2222	4614	5.0
2222	4746	5.0
2222	5124	5.0
2222	5262	3.0
2222	6691	4.0
2222	6772	5.0
2222	6899	5.0
2235	131	4.0
2235	150	3.0
2235	211	3.0
2235	223	4.0
2235	233	3.0
2235	272	3.0
2235	338	3.0
2235	346	3.0
2235	358	4.0
2235	362	3.0
2235	399	4.0
2235	469	3.0
2235	483	2.0
2235	578	3.0
2235	705	3.0
2235	706	3.0
2235	708	3.0
2235	714	3.0
2235	809	3.0
2235	828	3.0
2235	832	4.0
2235	858	4.0
2235	957	3.0
2235	1003	3.0
2235	1076	4.0
2235	1077	4.0
2235	1159	3.0
2235	1171	3.0
2235	1313	3.0
2235	1401	4.0
2235	1461	3.0
2235	1515	3.0
2235	1517	3.0
2235	1587	4.0
2235	1608	3.0
2235	1629	3.0
2235	1632	3.0
2235	1753	4.0
2235	1825	4.0
2235	1826	4.0
2235	1866	3.0
2235	1887	2.0
2235	1999	3.0
2235	2025	4.0
2235	2072	2.0
2235	2160	3.0
2235	2220	5.0
2235	2324	4.0
2235	2351	3.0
2235	2400	3.0
2235	2425	4.0
2235	2501	4.0
2235	2709	3.0
2235	2763	3.0
2235	2799	3.0
2235	2806	2.0
2235	2874	3.0
2235	2886	3.0
2235	2923	4.0
2235	2962	4.0
2235	2973	4.0
2235	3081	3.0
2235	3185	2.0
2235	3197	3.0
2235	3296	3.0
2235	3331	4.0
2235	3406	4.0
2235	3408	3.0
2235	3417	3.0
2235	3486	3.0
2235	3555	2.0
2235	3670	3.0
2235	3730	3.0
2235	3735	3.0
2235	3743	3.0
2235	3834	3.0
2235	3856	3.0
2235	3993	3.0
2235	4001	4.0
2235	4067	5.0
2235	4072	4.0
2235	4230	3.0
2235	4241	3.0
2235	4246	4.0
2235	4258	4.0
2235	4272	3.0
2235	4296	4.0
2235	4309	4.0
2235	4355	4.0
2235	4487	4.0
2235	4538	3.0
2235	4557	3.0
2235	4592	3.0
2235	4617	3.0
2235	4675	3.0
2235	4684	3.0
2235	4923	3.0
2235	4933	4.0
2235	4951	3.0
2235	4953	3.0
2235	4982	4.0
2235	5043	3.0
2235	5151	3.0
2235	5247	3.0
2235	5258	4.0
2235	5262	3.0
2235	5263	3.0
2235	5304	4.0
2235	5340	4.0
2235	5440	3.0
2235	5493	3.0
2235	5581	3.0
2235	5842	3.0
2235	5936	4.0
2235	6019	3.0
2235	6062	3.0
2235	6081	3.0
2235	6123	3.0
2235	6169	3.0
2235	6390	3.0
2235	6487	4.0
2235	6536	4.0
2235	6580	4.0
2235	6628	3.0
2235	6637	4.0
2235	6677	3.0
2235	6735	3.0
2235	6773	4.0
2235	6844	3.0
2235	6888	3.0
2235	6901	3.0
2235	6950	3.0
2235	6971	3.0
2307	6	3.0
2307	95	3.0
2307	157	3.0
2307	165	2.0
2307	174	5.0
2307	211	4.0
2307	292	3.0
2307	309	4.0
2307	366	4.0
2307	483	3.0
2307	519	3.0
2307	659	3.0
2307	684	5.0
2307	720	2.0
2307	741	4.0
2307	765	3.0
2307	770	2.0
2307	781	4.0
2307	783	3.0
2307	794	4.0
2307	816	5.0
2307	818	5.0
2307	869	2.0
2307	1184	3.0
2307	1236	4.0
2307	1372	3.0
2307	1450	3.0
2307	1549	4.0
2307	1653	5.0
2307	1802	3.0
2307	1836	2.0
2307	1862	4.0
2307	1866	2.0
2307	2184	2.0
2307	2228	4.0
2307	2258	3.0
2307	2371	3.0
2307	2384	3.0
2307	2549	4.0
2307	2604	3.0
2307	2695	3.0
2307	2762	4.0
2307	2764	3.0
2307	2765	5.0
2307	2843	3.0
2307	2852	3.0
2307	2901	3.0
2307	2939	5.0
2307	2944	4.0
2307	3169	4.0
2307	3253	2.0
2307	3454	3.0
2307	3500	4.0
2307	3521	4.0
2307	3538	5.0
2307	3596	3.0
2307	3620	3.0
2307	3731	5.0
2307	3851	3.0
2307	3899	5.0
2307	4013	3.0
2307	4158	2.0
2307	4216	4.0
2307	4241	4.0
2307	4254	3.0
2307	4280	3.0
2307	4392	3.0
2307	4516	5.0
2307	4532	5.0
2307	4535	4.0
2307	4592	4.0
2307	4608	2.0
2307	4611	3.0
2307	4612	5.0
2307	4707	2.0
2307	4739	3.0
2307	4878	4.0
2307	4936	4.0
2307	4982	5.0
2307	5032	3.0
2307	5050	4.0
2307	5114	3.0
2307	5131	3.0
2307	5161	5.0
2307	5195	3.0
2307	5256	3.0
2307	5261	2.0
2307	5262	3.0
2307	5337	3.0
2307	5352	3.0
2307	5394	4.0
2307	5422	3.0
2307	5494	4.0
2307	5889	4.0
2307	5890	5.0
2307	6029	5.0
2307	6049	3.0
2307	6109	3.0
2307	6217	4.0
2307	6266	3.0
2307	6269	4.0
2307	6319	3.0
2307	6385	3.0
2307	6436	4.0
2307	6483	4.0
2307	6497	3.0
2307	6526	3.0
2307	6634	3.0
2307	6664	3.0
2307	6700	3.0
2307	6722	3.0
2307	6738	3.0
2307	6740	3.0
2307	6919	3.0
2319	105	3.0
2319	174	5.0
2319	210	3.0
2319	236	2.0
2319	295	3.0
2319	346	3.0
2319	371	2.0
2319	427	4.0
2319	483	2.0
2319	541	3.0
2319	680	4.0
2319	709	3.0
2319	797	4.0
2319	831	3.0
2319	881	2.0
2319	913	4.0
2319	1094	1.0
2319	1301	3.0
2319	1392	2.0
2319	1515	3.0
2319	1572	2.0
2319	1578	2.0
2319	1683	4.0
2319	1759	3.0
2319	1766	2.0
2319	1808	4.0
2319	1928	3.0
2319	1953	1.0
2319	1966	3.0
2319	2151	3.0
2319	2275	5.0
2319	2283	3.0
2319	2285	3.0
2319	2455	3.0
2319	2462	4.0
2319	2519	3.0
2319	2725	5.0
2319	2823	3.0
2319	2825	3.0
2319	2883	5.0
2319	3056	3.0
2319	3081	2.0
2319	3089	4.0
2319	3099	3.0
2319	3104	3.0
2319	3128	3.0
2319	3296	4.0
2319	3363	3.0
2319	3480	4.0
2319	3570	4.0
2319	3592	4.0
2319	3649	3.0
2319	3692	4.0
2319	3777	5.0
2319	3778	4.0
2319	3785	3.0
2319	3787	3.0
2319	3889	3.0
2319	3926	3.0
2319	3931	4.0
2319	3946	3.0
2319	4037	4.0
2319	4051	4.0
2319	4109	5.0
2319	4110	4.0
2319	4117	3.0
2319	4135	4.0
2319	4151	3.0
2319	4160	2.0
2319	4171	4.0
2319	4189	3.0
2319	4194	3.0
2319	4200	3.0
2319	4236	4.0
2319	4269	4.0
2319	4460	4.0
2319	4462	3.0
2319	4477	5.0
2319	4559	3.0
2319	4596	3.0
2319	4665	4.0
2319	4673	4.0
2319	4703	3.0
2319	4779	3.0
2319	4857	4.0
2319	4885	5.0
2319	4928	3.0
2319	5049	4.0
2319	5053	3.0
2319	5057	4.0
2319	5120	5.0
2319	5147	3.0
2319	5168	3.0
2319	5251	5.0
2319	5430	2.0
2319	5445	4.0
2319	5508	4.0
2319	5515	4.0
2319	5572	4.0
2319	5603	5.0
2319	5690	5.0
2319	5893	1.0
2319	5928	3.0
2319	6028	2.0
2319	6159	5.0
2319	6199	3.0
2319	6220	4.0
2319	6334	3.0
2319	6350	4.0
2319	6367	5.0
2319	6538	3.0
2319	6561	3.0
2319	6583	4.0
2319	6629	3.0
2319	6667	3.0
2319	6700	5.0
2319	6722	4.0
2319	6772	3.0
2319	6776	3.0
2319	6803	3.0
2319	6903	5.0
2319	6922	5.0
2319	6955	4.0
2322	13	2.0
2322	42	3.0
2322	101	4.0
2322	225	3.0
2322	319	3.0
2322	346	3.0
2322	377	3.0
2322	421	3.0
2322	519	3.0
2322	613	3.0
2322	629	3.0
2322	656	3.0
2322	858	3.0
2322	891	4.0
2322	900	4.0
2322	1125	2.0
2322	1377	3.0
2322	1432	3.0
2322	1565	3.0
2322	1582	3.0
2322	1707	4.0
2322	1728	5.0
2322	1881	3.0
2322	1964	5.0
2322	2028	3.0
2322	2171	4.0
2322	2232	3.0
2322	2382	3.0
2322	2414	3.0
2322	2443	3.0
2322	2782	3.0
2322	2839	4.0
2322	2846	4.0
2322	3056	3.0
2322	3085	3.0
2322	3089	3.0
2322	3167	4.0
2322	3193	3.0
2322	3587	3.0
2322	3623	3.0
2322	3656	3.0
2322	3661	3.0
2322	3690	3.0
2322	3743	3.0
2322	3964	3.0
2322	3993	3.0
2322	4069	3.0
2322	4087	3.0
2322	4158	2.0
2322	4164	2.0
2322	4202	3.0
2322	4291	2.0
2322	4324	3.0
2322	4349	3.0
2322	4378	3.0
2322	4460	3.0
2322	4596	4.0
2322	4620	3.0
2322	4687	5.0
2322	4774	4.0
2322	4806	3.0
2322	4852	3.0
2322	4951	3.0
2322	5005	4.0
2322	5296	4.0
2322	5373	3.0
2322	5394	3.0
2322	5440	3.0
2322	5534	3.0
2322	5719	4.0
2322	5933	4.0
2322	6179	3.0
2322	6188	4.0
2322	6203	3.0
2322	6209	3.0
2322	6217	3.0
2322	6396	4.0
2322	6578	3.0
2322	6696	5.0
2322	6768	3.0
2322	6899	3.0
2345	72	2.0
2345	236	2.0
2345	324	3.0
2345	624	2.0
2345	921	4.0
2345	931	5.0
2345	1030	4.0
2345	2021	4.0
2345	2072	2.0
2345	2135	4.0
2345	2421	4.0
2345	2522	3.0
2345	2564	4.0
2345	2762	4.0
2345	2806	2.0
2345	3056	3.0
2345	3193	5.0
2345	3407	4.0
2345	3690	3.0
2345	3766	3.0
2345	3834	3.0
2345	4135	2.0
2345	4180	2.0
2345	4381	4.0
2345	4485	3.0
2345	4628	4.0
2345	4993	4.0
2345	5049	4.0
2345	5154	3.0
2345	5572	4.0
2345	6036	3.0
2345	6578	3.0
2345	6770	4.0
2387	31	4.0
2387	72	4.0
2387	192	3.0
2387	272	3.0
2387	386	4.0
2387	827	5.0
2387	845	3.0
2387	1249	4.0
2387	1300	4.0
2387	1400	5.0
2387	1432	3.0
2387	1506	4.0
2387	1532	5.0
2387	1534	5.0
2387	1615	4.0
2387	1736	3.0
2387	1792	4.0
2387	1811	4.0
2387	1956	3.0
2387	2025	4.0
2387	2098	5.0
2387	2118	4.0
2387	2135	5.0
2387	2260	5.0
2387	2274	4.0
2387	2293	4.0
2387	2301	3.0
2387	2421	5.0
2387	2427	3.0
2387	2434	5.0
2387	2462	5.0
2387	2787	4.0
2387	2976	3.0
2387	3147	3.0
2387	3234	4.0
2387	3296	3.0
2387	3331	3.0
2387	3513	5.0
2387	3630	4.0
2387	3731	5.0
2387	3737	3.0
2387	3742	5.0
2387	3785	3.0
2387	4115	4.0
2387	4135	3.0
2387	4200	4.0
2387	4390	3.0
2387	4487	5.0
2387	4673	4.0
2387	4712	1.0
2387	4808	4.0
2387	4821	3.0
2387	4889	4.0
2387	4899	3.0
2387	4924	5.0
2387	4982	4.0
2387	4993	4.0
2387	5053	4.0
2387	5105	3.0
2387	5129	4.0
2387	5213	3.0
2387	5328	4.0
2387	5501	3.0
2387	5566	5.0
2387	5572	5.0
2387	5575	5.0
2387	5662	4.0
2387	5791	3.0
2387	5910	4.0
2387	5936	3.0
2387	6163	2.0
2387	6174	5.0
2387	6210	4.0
2387	6286	2.0
2387	6331	3.0
2387	6643	4.0
2387	6792	4.0
2387	6878	5.0
2408	133	4.0
2408	148	4.0
2408	238	4.0
2408	254	4.0
2408	323	5.0
2408	509	5.0
2408	604	2.0
2408	633	4.0
2408	847	4.0
2408	861	3.0
2408	931	5.0
2408	936	5.0
2408	980	3.0
2408	1355	3.0
2408	1782	4.0
2408	1843	5.0
2408	2188	4.0
2408	2274	5.0
2408	2460	4.0
2408	2846	5.0
2408	3185	1.0
2408	3307	5.0
2408	3562	2.0
2408	3691	3.0
2408	3781	5.0
2408	3874	5.0
2408	4037	5.0
2408	4087	5.0
2408	4112	4.0
2408	4296	3.0
2408	4517	3.0
2408	4527	3.0
2408	4594	5.0
2408	4638	4.0
2408	4665	4.0
2408	4712	3.0
2408	4728	4.0
2408	4771	5.0
2408	4801	5.0
2408	5065	4.0
2408	5282	4.0
2408	5600	4.0
2408	5924	4.0
2408	5928	3.0
2408	6328	3.0
2408	6479	4.0
2408	6633	4.0
2408	6698	5.0
2408	6754	4.0
2408	6875	5.0
2458	3	4.0
2458	39	4.0
2458	46	4.0
2458	72	3.0
2458	75	4.0
2458	192	3.0
2458	211	4.0
2458	241	2.0
2458	243	4.0
2458	276	4.0
2458	328	3.0
2458	340	4.0
2458	386	4.0
2458	402	5.0
2458	444	4.0
2458	466	3.0
2458	468	3.0
2458	475	4.0
2458	499	3.0
2458	514	3.0
2458	523	5.0
2458	549	3.0
2458	601	4.0
2458	749	5.0
2458	770	4.0
2458	777	4.0
2458	786	5.0
2458	869	4.0
2458	881	3.0
2458	1091	4.0
2458	1125	3.0
2458	1156	3.0
2458	1440	4.0
2458	1453	3.0
2458	1482	3.0
2458	1503	3.0
2458	1516	4.0
2458	1520	4.0
2458	1536	4.0
2458	1647	3.0
2458	1727	4.0
2458	1740	4.0
2458	1770	4.0
2458	1782	3.0
2458	1848	4.0
2458	1885	4.0
2458	1904	3.0
2458	1962	4.0
2458	2017	4.0
2458	2104	4.0
2458	2151	4.0
2458	2159	3.0
2458	2250	4.0
2458	2322	2.0
2458	2325	4.0
2458	2351	3.0
2458	2386	4.0
2458	2461	4.0
2458	2481	5.0
2458	2492	3.0
2458	2541	4.0
2458	2609	3.0
2458	2621	4.0
2458	2625	5.0
2458	2626	4.0
2458	2656	4.0
2458	2784	4.0
2458	2815	5.0
2458	2825	4.0
2458	2829	3.0
2458	2834	4.0
2458	2859	4.0
2458	2901	4.0
2458	2931	4.0
2458	2935	2.0
2458	3065	4.0
2458	3068	3.0
2458	3081	3.0
2458	3085	4.0
2458	3092	4.0
2458	3173	4.0
2458	3198	4.0
2458	3270	5.0
2458	3311	4.0
2458	3471	5.0
2458	3520	5.0
2458	3545	4.0
2458	3690	3.0
2458	3730	3.0
2458	3777	3.0
2458	3781	5.0
2458	3850	3.0
2458	3923	3.0
2458	3939	4.0
2458	3970	3.0
2458	4029	4.0
2458	4040	3.0
2458	4072	3.0
2458	4124	4.0
2458	4172	4.0
2458	4180	3.0
2458	4188	4.0
2458	4296	4.0
2458	4317	3.0
2458	4462	3.0
2458	4483	3.0
2458	4793	4.0
2458	4868	4.0
2458	4910	3.0
2458	4982	4.0
2458	4993	3.0
2458	5012	4.0
2458	5090	3.0
2458	5124	4.0
2458	5183	5.0
2458	5263	4.0
2458	5395	4.0
2458	5430	3.0
2458	5434	3.0
2458	5472	4.0
2458	5478	3.0
2458	5493	2.0
2458	5630	4.0
2458	5657	3.0
2458	5696	2.0
2458	5753	4.0
2458	5934	3.0
2458	5939	3.0
2458	6055	4.0
2458	6056	4.0
2458	6101	4.0
2458	6123	4.0
2458	6236	4.0
2458	6286	3.0
2458	6328	3.0
2458	6336	4.0
2458	6577	4.0
2458	6578	2.0
2458	6634	3.0
2458	6700	4.0
2458	6706	3.0
2458	6808	4.0
2458	6875	4.0
2458	6901	2.0
2458	6925	4.0
2458	6956	5.0
2497	211	4.0
2497	226	4.0
2497	272	4.0
2497	320	3.0
2497	346	3.0
2497	684	4.0
2497	794	4.0
2497	919	5.0
2497	1042	4.0
2497	1127	4.0
2497	1177	4.0
2497	1204	4.0
2497	1432	4.0
2497	1591	2.0
2497	1647	4.0
2497	1663	3.0
2497	1805	2.0
2497	1882	3.0
2497	1933	4.0
2497	2104	3.0
2497	2159	3.0
2497	2177	1.0
2497	2186	2.0
2497	2427	4.0
2497	2739	5.0
2497	2782	4.0
2497	2823	5.0
2497	2824	5.0
2497	2874	4.0
2497	2968	4.0
2497	2982	4.0
2497	3144	4.0
2497	3162	3.0
2497	3449	4.0
2497	3593	4.0
2497	3649	4.0
2497	3707	4.0
2497	3785	3.0
2497	3834	3.0
2497	3889	4.0
2497	3911	4.0
2497	3963	4.0
2497	4037	4.0
2497	4087	4.0
2497	4199	3.0
2497	4200	4.0
2497	4339	2.0
2497	4353	4.0
2497	4381	3.0
2497	4390	4.0
2497	4415	4.0
2497	4555	3.0
2497	4596	5.0
2497	4840	4.0
2497	4852	4.0
2497	4860	5.0
2497	4953	5.0
2497	5213	4.0
2497	5304	4.0
2497	5560	3.0
2497	5566	4.0
2497	5582	4.0
2497	5595	4.0
2497	5663	4.0
2497	6200	4.0
2497	6213	4.0
2497	6584	5.0
2497	6695	3.0
2497	6872	3.0
2513	106	4.0
2513	141	4.0
2513	194	3.0
2513	272	3.0
2513	348	3.0
2513	375	4.0
2513	437	3.0
2513	439	3.0
2513	466	3.0
2513	516	4.0
2513	578	3.0
2513	671	3.0
2513	716	4.0
2513	760	4.0
2513	768	3.0
2513	799	4.0
2513	857	3.0
2513	884	3.0
2513	906	4.0
2513	912	3.0
2513	938	3.0
2513	1022	3.0
2513	1060	3.0
2513	1122	4.0
2513	1130	3.0
2513	1219	3.0
2513	1350	3.0
2513	1356	3.0
2513	1440	3.0
2513	1441	3.0
2513	1594	4.0
2513	1600	2.0
2513	1601	3.0
2513	1706	3.0
2513	1766	4.0
2513	1857	3.0
2513	1886	3.0
2513	1899	4.0
2513	1969	3.0
2513	1971	4.0
2513	1988	3.0
2513	2220	4.0
2513	2250	3.0
2513	2312	3.0
2513	2318	4.0
2513	2330	4.0
2513	2361	3.0
2513	2378	3.0
2513	2401	3.0
2513	2489	4.0
2513	2535	4.0
2513	2633	4.0
2513	2706	4.0
2513	2787	3.0
2513	2789	3.0
2513	2845	4.0
2513	2974	4.0
2513	2994	3.0
2513	3023	3.0
2513	3055	4.0
2513	3085	3.0
2513	3094	3.0
2513	3162	3.0
2513	3228	4.0
2513	3349	3.0
2513	3370	3.0
2513	3475	3.0
2513	3623	3.0
2513	3657	3.0
2513	3866	4.0
2513	3867	3.0
2513	3913	3.0
2513	3961	2.0
2513	3977	4.0
2513	4074	3.0
2513	4087	3.0
2513	4097	3.0
2513	4101	4.0
2513	4321	3.0
2513	4340	4.0
2513	4361	3.0
2513	4390	4.0
2513	4392	3.0
2513	4394	3.0
2513	4483	4.0
2513	4524	3.0
2513	4553	3.0
2513	4665	4.0
2513	4680	4.0
2513	4739	4.0
2513	4752	3.0
2513	4808	3.0
2513	4857	4.0
2513	4889	4.0
2513	4915	5.0
2513	4951	3.0
2513	5010	3.0
2513	5053	4.0
2513	5063	3.0
2513	5134	4.0
2513	5155	3.0
2513	5222	2.0
2513	5260	3.0
2513	5297	4.0
2513	5340	3.0
2513	5353	4.0
2513	5431	3.0
2513	5433	3.0
2513	5434	4.0
2513	5462	3.0
2513	5471	3.0
2513	5543	4.0
2513	5686	4.0
2513	5767	2.0
2513	5768	4.0
2513	5850	4.0
2513	5871	4.0
2513	5892	4.0
2513	5985	3.0
2513	6012	3.0
2513	6113	3.0
2513	6197	3.0
2513	6275	3.0
2513	6291	2.0
2513	6416	3.0
2513	6426	4.0
2513	6465	3.0
2513	6510	4.0
2513	6516	3.0
2513	6564	4.0
2513	6734	3.0
2513	6755	4.0
2513	6778	3.0
2513	6833	3.0
2513	6916	3.0
2513	6941	4.0
2516	20	3.0
2516	61	4.0
2516	74	4.0
2516	88	4.0
2516	132	3.0
2516	173	3.0
2516	356	4.0
2516	362	4.0
2516	567	4.0
2516	799	4.0
2516	827	4.0
2516	912	4.0
2516	1074	3.0
2516	1083	4.0
2516	1174	3.0
2516	1249	3.0
2516	1329	3.0
2516	1597	5.0
2516	1659	5.0
2516	1699	3.0
2516	1868	4.0
2516	1885	4.0
2516	1939	2.0
2516	1972	4.0
2516	1982	4.0
2516	2027	3.0
2516	2155	3.0
2516	2173	4.0
2516	2283	4.0
2516	2298	3.0
2516	2631	4.0
2516	2639	3.0
2516	2735	4.0
2516	2767	4.0
2516	2797	3.0
2516	3087	4.0
2516	3190	4.0
2516	3258	5.0
2516	3295	4.0
2516	3296	3.0
2516	3299	4.0
2516	3345	3.0
2516	3347	4.0
2516	3362	4.0
2516	3371	4.0
2516	3386	4.0
2516	3483	3.0
2516	3501	3.0
2516	3613	3.0
2516	3649	5.0
2516	3690	3.0
2516	3691	4.0
2516	3722	4.0
2516	3780	4.0
2516	3996	3.0
2516	4020	3.0
2516	4135	4.0
2516	4199	3.0
2516	4247	4.0
2516	4460	4.0
2516	5087	4.0
2516	5165	3.0
2516	5241	3.0
2516	5297	4.0
2516	5381	3.0
2516	5430	3.0
2516	5614	3.0
2516	5767	4.0
2516	5795	4.0
2516	5820	4.0
2516	5850	4.0
2516	6010	5.0
2516	6075	4.0
2516	6107	4.0
2516	6123	3.0
2516	6139	4.0
2516	6229	4.0
2516	6253	4.0
2516	6370	4.0
2516	6574	4.0
2516	6616	5.0
2516	6664	4.0
2516	6679	3.0
2516	6687	5.0
2516	6691	5.0
2516	6759	3.0
2567	65	5.0
2567	176	3.0
2567	217	4.0
2567	449	4.0
2567	601	3.0
2567	621	3.0
2567	629	2.0
2567	652	5.0
2567	747	5.0
2567	772	4.0
2567	833	5.0
2567	857	3.0
2567	1042	3.0
2567	1053	3.0
2567	1099	4.0
2567	1148	4.0
2567	1204	3.0
2567	1213	3.0
2567	1248	3.0
2567	1491	4.0
2567	1714	4.0
2567	1728	3.0
2567	1894	5.0
2567	1957	3.0
2567	2027	3.0
2567	2135	3.0
2567	2188	3.0
2567	2254	5.0
2567	2258	3.0
2567	2384	3.0
2567	2422	1.0
2567	2462	5.0
2567	2510	5.0
2567	2787	3.0
2567	2834	5.0
2567	2921	5.0
2567	3026	4.0
2567	3088	3.0
2567	3440	4.0
2567	3517	5.0
2567	3649	3.0
2567	3719	4.0
2567	3742	3.0
2567	3794	4.0
2567	3830	5.0
2567	3876	3.0
2567	3955	5.0
2567	3977	5.0
2567	3998	5.0
2567	4008	3.0
2567	4142	3.0
2567	4345	5.0
2567	4351	2.0
2567	4366	3.0
2567	4423	3.0
2567	4559	3.0
2567	4725	3.0
2567	4869	3.0
2567	4893	3.0
2567	4915	5.0
2567	4917	5.0
2567	4927	5.0
2567	5154	3.0
2567	5262	2.0
2567	5281	3.0
2567	5394	5.0
2567	5566	5.0
2567	5621	4.0
2567	5653	5.0
2567	5672	4.0
2567	5698	3.0
2567	5830	3.0
2567	6114	4.0
2567	6201	5.0
2567	6273	3.0
2567	6310	4.0
2567	6327	5.0
2567	6533	5.0
2567	6583	5.0
2567	6682	3.0
2567	6852	4.0
2567	6878	3.0
2567	6956	5.0
2630	61	3.0
2630	106	3.0
2630	243	5.0
2630	254	5.0
2630	321	5.0
2630	338	3.0
2630	369	4.0
2630	375	5.0
2630	509	5.0
2630	528	5.0
2630	613	4.0
2630	884	4.0
2630	1016	3.0
2630	1076	5.0
2630	1195	5.0
2630	1219	2.0
2630	1271	3.0
2630	1355	2.0
2630	1444	4.0
2630	1574	4.0
2630	1587	5.0
2630	1591	3.0
2630	1727	5.0
2630	1728	4.0
2630	1843	5.0
2630	2421	4.0
2630	2517	3.0
2630	2606	3.0
2630	2628	2.0
2630	2762	5.0
2630	2806	3.0
2630	2886	2.0
2630	2898	3.0
2630	3088	4.0
2630	3129	5.0
2630	3371	4.0
2630	3407	4.0
2630	3432	2.0
2630	3613	3.0
2630	3869	3.0
2630	4039	5.0
2630	4053	4.0
2630	4094	4.0
2630	4180	2.0
2630	4349	4.0
2630	4673	3.0
2630	4712	3.0
2630	4771	5.0
2630	4953	3.0
2630	4993	5.0
2630	5049	4.0
2630	5082	4.0
2630	5124	5.0
2630	5373	3.0
2630	5936	4.0
2630	6061	3.0
2630	6082	4.0
2630	6161	5.0
2630	6177	4.0
2630	6545	4.0
2630	6691	5.0
2630	6833	2.0
2630	6899	4.0
2666	38	3.0
2666	141	5.0
2666	233	3.0
2666	241	4.0
2666	243	3.0
2666	259	3.0
2666	309	3.0
2666	346	3.0
2666	369	4.0
2666	501	2.0
2666	537	3.0
2666	604	3.0
2666	618	4.0
2666	808	4.0
2666	817	5.0
2666	831	3.0
2666	847	3.0
2666	861	4.0
2666	913	3.0
2666	1004	5.0
2666	1030	3.0
2666	1049	3.0
2666	1059	3.0
2666	1071	5.0
2666	1113	3.0
2666	1175	3.0
2666	1189	4.0
2666	1294	4.0
2666	1384	5.0
2666	1441	4.0
2666	1462	3.0
2666	1488	5.0
2666	1534	1.0
2666	1538	3.0
2666	1587	3.0
2666	1588	3.0
2666	1608	4.0
2666	1629	3.0
2666	1680	4.0
2666	1923	1.0
2666	1937	3.0
2666	1941	4.0
2666	2017	3.0
2666	2152	4.0
2666	2160	3.0
2666	2204	4.0
2666	2230	2.0
2666	2339	4.0
2666	2427	4.0
2666	2501	5.0
2666	2531	5.0
2666	2625	5.0
2666	2628	4.0
2666	2659	3.0
2666	2698	4.0
2666	2739	4.0
2666	2806	3.0
2666	2906	2.0
2666	3019	2.0
2666	3026	4.0
2666	3125	4.0
2666	3192	4.0
2666	3244	1.0
2666	3251	4.0
2666	3255	5.0
2666	3285	3.0
2666	3308	4.0
2666	3309	4.0
2666	3400	5.0
2666	3428	4.0
2666	3449	4.0
2666	3517	4.0
2666	3581	5.0
2666	3649	3.0
2666	3653	3.0
2666	3655	4.0
2666	3692	4.0
2666	3740	3.0
2666	3773	3.0
2666	3835	3.0
2666	3848	3.0
2666	3865	3.0
2666	3871	4.0
2666	3874	5.0
2666	3961	2.0
2666	4290	5.0
2666	4373	3.0
2666	4457	5.0
2666	4464	3.0
2666	4487	2.0
2666	4507	3.0
2666	4513	3.0
2666	4520	3.0
2666	4647	2.0
2666	4860	4.0
2666	4878	4.0
2666	4947	3.0
2666	4953	3.0
2666	5057	4.0
2666	5193	2.0
2666	5423	3.0
2666	5430	2.0
2666	5504	2.0
2666	5566	4.0
2666	5582	3.0
2666	5793	4.0
2666	5884	3.0
2666	5928	3.0
2666	5956	4.0
2666	5987	4.0
2666	5999	4.0
2666	6040	3.0
2666	6197	2.0
2666	6206	4.0
2666	6208	4.0
2666	6396	3.0
2666	6469	3.0
2666	6483	4.0
2666	6637	3.0
2666	6675	4.0
2666	6803	2.0
2666	6813	3.0
2692	221	5.0
2692	492	4.0
2692	680	4.0
2692	682	4.0
2692	858	4.0
2692	897	3.0
2692	1127	3.0
2692	1233	4.0
2692	1488	5.0
2692	1517	2.0
2692	1654	4.0
2692	1999	3.0
2692	2194	3.0
2692	2199	3.0
2692	2430	4.0
2692	2838	5.0
2692	2935	3.0
2692	3110	4.0
2692	3309	5.0
2692	3691	3.0
2692	4110	3.0
2692	4171	5.0
2692	4180	3.0
2692	4246	4.0
2692	4291	1.0
2692	4390	4.0
2692	4673	5.0
2692	4821	3.0
2692	4997	3.0
2692	5611	3.0
2692	5686	3.0
2692	6040	4.0
2692	6193	4.0
2692	6260	4.0
2692	6262	5.0
2692	6513	4.0
2692	6664	4.0
2692	6706	4.0
2692	6955	5.0
2693	483	3.0
2693	613	3.0
2693	747	4.0
2693	797	3.0
2693	852	2.0
2693	912	4.0
2693	1195	4.0
2693	1255	3.0
2693	1271	5.0
2693	1328	3.0
2693	1608	5.0
2693	1728	5.0
2693	1826	3.0
2693	2107	5.0
2693	2186	3.0
2693	2242	5.0
2693	2323	3.0
2693	2350	5.0
2693	2419	4.0
2693	2462	5.0
2693	2606	3.0
2693	2725	4.0
2693	2787	5.0
2693	3008	5.0
2693	3025	4.0
2693	3084	3.0
2693	3089	3.0
2693	3268	3.0
2693	3366	3.0
2693	3386	4.0
2693	3423	4.0
2693	3517	4.0
2693	3679	4.0
2693	3852	5.0
2693	3906	3.0
2693	4067	3.0
2693	4077	5.0
2693	4171	5.0
2693	4239	5.0
2693	4340	5.0
2693	4457	4.0
2693	4513	3.0
2693	4647	3.0
2693	4706	4.0
2693	4743	5.0
2693	4853	5.0
2693	5146	3.0
2693	5154	3.0
2693	5194	4.0
2693	5251	3.0
2693	5252	3.0
2693	5258	5.0
2693	5274	4.0
2693	5382	4.0
2693	5423	3.0
2693	5424	3.0
2693	5703	3.0
2693	5731	4.0
2693	6082	4.0
2693	6203	3.0
2693	6273	3.0
2693	6685	5.0
2693	6925	3.0
2693	6955	5.0
2775	7	3.0
2775	105	4.0
2775	180	3.0
2775	375	3.0
2775	510	3.0
2775	557	3.0
2775	594	3.0
2775	797	3.0
2775	1030	4.0
2775	1415	3.0
2775	1488	5.0
2775	1580	4.0
2775	1599	5.0
2775	1676	3.0
2775	1707	3.0
2775	1751	3.0
2775	1760	4.0
2775	1804	5.0
2775	1813	4.0
2775	1926	5.0
2775	2240	4.0
2775	2246	3.0
2775	2320	4.0
2775	2384	3.0
2775	2421	4.0
2775	2471	4.0
2775	2802	5.0
2775	2810	1.0
2775	2908	4.0
2775	2982	4.0
2775	3018	3.0
2775	3431	3.0
2775	3527	2.0
2775	3541	3.0
2775	3570	3.0
2775	3592	4.0
2775	3613	1.0
2775	3618	3.0
2775	3755	5.0
2775	3777	5.0
2775	3835	4.0
2775	3964	4.0
2775	4006	5.0
2775	4025	4.0
2775	4186	5.0
2775	4269	4.0
2775	4323	3.0
2775	4390	4.0
2775	4394	3.0
2775	4553	4.0
2775	4638	5.0
2775	4684	3.0
2775	4884	5.0
2775	4894	4.0
2775	4928	5.0
2775	4944	4.0
2775	5194	3.0
2775	5262	3.0
2775	5445	5.0
2775	5572	5.0
2775	5592	3.0
2775	5649	4.0
2775	5671	5.0
2775	5781	3.0
2775	5978	3.0
2775	6036	3.0
2775	6158	5.0
2775	6190	4.0
2775	6210	2.0
2775	6328	3.0
2775	6685	5.0
2775	6729	3.0
2775	6770	4.0
2775	6969	4.0
2781	12	4.0
2781	54	3.0
2781	61	4.0
2781	106	3.0
2781	162	5.0
2781	170	4.0
2781	324	5.0
2781	328	3.0
2781	461	2.0
2781	471	3.0
2781	474	3.0
2781	496	4.0
2781	500	5.0
2781	561	3.0
2781	771	3.0
2781	797	4.0
2781	817	5.0
2781	892	3.0
2781	934	3.0
2781	980	3.0
2781	988	4.0
2781	1010	4.0
2781	1030	5.0
2781	1048	3.0
2781	1077	4.0
2781	1148	3.0
2781	1248	4.0
2781	1294	4.0
2781	1350	4.0
2781	1399	3.0
2781	1426	3.0
2781	1488	4.0
2781	1491	4.0
2781	1521	4.0
2781	1528	5.0
2781	1647	5.0
2781	1666	3.0
2781	1721	5.0
2781	1795	5.0
2781	1843	5.0
2781	1876	5.0
2781	1899	5.0
2781	1951	4.0
2781	2213	4.0
2781	2264	4.0
2781	2274	3.0
2781	2303	4.0
2781	2468	5.0
2781	2495	3.0
2781	2515	4.0
2781	2552	4.0
2781	2625	5.0
2781	2834	4.0
2781	2900	4.0
2781	2930	5.0
2781	2931	5.0
2781	3168	5.0
2781	3208	3.0
2781	3277	4.0
2781	3432	3.0
2781	3440	3.0
2781	3504	4.0
2781	3507	5.0
2781	3615	3.0
2781	3645	3.0
2781	3649	5.0
2781	3689	4.0
2781	3921	4.0
2781	3949	5.0
2781	4029	3.0
2781	4102	3.0
2781	4109	5.0
2781	4135	4.0
2781	4152	3.0
2781	4160	3.0
2781	4169	4.0
2781	4180	3.0
2781	4257	5.0
2781	4260	5.0
2781	4335	4.0
2781	4390	4.0
2781	4501	4.0
2781	4662	3.0
2781	4673	4.0
2781	4709	4.0
2781	4712	4.0
2781	4769	5.0
2781	4785	4.0
2781	4829	2.0
2781	4932	4.0
2781	4946	3.0
2781	5010	4.0
2781	5015	4.0
2781	5069	4.0
2781	5075	5.0
2781	5083	4.0
2781	5236	5.0
2781	5367	4.0
2781	5430	5.0
2781	5455	4.0
2781	5473	4.0
2781	5576	5.0
2781	5698	4.0
2781	5778	2.0
2781	5781	5.0
2781	5847	4.0
2781	5953	4.0
2781	6220	3.0
2781	6244	4.0
2781	6335	3.0
2781	6375	3.0
2781	6440	2.0
2781	6491	5.0
2781	6558	5.0
2781	6561	4.0
2781	6909	4.0
2781	6920	4.0
2781	6963	3.0
2786	13	3.0
2786	40	3.0
2786	42	4.0
2786	49	4.0
2786	76	2.0
2786	97	1.0
2786	99	3.0
2786	100	3.0
2786	124	4.0
2786	170	4.0
2786	174	5.0
2786	178	3.0
2786	217	4.0
2786	226	2.0
2786	234	3.0
2786	243	4.0
2786	272	3.0
2786	276	4.0
2786	324	2.0
2786	335	4.0
2786	351	3.0
2786	420	3.0
2786	453	3.0
2786	466	2.0
2786	483	1.0
2786	596	5.0
2786	605	4.0
2786	613	3.0
2786	614	4.0
2786	683	4.0
2786	706	3.0
2786	714	4.0
2786	750	2.0
2786	770	3.0
2786	831	3.0
2786	938	1.0
2786	998	4.0
2786	1001	3.0
2786	1072	4.0
2786	1077	4.0
2786	1080	4.0
2786	1089	2.0
2786	1139	2.0
2786	1148	3.0
2786	1166	5.0
2786	1247	3.0
2786	1370	1.0
2786	1458	4.0
2786	1554	4.0
2786	1617	3.0
2786	1684	3.0
2786	1780	3.0
2786	1915	3.0
2786	1920	3.0
2786	1987	3.0
2786	2017	3.0
2786	2072	1.0
2786	2089	5.0
2786	2151	3.0
2786	2320	4.0
2786	2377	4.0
2786	2475	3.0
2786	2481	4.0
2786	2492	3.0
2786	2520	3.0
2786	2605	4.0
2786	2627	4.0
2786	2774	2.0
2786	2787	3.0
2786	2840	3.0
2786	2864	4.0
2786	2878	4.0
2786	2924	3.0
2786	2960	3.0
2786	3084	1.0
2786	3102	5.0
2786	3166	3.0
2786	3270	5.0
2786	3301	5.0
2786	3333	4.0
2786	3359	3.0
2786	3400	3.0
2786	3409	3.0
2786	3418	4.0
2786	3445	5.0
2786	3470	3.0
2786	3530	3.0
2786	3692	4.0
2786	3710	3.0
2786	3723	4.0
2786	3785	2.0
2786	3871	4.0
2786	3874	5.0
2786	3946	4.0
2786	3964	3.0
2786	3998	4.0
2786	4086	3.0
2786	4110	4.0
2786	4220	3.0
2786	4472	3.0
2786	4523	4.0
2786	4541	3.0
2786	4591	4.0
2786	4704	4.0
2786	4857	4.0
2786	4924	5.0
2786	4984	1.0
2786	5043	3.0
2786	5113	4.0
2786	5175	4.0
2786	5193	1.0
2786	5203	3.0
2786	5216	4.0
2786	5297	3.0
2786	5328	4.0
2786	5362	3.0
2786	5404	3.0
2786	5649	3.0
2786	5666	4.0
2786	5805	1.0
2786	5873	4.0
2786	5875	5.0
2786	6109	3.0
2786	6139	3.0
2786	6163	1.0
2786	6169	4.0
2786	6172	2.0
2786	6196	4.0
2786	6201	4.0
2786	6203	3.0
2786	6207	3.0
2786	6208	4.0
2786	6253	5.0
2786	6286	2.0
2786	6302	3.0
2786	6371	4.0
2786	6543	3.0
2786	6545	3.0
2786	6572	5.0
2786	6599	3.0
2786	6687	4.0
2786	6700	3.0
2786	6772	3.0
2786	6776	3.0
2786	6813	1.0
2786	6899	2.0
2786	6970	2.0
2854	72	3.0
2854	185	4.0
2854	328	3.0
2854	363	2.0
2854	421	3.0
2854	466	4.0
2854	496	4.0
2854	557	5.0
2854	581	3.0
2854	711	4.0
2854	817	5.0
2854	936	3.0
2854	1195	4.0
2854	1248	5.0
2854	1503	5.0
2854	1578	5.0
2854	1622	5.0
2854	1657	5.0
2854	1802	4.0
2854	1854	4.0
2854	1928	3.0
2854	2093	4.0
2854	2274	4.0
2854	2323	3.0
2854	2522	4.0
2854	2736	4.0
2854	2774	3.0
2854	2980	4.0
2854	3144	3.0
2854	3207	4.0
2854	3473	3.0
2854	3510	5.0
2854	3591	5.0
2854	3777	5.0
2854	3996	3.0
2854	4031	3.0
2854	4054	4.0
2854	4063	5.0
2854	4253	5.0
2854	4285	3.0
2854	4328	5.0
2854	4392	5.0
2854	4477	4.0
2854	4508	3.0
2854	4517	3.0
2854	4590	3.0
2854	4857	3.0
2854	4922	3.0
2854	4928	3.0
2854	5066	4.0
2854	5285	5.0
2854	5956	5.0
2854	6018	3.0
2854	6042	4.0
2854	6174	4.0
2854	6250	4.0
2854	6376	5.0
2854	6396	5.0
2854	6609	5.0
2854	6829	3.0
2854	6875	4.0
2854	6913	4.0
2854	6916	4.0
2879	61	4.0
2879	106	4.0
2879	302	4.0
2879	805	4.0
2879	833	4.0
2879	900	4.0
2879	904	4.0
2879	913	4.0
2879	1030	4.0
2879	1049	3.0
2879	1175	4.0
2879	1217	4.0
2879	1263	4.0
2879	1591	3.0
2879	1595	4.0
2879	1772	4.0
2879	1837	4.0
2879	1888	3.0
2879	2020	4.0
2879	2262	4.0
2879	2300	4.0
2879	2421	3.0
2879	2492	3.0
2879	2522	3.0
2879	2673	4.0
2879	2858	4.0
2879	2915	3.0
2879	2992	4.0
2879	3024	3.0
2879	3060	3.0
2879	3252	3.0
2879	3343	3.0
2879	3386	3.0
2879	3407	3.0
2879	3431	5.0
2879	3579	4.0
2879	3617	3.0
2879	3637	3.0
2879	3778	4.0
2879	3790	4.0
2879	4096	3.0
2879	4270	4.0
2879	4323	3.0
2879	4452	4.0
2879	4527	4.0
2879	4572	4.0
2879	4589	4.0
2879	4729	4.0
2879	4794	3.0
2879	4853	4.0
2879	4861	5.0
2879	4868	4.0
2879	4879	4.0
2879	4915	5.0
2879	4927	5.0
2879	5005	3.0
2879	5018	5.0
2879	5251	3.0
2879	5339	3.0
2879	5354	4.0
2879	5407	5.0
2879	5554	3.0
2879	5686	3.0
2879	5718	4.0
2879	5732	4.0
2879	5781	4.0
2879	5870	4.0
2879	5871	4.0
2879	6202	4.0
2879	6235	3.0
2879	6261	3.0
2879	6327	4.0
2879	6393	3.0
2879	6544	5.0
2879	6630	4.0
2879	6931	4.0
2967	223	5.0
2967	353	4.0
2967	371	2.0
2967	682	4.0
2967	831	3.0
2967	1072	4.0
2967	1076	5.0
2967	1247	3.0
2967	1410	4.0
2967	1607	4.0
2967	1767	3.0
2967	1779	3.0
2967	2164	4.0
2967	2338	5.0
2967	2787	5.0
2967	2874	3.0
2967	3025	5.0
2967	3089	3.0
2967	3144	3.0
2967	3277	4.0
2967	3295	4.0
2967	3301	3.0
2967	3331	3.0
2967	3550	4.0
2967	3876	4.0
2967	4014	5.0
2967	4117	3.0
2967	4290	5.0
2967	4390	4.0
2967	4469	4.0
2967	4487	4.0
2967	4648	4.0
2967	4673	3.0
2967	4695	4.0
2967	4748	3.0
2967	4779	3.0
2967	4927	4.0
2967	4951	3.0
2967	5124	4.0
2967	5179	3.0
2967	5294	5.0
2967	5328	5.0
2967	5572	5.0
2967	5781	5.0
2967	5928	4.0
2967	6010	3.0
2967	6078	5.0
2967	6578	3.0
2967	6729	5.0
2991	1	2.0
2991	139	3.0
2991	180	4.0
2991	276	5.0
2991	310	5.0
2991	320	3.0
2991	346	3.0
2991	353	3.0
2991	401	3.0
2991	422	3.0
2991	461	1.0
2991	473	3.0
2991	475	4.0
2991	498	3.0
2991	500	3.0
2991	565	3.0
2991	613	3.0
2991	649	5.0
2991	835	5.0
2991	840	5.0
2991	861	2.0
2991	1026	4.0
2991	1033	4.0
2991	1060	4.0
2991	1074	4.0
2991	1101	3.0
2991	1128	4.0
2991	1131	4.0
2991	1257	5.0
2991	1263	4.0
2991	1423	4.0
2991	1488	4.0
2991	1563	4.0
2991	1569	4.0
2991	1633	3.0
2991	1636	4.0
2991	1732	3.0
2991	1790	3.0
2991	1799	4.0
2991	1813	4.0
2991	1883	4.0
2991	1917	3.0
2991	1981	3.0
2991	1991	4.0
2991	2017	3.0
2991	2041	2.0
2991	2042	4.0
2991	2139	5.0
2991	2159	3.0
2991	2186	3.0
2991	2255	3.0
2991	2258	3.0
2991	2260	4.0
2991	2307	4.0
2991	2319	3.0
2991	2320	4.0
2991	2342	5.0
2991	2356	3.0
2991	2434	4.0
2991	2538	3.0
2991	2562	5.0
2991	2591	3.0
2991	2603	3.0
2991	2757	4.0
2991	2782	4.0
2991	2793	3.0
2991	2838	4.0
2991	2850	3.0
2991	2870	4.0
2991	2977	3.0
2991	2980	4.0
2991	2994	4.0
2991	3024	3.0
2991	3056	3.0
2991	3138	3.0
2991	3150	3.0
2991	3186	3.0
2991	3218	3.0
2991	3296	4.0
2991	3300	4.0
2991	3363	4.0
2991	3449	4.0
2991	3458	3.0
2991	3474	3.0
2991	3518	4.0
2991	3561	4.0
2991	3617	3.0
2991	3630	3.0
2991	3649	3.0
2991	3650	4.0
2991	3695	4.0
2991	3710	2.0
2991	3732	4.0
2991	3769	5.0
2991	3867	4.0
2991	3880	3.0
2991	3905	3.0
2991	3948	3.0
2991	3954	3.0
2991	3986	4.0
2991	3991	3.0
2991	4006	5.0
2991	4053	5.0
2991	4171	4.0
2991	4258	3.0
2991	4265	5.0
2991	4286	3.0
2991	4365	3.0
2991	4399	3.0
2991	4416	5.0
2991	4517	4.0
2991	4522	3.0
2991	4523	3.0
2991	4550	4.0
2991	4597	3.0
2991	4628	3.0
2991	4801	4.0
2991	4808	4.0
2991	4821	3.0
2991	4889	3.0
2991	5078	2.0
2991	5098	3.0
2991	5213	3.0
2991	5286	3.0
2991	5341	4.0
2991	5423	3.0
2991	5445	5.0
2991	5582	4.0
2991	5719	2.0
2991	5814	4.0
2991	5890	4.0
2991	5910	3.0
2991	5962	3.0
2991	5964	3.0
2991	5986	3.0
2991	5991	3.0
2991	6107	4.0
2991	6127	4.0
2991	6214	3.0
2991	6238	4.0
2991	6307	3.0
2991	6316	3.0
2991	6329	3.0
2991	6370	4.0
2991	6553	3.0
2991	6641	4.0
2991	6729	4.0
2991	6762	3.0
2991	6793	3.0
2991	6829	3.0
2991	6833	4.0
2991	6923	3.0
3004	21	2.0
3004	79	4.0
3004	127	4.0
3004	143	4.0
3004	203	2.0
3004	272	3.0
3004	281	5.0
3004	289	4.0
3004	296	3.0
3004	312	2.0
3004	339	3.0
3004	352	3.0
3004	396	2.0
3004	399	3.0
3004	419	3.0
3004	422	3.0
3004	433	4.0
3004	492	4.0
3004	674	3.0
3004	755	4.0
3004	833	4.0
3004	846	3.0
3004	919	4.0
3004	934	2.0
3004	939	4.0
3004	981	3.0
3004	1027	3.0
3004	1060	3.0
3004	1061	5.0
3004	1072	3.0
3004	1074	4.0
3004	1296	2.0
3004	1306	4.0
3004	1350	4.0
3004	1361	4.0
3004	1396	1.0
3004	1432	4.0
3004	1469	3.0
3004	1503	2.0
3004	1506	3.0
3004	1515	3.0
3004	1574	3.0
3004	1617	3.0
3004	1624	4.0
3004	1628	5.0
3004	1629	3.0
3004	1674	4.0
3004	1699	4.0
3004	1738	3.0
3004	1768	4.0
3004	1782	3.0
3004	1826	3.0
3004	2069	5.0
3004	2208	5.0
3004	2241	3.0
3004	2246	4.0
3004	2326	4.0
3004	2339	3.0
3004	2384	3.0
3004	2414	2.0
3004	2460	3.0
3004	2492	3.0
3004	2528	4.0
3004	2552	4.0
3004	2601	3.0
3004	2603	2.0
3004	2629	3.0
3004	2646	3.0
3004	2762	3.0
3004	2874	3.0
3004	2910	5.0
3004	2911	3.0
3004	2988	4.0
3004	3022	3.0
3004	3060	3.0
3004	3065	5.0
3004	3100	4.0
3004	3158	4.0
3004	3192	4.0
3004	3234	4.0
3004	3254	4.0
3004	3294	4.0
3004	3295	4.0
3004	3326	5.0
3004	3345	3.0
3004	3395	3.0
3004	3466	3.0
3004	3510	2.0
3004	3519	3.0
3004	3527	2.0
3004	3528	2.0
3004	3535	3.0
3004	3568	3.0
3004	3637	3.0
3004	3703	4.0
3004	3743	2.0
3004	3791	5.0
3004	3871	4.0
3004	3908	4.0
3004	3912	5.0
3004	3923	3.0
3004	3956	3.0
3004	4030	4.0
3004	4112	4.0
3004	4117	3.0
3004	4151	4.0
3004	4164	3.0
3004	4209	4.0
3004	4224	3.0
3004	4248	3.0
3004	4271	4.0
3004	4339	1.0
3004	4353	3.0
3004	4357	2.0
3004	4478	3.0
3004	4483	3.0
3004	4522	2.0
3004	4523	4.0
3004	4562	3.0
3004	4605	2.0
3004	4644	5.0
3004	4695	5.0
3004	4760	3.0
3004	4767	5.0
3004	4772	5.0
3004	4884	5.0
3004	4893	3.0
3004	4928	3.0
3004	4948	3.0
3004	5105	4.0
3004	5133	4.0
3004	5155	3.0
3004	5265	5.0
3004	5266	4.0
3004	5304	3.0
3004	5323	3.0
3004	5341	4.0
3004	5395	3.0
3004	5493	3.0
3004	5662	3.0
3004	5679	1.0
3004	5775	2.0
3004	5820	4.0
3004	5868	4.0
3004	5886	3.0
3004	5936	3.0
3004	5973	4.0
3004	5985	3.0
3004	5998	4.0
3004	6052	4.0
3004	6253	5.0
3004	6320	3.0
3004	6323	3.0
3004	6332	2.0
3004	6370	4.0
3004	6419	3.0
3004	6439	3.0
3004	6449	5.0
3004	6461	3.0
3004	6522	5.0
3004	6529	3.0
3004	6554	3.0
3004	6630	4.0
3004	6778	2.0
3004	6833	3.0
3004	6957	4.0
