EvalProtocol,COMMUNITY_TAG,TrainingSeed,SplitSeed,EvaluationSeed,userID,u_idx,k,HR,NDCG,Recall,Precision,MAP
all_community_items_multi_positive,7,42,42,42,18,0,50,1.0,0.1524895403435094,0.2,0.08,0.033483853311439514
all_community_items_multi_positive,7,42,42,42,18,0,100,1.0,0.22134044470412576,0.35,0.07,0.04580845636044516
all_community_items_multi_positive,7,42,42,42,18,0,150,1.0,0.24228610245331939,0.4,0.05333333333333334,0.04947818113108736
all_community_items_multi_positive,7,42,42,42,18,0,200,1.0,0.24228610245331939,0.4,0.04,0.04947818113108736
all_community_items_multi_positive,7,42,42,42,18,0,250,1.0,0.24228610245331939,0.4,0.032,0.04947818113108736
all_community_items_multi_positive,7,42,42,42,18,0,300,1.0,0.2774700534847593,0.5,0.03333333333333333,0.05301602166817885
all_community_items_multi_positive,7,42,42,42,32,1,50,1.0,0.19434630615908638,0.15,0.06,0.05577777777777778
all_community_items_multi_positive,7,42,42,42,32,1,100,1.0,0.2857755116121355,0.35,0.07,0.0705695915065905
all_community_items_multi_positive,7,42,42,42,32,1,150,1.0,0.34555203821453817,0.5,0.06666666666666667,0.08026545534424538
all_community_items_multi_positive,7,42,42,42,32,1,200,1.0,0.36485737775471455,0.55,0.055,0.08363968847307975
all_community_items_multi_positive,7,42,42,42,32,1,250,1.0,0.38286278560640175,0.6,0.048,0.08618206135443568
all_community_items_multi_positive,7,42,42,42,32,1,300,1.0,0.38286278560640175,0.6,0.04,0.08618206135443568
all_community_items_multi_positive,7,42,42,42,38,2,50,1.0,0.3264886217791202,0.45,0.18,0.09680796055796055
all_community_items_multi_positive,7,42,42,42,38,2,100,1.0,0.4619567540880051,0.75,0.15,0.1445401249133225
all_community_items_multi_positive,7,42,42,42,38,2,150,1.0,0.4619567540880051,0.75,0.1,0.1445401249133225
all_community_items_multi_positive,7,42,42,42,38,2,200,1.0,0.49953622781244716,0.85,0.085,0.15332743622872366
all_community_items_multi_positive,7,42,42,42,38,2,250,1.0,0.5178524238364425,0.9,0.072,0.15751348274035157
all_community_items_multi_positive,7,42,42,42,38,2,300,1.0,0.5178524238364425,0.9,0.06,0.15751348274035157
all_community_items_multi_positive,7,42,42,42,42,3,50,1.0,0.1869330425672683,0.25,0.1,0.04185185185185185
all_community_items_multi_positive,7,42,42,42,42,3,100,1.0,0.25768478798466127,0.4,0.08,0.05809791097428796
all_community_items_multi_positive,7,42,42,42,42,3,150,1.0,0.3181445146613039,0.55,0.07333333333333333,0.06946619523718126
all_community_items_multi_positive,7,42,42,42,42,3,200,1.0,0.3373590628888967,0.6,0.06,0.07305900960843872
all_community_items_multi_positive,7,42,42,42,42,3,250,1.0,0.3555372068831661,0.65,0.052,0.07596079532272444
all_community_items_multi_positive,7,42,42,42,42,3,300,1.0,0.3555372068831661,0.65,0.043333333333333335,0.07596079532272444
all_community_items_multi_positive,7,42,42,42,50,4,50,1.0,0.3309118074142812,0.5,0.2,0.10300485461662752
all_community_items_multi_positive,7,42,42,42,50,4,100,1.0,0.37888365044781075,0.6,0.12,0.12227742986746364
all_community_items_multi_positive,7,42,42,42,50,4,150,1.0,0.4196806159074965,0.7,0.09333333333333334,0.13319105328108705
all_community_items_multi_positive,7,42,42,42,50,4,200,1.0,0.45726551125787424,0.8,0.08,0.1414561155784074
all_community_items_multi_positive,7,42,42,42,50,4,250,1.0,0.45726551125787424,0.8,0.064,0.1414561155784074
all_community_items_multi_positive,7,42,42,42,50,4,300,1.0,0.45726551125787424,0.8,0.05333333333333334,0.1414561155784074
all_community_items_multi_positive,7,42,42,42,63,5,50,1.0,0.22174419437570622,0.3,0.12,0.0556672203765227
all_community_items_multi_positive,7,42,42,42,63,5,100,1.0,0.22174419437570622,0.3,0.06,0.0556672203765227
all_community_items_multi_positive,7,42,42,42,63,5,150,1.0,0.24144610968468552,0.35,0.04666666666666667,0.05804817275747508
all_community_items_multi_positive,7,42,42,42,63,5,200,1.0,0.2606163816892153,0.4,0.04,0.06041503666280053
all_community_items_multi_positive,7,42,42,42,63,5,250,1.0,0.2964514068970712,0.5,0.04,0.06433008446329724
all_community_items_multi_positive,7,42,42,42,63,5,300,1.0,0.3140259454148444,0.55,0.03666666666666667,0.06636712150033428
all_community_items_multi_positive,7,42,42,42,77,6,50,1.0,0.25325178599628123,0.35,0.14,0.06952252791068582
all_community_items_multi_positive,7,42,42,42,77,6,100,1.0,0.34490461128370004,0.55,0.11,0.09543311554999685
all_community_items_multi_positive,7,42,42,42,77,6,150,1.0,0.3654695873271845,0.6,0.08,0.10047513235671954
all_community_items_multi_positive,7,42,42,42,77,6,200,1.0,0.38486885454108116,0.65,0.065,0.10456318267118496
all_community_items_multi_positive,7,42,42,42,77,6,250,1.0,0.38486885454108116,0.65,0.052,0.10456318267118496
all_community_items_multi_positive,7,42,42,42,77,6,300,1.0,0.38486885454108116,0.65,0.043333333333333335,0.10456318267118496
all_community_items_multi_positive,7,42,42,42,83,7,50,0.0,0.0,0.0,0.0,0.0
all_community_items_multi_positive,7,42,42,42,83,7,100,0.0,0.0,0.0,0.0,0.0
all_community_items_multi_positive,7,42,42,42,83,7,150,0.0,0.0,0.0,0.0,0.0
all_community_items_multi_positive,7,42,42,42,83,7,200,0.0,0.0,0.0,0.0,0.0
all_community_items_multi_positive,7,42,42,42,83,7,250,0.0,0.0,0.0,0.0,0.0
all_community_items_multi_positive,7,42,42,42,83,7,300,0.0,0.0,0.0,0.0,0.0
all_community_items_multi_positive,7,42,42,42,94,8,50,1.0,0.2227984740377064,0.35,0.14,0.05052052652671848
all_community_items_multi_positive,7,42,42,42,94,8,100,1.0,0.2444184377175082,0.4,0.08,0.05477584567565465
all_community_items_multi_positive,7,42,42,42,94,8,150,1.0,0.2444184377175082,0.4,0.05333333333333334,0.05477584567565465
all_community_items_multi_positive,7,42,42,42,94,8,200,1.0,0.2444184377175082,0.4,0.04,0.05477584567565465
all_community_items_multi_positive,7,42,42,42,94,8,250,1.0,0.29869348972645315,0.55,0.044,0.06127917588744515
all_community_items_multi_positive,7,42,42,42,94,8,300,1.0,0.29869348972645315,0.55,0.03666666666666667,0.06127917588744515
all_community_items_multi_positive,7,42,42,42,125,9,50,1.0,0.0640482751852713,0.1,0.04,0.006512605042016806
all_community_items_multi_positive,7,42,42,42,125,9,100,1.0,0.0640482751852713,0.1,0.02,0.006512605042016806
all_community_items_multi_positive,7,42,42,42,125,9,150,1.0,0.12560666560418388,0.25,0.03333333333333333,0.011396167850107915
all_community_items_multi_positive,7,42,42,42,125,9,200,1.0,0.1640146334079505,0.35,0.035,0.015273173197701499
all_community_items_multi_positive,7,42,42,42,125,9,250,1.0,0.21838541968056352,0.5,0.04,0.021184053067079704
all_community_items_multi_positive,7,42,42,42,125,9,300,1.0,0.25373823197790824,0.6,0.04,0.025579721782326998
all_community_items_multi_positive,7,42,42,42,140,10,50,1.0,0.24263303292853672,0.2,0.08,0.09242424242424242
all_community_items_multi_positive,7,42,42,42,140,10,100,1.0,0.2891458429283553,0.3,0.06,0.10045995670995671
all_community_items_multi_positive,7,42,42,42,140,10,150,1.0,0.39311481822481886,0.55,0.07333333333333333,0.12016097279110352
all_community_items_multi_positive,7,42,42,42,140,10,200,1.0,0.41167959145689864,0.6,0.06,0.12316097279110352
all_community_items_multi_positive,7,42,42,42,140,10,250,1.0,0.41167959145689864,0.6,0.048,0.12316097279110352
all_community_items_multi_positive,7,42,42,42,140,10,300,1.0,0.41167959145689864,0.6,0.04,0.12316097279110352
all_community_items_multi_positive,7,42,42,42,149,11,50,1.0,0.13088872870320176,0.2,0.08,0.02152173913043478
all_community_items_multi_positive,7,42,42,42,149,11,100,1.0,0.13088872870320176,0.2,0.04,0.02152173913043478
all_community_items_multi_positive,7,42,42,42,149,11,150,1.0,0.13088872870320176,0.2,0.02666666666666667,0.02152173913043478
all_community_items_multi_positive,7,42,42,42,149,11,200,1.0,0.13088872870320176,0.2,0.02,0.02152173913043478
all_community_items_multi_positive,7,42,42,42,149,11,250,1.0,0.18542495087692923,0.35,0.028,0.025516770911248515
all_community_items_multi_positive,7,42,42,42,149,11,300,1.0,0.20276842858056904,0.4,0.02666666666666667,0.026891341357983913
all_community_items_multi_positive,7,42,42,42,154,12,50,1.0,0.05728418777388001,0.1,0.04,0.004508611955420466
all_community_items_multi_positive,7,42,42,42,154,12,100,1.0,0.07994971798003683,0.15,0.03,0.006482296165946783
all_community_items_multi_positive,7,42,42,42,154,12,150,1.0,0.0995988537123253,0.2,0.02666666666666667,0.007824578045141414
all_community_items_multi_positive,7,42,42,42,154,12,200,1.0,0.11879117279501676,0.25,0.025,0.009312673283236652
all_community_items_multi_positive,7,42,42,42,154,12,250,1.0,0.13725354758271974,0.3,0.024,0.010768983962848302
all_community_items_multi_positive,7,42,42,42,154,12,300,1.0,0.13725354758271974,0.3,0.02,0.010768983962848302
all_community_items_multi_positive,7,42,42,42,156,13,50,1.0,0.1929275854704341,0.25,0.1,0.042727272727272725
all_community_items_multi_positive,7,42,42,42,156,13,100,1.0,0.33118118253041157,0.55,0.11,0.07775054450362778
all_community_items_multi_positive,7,42,42,42,156,13,150,1.0,0.3516406341490462,0.6,0.08,0.08266857729051302
all_community_items_multi_positive,7,42,42,42,156,13,200,1.0,0.38988225562899553,0.7,0.07,0.09054260644979903
all_community_items_multi_positive,7,42,42,42,156,13,250,1.0,0.38988225562899553,0.7,0.056,0.09054260644979903
all_community_items_multi_positive,7,42,42,42,156,13,300,1.0,0.4075513029005071,0.75,0.05,0.09340520186964636
all_community_items_multi_positive,7,42,42,42,171,14,50,1.0,0.14955202416763544,0.2,0.08,0.028496503496503494
all_community_items_multi_positive,7,42,42,42,171,14,100,1.0,0.19847221759425193,0.3,0.06,0.03848327598327598
all_community_items_multi_positive,7,42,42,42,171,14,150,1.0,0.2192986563748785,0.35,0.04666666666666667,0.041608275983275975
all_community_items_multi_positive,7,42,42,42,171,14,200,1.0,0.2192986563748785,0.35,0.035,0.041608275983275975
all_community_items_multi_positive,7,42,42,42,171,14,250,1.0,0.25558504737841803,0.45,0.036,0.04535321525453104
all_community_items_multi_positive,7,42,42,42,171,14,300,1.0,0.2907346461544298,0.55,0.03666666666666667,0.04924052644521301
all_community_items_multi_positive,7,42,42,42,177,15,50,1.0,0.12872428242438275,0.2,0.08,0.018973507113041996
all_community_items_multi_positive,7,42,42,42,177,15,100,1.0,0.1521397046468408,0.25,0.05,0.022761385900920784
all_community_items_multi_positive,7,42,42,42,177,15,150,1.0,0.17224135292853412,0.3,0.04,0.025017024998665142
all_community_items_multi_positive,7,42,42,42,177,15,200,1.0,0.19152370788158848,0.35,0.035,0.02715117134012856
all_community_items_multi_positive,7,42,42,42,177,15,250,1.0,0.19152370788158848,0.35,0.028,0.02715117134012856
all_community_items_multi_positive,7,42,42,42,177,15,300,1.0,0.22662693882544155,0.45,0.03,0.030274988588033402
all_community_items_multi_positive,7,42,42,42,195,16,50,1.0,0.23812342516027615,0.35,0.14,0.07010418558473479
all_community_items_multi_positive,7,42,42,42,195,16,100,1.0,0.32708765444616017,0.55,0.11,0.09285095363085416
all_community_items_multi_positive,7,42,42,42,195,16,150,1.0,0.347688639781777,0.6,0.08,0.09793569939356603
all_community_items_multi_positive,7,42,42,42,195,16,200,1.0,0.347688639781777,0.6,0.06,0.09793569939356603
all_community_items_multi_positive,7,42,42,42,195,16,250,1.0,0.36602066150490475,0.65,0.052,0.1009730825711361
all_community_items_multi_positive,7,42,42,42,195,16,300,1.0,0.3835721630710957,0.7,0.04666666666666667,0.1035466119829008
all_community_items_multi_positive,7,42,42,42,196,17,50,1.0,0.24567612457515384,0.35,0.14,0.06190340909090908
all_community_items_multi_positive,7,42,42,42,196,17,100,1.0,0.33814024113188096,0.55,0.11,0.0888044184397963
all_community_items_multi_positive,7,42,42,42,196,17,150,1.0,0.35942785880520045,0.6,0.08,0.09474501249920224
all_community_items_multi_positive,7,42,42,42,196,17,200,1.0,0.35942785880520045,0.6,0.06,0.09474501249920224
all_community_items_multi_positive,7,42,42,42,196,17,250,1.0,0.35942785880520045,0.6,0.048,0.09474501249920224
all_community_items_multi_positive,7,42,42,42,196,17,300,1.0,0.35942785880520045,0.6,0.04,0.09474501249920224
all_community_items_multi_positive,7,42,42,42,211,18,50,1.0,0.07851530500742354,0.1,0.04,0.011363636363636364
all_community_items_multi_positive,7,42,42,42,211,18,100,1.0,0.09994122124240679,0.15,0.03,0.012894248608534322
all_community_items_multi_positive,7,42,42,42,211,18,150,1.0,0.09994122124240679,0.15,0.02,0.012894248608534322
all_community_items_multi_positive,7,42,42,42,211,18,200,1.0,0.11890048776930172,0.2,0.02,0.014011567044288511
all_community_items_multi_positive,7,42,42,42,211,18,250,1.0,0.15566742798484975,0.3,0.024,0.016612957151583202
all_community_items_multi_positive,7,42,42,42,211,18,300,1.0,0.17343497363510407,0.35,0.023333333333333334,0.017990909907488715
all_community_items_multi_positive,7,42,42,42,237,19,50,1.0,0.185007750477609,0.3,0.12,0.03509531147689042
all_community_items_multi_positive,7,42,42,42,237,19,100,1.0,0.2547599623259261,0.45,0.09,0.052581100787980936
all_community_items_multi_positive,7,42,42,42,237,19,150,1.0,0.3154702547471606,0.6,0.08,0.06534952195809635
all_community_items_multi_positive,7,42,42,42,237,19,200,1.0,0.3537555450778322,0.7,0.07,0.07327400488257926
all_community_items_multi_positive,7,42,42,42,237,19,250,1.0,0.3537555450778322,0.7,0.056,0.07327400488257926
all_community_items_multi_positive,7,42,42,42,237,19,300,1.0,0.3537555450778322,0.7,0.04666666666666667,0.07327400488257926
all_community_items_multi_positive,7,42,42,42,266,20,50,1.0,0.06117331537803186,0.05,0.02,0.0125
all_community_items_multi_positive,7,42,42,42,266,20,100,1.0,0.1060620966715644,0.15,0.03,0.015561543267728833
all_community_items_multi_positive,7,42,42,42,266,20,150,1.0,0.12704852860334234,0.2,0.02666666666666667,0.017413395119580684
all_community_items_multi_positive,7,42,42,42,266,20,200,1.0,0.1840617234589278,0.35,0.035,0.022469532202365736
all_community_items_multi_positive,7,42,42,42,266,20,250,1.0,0.1840617234589278,0.35,0.028,0.022469532202365736
all_community_items_multi_positive,7,42,42,42,266,20,300,1.0,0.2192578692614827,0.45,0.03,0.02563948276979594
all_community_items_multi_positive,7,42,42,42,277,21,50,0.0,0.0,0.0,0.0,0.0
all_community_items_multi_positive,7,42,42,42,277,21,100,1.0,0.02182614041879486,0.05,0.01,0.0005555555555555556
all_community_items_multi_positive,7,42,42,42,277,21,150,1.0,0.0430247550782315,0.1,0.013333333333333334,0.0015264293419633226
all_community_items_multi_positive,7,42,42,42,277,21,200,1.0,0.0430247550782315,0.1,0.01,0.0015264293419633226
all_community_items_multi_positive,7,42,42,42,277,21,250,1.0,0.06121786158506662,0.15,0.012,0.0021990750818736368
all_community_items_multi_positive,7,42,42,42,277,21,300,1.0,0.06121786158506662,0.15,0.01,0.0021990750818736368
all_community_items_multi_positive,7,42,42,42,289,22,50,1.0,0.220374801728772,0.3,0.12,0.05153025694273901
all_community_items_multi_positive,7,42,42,42,289,22,100,1.0,0.3147514705699508,0.5,0.1,0.07780569065445457
all_community_items_multi_positive,7,42,42,42,289,22,150,1.0,0.33448015165854633,0.55,0.07333333333333333,0.08157281394212582
all_community_items_multi_positive,7,42,42,42,289,22,200,1.0,0.3727398628133033,0.65,0.065,0.08888149396267024
all_community_items_multi_positive,7,42,42,42,289,22,250,1.0,0.3912190184617462,0.7,0.056,0.09229612810901171
all_community_items_multi_positive,7,42,42,42,289,22,300,1.0,0.40874771088782613,0.75,0.05,0.09503335438638397
all_community_items_multi_positive,7,42,42,42,292,23,50,1.0,0.029872429067781155,0.05,0.02,0.0019230769230769232
all_community_items_multi_positive,7,42,42,42,292,23,100,1.0,0.051542749334673614,0.1,0.02,0.0029983457402812243
all_community_items_multi_positive,7,42,42,42,292,23,150,1.0,0.09272155034620339,0.2,0.02666666666666667,0.005938682594406259
all_community_items_multi_positive,7,42,42,42,292,23,200,1.0,0.11176322093123457,0.25,0.025,0.0073672540229776885
all_community_items_multi_positive,7,42,42,42,292,23,250,1.0,0.13014333243326034,0.3,0.024,0.008789054970844987
all_community_items_multi_positive,7,42,42,42,292,23,300,1.0,0.13014333243326034,0.3,0.02,0.008789054970844987
all_community_items_multi_positive,7,42,42,42,298,24,50,1.0,0.059041363732059676,0.1,0.04,0.005012531328320802
all_community_items_multi_positive,7,42,42,42,298,24,100,1.0,0.10499986315380107,0.2,0.04,0.009824488898234012
all_community_items_multi_positive,7,42,42,42,298,24,150,1.0,0.10499986315380107,0.2,0.02666666666666667,0.009824488898234012
all_community_items_multi_positive,7,42,42,42,298,24,200,1.0,0.12452125005184486,0.25,0.025,0.011447865521610636
all_community_items_multi_positive,7,42,42,42,298,24,250,1.0,0.12452125005184486,0.25,0.02,0.011447865521610636
all_community_items_multi_positive,7,42,42,42,298,24,300,1.0,0.12452125005184486,0.25,0.016666666666666666,0.011447865521610636
all_community_items_multi_positive,7,42,42,42,315,25,50,1.0,0.5100607751865102,0.65,0.26,0.25837180572474694
all_community_items_multi_positive,7,42,42,42,315,25,100,1.0,0.556215770446,0.75,0.15,0.2793113116574449
all_community_items_multi_positive,7,42,42,42,315,25,150,1.0,0.556215770446,0.75,0.1,0.2793113116574449
all_community_items_multi_positive,7,42,42,42,315,25,200,1.0,0.556215770446,0.75,0.075,0.2793113116574449
all_community_items_multi_positive,7,42,42,42,315,25,250,1.0,0.5742632237336763,0.8,0.064,0.28274478805229464
all_community_items_multi_positive,7,42,42,42,315,25,300,1.0,0.5915962626702747,0.85,0.056666666666666664,0.2856557469564042
all_community_items_multi_positive,7,42,42,42,317,26,50,1.0,0.1615406659688723,0.25,0.1,0.027487420100639193
all_community_items_multi_positive,7,42,42,42,317,26,100,1.0,0.22816862122457396,0.4,0.08,0.04004569515891425
all_community_items_multi_positive,7,42,42,42,317,26,150,1.0,0.2491550531563519,0.45,0.06,0.04421236182558092
all_community_items_multi_positive,7,42,42,42,317,26,200,1.0,0.2491550531563519,0.45,0.045,0.04421236182558092
all_community_items_multi_positive,7,42,42,42,317,26,250,1.0,0.2491550531563519,0.45,0.036,0.04421236182558092
all_community_items_multi_positive,7,42,42,42,317,26,300,1.0,0.3013406090701288,0.6,0.04,0.049967796326428664
all_community_items_multi_positive,7,42,42,42,362,27,50,1.0,0.23919957945634937,0.3,0.12,0.05902236652236652
all_community_items_multi_positive,7,42,42,42,362,27,100,1.0,0.3101925410202004,0.45,0.09,0.07792779476062833
all_community_items_multi_positive,7,42,42,42,362,27,150,1.0,0.32981565477922753,0.5,0.06666666666666667,0.08126112809396166
all_community_items_multi_positive,7,42,42,42,362,27,200,1.0,0.36833300943448694,0.6,0.06,0.08821860609982676
all_community_items_multi_positive,7,42,42,42,362,27,250,1.0,0.40458193666385506,0.7,0.056,0.09414286809778293
all_community_items_multi_positive,7,42,42,42,362,27,300,1.0,0.42205457715842065,0.75,0.05,0.09683104014079368
all_community_items_multi_positive,7,42,42,42,364,28,50,0.0,0.0,0.0,0.0,0.0
all_community_items_multi_positive,7,42,42,42,364,28,100,0.0,0.0,0.0,0.0,0.0
all_community_items_multi_positive,7,42,42,42,364,28,150,1.0,0.02052938969344453,0.05,0.006666666666666667,0.00041666666666666664
all_community_items_multi_positive,7,42,42,42,364,28,200,1.0,0.03936969312681679,0.1,0.01,0.0009572072072072072
all_community_items_multi_positive,7,42,42,42,364,28,250,1.0,0.05750349040684967,0.15,0.012,0.0016180001587490574
all_community_items_multi_positive,7,42,42,42,364,28,300,1.0,0.07478504866667111,0.2,0.013333333333333334,0.002291400832149731
all_community_items_multi_positive,7,42,42,42,383,29,50,1.0,0.12357245336827252,0.15,0.06,0.025444444444444443
all_community_items_multi_positive,7,42,42,42,383,29,100,1.0,0.2365300082854549,0.4,0.08,0.04415534074850845
all_community_items_multi_positive,7,42,42,42,383,29,150,1.0,0.27806713753171086,0.5,0.06666666666666667,0.05252360654574491
all_community_items_multi_positive,7,42,42,42,383,29,200,1.0,0.2967568307667692,0.55,0.055,0.05537334747838739
all_community_items_multi_positive,7,42,42,42,383,29,250,1.0,0.3152359864152121,0.6,0.048,0.058300176746680074
all_community_items_multi_positive,7,42,42,42,383,29,300,1.0,0.3499463111816304,0.7,0.04666666666666667,0.0629538988915683
all_community_items_multi_positive,7,42,42,42,393,30,50,1.0,0.19758471845627473,0.15,0.06,0.05728070175438597
all_community_items_multi_positive,7,42,42,42,393,30,100,1.0,0.24429674780349522,0.25,0.05,0.06396000594707107
all_community_items_multi_positive,7,42,42,42,393,30,150,1.0,0.24429674780349522,0.25,0.03333333333333333,0.06396000594707107
all_community_items_multi_positive,7,42,42,42,393,30,200,1.0,0.2826071232341947,0.35,0.035,0.06777264211264841
all_community_items_multi_positive,7,42,42,42,393,30,250,1.0,0.3189351846244325,0.45,0.036,0.07154227975376312
all_community_items_multi_positive,7,42,42,42,393,30,300,1.0,0.3189351846244325,0.45,0.03,0.07154227975376312
all_community_items_multi_positive,7,42,42,42,398,31,50,1.0,0.3137261924961537,0.3,0.12,0.12698412698412698
all_community_items_multi_positive,7,42,42,42,398,31,100,1.0,0.4313455554224106,0.55,0.11,0.16109743860383247
all_community_items_multi_positive,7,42,42,42,398,31,150,1.0,0.4313455554224106,0.55,0.07333333333333333,0.16109743860383247
all_community_items_multi_positive,7,42,42,42,398,31,200,1.0,0.47007904432605263,0.65,0.065,0.16888406899637037
all_community_items_multi_positive,7,42,42,42,398,31,250,1.0,0.48818371831216767,0.7,0.056,0.17194083755532236
all_community_items_multi_positive,7,42,42,42,398,31,300,1.0,0.48818371831216767,0.7,0.04666666666666667,0.17194083755532236
all_community_items_multi_positive,7,42,42,42,455,32,50,1.0,0.02923849224114293,0.05,0.02,0.0017857142857142857
all_community_items_multi_positive,7,42,42,42,455,32,100,1.0,0.02923849224114293,0.05,0.01,0.0017857142857142857
all_community_items_multi_positive,7,42,42,42,455,32,150,1.0,0.02923849224114293,0.05,0.006666666666666667,0.0017857142857142857
all_community_items_multi_positive,7,42,42,42,455,32,200,1.0,0.02923849224114293,0.05,0.005,0.0017857142857142857
all_community_items_multi_positive,7,42,42,42,455,32,250,1.0,0.02923849224114293,0.05,0.004,0.0017857142857142857
all_community_items_multi_positive,7,42,42,42,455,32,300,1.0,0.04656114047148412,0.1,0.006666666666666667,0.0021270112140419307
all_community_items_multi_positive,7,42,42,42,465,33,50,1.0,0.5348187101347354,0.55,0.22,0.24898862248862247
all_community_items_multi_positive,7,42,42,42,465,33,100,1.0,0.5824700379872566,0.65,0.13,0.269419995037642
all_community_items_multi_positive,7,42,42,42,465,33,150,1.0,0.6240338596386408,0.75,0.1,0.2822221157299857
all_community_items_multi_positive,7,42,42,42,465,33,200,1.0,0.6621228200875957,0.85,0.085,0.2916577073485864
all_community_items_multi_positive,7,42,42,42,465,33,250,1.0,0.6621228200875957,0.85,0.068,0.2916577073485864
all_community_items_multi_positive,7,42,42,42,465,33,300,1.0,0.6621228200875957,0.85,0.056666666666666664,0.2916577073485864
all_community_items_multi_positive,7,42,42,42,471,34,50,1.0,0.1808477282513427,0.2,0.08,0.04987804878048781
all_community_items_multi_positive,7,42,42,42,471,34,100,1.0,0.2040217339614681,0.25,0.05,0.05350123718628491
all_community_items_multi_positive,7,42,42,42,471,34,150,1.0,0.2451186120186026,0.35,0.04666666666666667,0.058934192209403866
all_community_items_multi_positive,7,42,42,42,471,34,200,1.0,0.2642453256930271,0.4,0.04,0.061273373495953576
all_community_items_multi_positive,7,42,42,42,471,34,250,1.0,0.28215539301563325,0.45,0.036,0.06312522534780543
all_community_items_multi_positive,7,42,42,42,471,34,300,1.0,0.29946769820945396,0.5,0.03333333333333333,0.06482590561991428
all_community_items_multi_positive,7,42,42,42,475,35,50,1.0,0.2758203898712245,0.35,0.14,0.0889485294117647
all_community_items_multi_positive,7,42,42,42,475,35,100,1.0,0.4151777693881807,0.65,0.13,0.13411429006332493
all_community_items_multi_positive,7,42,42,42,475,35,150,1.0,0.4151777693881807,0.65,0.08666666666666667,0.13411429006332493
all_community_items_multi_positive,7,42,42,42,475,35,200,1.0,0.43374254262026046,0.7,0.07,0.13761429006332493
all_community_items_multi_positive,7,42,42,42,475,35,250,1.0,0.43374254262026046,0.7,0.056,0.13761429006332493
all_community_items_multi_positive,7,42,42,42,475,35,300,1.0,0.45146032188309054,0.75,0.05,0.14052126680751098
all_community_items_multi_positive,7,42,42,42,476,36,50,1.0,0.306808191918471,0.4,0.16,0.10118958109559613
all_community_items_multi_positive,7,42,42,42,476,36,100,1.0,0.3534857664333964,0.5,0.1,0.11546140477753215
all_community_items_multi_positive,7,42,42,42,476,36,150,1.0,0.3939397163120169,0.6,0.08,0.12437366439291678
all_community_items_multi_positive,7,42,42,42,476,36,200,1.0,0.3939397163120169,0.6,0.06,0.12437366439291678
all_community_items_multi_positive,7,42,42,42,476,36,250,1.0,0.41225591233601216,0.65,0.052,0.12739692020687027
all_community_items_multi_positive,7,42,42,42,476,36,300,1.0,0.42992495960752375,0.7,0.04666666666666667,0.13006867593206112
all_community_items_multi_positive,7,42,42,42,488,37,50,1.0,0.16250007951028364,0.25,0.1,0.02995915032679739
all_community_items_multi_positive,7,42,42,42,488,37,100,1.0,0.20795473793844987,0.35,0.07,0.038575269096680735
all_community_items_multi_positive,7,42,42,42,488,37,150,1.0,0.24839505992173047,0.45,0.06,0.045135721747067876
all_community_items_multi_positive,7,42,42,42,488,37,200,1.0,0.2673952076591138,0.5,0.05,0.047960580504130025
all_community_items_multi_positive,7,42,42,42,488,37,250,1.0,0.28540061551080104,0.55,0.044,0.0502910889787063
all_community_items_multi_positive,7,42,42,42,488,37,300,1.0,0.3377326767642427,0.7,0.04666666666666667,0.057202455835750995
all_community_items_multi_positive,7,42,42,42,506,38,50,0.0,0.0,0.0,0.0,0.0
all_community_items_multi_positive,7,42,42,42,506,38,100,1.0,0.024568621686240185,0.05,0.01,0.0009259259259259259
all_community_items_multi_positive,7,42,42,42,506,38,150,1.0,0.045395060466866775,0.1,0.013333333333333334,0.0018187830687830687
all_community_items_multi_positive,7,42,42,42,506,38,200,1.0,0.045395060466866775,0.1,0.01,0.0018187830687830687
all_community_items_multi_positive,7,42,42,42,506,38,250,1.0,0.06333198340361681,0.15,0.012,0.002441189707787218
all_community_items_multi_positive,7,42,42,42,506,38,300,1.0,0.06333198340361681,0.15,0.01,0.002441189707787218
all_community_items_multi_positive,7,42,42,42,532,39,50,1.0,0.32257478924550925,0.3,0.12,0.10801588149414236
all_community_items_multi_positive,7,42,42,42,532,39,100,1.0,0.34467783744776803,0.35,0.07,0.1121335285529659
all_community_items_multi_positive,7,42,42,42,532,39,150,1.0,0.38547882049979154,0.45,0.06,0.11898744647558612
all_community_items_multi_positive,7,42,42,42,532,39,200,1.0,0.38547882049979154,0.45,0.045,0.11898744647558612
all_community_items_multi_positive,7,42,42,42,532,39,250,1.0,0.38547882049979154,0.45,0.036,0.11898744647558612
all_community_items_multi_positive,7,42,42,42,532,39,300,1.0,0.38547882049979154,0.45,0.03,0.11898744647558612
all_community_items_multi_positive,7,42,42,42,559,40,50,1.0,0.0907658698089971,0.15,0.06,0.010393133997785162
all_community_items_multi_positive,7,42,42,42,559,40,100,1.0,0.13728516148710734,0.25,0.05,0.016956679148286836
all_community_items_multi_positive,7,42,42,42,559,40,150,1.0,0.1570681472955477,0.3,0.04,0.01904001248162017
all_community_items_multi_positive,7,42,42,42,559,40,200,1.0,0.17594750795786068,0.35,0.035,0.020952580787631098
all_community_items_multi_positive,7,42,42,42,559,40,250,1.0,0.17594750795786068,0.35,0.028,0.020952580787631098
all_community_items_multi_positive,7,42,42,42,559,40,300,1.0,0.17594750795786068,0.35,0.023333333333333334,0.020952580787631098
all_community_items_multi_positive,7,42,42,42,567,41,50,1.0,0.3821766760293584,0.35,0.14,0.1450715279425924
all_community_items_multi_positive,7,42,42,42,567,41,100,1.0,0.4068583122177738,0.4,0.08,0.15261869775391315
all_community_items_multi_positive,7,42,42,42,567,41,150,1.0,0.46846174425396075,0.55,0.07333333333333333,0.16507784280828705
all_community_items_multi_positive,7,42,42,42,567,41,200,1.0,0.5070039590038558,0.65,0.065,0.17266712852257277
all_community_items_multi_positive,7,42,42,42,567,41,250,1.0,0.54333127658392,0.75,0.06,0.17911054926436346
all_community_items_multi_positive,7,42,42,42,567,41,300,1.0,0.5607063629333543,0.8,0.05333333333333334,0.18188832704214122
all_community_items_multi_positive,7,42,42,42,585,42,50,1.0,0.11452585931211155,0.15,0.06,0.020604395604395604
all_community_items_multi_positive,7,42,42,42,585,42,100,1.0,0.13769986502223694,0.2,0.04,0.023502946329033284
all_community_items_multi_positive,7,42,42,42,585,42,150,1.0,0.1794558765272022,0.3,0.04,0.02844916536423537
all_community_items_multi_positive,7,42,42,42,585,42,200,1.0,0.1794558765272022,0.3,0.03,0.02844916536423537
all_community_items_multi_positive,7,42,42,42,585,42,250,1.0,0.1794558765272022,0.3,0.024,0.02844916536423537
all_community_items_multi_positive,7,42,42,42,585,42,300,1.0,0.1794558765272022,0.3,0.02,0.02844916536423537
all_community_items_multi_positive,7,42,42,42,619,43,50,1.0,0.33227274620323494,0.3,0.12,0.11570723684210527
all_community_items_multi_positive,7,42,42,42,619,43,100,1.0,0.39769247917821676,0.45,0.09,0.12891154544228306
all_community_items_multi_positive,7,42,42,42,619,43,150,1.0,0.4185978877413166,0.5,0.06666666666666667,0.1334569999877376
all_community_items_multi_positive,7,42,42,42,619,43,200,1.0,0.47570865651368105,0.65,0.065,0.14370246104841605
all_community_items_multi_positive,7,42,42,42,619,43,250,1.0,0.47570865651368105,0.65,0.052,0.14370246104841605
all_community_items_multi_positive,7,42,42,42,619,43,300,1.0,0.47570865651368105,0.65,0.043333333333333335,0.14370246104841605
all_community_items_multi_positive,7,42,42,42,623,44,50,1.0,0.08462205587865078,0.15,0.06,0.008164583662922534
all_community_items_multi_positive,7,42,42,42,623,44,100,1.0,0.20115561020063394,0.4,0.08,0.029769166356214904
all_community_items_multi_positive,7,42,42,42,623,44,150,1.0,0.20115561020063394,0.4,0.05333333333333334,0.029769166356214904
all_community_items_multi_positive,7,42,42,42,623,44,200,1.0,0.20115561020063394,0.4,0.04,0.029769166356214904
all_community_items_multi_positive,7,42,42,42,623,44,250,1.0,0.20115561020063394,0.4,0.032,0.029769166356214904
all_community_items_multi_positive,7,42,42,42,623,44,300,1.0,0.20115561020063394,0.4,0.02666666666666667,0.029769166356214904
all_community_items_multi_positive,7,42,42,42,631,45,50,1.0,0.27505671516699726,0.4,0.16,0.08426189149015235
all_community_items_multi_positive,7,42,42,42,631,45,100,1.0,0.2983094729546895,0.45,0.09,0.09087953854897587
all_community_items_multi_positive,7,42,42,42,631,45,150,1.0,0.3612799381937574,0.6,0.08,0.10613715228583039
all_community_items_multi_positive,7,42,42,42,631,45,200,1.0,0.3805852777339338,0.65,0.065,0.11012488234718007
all_community_items_multi_positive,7,42,42,42,631,45,250,1.0,0.3990476525216368,0.7,0.056,0.11352294059960726
all_community_items_multi_positive,7,42,42,42,631,45,300,1.0,0.3990476525216368,0.7,0.04666666666666667,0.11352294059960726
all_community_items_multi_positive,7,42,42,42,644,46,50,1.0,0.11498079334167377,0.2,0.08,0.01431510224193151
all_community_items_multi_positive,7,42,42,42,644,46,100,1.0,0.11498079334167377,0.2,0.04,0.01431510224193151
all_community_items_multi_positive,7,42,42,42,644,46,150,1.0,0.13527222757505336,0.25,0.03333333333333333,0.016283606178939383
all_community_items_multi_positive,7,42,42,42,644,46,200,1.0,0.19293993217414462,0.4,0.04,0.022537319785594166
all_community_items_multi_positive,7,42,42,42,644,46,250,1.0,0.19293993217414462,0.4,0.032,0.022537319785594166
all_community_items_multi_positive,7,42,42,42,644,46,300,1.0,0.21041257266871025,0.45,0.03,0.02415022301140062
all_community_items_multi_positive,7,42,42,42,645,47,50,0.0,0.0,0.0,0.0,0.0
all_community_items_multi_positive,7,42,42,42,645,47,100,1.0,0.02349946691575653,0.05,0.01,0.0007692307692307692
all_community_items_multi_positive,7,42,42,42,645,47,150,1.0,0.02349946691575653,0.05,0.006666666666666667,0.0007692307692307692
all_community_items_multi_positive,7,42,42,42,645,47,200,1.0,0.02349946691575653,0.05,0.005,0.0007692307692307692
all_community_items_multi_positive,7,42,42,42,645,47,250,1.0,0.02349946691575653,0.05,0.004,0.0007692307692307692
all_community_items_multi_positive,7,42,42,42,645,47,300,1.0,0.02349946691575653,0.05,0.0033333333333333335,0.0007692307692307692
all_community_items_multi_positive,7,42,42,42,676,48,50,0.0,0.0,0.0,0.0,0.0
all_community_items_multi_positive,7,42,42,42,676,48,100,1.0,0.04748000218933303,0.1,0.02,0.002317541613316261
all_community_items_multi_positive,7,42,42,42,676,48,150,1.0,0.04748000218933303,0.1,0.013333333333333334,0.002317541613316261
all_community_items_multi_positive,7,42,42,42,676,48,200,1.0,0.0859155901110889,0.2,0.02,0.004396394659911243
all_community_items_multi_positive,7,42,42,42,676,48,250,1.0,0.0859155901110889,0.2,0.016,0.004396394659911243
all_community_items_multi_positive,7,42,42,42,676,48,300,1.0,0.0859155901110889,0.2,0.013333333333333334,0.004396394659911243
all_community_items_multi_positive,7,42,42,42,688,49,50,1.0,0.14733736692064411,0.25,0.1,0.02316939221830526
all_community_items_multi_positive,7,42,42,42,688,49,100,1.0,0.2132867733690595,0.4,0.08,0.03510375796710399
all_community_items_multi_positive,7,42,42,42,688,49,150,1.0,0.2132867733690595,0.4,0.05333333333333334,0.03510375796710399
all_community_items_multi_positive,7,42,42,42,688,49,200,1.0,0.23237062637867584,0.45,0.045,0.037704914036468154
all_community_items_multi_positive,7,42,42,42,688,49,250,1.0,0.2690563089894666,0.55,0.044,0.042620786285293005
all_community_items_multi_positive,7,42,42,42,688,49,300,1.0,0.2690563089894666,0.55,0.03666666666666667,0.042620786285293005
all_community_items_multi_positive,7,42,42,42,691,50,50,1.0,0.206807316352047,0.25,0.1,0.05998606465997771
all_community_items_multi_positive,7,42,42,42,691,50,100,1.0,0.206807316352047,0.25,0.05,0.05998606465997771
all_community_items_multi_positive,7,42,42,42,691,50,150,1.0,0.26717591859260775,0.4,0.05333333333333334,0.06785087852170356
all_community_items_multi_positive,7,42,42,42,691,50,200,1.0,0.26717591859260775,0.4,0.04,0.06785087852170356
all_community_items_multi_positive,7,42,42,42,691,50,250,1.0,0.30340737761615816,0.5,0.04,0.0720043709045722
all_community_items_multi_positive,7,42,42,42,691,50,300,1.0,0.30340737761615816,0.5,0.03333333333333333,0.0720043709045722
all_community_items_multi_positive,7,42,42,42,697,51,50,0.0,0.0,0.0,0.0,0.0
all_community_items_multi_positive,7,42,42,42,697,51,100,0.0,0.0,0.0,0.0,0.0
all_community_items_multi_positive,7,42,42,42,697,51,150,1.0,0.020865672681970874,0.05,0.006666666666666667,0.00045045045045045046
all_community_items_multi_positive,7,42,42,42,697,51,200,1.0,0.020865672681970874,0.05,0.005,0.00045045045045045046
all_community_items_multi_positive,7,42,42,42,697,51,250,1.0,0.039028944944194094,0.1,0.008,0.0008948948948948949
all_community_items_multi_positive,7,42,42,42,697,51,300,1.0,0.039028944944194094,0.1,0.006666666666666667,0.0008948948948948949
all_community_items_multi_positive,7,42,42,42,704,52,50,1.0,0.1761030118896398,0.1,0.04,0.05588235294117647
all_community_items_multi_positive,7,42,42,42,704,52,100,1.0,0.1761030118896398,0.1,0.02,0.05588235294117647
all_community_items_multi_positive,7,42,42,42,704,52,150,1.0,0.1761030118896398,0.1,0.013333333333333334,0.05588235294117647
all_community_items_multi_positive,7,42,42,42,704,52,200,1.0,0.1761030118896398,0.1,0.01,0.05588235294117647
all_community_items_multi_positive,7,42,42,42,704,52,250,1.0,0.21179152646830882,0.2,0.016,0.057292853241974806
all_community_items_multi_positive,7,42,42,42,704,52,300,1.0,0.21179152646830882,0.2,0.013333333333333334,0.057292853241974806
all_community_items_multi_positive,7,42,42,42,725,53,50,0.0,0.0,0.0,0.0,0.0
all_community_items_multi_positive,7,42,42,42,725,53,100,0.0,0.0,0.0,0.0,0.0
all_community_items_multi_positive,7,42,42,42,725,53,150,0.0,0.0,0.0,0.0,0.0
all_community_items_multi_positive,7,42,42,42,725,53,200,0.0,0.0,0.0,0.0,0.0
all_community_items_multi_positive,7,42,42,42,725,53,250,0.0,0.0,0.0,0.0,0.0
all_community_items_multi_positive,7,42,42,42,725,53,300,1.0,0.017517372043556162,0.05,0.0033333333333333335,0.0001818181818181818
all_community_items_multi_positive,7,42,42,42,756,54,50,1.0,0.3099019492468135,0.3,0.12,0.09722484520123839
all_community_items_multi_positive,7,42,42,42,756,54,100,1.0,0.4732805072272525,0.65,0.13,0.14795447487943905
all_community_items_multi_positive,7,42,42,42,756,54,150,1.0,0.49320397488817364,0.7,0.09333333333333334,0.15299044610246063
all_community_items_multi_positive,7,42,42,42,756,54,200,1.0,0.49320397488817364,0.7,0.07,0.15299044610246063
all_community_items_multi_positive,7,42,42,42,756,54,250,1.0,0.5112942168055389,0.75,0.06,0.156251315667678
all_community_items_multi_positive,7,42,42,42,756,54,300,1.0,0.5290617624557932,0.8,0.05333333333333334,0.1594009219668906
all_community_items_multi_positive,7,42,42,42,758,55,50,1.0,0.0549578113944904,0.1,0.04,0.004248366013071896
all_community_items_multi_positive,7,42,42,42,758,55,100,1.0,0.12425882306532576,0.25,0.05,0.012587484449122943
all_community_items_multi_positive,7,42,42,42,758,55,150,1.0,0.1657047066157383,0.35,0.04666666666666667,0.018234114685917117
all_community_items_multi_positive,7,42,42,42,758,55,200,1.0,0.18444985656793886,0.4,0.04,0.020339377843811852
all_community_items_multi_positive,7,42,42,42,758,55,250,1.0,0.22077720948792215,0.5,0.04,0.02455938732697923
all_community_items_multi_positive,7,42,42,42,758,55,300,1.0,0.23827210671175553,0.55,0.03666666666666667,0.026544946893766234
all_community_items_multi_positive,7,42,42,42,759,56,50,1.0,0.12585423856093356,0.2,0.08,0.018847329141446788
all_community_items_multi_positive,7,42,42,42,759,56,100,1.0,0.3102071950732279,0.6,0.12,0.0650927220851046
all_community_items_multi_positive,7,42,42,42,759,56,150,1.0,0.3514472239524624,0.7,0.09333333333333334,0.07660082941757698
all_community_items_multi_positive,7,42,42,42,759,56,200,1.0,0.3892762269142793,0.8,0.08,0.08514661584897339
all_community_items_multi_positive,7,42,42,42,759,56,250,1.0,0.4076082486374071,0.85,0.068,0.08911857846579582
all_community_items_multi_positive,7,42,42,42,759,56,300,1.0,0.4076082486374071,0.85,0.056666666666666664,0.08911857846579582
all_community_items_multi_positive,7,42,42,42,760,57,50,1.0,0.29570841792068286,0.25,0.1,0.10124601275917064
all_community_items_multi_positive,7,42,42,42,760,57,100,1.0,0.3616966372503863,0.4,0.08,0.1132361059992639
all_community_items_multi_positive,7,42,42,42,760,57,150,1.0,0.3616966372503863,0.4,0.05333333333333334,0.1132361059992639
all_community_items_multi_positive,7,42,42,42,760,57,200,1.0,0.3616966372503863,0.4,0.04,0.1132361059992639
all_community_items_multi_positive,7,42,42,42,760,57,250,1.0,0.3616966372503863,0.4,0.032,0.1132361059992639
all_community_items_multi_positive,7,42,42,42,760,57,300,1.0,0.3790296761869847,0.45,0.03,0.11477720188967486
all_community_items_multi_positive,7,42,42,42,769,58,50,1.0,0.16891254375599843,0.21428571428571427,0.06,0.040149393090569564
all_community_items_multi_positive,7,42,42,42,769,58,100,1.0,0.19808657742904115,0.2857142857142857,0.04,0.04435107376283847
all_community_items_multi_positive,7,42,42,42,769,58,150,1.0,0.19808657742904115,0.2857142857142857,0.02666666666666667,0.04435107376283847
all_community_items_multi_positive,7,42,42,42,769,58,200,1.0,0.19808657742904115,0.2857142857142857,0.02,0.04435107376283847
all_community_items_multi_positive,7,42,42,42,769,58,250,1.0,0.2208750965986348,0.35714285714285715,0.02,0.04593837535014006
all_community_items_multi_positive,7,42,42,42,769,58,300,1.0,0.2653824466900384,0.5,0.023333333333333334,0.04955476443450944
all_community_items_multi_positive,7,42,42,42,776,59,50,1.0,0.04275831251503158,0.05,0.02,0.005555555555555555
all_community_items_multi_positive,7,42,42,42,776,59,100,1.0,0.06700558128422021,0.1,0.02,0.007309941520467836
all_community_items_multi_positive,7,42,42,42,776,59,150,1.0,0.06700558128422021,0.1,0.013333333333333334,0.007309941520467836
all_community_items_multi_positive,7,42,42,42,776,59,200,1.0,0.06700558128422021,0.1,0.01,0.007309941520467836
all_community_items_multi_positive,7,42,42,42,776,59,250,1.0,0.08513937856425308,0.15,0.012,0.007970734472009685
all_community_items_multi_positive,7,42,42,42,776,59,300,1.0,0.08513937856425308,0.15,0.01,0.007970734472009685
all_community_items_multi_positive,7,42,42,42,780,60,50,0.0,0.0,0.0,0.0,0.0
all_community_items_multi_positive,7,42,42,42,780,60,100,0.0,0.0,0.0,0.0,0.0
all_community_items_multi_positive,7,42,42,42,780,60,150,0.0,0.0,0.0,0.0,0.0
all_community_items_multi_positive,7,42,42,42,780,60,200,1.0,0.03755911222987064,0.1,0.01,0.0007843801139890526
all_community_items_multi_positive,7,42,42,42,780,60,250,1.0,0.07380803945923872,0.2,0.016,0.0023124444373023973
all_community_items_multi_positive,7,42,42,42,780,60,300,1.0,0.07380803945923872,0.2,0.013333333333333334,0.0023124444373023973
all_community_items_multi_positive,7,42,42,42,794,61,50,1.0,0.17018035763307182,0.25,0.1,0.036205228879647486
all_community_items_multi_positive,7,42,42,42,794,61,100,1.0,0.21525018878675706,0.35,0.07,0.04450482402134789
all_community_items_multi_positive,7,42,42,42,794,61,150,1.0,0.2777040185431429,0.5,0.06666666666666667,0.056468613726110214
all_community_items_multi_positive,7,42,42,42,794,61,200,1.0,0.29717590673626654,0.55,0.055,0.05999425475175124
all_community_items_multi_positive,7,42,42,42,794,61,250,1.0,0.29717590673626654,0.55,0.044,0.05999425475175124
all_community_items_multi_positive,7,42,42,42,794,61,300,1.0,0.29717590673626654,0.55,0.03666666666666667,0.05999425475175124
all_community_items_multi_positive,7,42,42,42,821,62,50,1.0,0.0983411538657773,0.15,0.06,0.014616977225672878
all_community_items_multi_positive,7,42,42,42,821,62,100,1.0,0.16636498612307485,0.3,0.06,0.024285798600376603
all_community_items_multi_positive,7,42,42,42,821,62,150,1.0,0.16636498612307485,0.3,0.04,0.024285798600376603
all_community_items_multi_positive,7,42,42,42,821,62,200,1.0,0.20454968632556422,0.4,0.04,0.028618830213907064
all_community_items_multi_positive,7,42,42,42,821,62,250,1.0,0.20454968632556422,0.4,0.032,0.028618830213907064
all_community_items_multi_positive,7,42,42,42,821,62,300,1.0,0.2397209835692489,0.5,0.03333333333333333,0.032143427166203886
all_community_items_multi_positive,7,42,42,42,824,63,50,1.0,0.47260545501745277,0.7,0.28,0.20833072629880495
all_community_items_multi_positive,7,42,42,42,824,63,100,1.0,0.5185639544391942,0.8,0.16,0.23003757297190042
all_community_items_multi_positive,7,42,42,42,824,63,150,1.0,0.5603361510472885,0.9,0.12,0.24587090630523378
all_community_items_multi_positive,7,42,42,42,824,63,200,1.0,0.579711631903946,0.95,0.095,0.2518084063052338
all_community_items_multi_positive,7,42,42,42,824,63,250,1.0,0.579711631903946,0.95,0.076,0.2518084063052338
all_community_items_multi_positive,7,42,42,42,824,63,300,1.0,0.579711631903946,0.95,0.06333333333333334,0.2518084063052338
all_community_items_multi_positive,7,42,42,42,838,64,50,1.0,0.18125033182104472,0.2,0.08,0.046504688832054566
all_community_items_multi_positive,7,42,42,42,838,64,100,1.0,0.22564421060145004,0.3,0.06,0.05307796469412353
all_community_items_multi_positive,7,42,42,42,838,64,150,1.0,0.2468428252608867,0.35,0.04666666666666667,0.05647602294655071
all_community_items_multi_positive,7,42,42,42,838,64,200,1.0,0.2468428252608867,0.35,0.035,0.05647602294655071
all_community_items_multi_positive,7,42,42,42,838,64,250,1.0,0.2468428252608867,0.35,0.028,0.05647602294655071
all_community_items_multi_positive,7,42,42,42,838,64,300,1.0,0.26446413746983394,0.4,0.02666666666666667,0.05797978234504695
all_community_items_multi_positive,7,42,42,42,863,65,50,1.0,0.2980800162860423,0.35,0.14,0.09771870286576169
all_community_items_multi_positive,7,42,42,42,863,65,100,1.0,0.3462611193902142,0.45,0.09,0.11218894960015938
all_community_items_multi_positive,7,42,42,42,863,65,150,1.0,0.3879159613140509,0.55,0.07333333333333333,0.12155896554912268
all_community_items_multi_positive,7,42,42,42,863,65,200,1.0,0.3879159613140509,0.55,0.055,0.12155896554912268
all_community_items_multi_positive,7,42,42,42,863,65,250,1.0,0.4063451063946835,0.6,0.048,0.12444358093373806
all_community_items_multi_positive,7,42,42,42,863,65,300,1.0,0.4236677546250247,0.65,0.043333333333333335,0.12666201096786775
all_community_items_multi_positive,7,42,42,42,864,66,50,1.0,0.28900073736175363,0.4,0.16,0.0835622533494874
all_community_items_multi_positive,7,42,42,42,864,66,100,1.0,0.33571276670897415,0.5,0.1,0.09776831936197625
all_community_items_multi_positive,7,42,42,42,864,66,150,1.0,0.43958911604492124,0.75,0.1,0.1262366619701065
all_community_items_multi_positive,7,42,42,42,864,66,200,1.0,0.45884867946229485,0.8,0.08,0.13108514681859135
all_community_items_multi_positive,7,42,42,42,864,66,250,1.0,0.47679914402690243,0.85,0.068,0.134626813485258
all_community_items_multi_positive,7,42,42,42,864,66,300,1.0,0.47679914402690243,0.85,0.056666666666666664,0.134626813485258
all_community_items_multi_positive,7,42,42,42,870,67,50,1.0,0.0647165722470443,0.1,0.04,0.007393483709273183
all_community_items_multi_positive,7,42,42,42,870,67,100,1.0,0.08963395523096196,0.15,0.03,0.010334660179861418
all_community_items_multi_positive,7,42,42,42,870,67,150,1.0,0.15138535622537444,0.3,0.04,0.016602405013643986
all_community_items_multi_positive,7,42,42,42,870,67,200,1.0,0.17003873140859674,0.35,0.035,0.01839727680851578
all_community_items_multi_positive,7,42,42,42,870,67,250,1.0,0.17003873140859674,0.35,0.028,0.01839727680851578
all_community_items_multi_positive,7,42,42,42,870,67,300,1.0,0.17003873140859674,0.35,0.023333333333333334,0.01839727680851578
all_community_items_multi_positive,7,42,42,42,874,68,50,0.0,0.0,0.0,0.0,0.0
all_community_items_multi_positive,7,42,42,42,874,68,100,0.0,0.0,0.0,0.0,0.0
all_community_items_multi_positive,7,42,42,42,874,68,150,0.0,0.0,0.0,0.0,0.0
all_community_items_multi_positive,7,42,42,42,874,68,200,0.0,0.0,0.0,0.0,0.0
all_community_items_multi_positive,7,42,42,42,874,68,250,1.0,0.017883510258391463,0.05,0.004,0.00020408163265306123
all_community_items_multi_positive,7,42,42,42,874,68,300,1.0,0.03515491233984923,0.1,0.006666666666666667,0.000539652102451719
all_community_items_multi_positive,7,42,42,42,884,69,50,1.0,0.10882188371572026,0.15,0.06,0.016458333333333332
all_community_items_multi_positive,7,42,42,42,884,69,100,1.0,0.15763777417114908,0.25,0.05,0.02454800194931774
all_community_items_multi_positive,7,42,42,42,884,69,150,1.0,0.19743763525387226,0.35,0.04666666666666667,0.029184068193439595
all_community_items_multi_positive,7,42,42,42,884,69,200,1.0,0.2360335072643595,0.45,0.045,0.03437889771760595
all_community_items_multi_positive,7,42,42,42,884,69,250,1.0,0.2360335072643595,0.45,0.036,0.03437889771760595
all_community_items_multi_positive,7,42,42,42,884,69,300,1.0,0.2360335072643595,0.45,0.03,0.03437889771760595
all_community_items_multi_positive,7,42,42,42,907,70,50,1.0,0.3462447410338246,0.45,0.18,0.13055985228539574
all_community_items_multi_positive,7,42,42,42,907,70,100,1.0,0.4882677058626537,0.75,0.15,0.18922267898471254
all_community_items_multi_positive,7,42,42,42,907,70,150,1.0,0.4882677058626537,0.75,0.1,0.18922267898471254
all_community_items_multi_positive,7,42,42,42,907,70,200,1.0,0.5076669730765504,0.8,0.08,0.19425412552559304
all_community_items_multi_positive,7,42,42,42,907,70,250,1.0,0.5076669730765504,0.8,0.064,0.19425412552559304
all_community_items_multi_positive,7,42,42,42,907,70,300,1.0,0.5076669730765504,0.8,0.05333333333333334,0.19425412552559304
all_community_items_multi_positive,7,42,42,42,919,71,50,1.0,0.18828441540728932,0.3,0.12,0.03964199255781406
all_community_items_multi_positive,7,42,42,42,919,71,100,1.0,0.2334729288164627,0.4,0.08,0.04937969747584685
all_community_items_multi_positive,7,42,42,42,919,71,150,1.0,0.2533677418968299,0.45,0.06,0.05259398319013255
all_community_items_multi_positive,7,42,42,42,919,71,200,1.0,0.29153091254335434,0.55,0.055,0.05864869018823578
all_community_items_multi_positive,7,42,42,42,919,71,250,1.0,0.29153091254335434,0.55,0.044,0.05864869018823578
all_community_items_multi_positive,7,42,42,42,919,71,300,1.0,0.29153091254335434,0.55,0.03666666666666667,0.05864869018823578
all_community_items_multi_positive,7,42,42,42,927,72,50,0.0,0.0,0.0,0.0,0.0
all_community_items_multi_positive,7,42,42,42,927,72,100,0.0,0.0,0.0,0.0,0.0
all_community_items_multi_positive,7,42,42,42,927,72,150,0.0,0.0,0.0,0.0,0.0
all_community_items_multi_positive,7,42,42,42,927,72,200,1.0,0.019020827851851205,0.05,0.005,0.0002840909090909091
all_community_items_multi_positive,7,42,42,42,927,72,250,1.0,0.03709672288414141,0.1,0.008,0.000716991341991342
all_community_items_multi_positive,7,42,42,42,927,72,300,1.0,0.03709672288414141,0.1,0.006666666666666667,0.000716991341991342
all_community_items_multi_positive,7,42,42,42,933,73,50,1.0,0.28695695136474714,0.35,0.14,0.09546387520525451
all_community_items_multi_positive,7,42,42,42,933,73,100,1.0,0.31037237358720515,0.4,0.08,0.10152448126586058
all_community_items_multi_positive,7,42,42,42,933,73,150,1.0,0.33076347871321576,0.45,0.06,0.1051535135239251
all_community_items_multi_positive,7,42,42,42,933,73,200,1.0,0.35006881825339214,0.5,0.05,0.1082209981865018
all_community_items_multi_positive,7,42,42,42,933,73,250,1.0,0.35006881825339214,0.5,0.04,0.1082209981865018
all_community_items_multi_positive,7,42,42,42,933,73,300,1.0,0.3677019727418877,0.55,0.03666666666666667,0.11029646988461501
all_community_items_multi_positive,7,42,42,42,938,74,50,1.0,0.05925730994715492,0.1,0.04,0.005416666666666667
all_community_items_multi_positive,7,42,42,42,938,74,100,1.0,0.12903733034886042,0.25,0.05,0.014181655823446871
all_community_items_multi_positive,7,42,42,42,938,74,150,1.0,0.15023594500829707,0.3,0.04,0.01709427718267017
all_community_items_multi_positive,7,42,42,42,938,74,200,1.0,0.18839421960067482,0.4,0.04,0.021409436757138255
all_community_items_multi_positive,7,42,42,42,938,74,250,1.0,0.20623844135411779,0.45,0.036,0.023223952886170515
all_community_items_multi_positive,7,42,42,42,938,74,300,1.0,0.20623844135411779,0.45,0.03,0.023223952886170515
all_community_items_multi_positive,7,42,42,42,942,75,50,1.0,0.03597158591011401,0.07142857142857142,0.02,0.0023809523809523807
all_community_items_multi_positive,7,42,42,42,942,75,100,1.0,0.03597158591011401,0.07142857142857142,0.01,0.0023809523809523807
all_community_items_multi_positive,7,42,42,42,942,75,150,1.0,0.03597158591011401,0.07142857142857142,0.006666666666666667,0.0023809523809523807
all_community_items_multi_positive,7,42,42,42,942,75,200,1.0,0.05944360522084494,0.14285714285714285,0.01,0.0031249999999999997
all_community_items_multi_positive,7,42,42,42,942,75,250,1.0,0.05944360522084494,0.14285714285714285,0.008,0.0031249999999999997
all_community_items_multi_positive,7,42,42,42,942,75,300,1.0,0.08135176335999338,0.21428571428571427,0.01,0.00389030612244898
all_community_items_multi_positive,7,42,42,42,946,76,50,1.0,0.17711130971078742,0.25,0.1,0.03964682539682539
all_community_items_multi_positive,7,42,42,42,946,76,100,1.0,0.24722495071114997,0.4,0.08,0.055261026934826
all_community_items_multi_positive,7,42,42,42,946,76,150,1.0,0.26809062339312084,0.45,0.06,0.05931508098888005
all_community_items_multi_positive,7,42,42,42,946,76,200,1.0,0.26809062339312084,0.45,0.045,0.05931508098888005
all_community_items_multi_positive,7,42,42,42,946,76,250,1.0,0.2859090093396244,0.5,0.04,0.061315080988880055
all_community_items_multi_positive,7,42,42,42,946,76,300,1.0,0.2859090093396244,0.5,0.03333333333333333,0.061315080988880055
all_community_items_multi_positive,7,42,42,42,952,77,50,1.0,0.24283781615260183,0.2,0.08,0.07315789473684212
all_community_items_multi_positive,7,42,42,42,952,77,100,1.0,0.2651797552402381,0.25,0.05,0.07624431448992854
all_community_items_multi_positive,7,42,42,42,952,77,150,1.0,0.2864673729135576,0.3,0.04,0.07921461151963151
all_community_items_multi_positive,7,42,42,42,952,77,200,1.0,0.3056596919962491,0.35,0.035,0.08129794485296485
all_community_items_multi_positive,7,42,42,42,952,77,250,1.0,0.3056596919962491,0.35,0.028,0.08129794485296485
all_community_items_multi_positive,7,42,42,42,952,77,300,1.0,0.35846577737090934,0.5,0.03333333333333333,0.08632252850714615
all_community_items_multi_positive,7,42,42,42,964,78,50,1.0,0.21402647996436958,0.25,0.1,0.053543213149522796
all_community_items_multi_positive,7,42,42,42,964,78,100,1.0,0.25924322481508455,0.35,0.07,0.06197378984493966
all_community_items_multi_positive,7,42,42,42,964,78,150,1.0,0.3202234700685776,0.5,0.06666666666666667,0.07264312931493354
all_community_items_multi_positive,7,42,42,42,964,78,200,1.0,0.3393501837430021,0.55,0.055,0.07585950358393939
all_community_items_multi_positive,7,42,42,42,964,78,250,1.0,0.3575887323830812,0.6,0.048,0.07858677631121211
all_community_items_multi_positive,7,42,42,42,964,78,300,1.0,0.37512880115269387,0.65,0.043333333333333335,0.0809677286921645
all_community_items_multi_positive,7,42,42,42,977,79,50,1.0,0.1281694629836045,0.15,0.06,0.024553571428571428
all_community_items_multi_positive,7,42,42,42,977,79,100,1.0,0.1948922794469556,0.3,0.06,0.03344664967648838
all_community_items_multi_positive,7,42,42,42,977,79,150,1.0,0.2151512204938013,0.35,0.04666666666666667,0.036181024676488385
all_community_items_multi_positive,7,42,42,42,977,79,200,1.0,0.2151512204938013,0.35,0.035,0.036181024676488385
all_community_items_multi_positive,7,42,42,42,977,79,250,1.0,0.25126030622773016,0.45,0.036,0.03983649307962587
all_community_items_multi_positive,7,42,42,42,977,79,300,1.0,0.2689414416050747,0.5,0.03333333333333333,0.0417522018918864
all_community_items_multi_positive,7,42,42,42,989,80,50,1.0,0.2947399316114158,0.35,0.14,0.08891304773657713
all_community_items_multi_positive,7,42,42,42,989,80,100,1.0,0.31909150335179215,0.4,0.08,0.09605590487943427
all_community_items_multi_positive,7,42,42,42,989,80,150,1.0,0.31909150335179215,0.4,0.05333333333333334,0.09605590487943427
all_community_items_multi_positive,7,42,42,42,989,80,200,1.0,0.3575207845347174,0.5,0.05,0.10174293872911873
all_community_items_multi_positive,7,42,42,42,989,80,250,1.0,0.3575207845347174,0.5,0.04,0.10174293872911873
all_community_items_multi_positive,7,42,42,42,989,80,300,1.0,0.3575207845347174,0.5,0.03333333333333333,0.10174293872911873
all_community_items_multi_positive,7,42,42,42,991,81,50,1.0,0.3187679854025504,0.4,0.16,0.10871969696969697
all_community_items_multi_positive,7,42,42,42,991,81,100,1.0,0.3187679854025504,0.4,0.08,0.10871969696969697
all_community_items_multi_positive,7,42,42,42,991,81,150,1.0,0.3384699007115297,0.45,0.06,0.11178092145949288
all_community_items_multi_positive,7,42,42,42,991,81,200,1.0,0.37761370441169134,0.55,0.055,0.11868695097946864
all_community_items_multi_positive,7,42,42,42,991,81,250,1.0,0.3961611211229648,0.6,0.048,0.12167202560633432
all_community_items_multi_positive,7,42,42,42,991,81,300,1.0,0.3961611211229648,0.6,0.04,0.12167202560633432
all_community_items_multi_positive,7,42,42,42,994,82,50,0.0,0.0,0.0,0.0,0.0
all_community_items_multi_positive,7,42,42,42,994,82,100,1.0,0.0443007219980619,0.1,0.02,0.0017053396701146209
all_community_items_multi_positive,7,42,42,42,994,82,150,1.0,0.06479493967153155,0.15,0.02,0.0029450090916022242
all_community_items_multi_positive,7,42,42,42,994,82,200,1.0,0.06479493967153155,0.15,0.015,0.0029450090916022242
all_community_items_multi_positive,7,42,42,42,994,82,250,1.0,0.0831912892277455,0.2,0.016,0.0038973900439831766
all_community_items_multi_positive,7,42,42,42,994,82,300,1.0,0.0831912892277455,0.2,0.013333333333333334,0.0038973900439831766
all_community_items_multi_positive,7,42,42,42,1034,83,50,1.0,0.07718953227380836,0.15,0.06,0.006537698412698413
all_community_items_multi_positive,7,42,42,42,1034,83,100,1.0,0.07718953227380836,0.15,0.03,0.006537698412698413
all_community_items_multi_positive,7,42,42,42,1034,83,150,1.0,0.09702788312573425,0.2,0.02666666666666667,0.007946149116923765
all_community_items_multi_positive,7,42,42,42,1034,83,200,1.0,0.11579178655836198,0.25,0.025,0.009268900439675088
all_community_items_multi_positive,7,42,42,42,1034,83,250,1.0,0.11579178655836198,0.25,0.02,0.009268900439675088
all_community_items_multi_positive,7,42,42,42,1034,83,300,1.0,0.1334608338298735,0.3,0.02,0.01041393860761402
all_community_items_multi_positive,7,42,42,42,1062,84,50,0.0,0.0,0.0,0.0,0.0
all_community_items_multi_positive,7,42,42,42,1062,84,100,0.0,0.0,0.0,0.0,0.0
all_community_items_multi_positive,7,42,42,42,1062,84,150,1.0,0.041254544658502604,0.1,0.013333333333333334,0.0012424835180757806
all_community_items_multi_positive,7,42,42,42,1062,84,200,1.0,0.05999969461070314,0.15,0.015,0.002031957202286307
all_community_items_multi_positive,7,42,42,42,1062,84,250,1.0,0.05999969461070314,0.15,0.012,0.002031957202286307
all_community_items_multi_positive,7,42,42,42,1062,84,300,1.0,0.0773536595378204,0.2,0.013333333333333334,0.0027216123747001
all_community_items_multi_positive,7,42,42,42,1063,85,50,1.0,0.06117331537803186,0.05,0.02,0.0125
all_community_items_multi_positive,7,42,42,42,1063,85,100,1.0,0.0846727822937884,0.1,0.02,0.014038461538461538
all_community_items_multi_positive,7,42,42,42,1063,85,150,1.0,0.1453923371757947,0.25,0.03333333333333333,0.0186782258028359
all_community_items_multi_positive,7,42,42,42,1063,85,200,1.0,0.1647678180324522,0.3,0.03,0.0205532258028359
all_community_items_multi_positive,7,42,42,42,1063,85,250,1.0,0.1827182825970598,0.35,0.028,0.022011559136169236
all_community_items_multi_positive,7,42,42,42,1063,85,300,1.0,0.1827182825970598,0.35,0.023333333333333334,0.022011559136169236
all_community_items_multi_positive,7,42,42,42,1067,86,50,1.0,0.0383846381653829,0.05,0.02,0.004166666666666667
all_community_items_multi_positive,7,42,42,42,1067,86,100,1.0,0.06005495843227536,0.1,0.02,0.005241935483870967
all_community_items_multi_positive,7,42,42,42,1067,86,150,1.0,0.08012613842640302,0.15,0.02,0.006361338468945594
all_community_items_multi_positive,7,42,42,42,1067,86,200,1.0,0.0986909116584828,0.2,0.02,0.007361338468945594
all_community_items_multi_positive,7,42,42,42,1067,86,250,1.0,0.0986909116584828,0.2,0.016,0.007361338468945594
all_community_items_multi_positive,7,42,42,42,1067,86,300,1.0,0.15143053296852332,0.35,0.023333333333333334,0.010680603909204094
all_community_items_multi_positive,7,42,42,42,1075,87,50,1.0,0.14133418321188823,0.2,0.08,0.024496314496314498
all_community_items_multi_positive,7,42,42,42,1075,87,100,1.0,0.14133418321188823,0.2,0.04,0.024496314496314498
all_community_items_multi_positive,7,42,42,42,1075,87,150,1.0,0.2425059737257811,0.45,0.06,0.03784566895427134
all_community_items_multi_positive,7,42,42,42,1075,87,200,1.0,0.26165437811217407,0.5,0.05,0.04078684542485958
all_community_items_multi_positive,7,42,42,42,1075,87,250,1.0,0.26165437811217407,0.5,0.04,0.04078684542485958
all_community_items_multi_positive,7,42,42,42,1075,87,300,1.0,0.2791492753360075,0.55,0.03666666666666667,0.042772404991646584
all_community_items_multi_positive,7,42,42,42,1097,88,50,1.0,0.025571656773616527,0.05,0.02,0.0010869565217391304
all_community_items_multi_positive,7,42,42,42,1097,88,100,1.0,0.09177734828455907,0.2,0.04,0.006205292228114704
all_community_items_multi_positive,7,42,42,42,1097,88,150,1.0,0.11153305142730494,0.25,0.03333333333333333,0.007929430159149186
all_community_items_multi_positive,7,42,42,42,1097,88,200,1.0,0.11153305142730494,0.25,0.025,0.007929430159149186
all_community_items_multi_positive,7,42,42,42,1097,88,250,1.0,0.12936432008306703,0.3,0.024,0.00913424943625762
all_community_items_multi_positive,7,42,42,42,1097,88,300,1.0,0.16470640425109453,0.4,0.02666666666666667,0.011993683673644614
all_community_items_multi_positive,7,42,42,42,1130,89,50,1.0,0.16054685356863585,0.25,0.1,0.028631413805832413
all_community_items_multi_positive,7,42,42,42,1130,89,100,1.0,0.22784501282462344,0.4,0.08,0.041690385485493746
all_community_items_multi_positive,7,42,42,42,1130,89,150,1.0,0.2490436274840601,0.45,0.06,0.046059317524328694
all_community_items_multi_positive,7,42,42,42,1130,89,200,1.0,0.2490436274840601,0.45,0.045,0.046059317524328694
all_community_items_multi_positive,7,42,42,42,1130,89,250,1.0,0.2853991597253127,0.55,0.044,0.05073848319585167
all_community_items_multi_positive,7,42,42,42,1130,89,300,1.0,0.3031793131802175,0.6,0.04,0.053110024697827954
all_community_items_multi_positive,7,42,42,42,1133,90,50,1.0,0.17288558776041613,0.25,0.1,0.036027425416960294
all_community_items_multi_positive,7,42,42,42,1133,90,100,1.0,0.21872512367669836,0.35,0.07,0.044980514661811556
all_community_items_multi_positive,7,42,42,42,1133,90,150,1.0,0.3006964899326954,0.55,0.07333333333333333,0.060578633907654646
all_community_items_multi_positive,7,42,42,42,1133,90,200,1.0,0.3773643591097599,0.75,0.075,0.07650776833803966
all_community_items_multi_positive,7,42,42,42,1133,90,250,1.0,0.3954118123974362,0.8,0.064,0.07994124473288945
all_community_items_multi_positive,7,42,42,42,1133,90,300,1.0,0.3954118123974362,0.8,0.05333333333333334,0.07994124473288945
all_community_items_multi_positive,7,42,42,42,1170,91,50,1.0,0.15217950824296084,0.25,0.1,0.024043720052123414
all_community_items_multi_positive,7,42,42,42,1170,91,100,1.0,0.2230127432871535,0.4,0.08,0.04041311148505165
all_community_items_multi_positive,7,42,42,42,1170,91,150,1.0,0.3042473589885596,0.6,0.08,0.056868993837992834
all_community_items_multi_positive,7,42,42,42,1170,91,200,1.0,0.3042473589885596,0.6,0.06,0.056868993837992834
all_community_items_multi_positive,7,42,42,42,1170,91,250,1.0,0.3042473589885596,0.6,0.048,0.056868993837992834
all_community_items_multi_positive,7,42,42,42,1170,91,300,1.0,0.32186867119750684,0.65,0.043333333333333335,0.05931260286054922
all_community_items_multi_positive,7,42,42,42,1191,92,50,1.0,0.1843359448148087,0.2,0.08,0.04405782389653358
all_community_items_multi_positive,7,42,42,42,1191,92,100,1.0,0.25329666896347314,0.35,0.07,0.056472831181623426
all_community_items_multi_positive,7,42,42,42,1191,92,150,1.0,0.2736877740894838,0.4,0.05333333333333334,0.05969863763323633
all_community_items_multi_positive,7,42,42,42,1191,92,200,1.0,0.2736877740894838,0.4,0.04,0.05969863763323633
all_community_items_multi_positive,7,42,42,42,1191,92,250,1.0,0.2917924480755989,0.45,0.036,0.06166370313541973
all_community_items_multi_positive,7,42,42,42,1191,92,300,1.0,0.2917924480755989,0.45,0.03,0.06166370313541973
all_community_items_multi_positive,7,42,42,42,1192,93,50,1.0,0.30169853107814576,0.4,0.16,0.09530885780885782
all_community_items_multi_positive,7,42,42,42,1192,93,100,1.0,0.30169853107814576,0.4,0.08,0.09530885780885782
all_community_items_multi_positive,7,42,42,42,1192,93,150,1.0,0.3427243238012359,0.5,0.06666666666666667,0.1031928447369624
all_community_items_multi_positive,7,42,42,42,1192,93,200,1.0,0.3620066787542903,0.55,0.055,0.10654650327354775
all_community_items_multi_positive,7,42,42,42,1192,93,250,1.0,0.3620066787542903,0.55,0.044,0.10654650327354775
all_community_items_multi_positive,7,42,42,42,1192,93,300,1.0,0.37965173614401626,0.6,0.04,0.10881923054627503
all_community_items_multi_positive,7,42,42,42,1199,94,50,1.0,0.08961728720334347,0.05,0.02,0.025
all_community_items_multi_positive,7,42,42,42,1199,94,100,1.0,0.11189793992138429,0.1,0.02,0.026219512195121954
all_community_items_multi_positive,7,42,42,42,1199,94,150,1.0,0.11189793992138429,0.1,0.013333333333333334,0.026219512195121954
all_community_items_multi_positive,7,42,42,42,1199,94,200,1.0,0.11189793992138429,0.1,0.01,0.026219512195121954
all_community_items_multi_positive,7,42,42,42,1199,94,250,1.0,0.1482114896618373,0.2,0.016,0.02776781044418746
all_community_items_multi_positive,7,42,42,42,1199,94,300,1.0,0.1482114896618373,0.2,0.013333333333333334,0.02776781044418746
all_community_items_multi_positive,7,42,42,42,1239,95,50,1.0,0.12621104746321316,0.2,0.08,0.019934863523573203
all_community_items_multi_positive,7,42,42,42,1239,95,100,1.0,0.17384002865026577,0.3,0.06,0.028818511322315343
all_community_items_multi_positive,7,42,42,42,1239,95,150,1.0,0.21619725030149983,0.4,0.05333333333333334,0.03605744276262919
all_community_items_multi_positive,7,42,42,42,1239,95,200,1.0,0.25359891863471895,0.5,0.05,0.040989112400181174
all_community_items_multi_positive,7,42,42,42,1239,95,250,1.0,0.2714301872904811,0.55,0.044,0.04319794774154664
all_community_items_multi_positive,7,42,42,42,1239,95,300,1.0,0.2714301872904811,0.55,0.03666666666666667,0.04319794774154664
all_community_items_multi_positive,7,42,42,42,1261,96,50,1.0,0.32150246645611597,0.4,0.16,0.11457070707070707
all_community_items_multi_positive,7,42,42,42,1261,96,100,1.0,0.38777377687591824,0.55,0.11,0.13208011987211699
all_community_items_multi_positive,7,42,42,42,1261,96,150,1.0,0.38777377687591824,0.55,0.07333333333333333,0.13208011987211699
all_community_items_multi_positive,7,42,42,42,1261,96,200,1.0,0.38777377687591824,0.55,0.055,0.13208011987211699
all_community_items_multi_positive,7,42,42,42,1261,96,250,1.0,0.38777377687591824,0.55,0.044,0.13208011987211699
all_community_items_multi_positive,7,42,42,42,1261,96,300,1.0,0.38777377687591824,0.55,0.03666666666666667,0.13208011987211699
all_community_items_multi_positive,7,42,42,42,1264,97,50,1.0,0.28820344696235406,0.4,0.16,0.08671747122743398
all_community_items_multi_positive,7,42,42,42,1264,97,100,1.0,0.38232063742626743,0.6,0.12,0.11890083870741161
all_community_items_multi_positive,7,42,42,42,1264,97,150,1.0,0.4034756635956159,0.65,0.08666666666666667,0.12515083870741162
all_community_items_multi_positive,7,42,42,42,1264,97,200,1.0,0.42214713358252204,0.7,0.07,0.12875908613009204
all_community_items_multi_positive,7,42,42,42,1264,97,250,1.0,0.42214713358252204,0.7,0.056,0.12875908613009204
all_community_items_multi_positive,7,42,42,42,1264,97,300,1.0,0.4397101248965814,0.75,0.05,0.13152661380536879
all_community_items_multi_positive,7,42,42,42,1271,98,50,1.0,0.06590268968688952,0.1,0.04,0.007275132275132275
all_community_items_multi_positive,7,42,42,42,1271,98,100,1.0,0.11182462566519456,0.2,0.04,0.01205896686159844
all_community_items_multi_positive,7,42,42,42,1271,98,150,1.0,0.132389601708679,0.25,0.03333333333333333,0.014159807197732893
all_community_items_multi_positive,7,42,42,42,1271,98,200,1.0,0.15171812178080563,0.3,0.03,0.016011659049584744
all_community_items_multi_positive,7,42,42,42,1271,98,250,1.0,0.15171812178080563,0.3,0.024,0.016011659049584744
all_community_items_multi_positive,7,42,42,42,1271,98,300,1.0,0.15171812178080563,0.3,0.02,0.016011659049584744
all_community_items_multi_positive,7,42,42,42,1275,99,50,1.0,0.17191246870143848,0.1,0.04,0.05384615384615384
all_community_items_multi_positive,7,42,42,42,1275,99,100,1.0,0.2665579075689991,0.3,0.06,0.06767015673727678
all_community_items_multi_positive,7,42,42,42,1275,99,150,1.0,0.3080107341552173,0.4,0.05333333333333334,0.07419321729498515
all_community_items_multi_positive,7,42,42,42,1275,99,200,1.0,0.3464198027826962,0.5,0.05,0.07986109634219667
all_community_items_multi_positive,7,42,42,42,1275,99,250,1.0,0.3464198027826962,0.5,0.04,0.07986109634219667
all_community_items_multi_positive,7,42,42,42,1275,99,300,1.0,0.3464198027826962,0.5,0.03333333333333333,0.07986109634219667
all_community_items_multi_positive,7,42,42,42,1277,100,50,1.0,0.25828530566857766,0.35,0.14,0.07043361482524042
all_community_items_multi_positive,7,42,42,42,1277,100,100,1.0,0.32709172089439026,0.5,0.1,0.08906165413412209
all_community_items_multi_positive,7,42,42,42,1277,100,150,1.0,0.36748485047563595,0.6,0.08,0.09790043986945954
all_community_items_multi_positive,7,42,42,42,1277,100,200,1.0,0.40603751546597544,0.7,0.07,0.10611033469985505
all_community_items_multi_positive,7,42,42,42,1277,100,250,1.0,0.40603751546597544,0.7,0.056,0.10611033469985505
all_community_items_multi_positive,7,42,42,42,1277,100,300,1.0,0.40603751546597544,0.7,0.04666666666666667,0.10611033469985505
all_community_items_multi_positive,7,42,42,42,1295,101,50,1.0,0.2893880646764583,0.4,0.16,0.10151192154099131
all_community_items_multi_positive,7,42,42,42,1295,101,100,1.0,0.3601168691869343,0.55,0.11,0.12480868304220197
all_community_items_multi_positive,7,42,42,42,1295,101,150,1.0,0.4002636774556908,0.65,0.08666666666666667,0.13413015134031098
all_community_items_multi_positive,7,42,42,42,1295,101,200,1.0,0.419326355656836,0.7,0.07,0.1381531398460581
all_community_items_multi_positive,7,42,42,42,1295,101,250,1.0,0.437170577410279,0.75,0.06,0.1411773333944452
all_community_items_multi_positive,7,42,42,42,1295,101,300,1.0,0.47215149733221107,0.85,0.056666666666666664,0.14712232066121927
all_community_items_multi_positive,7,42,42,42,1302,102,50,1.0,0.20964141031244837,0.35,0.14,0.04799088630667578
all_community_items_multi_positive,7,42,42,42,1302,102,100,1.0,0.277652409093436,0.5,0.1,0.0656703406971276
all_community_items_multi_positive,7,42,42,42,1302,102,150,1.0,0.3390055026465525,0.65,0.08666666666666667,0.08034702128890288
all_community_items_multi_positive,7,42,42,42,1302,102,200,1.0,0.3390055026465525,0.65,0.065,0.08034702128890288
all_community_items_multi_positive,7,42,42,42,1302,102,250,1.0,0.35730597318134816,0.7,0.056,0.08358776202964362
all_community_items_multi_positive,7,42,42,42,1302,102,300,1.0,0.37482334522490435,0.75,0.05,0.08631503475691635
all_community_items_multi_positive,7,42,42,42,1303,103,50,1.0,0.1587366607704515,0.25,0.1,0.029085923037535943
all_community_items_multi_positive,7,42,42,42,1303,103,100,1.0,0.24941089467587063,0.45,0.09,0.0484788233498674
all_community_items_multi_positive,7,42,42,42,1303,103,150,1.0,0.2905329769962284,0.55,0.07333333333333333,0.05729002681428034
all_community_items_multi_positive,7,42,42,42,1303,103,200,1.0,0.3096381743624736,0.6,0.06,0.06077839890730359
all_community_items_multi_positive,7,42,42,42,1303,103,250,1.0,0.3096381743624736,0.6,0.048,0.06077839890730359
all_community_items_multi_positive,7,42,42,42,1303,103,300,1.0,0.3096381743624736,0.6,0.04,0.06077839890730359
all_community_items_multi_positive,7,42,42,42,1339,104,50,1.0,0.11639053047349594,0.2,0.08,0.016022262761393197
all_community_items_multi_positive,7,42,42,42,1339,104,100,1.0,0.2074141923734917,0.4,0.08,0.03301328408574785
all_community_items_multi_positive,7,42,42,42,1339,104,150,1.0,0.28947678761112694,0.6,0.08,0.050301675820394465
all_community_items_multi_positive,7,42,42,42,1339,104,200,1.0,0.34752549777442665,0.75,0.075,0.06331074397007148
all_community_items_multi_positive,7,42,42,42,1339,104,250,1.0,0.34752549777442665,0.75,0.06,0.06331074397007148
all_community_items_multi_positive,7,42,42,42,1339,104,300,1.0,0.3652309985622342,0.8,0.05333333333333334,0.06639954705887458
all_community_items_multi_positive,7,42,42,42,1342,105,50,1.0,0.02529784148730853,0.05,0.02,0.0010416666666666667
all_community_items_multi_positive,7,42,42,42,1342,105,100,1.0,0.02529784148730853,0.05,0.01,0.0010416666666666667
all_community_items_multi_positive,7,42,42,42,1342,105,150,1.0,0.02529784148730853,0.05,0.006666666666666667,0.0010416666666666667
all_community_items_multi_positive,7,42,42,42,1342,105,200,1.0,0.04409966411755196,0.1,0.01,0.0015764260249554365
all_community_items_multi_positive,7,42,42,42,1342,105,250,1.0,0.04409966411755196,0.1,0.008,0.0015764260249554365
all_community_items_multi_positive,7,42,42,42,1342,105,300,1.0,0.04409966411755196,0.1,0.006666666666666667,0.0015764260249554365
all_community_items_multi_positive,7,42,42,42,1372,106,50,1.0,0.30497022290688863,0.4,0.16,0.10414650164650166
all_community_items_multi_positive,7,42,42,42,1372,106,100,1.0,0.35196138499939206,0.5,0.1,0.11873857623857624
all_community_items_multi_positive,7,42,42,42,1372,106,150,1.0,0.3719725709131099,0.55,0.07333333333333333,0.12278269388563508
all_community_items_multi_positive,7,42,42,42,1372,106,200,1.0,0.3914444591062336,0.6,0.06,0.12662884773178892
all_community_items_multi_positive,7,42,42,42,1372,106,250,1.0,0.3914444591062336,0.6,0.048,0.12662884773178892
all_community_items_multi_positive,7,42,42,42,1372,106,300,1.0,0.3914444591062336,0.6,0.04,0.12662884773178892
all_community_items_multi_positive,7,42,42,42,1383,107,50,1.0,0.18463768049450155,0.25,0.1,0.039039949313058556
all_community_items_multi_positive,7,42,42,42,1383,107,100,1.0,0.23213770705138245,0.35,0.07,0.04945016603132481
all_community_items_multi_positive,7,42,42,42,1383,107,150,1.0,0.27267012622055964,0.45,0.06,0.05608393796114937
all_community_items_multi_positive,7,42,42,42,1383,107,200,1.0,0.29169095407241086,0.5,0.05,0.05892484705205846
all_community_items_multi_positive,7,42,42,42,1383,107,250,1.0,0.3095744643308023,0.55,0.044,0.06116974501124214
all_community_items_multi_positive,7,42,42,42,1383,107,300,1.0,0.3095744643308023,0.55,0.03666666666666667,0.06116974501124214
all_community_items_multi_positive,7,42,42,42,1389,108,50,1.0,0.2964133062090155,0.4,0.16,0.08541374442648805
all_community_items_multi_positive,7,42,42,42,1389,108,100,1.0,0.3912210191825583,0.6,0.12,0.1186217444384575
all_community_items_multi_positive,7,42,42,42,1389,108,150,1.0,0.41164610258457623,0.65,0.08666666666666667,0.12390629728398594
all_community_items_multi_positive,7,42,42,42,1389,108,200,1.0,0.4505464083614829,0.75,0.075,0.13314119007151032
all_community_items_multi_positive,7,42,42,42,1389,108,250,1.0,0.4505464083614829,0.75,0.06,0.13314119007151032
all_community_items_multi_positive,7,42,42,42,1389,108,300,1.0,0.4505464083614829,0.75,0.05,0.13314119007151032
all_community_items_multi_positive,7,42,42,42,1390,109,50,1.0,0.29573262940519024,0.25,0.1,0.10194327731092437
all_community_items_multi_positive,7,42,42,42,1390,109,100,1.0,0.3424008094153405,0.35,0.07,0.11163579067990832
all_community_items_multi_positive,7,42,42,42,1390,109,150,1.0,0.40366981954145625,0.5,0.06666666666666667,0.12253014842300558
all_community_items_multi_positive,7,42,42,42,1390,109,200,1.0,0.480121750145665,0.7,0.07,0.13701454732951504
all_community_items_multi_positive,7,42,42,42,1390,109,250,1.0,0.480121750145665,0.7,0.056,0.13701454732951504
all_community_items_multi_positive,7,42,42,42,1390,109,300,1.0,0.4975396787535378,0.75,0.05,0.13965539239993757
all_community_items_multi_positive,7,42,42,42,1407,110,50,1.0,0.38323724269504295,0.35,0.14,0.15355184614969075
all_community_items_multi_positive,7,42,42,42,1407,110,100,1.0,0.4048076069329717,0.4,0.08,0.15776237246548022
all_community_items_multi_positive,7,42,42,42,1407,110,150,1.0,0.48641375748888116,0.6,0.08,0.17463350747670897
all_community_items_multi_positive,7,42,42,42,1407,110,200,1.0,0.52384860067614,0.7,0.07,0.18168150311346926
all_community_items_multi_positive,7,42,42,42,1407,110,250,1.0,0.52384860067614,0.7,0.056,0.18168150311346926
all_community_items_multi_positive,7,42,42,42,1407,110,300,1.0,0.52384860067614,0.7,0.04666666666666667,0.18168150311346926
all_community_items_multi_positive,7,42,42,42,1416,111,50,1.0,0.49997468950663476,0.45,0.18,0.24617939648427453
all_community_items_multi_positive,7,42,42,42,1416,111,100,1.0,0.5443869425498109,0.55,0.11,0.2587694281754298
all_community_items_multi_positive,7,42,42,42,1416,111,150,1.0,0.5651746384353301,0.6,0.08,0.2640791626887041
all_community_items_multi_positive,7,42,42,42,1416,111,200,1.0,0.6037059590690408,0.7,0.07,0.27226553285180566
all_community_items_multi_positive,7,42,42,42,1416,111,250,1.0,0.6037059590690408,0.7,0.056,0.27226553285180566
all_community_items_multi_positive,7,42,42,42,1416,111,300,1.0,0.6214735047192952,0.75,0.05,0.27521828875731746
all_community_items_multi_positive,7,42,42,42,1424,112,50,1.0,0.12396615858592948,0.2,0.08,0.017043650793650795
all_community_items_multi_positive,7,42,42,42,1424,112,100,1.0,0.28064476258286764,0.55,0.11,0.050906670277418783
all_community_items_multi_positive,7,42,42,42,1424,112,150,1.0,0.3214751903211165,0.65,0.08666666666666667,0.061067792938541456
all_community_items_multi_positive,7,42,42,42,1424,112,200,1.0,0.3404142514394642,0.7,0.07,0.06495668182743033
all_community_items_multi_positive,7,42,42,42,1424,112,250,1.0,0.3404142514394642,0.7,0.056,0.06495668182743033
all_community_items_multi_positive,7,42,42,42,1424,112,300,1.0,0.3578539076409588,0.75,0.05,0.06761625629551545
all_community_items_multi_positive,7,42,42,42,1438,113,50,1.0,0.10941068256931052,0.2,0.08,0.012372591176939002
all_community_items_multi_positive,7,42,42,42,1438,113,100,1.0,0.15598190697640374,0.3,0.06,0.020476986781334604
all_community_items_multi_positive,7,42,42,42,1438,113,150,1.0,0.1965883609514561,0.4,0.05333333333333334,0.026377607899347028
all_community_items_multi_positive,7,42,42,42,1438,113,200,1.0,0.23498751528378936,0.5,0.05,0.032031537141122
all_community_items_multi_positive,7,42,42,42,1438,113,250,1.0,0.23498751528378936,0.5,0.04,0.032031537141122
all_community_items_multi_positive,7,42,42,42,1438,113,300,1.0,0.2699035178573378,0.6,0.04,0.03612972053212546
all_community_items_multi_positive,7,42,42,42,1441,114,50,1.0,0.2974081996444957,0.45,0.18,0.09207192113442114
all_community_items_multi_positive,7,42,42,42,1441,114,100,1.0,0.3427839271000895,0.55,0.11,0.10601749936571365
all_community_items_multi_positive,7,42,42,42,1441,114,150,1.0,0.4048939344592286,0.7,0.09333333333333334,0.12289992743076787
all_community_items_multi_positive,7,42,42,42,1441,114,200,1.0,0.4048939344592286,0.7,0.07,0.12289992743076787
all_community_items_multi_positive,7,42,42,42,1441,114,250,1.0,0.4048939344592286,0.7,0.056,0.12289992743076787
all_community_items_multi_positive,7,42,42,42,1441,114,300,1.0,0.4048939344592286,0.7,0.04666666666666667,0.12289992743076787
all_community_items_multi_positive,7,42,42,42,1449,115,50,1.0,0.2526132608578574,0.25,0.1,0.09564564564564564
all_community_items_multi_positive,7,42,42,42,1449,115,100,1.0,0.27686052962704605,0.3,0.06,0.10090880354038248
all_community_items_multi_positive,7,42,42,42,1449,115,150,1.0,0.2979725568266719,0.35,0.04666666666666667,0.10424213687371582
all_community_items_multi_positive,7,42,42,42,1449,115,200,1.0,0.3361690296010794,0.45,0.045,0.10916149171242548
all_community_items_multi_positive,7,42,42,42,1449,115,250,1.0,0.3545330079025053,0.5,0.04,0.11151998227846323
all_community_items_multi_positive,7,42,42,42,1449,115,300,1.0,0.3545330079025053,0.5,0.03333333333333333,0.11151998227846323
all_community_items_multi_positive,7,42,42,42,1486,116,50,1.0,0.29743317361996724,0.4,0.16,0.08336892651797562
all_community_items_multi_positive,7,42,42,42,1486,116,100,1.0,0.3851010884738067,0.6,0.12,0.10703617402814036
all_community_items_multi_positive,7,42,42,42,1486,116,150,1.0,0.3851010884738067,0.6,0.08,0.10703617402814036
all_community_items_multi_positive,7,42,42,42,1486,116,200,1.0,0.44246071077038784,0.75,0.075,0.11926160825091836
all_community_items_multi_positive,7,42,42,42,1486,116,250,1.0,0.46060920111249815,0.8,0.064,0.12280143125976792
all_community_items_multi_positive,7,42,42,42,1486,116,300,1.0,0.46060920111249815,0.8,0.05333333333333334,0.12280143125976792
all_community_items_multi_positive,7,42,42,42,1503,117,50,1.0,0.14410728950096874,0.15,0.06,0.03666666666666667
all_community_items_multi_positive,7,42,42,42,1503,117,100,1.0,0.18893981860641607,0.25,0.05,0.04224358974358974
all_community_items_multi_positive,7,42,42,42,1503,117,150,1.0,0.18893981860641607,0.25,0.03333333333333333,0.04224358974358974
all_community_items_multi_positive,7,42,42,42,1503,117,200,1.0,0.20781917926872906,0.3,0.03,0.043882934005884826
all_community_items_multi_positive,7,42,42,42,1503,117,250,1.0,0.20781917926872906,0.3,0.024,0.043882934005884826
all_community_items_multi_positive,7,42,42,42,1503,117,300,1.0,0.2255993327236339,0.35,0.023333333333333334,0.04526633321537099
all_community_items_multi_positive,7,42,42,42,1508,118,50,1.0,0.31176006407868756,0.45,0.18,0.10612724165026385
all_community_items_multi_positive,7,42,42,42,1508,118,100,1.0,0.3819002179146937,0.6,0.12,0.13099170850980463
all_community_items_multi_positive,7,42,42,42,1508,118,150,1.0,0.40229132304070436,0.65,0.08666666666666667,0.1362336439936756
all_community_items_multi_positive,7,42,42,42,1508,118,200,1.0,0.4407562553546844,0.75,0.075,0.14494973802622532
all_community_items_multi_positive,7,42,42,42,1508,118,250,1.0,0.4407562553546844,0.75,0.06,0.14494973802622532
all_community_items_multi_positive,7,42,42,42,1508,118,300,1.0,0.4407562553546844,0.75,0.05,0.14494973802622532
all_community_items_multi_positive,7,42,42,42,1509,119,50,1.0,0.32513135993285147,0.3,0.12,0.11210910799726588
all_community_items_multi_positive,7,42,42,42,1509,119,100,1.0,0.4165815209321712,0.5,0.1,0.13504855353983175
all_community_items_multi_positive,7,42,42,42,1509,119,150,1.0,0.4371109106256157,0.55,0.07333333333333333,0.1396318868731651
all_community_items_multi_positive,7,42,42,42,1509,119,200,1.0,0.4371109106256157,0.55,0.055,0.1396318868731651
all_community_items_multi_positive,7,42,42,42,1509,119,250,1.0,0.4371109106256157,0.55,0.044,0.1396318868731651
all_community_items_multi_positive,7,42,42,42,1509,119,300,1.0,0.45450731708918435,0.6,0.04,0.1417297889710672
all_community_items_multi_positive,7,42,42,42,1522,120,50,1.0,0.0847318479289151,0.15,0.06,0.009048821548821548
all_community_items_multi_positive,7,42,42,42,1522,120,100,1.0,0.15264866394223112,0.3,0.06,0.01872936859924
all_community_items_multi_positive,7,42,42,42,1522,120,150,1.0,0.1933152882674089,0.4,0.05333333333333334,0.02467806386682072
all_community_items_multi_positive,7,42,42,42,1522,120,200,1.0,0.1933152882674089,0.4,0.04,0.02467806386682072
all_community_items_multi_positive,7,42,42,42,1522,120,250,1.0,0.24803439881904205,0.55,0.044,0.0314755007812167
all_community_items_multi_positive,7,42,42,42,1522,120,300,1.0,0.24803439881904205,0.55,0.03666666666666667,0.0314755007812167
all_community_items_multi_positive,7,42,42,42,1524,121,50,1.0,0.05636263945487146,0.1,0.04,0.004607843137254902
all_community_items_multi_positive,7,42,42,42,1524,121,100,1.0,0.12426426865366158,0.25,0.05,0.01222177762007304
all_community_items_multi_positive,7,42,42,42,1524,121,150,1.0,0.14449107012796392,0.3,0.04,0.014547359015421877
all_community_items_multi_positive,7,42,42,42,1524,121,200,1.0,0.14449107012796392,0.3,0.03,0.014547359015421877
all_community_items_multi_positive,7,42,42,42,1524,121,250,1.0,0.16302124821386005,0.35,0.028,0.01628003228274861
all_community_items_multi_positive,7,42,42,42,1524,121,300,1.0,0.16302124821386005,0.35,0.023333333333333334,0.01628003228274861
all_community_items_multi_positive,7,42,42,42,1538,122,50,1.0,0.15259846348648914,0.25,0.1,0.025409492468315996
all_community_items_multi_positive,7,42,42,42,1538,122,100,1.0,0.3147980357759281,0.6,0.12,0.0694056548841574
all_community_items_multi_positive,7,42,42,42,1538,122,150,1.0,0.3147980357759281,0.6,0.08,0.0694056548841574
all_community_items_multi_positive,7,42,42,42,1538,122,200,1.0,0.3147980357759281,0.6,0.06,0.0694056548841574
all_community_items_multi_positive,7,42,42,42,1538,122,250,1.0,0.3147980357759281,0.6,0.048,0.0694056548841574
all_community_items_multi_positive,7,42,42,42,1538,122,300,1.0,0.35004072027082267,0.7,0.04666666666666667,0.07448020791927859
all_community_items_multi_positive,7,42,42,42,1539,123,50,1.0,0.1936485631916941,0.25,0.1,0.043142169148361095
all_community_items_multi_positive,7,42,42,42,1539,123,100,1.0,0.21631409339785093,0.3,0.06,0.04708953756941373
all_community_items_multi_positive,7,42,42,42,1539,123,150,1.0,0.21631409339785093,0.3,0.04,0.04708953756941373
all_community_items_multi_positive,7,42,42,42,1539,123,200,1.0,0.2351543968312232,0.35,0.035,0.048981429461305626
all_community_items_multi_positive,7,42,42,42,1539,123,250,1.0,0.2351543968312232,0.35,0.028,0.048981429461305626
all_community_items_multi_positive,7,42,42,42,1539,123,300,1.0,0.2700257338018966,0.45,0.03,0.05198769905378211
all_community_items_multi_positive,7,42,42,42,1546,124,50,1.0,0.4348163240703042,0.4,0.16,0.19168323476675878
all_community_items_multi_positive,7,42,42,42,1546,124,100,1.0,0.48019386790817004,0.5,0.1,0.20420936717093996
all_community_items_multi_positive,7,42,42,42,1546,124,150,1.0,0.5198986612033774,0.6,0.08,0.21233542850347414
all_community_items_multi_positive,7,42,42,42,1546,124,200,1.0,0.5198986612033774,0.6,0.06,0.21233542850347414
all_community_items_multi_positive,7,42,42,42,1546,124,250,1.0,0.5198986612033774,0.6,0.048,0.21233542850347414
all_community_items_multi_positive,7,42,42,42,1546,124,300,1.0,0.5372317001399758,0.65,0.043333333333333335,0.21456145590073442
all_community_items_multi_positive,7,42,42,42,1547,125,50,1.0,0.09831123700915713,0.15,0.06,0.013686906546726635
all_community_items_multi_positive,7,42,42,42,1547,125,100,1.0,0.18992601905115405,0.35,0.07,0.02839207964989916
all_community_items_multi_positive,7,42,42,42,1547,125,150,1.0,0.2500504320205027,0.5,0.06666666666666667,0.03835355469793364
all_community_items_multi_positive,7,42,42,42,1547,125,200,1.0,0.26930999543787637,0.55,0.055,0.04168688803126697
all_community_items_multi_positive,7,42,42,42,1547,125,250,1.0,0.2875793111818041,0.6,0.048,0.044439181609248625
all_community_items_multi_positive,7,42,42,42,1547,125,300,1.0,0.2875793111818041,0.6,0.04,0.044439181609248625
all_community_items_multi_positive,7,42,42,42,1554,126,50,1.0,0.4443994095182394,0.45,0.18,0.18003079645692505
all_community_items_multi_positive,7,42,42,42,1554,126,100,1.0,0.5112484165056919,0.6,0.12,0.20006729672530937
all_community_items_multi_positive,7,42,42,42,1554,126,150,1.0,0.531171884166613,0.65,0.08666666666666667,0.20474355571811514
all_community_items_multi_positive,7,42,42,42,1554,126,200,1.0,0.531171884166613,0.65,0.065,0.20474355571811514
all_community_items_multi_positive,7,42,42,42,1554,126,250,1.0,0.531171884166613,0.65,0.052,0.20474355571811514
all_community_items_multi_positive,7,42,42,42,1554,126,300,1.0,0.5485576055298547,0.7,0.04666666666666667,0.20718258010835905
all_community_items_multi_positive,7,42,42,42,1559,127,50,1.0,0.141875122454754,0.2,0.08,0.02666083099906629
all_community_items_multi_positive,7,42,42,42,1559,127,100,1.0,0.23295453208475034,0.4,0.08,0.04375474633379923
all_community_items_multi_positive,7,42,42,42,1559,127,150,1.0,0.2540665592843762,0.45,0.06,0.04804046061951352
all_community_items_multi_positive,7,42,42,42,1559,127,200,1.0,0.2540665592843762,0.45,0.045,0.04804046061951352
all_community_items_multi_positive,7,42,42,42,1559,127,250,1.0,0.2721424543166664,0.5,0.04,0.050204962784015685
all_community_items_multi_positive,7,42,42,42,1559,127,300,1.0,0.3069260913862684,0.6,0.04,0.054217052678229107
all_community_items_multi_positive,7,42,42,42,1565,128,50,1.0,0.41239587256841226,0.45,0.18,0.1813125599890306
all_community_items_multi_positive,7,42,42,42,1565,128,100,1.0,0.456853264914304,0.55,0.11,0.19396351299354103
all_community_items_multi_positive,7,42,42,42,1565,128,150,1.0,0.4775649058089891,0.6,0.08,0.19918090429788884
all_community_items_multi_positive,7,42,42,42,1565,128,200,1.0,0.49623637579589525,0.65,0.065,0.20253141976180636
all_community_items_multi_positive,7,42,42,42,1565,128,250,1.0,0.49623637579589525,0.65,0.052,0.20253141976180636
all_community_items_multi_positive,7,42,42,42,1565,128,300,1.0,0.5313600069544399,0.75,0.05,0.20787553776840753
all_community_items_multi_positive,7,42,42,42,1566,129,50,1.0,0.6617315653830895,0.65,0.26,0.4014683306756478
all_community_items_multi_positive,7,42,42,42,1566,129,100,1.0,0.7562172649580985,0.85,0.17,0.4500394092846662
all_community_items_multi_positive,7,42,42,42,1566,129,150,1.0,0.7766767165767332,0.9,0.12,0.45741645846499407
all_community_items_multi_positive,7,42,42,42,1566,129,200,1.0,0.7766767165767332,0.9,0.09,0.45741645846499407
all_community_items_multi_positive,7,42,42,42,1566,129,250,1.0,0.7766767165767332,0.9,0.072,0.45741645846499407
all_community_items_multi_positive,7,42,42,42,1566,129,300,1.0,0.7943457638482447,0.95,0.06333333333333334,0.46104241266346735
all_community_items_multi_positive,7,42,42,42,1573,130,50,1.0,0.20476277541182847,0.3,0.12,0.05344113402936932
all_community_items_multi_positive,7,42,42,42,1573,130,100,1.0,0.25093301628874853,0.4,0.08,0.06409374447113639
all_community_items_multi_positive,7,42,42,42,1573,130,150,1.0,0.29167850477028207,0.5,0.06666666666666667,0.07170439809954607
all_community_items_multi_positive,7,42,42,42,1573,130,200,1.0,0.36903210760914196,0.7,0.07,0.08711617513908203
all_community_items_multi_positive,7,42,42,42,1573,130,250,1.0,0.36903210760914196,0.7,0.056,0.08711617513908203
all_community_items_multi_positive,7,42,42,42,1573,130,300,1.0,0.36903210760914196,0.7,0.04666666666666667,0.08711617513908203
all_community_items_multi_positive,7,42,42,42,1575,131,50,1.0,0.09975723167365762,0.1,0.04,0.0225
all_community_items_multi_positive,7,42,42,42,1575,131,100,1.0,0.09975723167365762,0.1,0.02,0.0225
all_community_items_multi_positive,7,42,42,42,1575,131,150,1.0,0.12074366360543555,0.15,0.02,0.02388888888888889
all_community_items_multi_positive,7,42,42,42,1575,131,200,1.0,0.12074366360543555,0.15,0.015,0.02388888888888889
all_community_items_multi_positive,7,42,42,42,1575,131,250,1.0,0.138627173863827,0.2,0.016,0.024705215419501138
all_community_items_multi_positive,7,42,42,42,1575,131,300,1.0,0.138627173863827,0.2,0.013333333333333334,0.024705215419501138
all_community_items_multi_positive,7,42,42,42,1579,132,50,1.0,0.1459051133050714,0.25,0.1,0.022434272361193747
all_community_items_multi_positive,7,42,42,42,1579,132,100,1.0,0.21466302471234003,0.4,0.08,0.03676803375054126
all_community_items_multi_positive,7,42,42,42,1579,132,150,1.0,0.21466302471234003,0.4,0.05333333333333334,0.03676803375054126
all_community_items_multi_positive,7,42,42,42,1579,132,200,1.0,0.21466302471234003,0.4,0.04,0.03676803375054126
all_community_items_multi_positive,7,42,42,42,1579,132,250,1.0,0.2509953221405725,0.5,0.04,0.040987689216216386
all_community_items_multi_positive,7,42,42,42,1579,132,300,1.0,0.26841325074844524,0.55,0.03666666666666667,0.04292430893452624
all_community_items_multi_positive,7,42,42,42,1581,133,50,1.0,0.025167196834497453,0.05,0.02,0.001020408163265306
all_community_items_multi_positive,7,42,42,42,1581,133,100,1.0,0.09176766610834511,0.2,0.04,0.006292492508383358
all_community_items_multi_positive,7,42,42,42,1581,133,150,1.0,0.11251709946908194,0.25,0.03333333333333333,0.008485474964523709
all_community_items_multi_positive,7,42,42,42,1581,133,200,1.0,0.1507855590109262,0.35,0.035,0.012278023420108943
all_community_items_multi_positive,7,42,42,42,1581,133,250,1.0,0.1507855590109262,0.35,0.028,0.012278023420108943
all_community_items_multi_positive,7,42,42,42,1581,133,300,1.0,0.1507855590109262,0.35,0.023333333333333334,0.012278023420108943
all_community_items_multi_positive,7,42,42,42,1594,134,50,1.0,0.4751570717353999,0.45,0.18,0.22284613375130613
all_community_items_multi_positive,7,42,42,42,1594,134,100,1.0,0.4751570717353999,0.45,0.09,0.22284613375130613
all_community_items_multi_positive,7,42,42,42,1594,134,150,1.0,0.5160700617096604,0.55,0.07333333333333333,0.2314305719460296
all_community_items_multi_positive,7,42,42,42,1594,134,200,1.0,0.5543924336598721,0.65,0.065,0.23879946887188855
all_community_items_multi_positive,7,42,42,42,1594,134,250,1.0,0.5543924336598721,0.65,0.052,0.23879946887188855
all_community_items_multi_positive,7,42,42,42,1594,134,300,1.0,0.5720374910495981,0.7,0.04666666666666667,0.24145098402340368
all_community_items_multi_positive,7,42,42,42,1615,135,50,1.0,0.22608039316652132,0.2,0.08,0.08041666666666666
all_community_items_multi_positive,7,42,42,42,1615,135,100,1.0,0.24902773816515858,0.25,0.05,0.08388888888888889
all_community_items_multi_positive,7,42,42,42,1615,135,150,1.0,0.28961962826973275,0.35,0.04666666666666667,0.08899942043384666
all_community_items_multi_positive,7,42,42,42,1615,135,200,1.0,0.28961962826973275,0.35,0.035,0.08899942043384666
all_community_items_multi_positive,7,42,42,42,1615,135,250,1.0,0.34457866532886033,0.5,0.04,0.09526608032360903
all_community_items_multi_positive,7,42,42,42,1615,135,300,1.0,0.34457866532886033,0.5,0.03333333333333333,0.09526608032360903
all_community_items_multi_positive,7,42,42,42,1626,136,50,1.0,0.08211539396811637,0.1,0.04,0.013942307692307693
all_community_items_multi_positive,7,42,42,42,1626,136,100,1.0,0.10561486088387291,0.15,0.03,0.01625
all_community_items_multi_positive,7,42,42,42,1626,136,150,1.0,0.10561486088387291,0.15,0.02,0.01625
all_community_items_multi_positive,7,42,42,42,1626,136,200,1.0,0.14434224124499365,0.25,0.025,0.019052795031055902
all_community_items_multi_positive,7,42,42,42,1626,136,250,1.0,0.14434224124499365,0.25,0.02,0.019052795031055902
all_community_items_multi_positive,7,42,42,42,1626,136,300,1.0,0.14434224124499365,0.25,0.016666666666666666,0.019052795031055902
all_community_items_multi_positive,7,42,42,42,1646,137,50,1.0,0.08654097934247126,0.15,0.06,0.008667285095856524
all_community_items_multi_positive,7,42,42,42,1646,137,100,1.0,0.08654097934247126,0.15,0.03,0.008667285095856524
all_community_items_multi_positive,7,42,42,42,1646,137,150,1.0,0.08654097934247126,0.15,0.02,0.008667285095856524
all_community_items_multi_positive,7,42,42,42,1646,137,200,1.0,0.12508759907792633,0.25,0.025,0.011386904016871258
all_community_items_multi_positive,7,42,42,42,1646,137,250,1.0,0.16153608598898175,0.35,0.028,0.01431857341130661
all_community_items_multi_positive,7,42,42,42,1646,137,300,1.0,0.17891117233841602,0.4,0.02666666666666667,0.0157074623001955
all_community_items_multi_positive,7,42,42,42,1656,138,50,1.0,0.4163672785870782,0.55,0.22,0.17876764901764902
all_community_items_multi_positive,7,42,42,42,1656,138,100,1.0,0.46488571149392893,0.65,0.13,0.20071209346209345
all_community_items_multi_positive,7,42,42,42,1656,138,150,1.0,0.48556001998133486,0.7,0.09333333333333334,0.20674657622071413
all_community_items_multi_positive,7,42,42,42,1656,138,200,1.0,0.5236493016872139,0.8,0.08,0.21560433554596176
all_community_items_multi_positive,7,42,42,42,1656,138,250,1.0,0.5236493016872139,0.8,0.064,0.21560433554596176
all_community_items_multi_positive,7,42,42,42,1656,138,300,1.0,0.5236493016872139,0.8,0.05333333333333334,0.21560433554596176
all_community_items_multi_positive,7,42,42,42,1664,139,50,1.0,0.1500827575242292,0.15,0.06,0.034583333333333334
all_community_items_multi_positive,7,42,42,42,1664,139,100,1.0,0.1746513792104694,0.2,0.04,0.038287037037037036
all_community_items_multi_positive,7,42,42,42,1664,139,150,1.0,0.1746513792104694,0.2,0.02666666666666667,0.038287037037037036
all_community_items_multi_positive,7,42,42,42,1664,139,200,1.0,0.19388834131070323,0.25,0.025,0.03979306113342258
all_community_items_multi_positive,7,42,42,42,1664,139,250,1.0,0.21189374916239045,0.3,0.024,0.04106424757410055
all_community_items_multi_positive,7,42,42,42,1664,139,300,1.0,0.2647414586835686,0.45,0.03,0.04555388264360332
all_community_items_multi_positive,7,42,42,42,1674,140,50,1.0,0.28443490354992856,0.45,0.18,0.07973669364287858
all_community_items_multi_positive,7,42,42,42,1674,140,100,1.0,0.3069027389162509,0.5,0.1,0.08606580756692922
all_community_items_multi_positive,7,42,42,42,1674,140,150,1.0,0.3069027389162509,0.5,0.06666666666666667,0.08606580756692922
all_community_items_multi_positive,7,42,42,42,1674,140,200,1.0,0.34507750099751705,0.6,0.06,0.09271415921528087
all_community_items_multi_positive,7,42,42,42,1674,140,250,1.0,0.3996213933924626,0.75,0.06,0.10208203166068416
all_community_items_multi_positive,7,42,42,42,1674,140,300,1.0,0.3996213933924626,0.75,0.05,0.10208203166068416
all_community_items_multi_positive,7,42,42,42,1680,141,50,1.0,0.02543258609441271,0.05,0.02,0.0010638297872340426
all_community_items_multi_positive,7,42,42,42,1680,141,100,1.0,0.02543258609441271,0.05,0.01,0.0010638297872340426
all_community_items_multi_positive,7,42,42,42,1680,141,150,1.0,0.02543258609441271,0.05,0.006666666666666667,0.0010638297872340426
all_community_items_multi_positive,7,42,42,42,1680,141,200,1.0,0.02543258609441271,0.05,0.005,0.0010638297872340426
all_community_items_multi_positive,7,42,42,42,1680,141,250,1.0,0.043610730088682124,0.1,0.008,0.001510258358662614
all_community_items_multi_positive,7,42,42,42,1680,141,300,1.0,0.043610730088682124,0.1,0.006666666666666667,0.001510258358662614
all_community_items_multi_positive,7,42,42,42,1682,142,50,1.0,0.2663293377628845,0.35,0.14,0.08292146697388633
all_community_items_multi_positive,7,42,42,42,1682,142,100,1.0,0.3137702032319544,0.45,0.09,0.09651009402306665
all_community_items_multi_positive,7,42,42,42,1682,142,150,1.0,0.35452662750475017,0.55,0.07333333333333333,0.10495011450699956
all_community_items_multi_positive,7,42,42,42,1682,142,200,1.0,0.43070990792657704,0.75,0.075,0.12034129621844833
all_community_items_multi_positive,7,42,42,42,1682,142,250,1.0,0.448673991015389,0.8,0.064,0.12368857655317637
all_community_items_multi_positive,7,42,42,42,1682,142,300,1.0,0.4663672773710523,0.85,0.056666666666666664,0.12695780732240716
all_community_items_multi_positive,7,42,42,42,1685,143,50,1.0,0.30354438230833997,0.25,0.1,0.10619627161209311
all_community_items_multi_positive,7,42,42,42,1685,143,100,1.0,0.32822601849675537,0.3,0.06,0.11185664897058367
all_community_items_multi_positive,7,42,42,42,1685,143,150,1.0,0.3481208315771226,0.35,0.04666666666666667,0.11435664897058366
all_community_items_multi_positive,7,42,42,42,1685,143,200,1.0,0.3481208315771226,0.35,0.035,0.11435664897058366
all_community_items_multi_positive,7,42,42,42,1685,143,250,1.0,0.3481208315771226,0.35,0.028,0.11435664897058366
all_community_items_multi_positive,7,42,42,42,1685,143,300,1.0,0.40029736910677477,0.5,0.03333333333333333,0.11905713064195678
all_community_items_multi_positive,7,42,42,42,1688,144,50,1.0,0.09443117053448859,0.15,0.06,0.013229405034324942
all_community_items_multi_positive,7,42,42,42,1688,144,100,1.0,0.11625731095328345,0.2,0.04,0.015451627256547164
all_community_items_multi_positive,7,42,42,42,1688,144,150,1.0,0.1372437428850614,0.25,0.03333333333333333,0.01776644207136198
all_community_items_multi_positive,7,42,42,42,1688,144,200,1.0,0.2134654045485134,0.45,0.045,0.02629348479981925
all_community_items_multi_positive,7,42,42,42,1688,144,250,1.0,0.2134654045485134,0.45,0.036,0.02629348479981925
all_community_items_multi_positive,7,42,42,42,1688,144,300,1.0,0.2134654045485134,0.45,0.03,0.02629348479981925
all_community_items_multi_positive,7,42,42,42,1695,145,50,1.0,0.3303887734682161,0.4,0.16,0.1134889509026999
all_community_items_multi_positive,7,42,42,42,1695,145,100,1.0,0.35484741970906464,0.45,0.09,0.12167076908451809
all_community_items_multi_positive,7,42,42,42,1695,145,150,1.0,0.39481191514186464,0.55,0.07333333333333333,0.1293313073205959
all_community_items_multi_positive,7,42,42,42,1695,145,200,1.0,0.39481191514186464,0.55,0.055,0.1293313073205959
all_community_items_multi_positive,7,42,42,42,1695,145,250,1.0,0.4309911325627856,0.65,0.052,0.13475865049611485
all_community_items_multi_positive,7,42,42,42,1695,145,300,1.0,0.4486601798342972,0.7,0.04666666666666667,0.1374304062213057
all_community_items_multi_positive,7,42,42,42,1696,146,50,1.0,0.02769198719673247,0.05,0.02,0.0014705882352941176
all_community_items_multi_positive,7,42,42,42,1696,146,100,1.0,0.049165346267807,0.1,0.02,0.0025015160703456643
all_community_items_multi_positive,7,42,42,42,1696,146,150,1.0,0.06926699454950033,0.15,0.02,0.0036293356192178446
all_community_items_multi_positive,7,42,42,42,1696,146,200,1.0,0.08886432625159019,0.2,0.02,0.004953838930476123
all_community_items_multi_positive,7,42,42,42,1696,146,250,1.0,0.10718052227558547,0.25,0.02,0.006116629628150541
all_community_items_multi_positive,7,42,42,42,1696,146,300,1.0,0.10718052227558547,0.25,0.016666666666666666,0.006116629628150541
all_community_items_multi_positive,7,42,42,42,1699,147,50,1.0,0.06777906507753283,0.1,0.04,0.007670454545454545
all_community_items_multi_positive,7,42,42,42,1699,147,100,1.0,0.09072641007617005,0.15,0.03,0.00975378787878788
all_community_items_multi_positive,7,42,42,42,1699,147,150,1.0,0.1103495238351972,0.2,0.02666666666666667,0.011087121212121211
all_community_items_multi_positive,7,42,42,42,1699,147,200,1.0,0.12893177291304692,0.25,0.025,0.012343402619156387
all_community_items_multi_positive,7,42,42,42,1699,147,250,1.0,0.12893177291304692,0.25,0.02,0.012343402619156387
all_community_items_multi_positive,7,42,42,42,1699,147,300,1.0,0.14634970152091964,0.3,0.02,0.013399740647325404
all_community_items_multi_positive,7,42,42,42,1705,148,50,1.0,0.14131817298685953,0.2,0.08,0.024085040511165272
all_community_items_multi_positive,7,42,42,42,1705,148,100,1.0,0.18737103240972883,0.3,0.06,0.03178111894253782
all_community_items_multi_positive,7,42,42,42,1705,148,150,1.0,0.18737103240972883,0.3,0.04,0.03178111894253782
all_community_items_multi_positive,7,42,42,42,1705,148,200,1.0,0.20656335149242028,0.35,0.035,0.033864452275871156
all_community_items_multi_positive,7,42,42,42,1705,148,250,1.0,0.22489537321554806,0.4,0.032,0.03573361115437583
all_community_items_multi_positive,7,42,42,42,1705,148,300,1.0,0.26034340474044343,0.5,0.03333333333333333,0.03942192558487776
all_community_items_multi_positive,7,42,42,42,1707,149,50,1.0,0.3976443306985728,0.45,0.18,0.16846534767753255
all_community_items_multi_positive,7,42,42,42,1707,149,100,1.0,0.4447330928599737,0.55,0.11,0.18473518894737379
all_community_items_multi_positive,7,42,42,42,1707,149,150,1.0,0.4447330928599737,0.55,0.07333333333333333,0.18473518894737379
all_community_items_multi_positive,7,42,42,42,1707,149,200,1.0,0.4633153419378234,0.6,0.06,0.1877502643242582
all_community_items_multi_positive,7,42,42,42,1707,149,250,1.0,0.4633153419378234,0.6,0.048,0.1877502643242582
all_community_items_multi_positive,7,42,42,42,1707,149,300,1.0,0.48067984294518096,0.65,0.043333333333333335,0.1899993992723551
all_community_items_multi_positive,7,42,42,42,1709,150,50,1.0,0.026689582628918167,0.05,0.02,0.001282051282051282
all_community_items_multi_positive,7,42,42,42,1709,150,100,1.0,0.07259086425575659,0.15,0.03,0.004665581590857992
all_community_items_multi_positive,7,42,42,42,1709,150,150,1.0,0.07259086425575659,0.15,0.02,0.004665581590857992
all_community_items_multi_positive,7,42,42,42,1709,150,200,1.0,0.07259086425575659,0.15,0.015,0.004665581590857992
all_community_items_multi_positive,7,42,42,42,1709,150,250,1.0,0.10894422087260272,0.25,0.02,0.006663870760906532
all_community_items_multi_positive,7,42,42,42,1709,150,300,1.0,0.12624623031312718,0.3,0.02,0.007680819913448905
all_community_items_multi_positive,7,42,42,42,1727,151,50,1.0,0.16952406909897508,0.25,0.1,0.031194638694638697
all_community_items_multi_positive,7,42,42,42,1727,151,100,1.0,0.21804250200582576,0.35,0.07,0.04258352758352759
all_community_items_multi_positive,7,42,42,42,1727,151,150,1.0,0.2808101788102033,0.5,0.06666666666666667,0.05487160524281115
all_community_items_multi_positive,7,42,42,42,1727,151,200,1.0,0.31954366771384535,0.6,0.06,0.06203445017091065
all_community_items_multi_positive,7,42,42,42,1727,151,250,1.0,0.33775182849733504,0.65,0.052,0.06496237809883858
all_community_items_multi_positive,7,42,42,42,1727,151,300,1.0,0.3904919548743189,0.8,0.05333333333333334,0.07329568338041346
all_community_items_multi_positive,7,42,42,42,1778,152,50,1.0,0.30253598654385094,0.3,0.12,0.09144419963107193
all_community_items_multi_positive,7,42,42,42,1778,152,100,1.0,0.3950983767115598,0.5,0.1,0.11556947143076235
all_community_items_multi_positive,7,42,42,42,1778,152,150,1.0,0.4159248154921864,0.55,0.07333333333333333,0.12048018571647663
all_community_items_multi_positive,7,42,42,42,1778,152,200,1.0,0.45336098441112893,0.65,0.065,0.1270050084115121
all_community_items_multi_positive,7,42,42,42,1778,152,250,1.0,0.47170893317628787,0.7,0.056,0.1302913933880379
all_community_items_multi_positive,7,42,42,42,1778,152,300,1.0,0.47170893317628787,0.7,0.04666666666666667,0.1302913933880379
all_community_items_multi_positive,7,42,42,42,1797,153,50,1.0,0.1557710224310903,0.25,0.1,0.026476869535693066
all_community_items_multi_positive,7,42,42,42,1797,153,100,1.0,0.2226987814961097,0.4,0.08,0.0392096218958964
all_community_items_multi_positive,7,42,42,42,1797,153,150,1.0,0.24319299916957934,0.45,0.06,0.04292863016035921
all_community_items_multi_positive,7,42,42,42,1797,153,200,1.0,0.28134279245621924,0.55,0.055,0.04897276827421699
all_community_items_multi_positive,7,42,42,42,1797,153,250,1.0,0.3171805202331456,0.65,0.052,0.05412595976357869
all_community_items_multi_positive,7,42,42,42,1797,153,300,1.0,0.3171805202331456,0.65,0.043333333333333335,0.05412595976357869
all_community_items_multi_positive,7,42,42,42,1805,154,50,0.0,0.0,0.0,0.0,0.0
all_community_items_multi_positive,7,42,42,42,1805,154,100,0.0,0.0,0.0,0.0,0.0
all_community_items_multi_positive,7,42,42,42,1805,154,150,1.0,0.1036378607282396,0.25,0.03333333333333333,0.0062749187291973475
all_community_items_multi_positive,7,42,42,42,1805,154,200,1.0,0.12245885264598959,0.3,0.03,0.007887821955003798
all_community_items_multi_positive,7,42,42,42,1805,154,250,1.0,0.12245885264598959,0.3,0.024,0.007887821955003798
all_community_items_multi_positive,7,42,42,42,1805,154,300,1.0,0.19293327452221334,0.5,0.03333333333333333,0.014235861170690072
all_community_items_multi_positive,7,42,42,42,1814,155,50,1.0,0.2708146374685082,0.35,0.14,0.07129233511586452
all_community_items_multi_positive,7,42,42,42,1814,155,100,1.0,0.2931565765561445,0.4,0.08,0.0762306067208028
all_community_items_multi_positive,7,42,42,42,1814,155,150,1.0,0.3136507942296142,0.45,0.06,0.07994961498526561
all_community_items_multi_positive,7,42,42,42,1814,155,200,1.0,0.33282106623414404,0.5,0.05,0.08290819486692241
all_community_items_multi_positive,7,42,42,42,1814,155,250,1.0,0.36910441465834437,0.6,0.048,0.0879832582321008
all_community_items_multi_positive,7,42,42,42,1814,155,300,1.0,0.36910441465834437,0.6,0.04,0.0879832582321008
all_community_items_multi_positive,7,42,42,42,1824,156,50,1.0,0.2717814786333833,0.2,0.08,0.09553291536050157
all_community_items_multi_positive,7,42,42,42,1824,156,100,1.0,0.3165762216655569,0.3,0.06,0.10235074541776826
all_community_items_multi_positive,7,42,42,42,1824,156,150,1.0,0.33714119770904133,0.35,0.04666666666666667,0.10529192188835648
all_community_items_multi_positive,7,42,42,42,1824,156,200,1.0,0.3747686491422664,0.45,0.045,0.10984077246306911
all_community_items_multi_positive,7,42,42,42,1824,156,250,1.0,0.3932817050929886,0.5,0.04,0.11230382665026124
all_community_items_multi_positive,7,42,42,42,1824,156,300,1.0,0.41071047159958546,0.55,0.03666666666666667,0.11424728954778773
all_community_items_multi_positive,7,42,42,42,1831,157,50,1.0,0.15154523196549882,0.15,0.06,0.035403726708074526
all_community_items_multi_positive,7,42,42,42,1831,157,100,1.0,0.29224315201221573,0.45,0.09,0.06408518972008981
all_community_items_multi_positive,7,42,42,42,1831,157,150,1.0,0.3323363959297996,0.55,0.07333333333333333,0.07186186793219602
all_community_items_multi_positive,7,42,42,42,1831,157,200,1.0,0.38909791673983635,0.7,0.07,0.0826148286586463
all_community_items_multi_positive,7,42,42,42,1831,157,250,1.0,0.38909791673983635,0.7,0.056,0.0826148286586463
all_community_items_multi_positive,7,42,42,42,1831,157,300,1.0,0.4067192289487836,0.75,0.05,0.08543437753082675
all_community_items_multi_positive,7,42,42,42,1832,158,50,1.0,0.402803615439742,0.45,0.18,0.14242543171114597
all_community_items_multi_positive,7,42,42,42,1832,158,100,1.0,0.47404204630143404,0.6,0.12,0.1688577713013803
all_community_items_multi_positive,7,42,42,42,1832,158,150,1.0,0.5160790973354904,0.7,0.09333333333333334,0.18143376574292971
all_community_items_multi_positive,7,42,42,42,1832,158,200,1.0,0.5539898664854667,0.8,0.08,0.1900834958750719
all_community_items_multi_positive,7,42,42,42,1832,158,250,1.0,0.5720232231832646,0.85,0.068,0.19371597450755054
all_community_items_multi_positive,7,42,42,42,1832,158,300,1.0,0.589284514867539,0.9,0.06,0.19672600795236658
all_community_items_multi_positive,7,42,42,42,1846,159,50,1.0,0.17490501020123428,0.1,0.04,0.055263157894736833
all_community_items_multi_positive,7,42,42,42,1846,159,100,1.0,0.22161703954845477,0.2,0.04,0.06043710972346119
all_community_items_multi_positive,7,42,42,42,1846,159,150,1.0,0.24145539040038067,0.25,0.03333333333333333,0.06219767310374288
all_community_items_multi_positive,7,42,42,42,1846,159,200,1.0,0.24145539040038067,0.25,0.025,0.06219767310374288
all_community_items_multi_positive,7,42,42,42,1846,159,250,1.0,0.2962229619578225,0.4,0.032,0.06696294302630915
all_community_items_multi_positive,7,42,42,42,1846,159,300,1.0,0.2962229619578225,0.4,0.02666666666666667,0.06696294302630915
all_community_items_multi_positive,7,42,42,42,1855,160,50,1.0,0.1882776485374864,0.3,0.12,0.03576816594258454
all_community_items_multi_positive,7,42,42,42,1855,160,100,1.0,0.21177711545324293,0.35,0.07,0.041152781327199926
all_community_items_multi_positive,7,42,42,42,1855,160,150,1.0,0.21177711545324293,0.35,0.04666666666666667,0.041152781327199926
all_community_items_multi_positive,7,42,42,42,1855,160,200,1.0,0.21177711545324293,0.35,0.035,0.041152781327199926
all_community_items_multi_positive,7,42,42,42,1855,160,250,1.0,0.21177711545324293,0.35,0.028,0.041152781327199926
all_community_items_multi_positive,7,42,42,42,1855,160,300,1.0,0.21177711545324293,0.35,0.023333333333333334,0.041152781327199926
all_community_items_multi_positive,7,42,42,42,1875,161,50,1.0,0.13044374378316065,0.15,0.06,0.027361111111111107
all_community_items_multi_positive,7,42,42,42,1875,161,100,1.0,0.15182290004067645,0.2,0.04,0.02938131313131313
all_community_items_multi_positive,7,42,42,42,1875,161,150,1.0,0.15182290004067645,0.2,0.02666666666666667,0.02938131313131313
all_community_items_multi_positive,7,42,42,42,1875,161,200,1.0,0.20973684521193564,0.35,0.035,0.03486816261001128
all_community_items_multi_positive,7,42,42,42,1875,161,250,1.0,0.20973684521193564,0.35,0.028,0.03486816261001128
all_community_items_multi_positive,7,42,42,42,1875,161,300,1.0,0.20973684521193564,0.35,0.023333333333333334,0.03486816261001128
all_community_items_multi_positive,7,42,42,42,1888,162,50,1.0,0.06222006058809831,0.1,0.04,0.005844155844155844
all_community_items_multi_positive,7,42,42,42,1888,162,100,1.0,0.06222006058809831,0.1,0.02,0.005844155844155844
all_community_items_multi_positive,7,42,42,42,1888,162,150,1.0,0.06222006058809831,0.1,0.013333333333333334,0.005844155844155844
all_community_items_multi_positive,7,42,42,42,1888,162,200,1.0,0.06222006058809831,0.1,0.01,0.005844155844155844
all_community_items_multi_positive,7,42,42,42,1888,162,250,1.0,0.08017052515270591,0.15,0.012,0.006469155844155844
all_community_items_multi_positive,7,42,42,42,1888,162,300,1.0,0.11516037412153152,0.25,0.016666666666666666,0.008093074100854834
all_community_items_multi_positive,7,42,42,42,1924,163,50,1.0,0.02726582419775793,0.05,0.02,0.0013888888888888887
all_community_items_multi_positive,7,42,42,42,1924,163,100,1.0,0.07298499454405663,0.15,0.03,0.004720376522702104
all_community_items_multi_positive,7,42,42,42,1924,163,150,1.0,0.07298499454405663,0.15,0.02,0.004720376522702104
all_community_items_multi_positive,7,42,42,42,1924,163,200,1.0,0.09169304108767806,0.2,0.02,0.00576204318936877
all_community_items_multi_positive,7,42,42,42,1924,163,250,1.0,0.09169304108767806,0.2,0.016,0.00576204318936877
all_community_items_multi_positive,7,42,42,42,1924,163,300,1.0,0.09169304108767806,0.2,0.013333333333333334,0.00576204318936877
all_community_items_multi_positive,7,42,42,42,1931,164,50,0.0,0.0,0.0,0.0,0.0
all_community_items_multi_positive,7,42,42,42,1931,164,100,1.0,0.06556352440932152,0.15,0.03,0.003236111111111111
all_community_items_multi_positive,7,42,42,42,1931,164,150,1.0,0.08585495864270112,0.2,0.02666666666666667,0.004810914260717411
all_community_items_multi_positive,7,42,42,42,1931,164,200,1.0,0.08585495864270112,0.2,0.02,0.004810914260717411
all_community_items_multi_positive,7,42,42,42,1931,164,250,1.0,0.10403310263697053,0.25,0.02,0.005926985689288839
all_community_items_multi_positive,7,42,42,42,1931,164,300,1.0,0.10403310263697053,0.25,0.016666666666666666,0.005926985689288839
all_community_items_multi_positive,7,42,42,42,1941,165,50,1.0,0.16237036006951375,0.25,0.1,0.03466440422322775
all_community_items_multi_positive,7,42,42,42,1941,165,100,1.0,0.2091189907792835,0.35,0.07,0.04443373936569722
all_community_items_multi_positive,7,42,42,42,1941,165,150,1.0,0.2091189907792835,0.35,0.04666666666666667,0.04443373936569722
all_community_items_multi_positive,7,42,42,42,1941,165,200,1.0,0.2091189907792835,0.35,0.035,0.04443373936569722
all_community_items_multi_positive,7,42,42,42,1941,165,250,1.0,0.2091189907792835,0.35,0.028,0.04443373936569722
all_community_items_multi_positive,7,42,42,42,1941,165,300,1.0,0.2091189907792835,0.35,0.023333333333333334,0.04443373936569722
all_community_items_multi_positive,7,42,42,42,1949,166,50,1.0,0.313503809259929,0.3,0.12,0.09988651761517614
all_community_items_multi_positive,7,42,42,42,1949,166,100,1.0,0.35813572330513704,0.4,0.08,0.10907398047910959
all_community_items_multi_positive,7,42,42,42,1949,166,150,1.0,0.37896216208576367,0.45,0.06,0.11309183762196673
all_community_items_multi_positive,7,42,42,42,1949,166,200,1.0,0.39763363207266983,0.5,0.05,0.11566915720959559
all_community_items_multi_positive,7,42,42,42,1949,166,250,1.0,0.4700077675132679,0.7,0.056,0.12652132140386502
all_community_items_multi_positive,7,42,42,42,1949,166,300,1.0,0.4875939112015702,0.75,0.05,0.12930942549308436
all_community_items_multi_positive,7,42,42,42,1964,167,50,0.0,0.0,0.0,0.0,0.0
all_community_items_multi_positive,7,42,42,42,1964,167,100,0.0,0.0,0.0,0.0,0.0
all_community_items_multi_positive,7,42,42,42,1964,167,150,0.0,0.0,0.0,0.0,0.0
all_community_items_multi_positive,7,42,42,42,1964,167,200,1.0,0.05714679010576668,0.15,0.015,0.0016691564275872494
all_community_items_multi_positive,7,42,42,42,1964,167,250,1.0,0.11114677203224667,0.3,0.024,0.004815405577696791
all_community_items_multi_positive,7,42,42,42,1964,167,300,1.0,0.12875630203864574,0.35,0.023333333333333334,0.006126267000917765
all_community_items_multi_positive,7,42,42,42,1966,168,50,1.0,0.23709603183074224,0.2,0.08,0.07037373737373737
all_community_items_multi_positive,7,42,42,42,1966,168,100,1.0,0.307557787652955,0.35,0.07,0.08397439580412429
all_community_items_multi_positive,7,42,42,42,1966,168,150,1.0,0.32781672869980066,0.4,0.05333333333333334,0.08709939580412429
all_community_items_multi_positive,7,42,42,42,1966,168,200,1.0,0.3664509831573182,0.5,0.05,0.09294320734782979
all_community_items_multi_positive,7,42,42,42,1966,168,250,1.0,0.3846142554195415,0.55,0.044,0.09538765179227424
all_community_items_multi_positive,7,42,42,42,1966,168,300,1.0,0.4196965356897291,0.65,0.043333333333333335,0.09996236813571997
all_community_items_multi_positive,7,42,42,42,1977,169,50,1.0,0.0830781218385459,0.15,0.06,0.008487903225806451
all_community_items_multi_positive,7,42,42,42,1977,169,100,1.0,0.1291960519397881,0.25,0.05,0.014818031430934655
all_community_items_multi_positive,7,42,42,42,1977,169,150,1.0,0.1291960519397881,0.25,0.03333333333333333,0.014818031430934655
all_community_items_multi_positive,7,42,42,42,1977,169,200,1.0,0.16809635771669487,0.35,0.035,0.018952209468621466
all_community_items_multi_positive,7,42,42,42,1977,169,250,1.0,0.16809635771669487,0.35,0.028,0.018952209468621466
all_community_items_multi_positive,7,42,42,42,1977,169,300,1.0,0.18585136267090205,0.4,0.02666666666666667,0.02052083691960186
all_community_items_multi_positive,7,42,42,42,1997,170,50,1.0,0.3447702875600213,0.35,0.14,0.11530154629419334
all_community_items_multi_positive,7,42,42,42,1997,170,100,1.0,0.41326809786731517,0.5,0.1,0.13355862690421513
all_community_items_multi_positive,7,42,42,42,1997,170,150,1.0,0.41326809786731517,0.5,0.06666666666666667,0.13355862690421513
all_community_items_multi_positive,7,42,42,42,1997,170,200,1.0,0.41326809786731517,0.5,0.05,0.13355862690421513
all_community_items_multi_positive,7,42,42,42,1997,170,250,1.0,0.43115160812570663,0.55,0.044,0.1358035248633988
all_community_items_multi_positive,7,42,42,42,1997,170,300,1.0,0.43115160812570663,0.55,0.03666666666666667,0.1358035248633988
all_community_items_multi_positive,7,42,42,42,1998,171,50,1.0,0.32824998843666175,0.35,0.14,0.1030938003220612
all_community_items_multi_positive,7,42,42,42,1998,171,100,1.0,0.3497714907701058,0.4,0.08,0.10726046698872786
all_community_items_multi_positive,7,42,42,42,1998,171,150,1.0,0.3697531396337062,0.45,0.06,0.11054513852157458
all_community_items_multi_positive,7,42,42,42,1998,171,200,1.0,0.388317912865786,0.5,0.05,0.11304513852157456
all_community_items_multi_positive,7,42,42,42,1998,171,250,1.0,0.388317912865786,0.5,0.04,0.11304513852157456
all_community_items_multi_positive,7,42,42,42,1998,171,300,1.0,0.40573584147365876,0.55,0.03666666666666667,0.11498175823988441
all_community_items_multi_positive,7,42,42,42,2008,172,50,1.0,0.3159296601440994,0.3,0.12,0.10918353576248312
all_community_items_multi_positive,7,42,42,42,2008,172,100,1.0,0.38764167209122824,0.45,0.09,0.1288732496894852
all_community_items_multi_positive,7,42,42,42,2008,172,150,1.0,0.42835027852385577,0.55,0.07333333333333333,0.13725123157492977
all_community_items_multi_positive,7,42,42,42,2008,172,200,1.0,0.46593656912818515,0.65,0.065,0.1439152425014037
all_community_items_multi_positive,7,42,42,42,2008,172,250,1.0,0.46593656912818515,0.65,0.052,0.1439152425014037
all_community_items_multi_positive,7,42,42,42,2008,172,300,1.0,0.46593656912818515,0.65,0.043333333333333335,0.1439152425014037
all_community_items_multi_positive,7,42,42,42,2010,173,50,1.0,0.2526147794733763,0.3,0.12,0.06935185185185186
all_community_items_multi_positive,7,42,42,42,2010,173,100,1.0,0.3229148317176176,0.45,0.09,0.08742488992488992
all_community_items_multi_positive,7,42,42,42,2010,173,150,1.0,0.3640029119310889,0.55,0.07333333333333333,0.09618985790038422
all_community_items_multi_positive,7,42,42,42,2010,173,200,1.0,0.382638319167639,0.6,0.06,0.09925108239018013
all_community_items_multi_positive,7,42,42,42,2010,173,250,1.0,0.382638319167639,0.6,0.048,0.09925108239018013
all_community_items_multi_positive,7,42,42,42,2010,173,300,1.0,0.39991987742746044,0.65,0.043333333333333335,0.10143963457873233
all_community_items_multi_positive,7,42,42,42,2013,174,50,1.0,0.36537619589263665,0.4,0.16,0.12168019480519479
all_community_items_multi_positive,7,42,42,42,2013,174,100,1.0,0.4577520991724462,0.6,0.12,0.15135865778957883
all_community_items_multi_positive,7,42,42,42,2013,174,150,1.0,0.4577520991724462,0.6,0.08,0.15135865778957883
all_community_items_multi_positive,7,42,42,42,2013,174,200,1.0,0.4577520991724462,0.6,0.06,0.15135865778957883
all_community_items_multi_positive,7,42,42,42,2013,174,250,1.0,0.4577520991724462,0.6,0.048,0.15135865778957883
all_community_items_multi_positive,7,42,42,42,2013,174,300,1.0,0.47529216794205886,0.65,0.043333333333333335,0.1537396101705312
all_community_items_multi_positive,7,42,42,42,2016,175,50,0.0,0.0,0.0,0.0,0.0
all_community_items_multi_positive,7,42,42,42,2016,175,100,0.0,0.0,0.0,0.0,0.0
all_community_items_multi_positive,7,42,42,42,2016,175,150,0.0,0.0,0.0,0.0,0.0
all_community_items_multi_positive,7,42,42,42,2016,175,200,0.0,0.0,0.0,0.0,0.0
all_community_items_multi_positive,7,42,42,42,2016,175,250,0.0,0.0,0.0,0.0,0.0
all_community_items_multi_positive,7,42,42,42,2016,175,300,0.0,0.0,0.0,0.0,0.0
all_community_items_multi_positive,7,42,42,42,2032,176,50,1.0,0.3009571116887031,0.4,0.16,0.0944551282051282
all_community_items_multi_positive,7,42,42,42,2032,176,100,1.0,0.34651098348884246,0.5,0.1,0.10720341278439868
all_community_items_multi_positive,7,42,42,42,2032,176,150,1.0,0.34651098348884246,0.5,0.06666666666666667,0.10720341278439868
all_community_items_multi_positive,7,42,42,42,2032,176,200,1.0,0.34651098348884246,0.5,0.05,0.10720341278439868
all_community_items_multi_positive,7,42,42,42,2032,176,250,1.0,0.38340283281009846,0.6,0.048,0.11275715301079617
all_community_items_multi_positive,7,42,42,42,2032,176,300,1.0,0.41815305518069756,0.7,0.04666666666666667,0.11744410670188521
all_community_items_multi_positive,7,42,42,42,2034,177,50,1.0,0.39245088329711936,0.35,0.14,0.15986349986349985
all_community_items_multi_positive,7,42,42,42,2034,177,100,1.0,0.46110253388845124,0.5,0.1,0.17828676963170637
all_community_items_multi_positive,7,42,42,42,2034,177,150,1.0,0.5020030638568672,0.6,0.08,0.1877082081100103
all_community_items_multi_positive,7,42,42,42,2034,177,200,1.0,0.5215495358549389,0.65,0.065,0.1919565741230822
all_community_items_multi_positive,7,42,42,42,2034,177,250,1.0,0.5396687279914325,0.7,0.056,0.1950267495616787
all_community_items_multi_positive,7,42,42,42,2034,177,300,1.0,0.5573988503690623,0.75,0.05,0.19794503749942188
all_community_items_multi_positive,7,42,42,42,2051,178,50,1.0,0.11668961474396426,0.15,0.06,0.019625
all_community_items_multi_positive,7,42,42,42,2051,178,100,1.0,0.16038340347134836,0.25,0.05,0.024611958141845733
all_community_items_multi_positive,7,42,42,42,2051,178,150,1.0,0.16038340347134836,0.25,0.03333333333333333,0.024611958141845733
all_community_items_multi_positive,7,42,42,42,2051,178,200,1.0,0.17916619720706858,0.3,0.03,0.0262077028226968
all_community_items_multi_positive,7,42,42,42,2051,178,250,1.0,0.19764535285551152,0.35,0.028,0.027915019895867532
all_community_items_multi_positive,7,42,42,42,2051,178,300,1.0,0.23255546539246982,0.45,0.03,0.030938169454198326
all_community_items_multi_positive,7,42,42,42,2052,179,50,0.0,0.0,0.0,0.0,0.0
all_community_items_multi_positive,7,42,42,42,2052,179,100,1.0,0.022803688257997664,0.05,0.01,0.0006756756756756757
all_community_items_multi_positive,7,42,42,42,2052,179,150,1.0,0.022803688257997664,0.05,0.006666666666666667,0.0006756756756756757
all_community_items_multi_positive,7,42,42,42,2052,179,200,1.0,0.041824516109848865,0.1,0.01,0.0012438574938574939
all_community_items_multi_positive,7,42,42,42,2052,179,250,1.0,0.059829923961536094,0.15,0.012,0.0018794507141964769
all_community_items_multi_positive,7,42,42,42,2052,179,300,1.0,0.059829923961536094,0.15,0.01,0.0018794507141964769
all_community_items_multi_positive,7,42,42,42,2084,180,50,1.0,0.2037733543694434,0.25,0.1,0.053814935064935066
all_community_items_multi_positive,7,42,42,42,2084,180,100,1.0,0.30078815019802674,0.45,0.09,0.07987900367963048
all_community_items_multi_positive,7,42,42,42,2084,180,150,1.0,0.3212823678714964,0.5,0.06666666666666667,0.08401123508458916
all_community_items_multi_positive,7,42,42,42,2084,180,200,1.0,0.3212823678714964,0.5,0.05,0.08401123508458916
all_community_items_multi_positive,7,42,42,42,2084,180,250,1.0,0.3212823678714964,0.5,0.04,0.08401123508458916
all_community_items_multi_positive,7,42,42,42,2084,180,300,1.0,0.33867877433506505,0.55,0.03666666666666667,0.08593431200766607
all_community_items_multi_positive,7,42,42,42,2092,181,50,1.0,0.26857080325417104,0.4,0.16,0.07858133707008812
all_community_items_multi_positive,7,42,42,42,2092,181,100,1.0,0.3154164729987819,0.5,0.1,0.09296958040569989
all_community_items_multi_positive,7,42,42,42,2092,181,150,1.0,0.3154164729987819,0.5,0.06666666666666667,0.09296958040569989
all_community_items_multi_positive,7,42,42,42,2092,181,200,1.0,0.3538522255128615,0.6,0.06,0.09985393756650841
all_community_items_multi_positive,7,42,42,42,2092,181,250,1.0,0.3905095251555738,0.7,0.056,0.10614966927382548
all_community_items_multi_positive,7,42,42,42,2092,181,300,1.0,0.40830235416196525,0.75,0.05,0.10912585975001594
