userID	artistID	rating
18	56	1.1
18	65	1.5
18	71	2.3
18	72	2.4
18	88	1.7
18	163	1.5
18	174	2.0
18	190	2.8
18	220	3.0
18	227	3.0
18	230	2.3
18	378	1.3
18	389	2.3
18	511	2.7
18	533	2.9
18	705	5.0
18	706	3.5
18	707	3.5
18	708	3.2
18	709	3.1
18	710	3.1
18	711	3.0
18	712	2.7
18	713	2.7
18	714	2.4
18	715	2.4
18	716	2.4
18	717	2.2
18	718	2.2
18	719	2.2
18	720	2.0
18	721	1.9
18	722	1.8
18	723	1.8
18	724	1.6
18	725	1.6
18	726	1.5
18	727	1.5
18	728	1.5
18	729	1.5
18	730	1.4
18	731	1.4
18	732	1.4
18	733	1.4
18	734	1.2
18	735	1.2
18	736	1.1
18	737	1.0
18	738	1.0
18	739	1.0
32	72	1.7
32	88	3.1
32	154	2.4
32	155	1.8
32	159	2.0
32	170	2.3
32	173	4.9
32	190	3.9
32	196	1.2
32	200	1.8
32	203	4.6
32	217	1.0
32	220	2.1
32	227	2.6
32	230	1.3
32	234	1.9
32	377	1.4
32	418	1.8
32	428	2.2
32	429	3.1
32	441	3.4
32	447	2.1
32	493	1.6
32	533	1.9
32	599	1.5
32	620	1.6
32	808	1.0
32	851	5.0
32	857	1.8
32	875	1.9
32	1089	4.1
32	1090	3.6
32	1091	2.8
32	1092	2.4
32	1093	2.4
32	1094	2.2
32	1095	2.0
32	1096	1.9
32	1097	1.9
32	1098	1.7
32	1099	1.7
32	1100	1.6
32	1101	1.6
32	1102	1.4
32	1103	1.3
32	1104	1.3
32	1105	1.2
32	1106	1.2
32	1107	1.1
32	1108	1.0
38	56	2.5
38	65	5.0
38	88	4.1
38	89	1.7
38	176	1.8
38	182	3.8
38	187	1.7
38	190	2.9
38	203	3.1
38	227	2.8
38	228	3.0
38	229	4.2
38	288	1.0
38	298	1.8
38	300	2.7
38	306	2.0
38	333	2.5
38	342	2.3
38	344	2.8
38	366	2.1
38	421	2.7
38	466	2.2
38	486	1.2
38	489	1.2
38	498	4.6
38	511	3.9
38	533	3.6
38	562	1.8
38	614	1.3
38	679	4.0
38	689	3.0
38	691	2.0
38	701	2.3
38	951	2.5
38	959	2.5
38	982	4.4
38	1090	2.4
38	1151	1.5
38	1239	2.5
38	1240	2.5
38	1241	2.4
38	1242	2.1
38	1243	1.8
38	1244	1.6
38	1245	1.6
38	1246	1.5
38	1247	1.4
38	1248	1.3
38	1249	1.0
42	65	4.7
42	89	1.0
42	154	4.5
42	173	1.7
42	182	3.3
42	184	3.1
42	190	5.0
42	191	1.4
42	204	3.4
42	221	3.4
42	225	1.6
42	228	1.3
42	229	4.1
42	288	2.0
42	289	1.7
42	291	2.6
42	302	2.2
42	319	1.1
42	377	1.5
42	378	3.9
42	425	1.8
42	472	1.4
42	511	1.1
42	534	1.2
42	538	3.4
42	689	2.1
42	962	1.1
42	966	3.0
42	1048	1.1
42	1052	1.3
42	1090	2.7
42	1375	3.9
42	1376	3.1
42	1377	2.9
42	1378	2.4
42	1379	2.3
42	1380	2.2
42	1381	2.2
42	1382	2.1
42	1383	2.1
42	1384	1.9
42	1385	1.5
42	1386	1.3
42	1387	1.3
42	1388	1.3
42	1389	1.2
42	1390	1.2
42	1391	1.1
42	1392	1.0
42	1393	1.0
50	56	2.2
50	59	1.4
50	65	3.4
50	159	2.4
50	163	2.4
50	171	1.8
50	173	1.3
50	207	4.0
50	220	1.2
50	221	1.0
50	227	3.5
50	228	3.8
50	229	2.4
50	230	1.3
50	250	1.5
50	424	2.1
50	428	1.5
50	429	1.2
50	511	2.0
50	533	5.0
50	604	2.2
50	703	1.4
50	706	1.2
50	709	1.1
50	718	1.3
50	733	1.0
50	757	1.6
50	868	1.2
50	959	1.6
50	969	2.6
50	982	1.6
50	1048	3.7
50	1090	1.7
50	1106	1.3
50	1151	2.0
50	1376	1.3
50	1394	2.4
50	1412	1.1
50	1509	3.4
50	1510	2.4
50	1511	2.2
50	1512	1.8
50	1513	1.5
50	1514	1.4
50	1515	1.4
50	1516	1.4
50	1517	1.3
50	1518	1.2
50	1519	1.1
50	1520	1.0
63	51	4.1
63	159	2.1
63	163	2.3
63	183	1.4
63	190	2.5
63	193	1.5
63	203	1.2
63	212	2.1
63	227	2.5
63	234	2.3
63	554	1.8
63	562	2.2
63	614	3.8
63	704	1.9
63	706	2.8
63	707	2.2
63	735	1.3
63	841	1.8
63	854	3.6
63	856	1.3
63	857	3.6
63	868	1.5
63	917	1.7
63	918	5.0
63	923	2.6
63	928	2.0
63	952	1.2
63	959	1.5
63	1109	2.5
63	1119	3.4
63	1343	1.5
63	1358	1.1
63	1400	1.9
63	1412	2.2
63	1527	2.3
63	1803	2.5
63	1804	1.8
63	1805	1.8
63	1806	1.8
63	1807	1.7
63	1808	1.7
63	1809	1.6
63	1810	1.5
63	1811	1.4
63	1812	1.2
63	1813	1.1
63	1814	1.1
63	1815	1.0
63	1816	1.0
63	1817	1.0
77	88	2.1
77	155	1.7
77	183	1.5
77	190	1.8
77	207	5.0
77	210	1.4
77	227	3.4
77	229	2.7
77	230	1.9
77	424	3.3
77	430	3.1
77	432	2.7
77	538	2.9
77	547	1.6
77	590	2.6
77	687	2.0
77	689	1.6
77	959	2.1
77	962	2.5
77	969	1.0
77	982	2.7
77	1239	2.0
77	1242	1.0
77	1390	3.9
77	1512	3.4
77	1515	2.6
77	1517	2.4
77	1988	1.1
77	2121	3.8
77	2122	2.5
77	2123	2.5
77	2124	2.5
77	2125	2.1
77	2126	1.9
77	2127	1.9
77	2128	1.9
77	2129	1.8
77	2130	1.8
77	2131	1.7
77	2132	1.7
77	2133	1.7
77	2134	1.7
77	2135	1.6
77	2136	1.4
77	2137	1.3
77	2138	1.1
77	2139	1.1
77	2140	1.1
77	2141	1.0
77	2142	1.0
83	154	2.9
83	163	3.5
83	196	1.8
83	200	1.2
83	384	2.2
83	959	2.2
83	1109	1.8
83	2298	5.0
83	2299	3.4
83	2300	3.0
83	2301	2.9
83	2302	2.8
83	2303	2.8
83	2304	2.8
83	2305	2.7
83	2306	2.7
83	2307	2.7
83	2308	2.6
83	2309	2.5
83	2310	2.5
83	2311	2.4
83	2312	2.3
83	2313	2.3
83	2314	2.2
83	2315	2.2
83	2316	2.1
83	2317	2.0
83	2318	2.0
83	2319	2.0
83	2320	2.0
83	2321	1.8
83	2322	1.8
83	2323	1.6
83	2324	1.4
83	2325	1.4
83	2326	1.3
83	2327	1.3
83	2328	1.3
83	2329	1.3
83	2330	1.3
83	2331	1.2
83	2332	1.2
83	2333	1.2
83	2334	1.2
83	2335	1.2
83	2336	1.1
83	2337	1.1
83	2338	1.1
83	2339	1.0
83	2340	1.0
94	59	1.6
94	72	2.0
94	76	1.4
94	88	3.8
94	154	3.3
94	159	2.3
94	199	4.6
94	203	5.0
94	210	1.1
94	217	2.3
94	222	2.1
94	227	2.0
94	331	1.1
94	418	1.7
94	424	3.2
94	427	1.1
94	429	4.6
94	433	2.5
94	440	1.5
94	441	1.4
94	533	3.6
94	599	1.8
94	612	2.9
94	620	2.8
94	858	2.2
94	859	2.1
94	1089	1.1
94	1098	2.8
94	1106	2.1
94	1107	1.3
94	1504	3.7
94	1954	1.2
94	1957	3.6
94	1958	1.2
94	1964	2.1
94	2139	2.9
94	2424	2.3
94	2530	2.3
94	2531	2.1
94	2532	1.8
94	2533	1.7
94	2534	1.5
94	2535	1.4
94	2536	1.4
94	2537	1.4
94	2538	1.4
94	2539	1.4
94	2540	1.3
94	2541	1.1
94	2542	1.0
125	56	1.5
125	65	1.8
125	67	1.3
125	88	2.1
125	89	1.1
125	166	1.4
125	176	2.1
125	227	5.0
125	292	1.2
125	306	1.0
125	377	1.4
125	389	1.6
125	430	1.4
125	499	2.6
125	512	1.9
125	538	1.4
125	701	1.5
125	706	1.4
125	728	1.4
125	730	1.1
125	733	3.4
125	788	1.1
125	959	2.0
125	1104	2.4
125	1239	1.6
125	1242	2.2
125	1249	1.6
125	1412	2.6
125	1414	1.6
125	1416	2.1
125	2014	1.0
125	2346	1.9
125	2786	1.4
125	3057	3.4
125	3058	2.4
125	3059	2.4
125	3060	2.2
125	3061	1.9
125	3062	1.9
125	3063	1.8
125	3064	1.6
125	3065	1.5
125	3066	1.5
125	3067	1.4
125	3068	1.2
125	3069	1.1
125	3070	1.1
125	3071	1.1
125	3072	1.1
125	3073	1.1
140	65	1.8
140	126	3.0
140	154	3.6
140	170	1.4
140	190	4.1
140	195	1.6
140	196	1.6
140	199	2.1
140	203	1.5
140	207	2.8
140	211	1.0
140	216	3.0
140	217	2.5
140	223	1.3
140	225	3.6
140	237	1.4
140	416	3.5
140	418	2.3
140	424	2.5
140	431	1.2
140	445	2.0
140	503	2.0
140	599	1.1
140	602	1.8
140	622	2.1
140	1090	1.4
140	1097	2.2
140	1151	2.2
140	1418	1.2
140	1633	1.9
140	1949	1.4
140	1964	1.2
140	2538	1.2
140	2632	1.1
140	3248	5.0
140	3249	4.3
140	3250	3.2
140	3251	2.5
140	3252	2.3
140	3253	2.3
140	3254	2.1
140	3255	2.0
140	3256	1.6
140	3257	1.6
140	3258	1.5
140	3259	1.5
140	3260	1.3
140	3261	1.1
140	3262	1.1
140	3263	1.1
149	71	1.5
149	89	3.8
149	159	2.4
149	173	3.3
149	198	3.2
149	230	1.8
149	291	1.1
149	300	1.4
149	302	2.2
149	306	2.3
149	342	1.8
149	366	2.2
149	378	3.6
149	436	2.1
149	486	2.2
149	488	1.9
149	492	1.4
149	497	2.6
149	498	5.0
149	518	1.5
149	536	2.4
149	546	1.3
149	572	2.4
149	680	2.7
149	687	1.1
149	697	1.1
149	966	1.2
149	972	3.1
149	982	1.6
149	1041	1.4
149	1044	2.5
149	1052	2.6
149	1116	1.8
149	1130	1.7
149	1400	1.2
149	1470	2.1
149	1857	2.4
149	1934	1.2
149	2352	1.7
149	2545	1.8
149	2786	1.5
149	2839	2.8
149	3367	3.4
149	3368	3.1
149	3369	2.2
149	3370	1.7
149	3371	1.5
149	3372	1.3
149	3373	1.1
149	3374	1.0
154	15	1.3
154	18	1.3
154	41	2.1
154	198	1.0
154	209	1.2
154	227	1.4
154	289	1.5
154	318	1.6
154	378	3.7
154	412	1.2
154	472	1.8
154	486	1.9
154	500	2.5
154	517	1.1
154	518	1.6
154	537	1.5
154	706	2.4
154	707	1.6
154	712	2.5
154	811	1.6
154	830	5.0
154	917	1.2
154	923	2.8
154	930	3.5
154	952	1.7
154	953	2.2
154	955	1.6
154	966	1.2
154	1104	2.1
154	1114	1.5
154	1116	2.0
154	1185	1.1
154	1339	1.6
154	1672	1.1
154	1689	1.9
154	1914	1.8
154	1917	1.5
154	2014	1.6
154	2100	2.0
154	2344	1.7
154	2940	2.6
154	2956	2.0
154	2983	1.7
154	3197	1.5
154	3239	1.3
154	3425	2.1
154	3426	1.8
154	3427	1.7
154	3428	1.3
154	3429	1.2
156	65	3.0
156	88	2.1
156	89	1.9
156	154	4.3
156	157	2.2
156	159	1.1
156	163	4.0
156	170	3.4
156	171	1.3
156	190	2.2
156	196	1.1
156	207	5.0
156	212	1.6
156	220	1.0
156	221	3.9
156	227	3.7
156	295	1.4
156	344	1.2
156	355	1.8
156	418	1.8
156	436	3.1
156	455	1.6
156	511	1.4
156	533	4.6
156	538	1.2
156	604	1.6
156	735	1.4
156	961	2.0
156	1048	2.6
156	1377	1.1
156	1512	3.4
156	1515	1.5
156	1687	1.8
156	1806	2.8
156	1958	1.6
156	2855	1.8
156	3057	2.1
156	3457	2.0
156	3458	2.0
156	3459	1.6
156	3460	1.5
156	3461	1.5
156	3462	1.5
156	3463	1.5
156	3464	1.4
156	3465	1.4
156	3466	1.3
156	3467	1.3
156	3468	1.3
156	3469	1.2
171	65	2.1
171	88	2.0
171	154	5.0
171	170	1.3
171	190	2.3
171	207	3.4
171	220	1.0
171	228	1.8
171	229	2.0
171	237	1.8
171	250	1.1
171	288	1.4
171	331	1.8
171	412	1.2
171	419	2.5
171	429	2.4
171	440	1.9
171	445	1.4
171	498	2.0
171	538	1.6
171	547	2.6
171	703	1.6
171	757	2.2
171	768	1.2
171	816	1.7
171	1179	1.5
171	1195	2.1
171	1400	2.0
171	1412	1.8
171	1512	1.1
171	1518	2.2
171	1609	1.4
171	1632	2.5
171	1639	1.2
171	1934	2.1
171	2125	1.8
171	2137	2.2
171	2271	2.2
171	2521	1.7
171	2582	2.6
171	2587	1.7
171	2602	1.9
171	2608	2.4
171	3030	2.3
171	3411	1.6
171	3707	1.8
171	3730	2.4
171	3731	1.5
171	3732	1.0
171	3733	1.0
177	152	2.2
177	154	1.6
177	163	3.2
177	188	3.3
177	206	1.4
177	220	1.7
177	227	4.3
177	250	1.6
177	370	1.7
177	407	3.2
177	429	2.0
177	436	3.5
177	506	1.1
177	599	2.6
177	607	1.7
177	610	1.3
177	724	2.5
177	733	1.3
177	854	1.5
177	917	3.9
177	928	1.1
177	936	1.3
177	943	1.2
177	957	1.8
177	959	1.2
177	1110	1.3
177	1113	1.7
177	1134	1.4
177	1353	1.5
177	1369	1.3
177	1411	1.7
177	1412	2.5
177	1418	1.0
177	1426	3.4
177	1427	2.5
177	1639	1.8
177	1893	1.0
177	1941	2.3
177	2343	1.0
177	2369	1.3
177	2381	1.9
177	2624	5.0
177	3421	2.1
177	3773	2.5
177	3774	1.9
177	3775	1.9
177	3776	1.8
177	3777	1.7
177	3778	1.2
177	3779	1.0
195	154	3.1
195	163	2.3
195	190	2.3
195	208	1.1
195	210	1.4
195	212	3.8
195	220	1.1
195	227	5.0
195	418	2.0
195	424	1.9
195	428	2.5
195	533	2.5
195	554	2.6
195	562	2.0
195	592	2.1
195	709	1.9
195	733	2.9
195	735	1.9
195	859	1.9
195	863	1.9
195	868	2.7
195	969	3.2
195	986	2.2
195	1098	1.2
195	1242	1.7
195	1400	2.8
195	1412	1.1
195	1416	2.4
195	1426	2.4
195	1510	3.6
195	2542	1.0
195	2606	1.5
195	2857	1.4
195	3458	1.6
195	3767	1.3
195	4058	4.1
195	4059	3.0
195	4060	2.8
195	4061	2.7
195	4062	2.4
195	4063	2.4
195	4064	2.3
195	4065	2.3
195	4066	2.1
195	4067	2.0
195	4068	1.7
195	4069	1.6
195	4070	1.6
195	4071	1.5
195	4072	1.1
196	51	3.6
196	59	1.0
196	65	2.0
196	154	2.4
196	172	1.7
196	182	1.7
196	190	3.7
196	206	1.0
196	207	3.1
196	212	1.1
196	220	1.6
196	226	2.2
196	227	5.0
196	229	1.9
196	234	1.9
196	298	1.0
196	420	1.6
196	424	3.1
196	425	1.2
196	436	1.7
196	437	1.4
196	486	1.6
196	498	2.8
196	534	2.7
196	538	1.6
196	599	1.4
196	683	1.2
196	709	3.1
196	716	2.0
196	733	2.0
196	857	1.3
196	868	2.3
196	965	1.8
196	969	1.1
196	982	1.5
196	1090	3.0
196	1151	1.2
196	1239	2.7
196	1412	2.5
196	1414	1.8
196	1810	2.7
196	1976	1.6
196	1977	2.3
196	2637	1.5
196	2821	2.2
196	3071	1.5
196	4073	2.4
196	4074	1.6
196	4075	1.5
196	4076	1.3
211	9	1.2
211	30	5.0
211	51	1.4
211	65	3.4
211	72	5.0
211	89	1.2
211	153	2.3
211	154	3.4
211	155	1.9
211	173	1.9
211	184	1.3
211	190	3.7
211	191	1.4
211	200	1.5
211	203	2.1
211	220	2.3
211	229	3.3
211	233	2.9
211	238	2.7
211	331	2.3
211	486	2.5
211	511	1.6
211	529	1.0
211	533	3.3
211	606	1.0
211	969	4.0
211	1048	1.1
211	1061	1.2
211	1062	3.1
211	1072	1.7
211	1090	2.9
211	1243	1.3
211	1304	1.2
211	1375	1.4
211	1410	1.1
211	1520	1.8
211	1713	2.9
211	1988	1.7
211	2129	1.1
211	3191	3.7
211	4308	3.0
211	4310	2.7
211	4311	2.7
211	4312	2.4
211	4313	2.2
211	4314	1.7
211	4315	1.6
211	4316	1.5
211	4317	1.1
211	4318	1.1
237	154	4.5
237	163	2.6
237	190	1.3
237	195	1.0
237	196	1.4
237	203	4.0
237	207	3.7
237	208	3.0
237	221	3.0
237	222	1.0
237	225	1.0
237	227	1.3
237	234	1.8
237	237	1.8
237	416	2.0
237	424	5.0
237	428	2.9
237	429	4.2
237	436	2.5
237	440	1.5
237	441	2.1
237	442	1.5
237	511	1.4
237	533	3.9
237	599	1.5
237	609	2.8
237	614	1.8
237	615	2.2
237	622	2.5
237	851	3.3
237	854	1.6
237	859	2.2
237	1089	2.0
237	1106	2.0
237	1122	1.4
237	1179	1.3
237	1384	2.0
237	1504	1.0
237	1512	1.2
237	2134	3.7
237	2279	1.4
237	2531	1.6
237	2606	3.2
237	3481	1.3
237	3693	2.4
237	4620	2.1
237	4621	1.7
237	4622	1.2
237	4623	1.1
237	4624	1.0
266	51	1.1
266	65	3.4
266	71	4.2
266	155	1.5
266	159	2.1
266	171	3.3
266	173	2.1
266	182	4.9
266	184	3.3
266	185	1.8
266	187	1.9
266	190	2.1
266	203	4.4
266	221	5.0
266	229	4.3
266	360	1.9
266	511	2.6
266	533	3.6
266	538	2.4
266	620	3.0
266	712	1.2
266	716	2.3
266	734	1.0
266	851	2.6
266	905	1.2
266	962	2.1
266	969	1.4
266	1090	1.5
266	1375	3.6
266	1377	1.7
266	1381	1.1
266	1383	1.3
266	1384	2.5
266	1385	1.6
266	1505	2.6
266	1795	1.3
266	1892	1.0
266	2444	1.3
266	2614	2.5
266	3071	1.2
266	3119	1.5
266	3171	1.1
266	3255	1.4
266	3273	1.6
266	3466	1.6
266	3676	1.7
266	4996	4.8
266	4997	2.6
266	4998	1.7
266	4999	1.1
277	10	1.4
277	13	1.6
277	15	1.0
277	17	1.2
277	26	1.4
277	30	1.4
277	31	1.4
277	154	4.3
277	159	3.5
277	162	1.1
277	182	2.4
277	190	5.0
277	198	2.7
277	220	3.2
277	227	2.2
277	229	3.1
277	234	1.1
277	237	1.5
277	425	1.2
277	515	1.1
277	755	2.1
277	758	2.5
277	954	1.4
277	1090	1.0
277	1132	1.8
277	1277	1.4
277	1297	1.3
277	1299	1.2
277	1326	1.7
277	1632	2.4
277	1788	1.7
277	1873	3.0
277	1974	2.0
277	3184	1.3
277	3244	1.1
277	3432	1.5
277	3707	2.2
277	4225	2.0
277	4226	3.0
277	4228	2.0
277	4312	1.1
277	4887	2.2
277	5111	2.5
277	5112	2.0
277	5113	1.8
277	5114	1.6
277	5115	1.6
277	5116	1.2
277	5117	1.2
277	5118	1.2
289	65	2.3
289	89	1.3
289	154	2.0
289	163	1.5
289	190	4.3
289	203	2.0
289	207	5.0
289	220	1.3
289	227	2.3
289	228	2.4
289	229	2.0
289	230	1.8
289	300	3.2
289	324	2.1
289	328	1.1
289	355	1.0
289	377	1.8
289	403	3.5
289	412	3.7
289	424	2.0
289	432	3.2
289	464	2.1
289	470	3.8
289	475	1.1
289	481	2.3
289	486	2.9
289	498	3.9
289	501	1.8
289	533	1.6
289	538	2.6
289	540	1.3
289	547	2.7
289	691	1.0
289	693	1.9
289	757	2.3
289	779	3.2
289	816	3.7
289	898	1.5
289	1043	1.2
289	1106	1.4
289	1186	1.3
289	1246	2.3
289	1390	1.7
289	1400	1.8
289	1512	1.2
289	1541	1.6
289	1672	1.4
289	3373	2.5
289	3398	2.5
289	5253	1.5
292	61	1.6
292	152	2.1
292	154	2.5
292	159	1.1
292	163	5.0
292	199	1.8
292	212	1.1
292	225	1.1
292	227	2.6
292	233	1.5
292	418	1.3
292	436	1.2
292	441	2.2
292	607	1.3
292	610	1.7
292	613	1.5
292	707	1.1
292	735	1.2
292	863	1.6
292	868	2.0
292	879	2.9
292	959	1.3
292	1110	1.2
292	1131	1.9
292	1169	1.0
292	1369	1.5
292	1411	2.7
292	1412	1.7
292	1425	1.8
292	1426	1.3
292	1709	1.8
292	1806	1.5
292	2475	1.8
292	3481	2.2
292	3511	1.7
292	4064	1.1
292	4675	1.3
292	4691	2.3
292	4780	1.3
292	4784	1.0
292	4790	2.5
292	5295	2.1
292	5296	2.1
292	5297	2.1
292	5298	1.7
292	5299	1.4
292	5300	1.2
292	5301	1.1
292	5302	1.0
292	5303	1.0
298	207	1.4
298	208	1.8
298	209	1.8
298	212	1.7
298	227	4.3
298	246	1.1
298	324	1.8
298	439	1.0
298	562	2.3
298	733	2.8
298	903	5.0
298	1045	2.2
298	1048	1.3
298	1100	2.3
298	1116	1.5
298	1160	1.6
298	1195	1.4
298	1244	1.2
298	1390	1.1
298	1416	3.3
298	1469	2.1
298	1763	2.5
298	1766	1.5
298	1934	1.8
298	2176	1.5
298	2184	2.8
298	2591	1.1
298	2608	1.0
298	2666	2.0
298	3200	1.1
298	3205	1.5
298	4104	1.9
298	4251	2.6
298	4385	1.4
298	5425	2.9
298	5426	2.1
298	5427	2.1
298	5428	2.0
298	5429	2.0
298	5430	1.9
298	5431	1.8
298	5432	1.6
298	5433	1.6
298	5434	1.6
298	5435	1.5
298	5436	1.5
298	5437	1.2
298	5438	1.1
298	5439	1.1
298	5440	1.1
315	53	1.7
315	56	3.3
315	65	5.0
315	88	1.9
315	89	1.6
315	154	3.5
315	173	1.8
315	190	4.3
315	199	2.7
315	203	1.2
315	207	2.7
315	209	1.4
315	220	1.6
315	227	3.5
315	228	3.1
315	229	2.9
315	230	2.5
315	298	1.5
315	300	2.0
315	302	1.5
315	306	1.8
315	316	1.7
315	328	2.7
315	331	1.0
315	377	2.2
315	424	1.4
315	475	1.3
315	486	1.6
315	511	1.0
315	525	1.9
315	526	1.4
315	533	2.5
315	534	2.3
315	546	2.0
315	614	1.3
315	679	2.0
315	689	2.9
315	701	1.3
315	709	1.2
315	903	2.3
315	982	1.9
315	1090	2.0
315	1375	1.1
315	1379	1.4
315	1398	2.7
315	1673	1.2
315	2083	1.7
315	2277	1.7
315	3200	1.6
315	4818	1.1
317	157	1.2
317	159	1.6
317	163	2.5
317	212	3.0
317	220	1.0
317	227	3.3
317	234	2.9
317	441	1.1
317	511	1.8
317	562	1.8
317	599	3.2
317	630	3.1
317	706	1.4
317	707	1.4
317	734	2.9
317	735	3.5
317	857	1.1
317	868	3.4
317	874	1.5
317	903	1.7
317	917	1.2
317	959	2.6
317	1103	1.4
317	1244	3.3
317	1249	2.8
317	1369	1.3
317	1412	1.5
317	1513	1.5
317	1639	1.7
317	1804	1.1
317	1811	2.6
317	2070	4.5
317	2343	1.3
317	2346	2.8
317	2786	2.7
317	3472	1.3
317	3478	5.0
317	4541	2.0
317	5242	1.0
317	5614	4.1
317	5615	3.7
317	5616	2.7
317	5617	2.6
317	5618	2.0
317	5619	1.7
317	5620	1.6
317	5621	1.5
317	5622	1.5
317	5623	1.2
317	5624	1.0
362	65	2.5
362	190	2.1
362	198	1.1
362	227	3.5
362	228	1.6
362	229	1.1
362	230	2.8
362	306	1.3
362	324	2.7
362	412	2.0
362	421	2.3
362	439	3.3
362	464	1.5
362	481	1.0
362	486	1.5
362	498	2.2
362	500	1.3
362	540	5.0
362	679	2.4
362	687	1.5
362	693	1.4
362	714	1.3
362	959	1.2
362	1047	1.3
362	1090	1.9
362	1133	1.8
362	1199	1.2
362	1241	2.3
362	1246	2.2
362	1249	1.2
362	1406	1.5
362	1513	1.9
362	1545	1.1
362	1681	1.9
362	2080	1.8
362	2983	2.5
362	2986	1.3
362	3293	2.0
362	3378	1.5
362	3382	1.8
362	4087	2.7
362	4823	3.0
362	4828	1.9
362	4834	1.7
362	4846	1.1
362	6120	3.3
362	6121	2.3
362	6122	1.7
362	6123	1.6
362	6124	1.5
364	154	4.3
364	159	1.7
364	162	2.0
364	163	1.3
364	190	1.2
364	211	1.5
364	212	3.8
364	227	3.3
364	235	2.8
364	418	3.6
364	433	2.8
364	438	2.0
364	554	2.1
364	615	1.0
364	618	2.8
364	624	1.9
364	630	3.2
364	715	5.0
364	718	4.6
364	737	1.0
364	1164	3.7
364	1639	1.0
364	1709	2.4
364	1755	1.7
364	1779	1.2
364	1901	1.5
364	2265	1.6
364	2415	1.2
364	2460	1.2
364	3203	1.1
364	3347	2.8
364	3693	1.4
364	3747	1.7
364	4532	2.6
364	4742	4.4
364	4799	1.4
364	5416	1.5
364	6136	2.8
364	6137	2.5
364	6138	2.5
364	6139	2.3
364	6140	2.3
364	6141	1.9
364	6142	1.7
364	6143	1.6
364	6144	1.5
364	6145	1.2
364	6146	1.2
364	6147	1.2
364	6148	1.0
383	56	1.2
383	65	5.0
383	88	4.4
383	154	3.4
383	171	2.7
383	172	1.6
383	182	1.0
383	184	1.0
383	190	1.8
383	191	1.1
383	203	3.2
383	221	3.2
383	229	3.4
383	230	1.6
383	237	1.4
383	293	2.6
383	311	1.1
383	333	2.7
383	362	1.6
383	420	1.4
383	461	2.3
383	498	4.1
383	499	1.1
383	538	2.7
383	546	1.0
383	680	3.7
383	693	2.7
383	701	1.6
383	757	1.2
383	790	1.8
383	898	1.5
383	962	1.3
383	972	1.0
383	1059	1.7
383	1090	1.3
383	1239	1.2
383	1432	3.0
383	1433	1.0
383	1443	1.2
383	1520	1.4
383	1632	3.0
383	1768	1.2
383	1772	1.6
383	3187	1.4
383	3205	2.5
383	3255	1.6
383	5147	1.0
383	5149	2.1
383	6345	2.1
383	6346	1.1
393	56	1.4
393	65	1.1
393	190	2.8
393	203	1.9
393	206	1.0
393	207	1.4
393	209	2.2
393	227	5.0
393	234	1.1
393	316	1.4
393	486	1.4
393	492	1.9
393	537	1.3
393	546	1.0
393	554	1.3
393	562	1.9
393	605	2.0
393	733	2.8
393	735	1.7
393	959	1.9
393	962	2.5
393	985	1.1
393	1081	1.0
393	1090	1.7
393	1100	2.3
393	1185	2.1
393	1197	1.1
393	1239	1.5
393	1242	1.5
393	1378	1.4
393	1414	1.6
393	1416	2.2
393	1464	1.2
393	2341	1.1
393	2343	1.6
393	2347	2.1
393	3065	1.3
393	3071	1.8
393	3470	1.2
393	3616	1.9
393	4089	1.0
393	5969	1.2
393	6458	2.3
393	6459	1.7
393	6460	1.7
393	6461	1.2
393	6462	1.1
393	6463	1.1
393	6464	1.1
393	6465	1.0
398	53	3.8
398	56	2.9
398	72	1.1
398	81	1.4
398	88	4.7
398	154	4.0
398	163	2.0
398	199	1.7
398	203	5.0
398	206	1.7
398	207	2.1
398	212	1.5
398	215	2.1
398	225	1.0
398	226	1.3
398	227	3.5
398	233	1.6
398	237	1.2
398	238	4.1
398	439	2.9
398	441	1.7
398	453	3.1
398	512	1.5
398	533	2.3
398	599	1.7
398	603	2.9
398	709	2.1
398	863	1.7
398	903	1.8
398	982	1.6
398	1044	1.0
398	1089	1.4
398	1095	1.6
398	1098	3.2
398	1107	1.5
398	1239	1.4
398	1394	1.3
398	1400	1.2
398	1414	1.3
398	1504	2.2
398	1620	1.2
398	1761	1.3
398	1763	1.2
398	1768	1.0
398	1806	1.5
398	1977	1.5
398	2535	2.5
398	3156	1.3
398	4316	1.6
398	4731	1.5
455	19	1.5
455	27	1.6
455	32	2.3
455	36	1.8
455	39	1.9
455	45	1.4
455	59	1.0
455	64	1.5
455	81	1.3
455	84	1.0
455	107	2.4
455	153	1.1
455	162	1.0
455	190	1.6
455	233	5.0
455	238	1.1
455	407	2.0
455	450	1.6
455	512	1.9
455	515	1.1
455	517	1.4
455	519	1.6
455	603	1.9
455	748	1.5
455	864	1.5
455	1062	1.7
455	1118	1.6
455	1119	3.0
455	1203	1.6
455	1206	1.1
455	1277	2.2
455	1745	1.5
455	1886	1.8
455	1983	2.6
455	2369	2.2
455	2473	1.1
455	2486	1.5
455	2691	1.9
455	3109	1.4
455	3191	1.7
455	3285	2.1
455	3562	1.4
455	4025	1.2
455	5197	2.7
455	6257	1.7
455	7078	1.7
455	7079	1.6
455	7080	1.5
455	7081	1.2
455	7082	1.1
465	56	1.2
465	65	3.1
465	67	1.1
465	72	1.0
465	88	1.3
465	89	2.8
465	154	3.5
465	155	1.3
465	190	4.1
465	199	3.0
465	203	2.9
465	207	3.2
465	220	1.1
465	223	1.4
465	226	3.3
465	228	2.6
465	229	1.6
465	230	3.8
465	233	4.9
465	424	3.9
465	425	1.8
465	434	2.3
465	436	1.0
465	443	1.0
465	511	1.8
465	533	5.0
465	709	3.1
465	716	2.7
465	757	1.1
465	969	5.0
465	1090	4.5
465	1099	1.1
465	1151	1.9
465	1376	1.4
465	1384	1.3
465	1390	2.1
465	1398	1.1
465	1400	2.2
465	1510	3.6
465	1511	1.4
465	1520	1.0
465	1777	1.4
465	1964	1.2
465	2405	1.5
465	2535	2.0
465	2587	1.5
465	2823	1.8
465	4115	1.4
465	6054	1.4
465	6464	1.1
471	154	1.8
471	157	1.3
471	163	2.9
471	197	1.4
471	198	1.2
471	199	1.3
471	212	3.0
471	227	5.0
471	230	1.0
471	267	1.4
471	331	1.8
471	429	1.8
471	440	2.4
471	475	1.2
471	562	3.0
471	580	1.2
471	599	2.5
471	605	1.2
471	610	1.7
471	707	1.3
471	709	1.5
471	718	1.8
471	733	1.9
471	735	2.0
471	857	1.5
471	863	2.2
471	868	1.3
471	949	1.2
471	959	2.0
471	1130	1.0
471	1239	3.6
471	1246	1.8
471	1254	1.1
471	1369	1.9
471	1412	1.5
471	1422	1.2
471	2343	1.2
471	2375	1.1
471	2475	1.2
471	2624	3.1
471	3065	1.2
471	3217	2.2
471	3531	1.1
471	4538	1.9
471	4543	1.7
471	5660	1.4
471	7264	2.3
471	7265	2.2
471	7266	1.1
471	7267	1.1
475	65	1.5
475	182	1.5
475	203	1.5
475	204	1.6
475	207	1.5
475	212	1.0
475	225	1.2
475	227	2.7
475	228	2.1
475	229	4.5
475	231	1.2
475	355	1.0
475	416	1.5
475	421	1.7
475	424	1.5
475	439	2.1
475	486	2.0
475	488	3.0
475	533	1.1
475	705	1.4
475	716	1.0
475	969	1.0
475	1048	5.0
475	1090	1.3
475	1151	2.3
475	1239	2.4
475	1375	1.9
475	1376	1.9
475	1390	1.0
475	1470	1.4
475	1511	1.8
475	1515	2.6
475	1517	1.1
475	1518	2.1
475	1652	1.8
475	1934	1.1
475	1988	1.1
475	2130	2.1
475	2524	2.9
475	2612	1.4
475	2614	2.1
475	3255	1.9
475	3400	1.7
475	3617	1.0
475	7318	1.8
475	7319	1.6
475	7320	1.4
475	7321	1.4
475	7322	1.2
475	7323	1.0
476	72	1.3
476	88	4.4
476	89	1.1
476	154	2.7
476	173	2.6
476	190	4.3
476	203	5.0
476	207	3.4
476	208	1.5
476	209	1.4
476	225	1.6
476	227	2.0
476	228	2.8
476	229	2.0
476	234	2.0
476	238	2.5
476	377	3.9
476	424	2.2
476	432	1.7
476	460	1.8
476	491	2.4
476	533	3.3
476	599	1.2
476	620	1.3
476	689	1.4
476	857	2.0
476	969	4.0
476	1075	1.9
476	1090	3.4
476	1106	1.0
476	1107	2.0
476	1151	2.2
476	1379	3.6
476	1400	2.6
476	1512	2.2
476	2029	1.7
476	2122	1.5
476	2130	1.1
476	2134	1.4
476	2193	1.1
476	2537	3.7
476	2738	1.0
476	5048	1.6
476	5071	1.7
476	5836	1.1
476	6439	1.3
476	7324	1.8
476	7325	1.4
476	7326	1.3
476	7327	1.1
488	51	2.6
488	154	4.8
488	190	3.4
488	206	4.5
488	207	3.8
488	225	2.8
488	226	3.9
488	227	4.2
488	229	3.7
488	245	2.7
488	250	3.7
488	418	4.7
488	424	3.0
488	425	3.8
488	436	3.8
488	454	1.8
488	511	2.2
488	614	1.1
488	716	3.2
488	730	1.3
488	735	1.7
488	868	4.3
488	961	2.8
488	969	4.6
488	1048	1.0
488	1090	5.0
488	1118	2.5
488	1131	2.2
488	1239	2.8
488	1412	3.3
488	1415	1.7
488	1426	1.6
488	1512	1.8
488	1515	2.8
488	1639	3.0
488	1958	2.0
488	1977	1.9
488	2044	2.3
488	2265	2.6
488	2630	1.9
488	2786	2.6
488	2857	2.0
488	3110	1.2
488	3400	1.4
488	3475	3.0
488	3482	1.3
488	7265	3.0
488	7404	2.5
488	7405	1.4
488	7406	1.0
506	9	2.6
506	10	1.8
506	34	1.4
506	38	1.1
506	49	2.3
506	172	1.4
506	173	1.5
506	190	2.3
506	207	2.8
506	225	1.8
506	229	1.9
506	233	3.5
506	423	1.1
506	450	1.4
506	486	1.9
506	546	1.3
506	880	1.1
506	1066	1.2
506	1075	3.5
506	1099	1.1
506	1294	1.5
506	1332	5.0
506	1376	2.0
506	1400	1.4
506	1497	1.5
506	1731	1.1
506	1983	2.0
506	2166	1.0
506	3109	1.7
506	3413	1.4
506	5581	1.6
506	6008	2.8
506	6054	1.1
506	6847	1.7
506	6875	2.0
506	6878	2.6
506	6881	1.9
506	6920	2.5
506	7511	3.9
506	7512	2.7
506	7513	2.6
506	7514	2.5
506	7515	2.3
506	7516	1.9
506	7517	1.8
506	7518	1.5
506	7519	1.5
506	7520	1.4
506	7521	1.1
506	7522	1.0
532	207	1.9
532	220	1.0
532	227	1.2
532	412	3.4
532	464	1.3
532	470	2.2
532	471	2.3
532	498	1.4
532	540	1.2
532	687	5.0
532	693	1.3
532	779	1.5
532	816	4.7
532	1036	2.3
532	1038	2.9
532	1040	2.0
532	1041	2.4
532	1045	3.7
532	1048	2.4
532	1180	4.2
532	1183	2.4
532	1185	2.0
532	1188	2.6
532	1192	2.2
532	1193	2.3
532	1198	2.3
532	1201	1.6
532	1246	2.0
532	1659	1.0
532	1670	1.8
532	1672	1.9
532	1853	1.8
532	2426	1.5
532	2608	2.1
532	2617	1.5
532	2618	1.2
532	2619	1.1
532	2653	2.2
532	3398	1.3
532	4166	1.5
532	4828	1.7
532	4995	1.1
532	5950	1.4
532	5958	1.1
532	6614	1.1
532	7831	2.7
532	7832	1.6
532	7833	1.4
532	7834	1.3
532	7835	1.2
559	70	2.8
559	88	2.9
559	163	1.2
559	166	1.3
559	190	1.2
559	208	2.8
559	220	4.0
559	227	3.2
559	428	3.0
559	511	1.9
559	599	5.0
559	706	1.1
559	733	1.8
559	735	1.9
559	863	1.9
559	959	1.8
559	969	1.3
559	985	1.9
559	1103	2.2
559	1122	1.7
559	1242	1.2
559	1372	1.0
559	1414	3.2
559	1416	1.6
559	1740	2.1
559	1804	1.9
559	1811	1.6
559	1889	1.0
559	2265	1.9
559	2742	1.2
559	3011	2.2
559	3071	1.3
559	3371	1.3
559	4541	2.1
559	4795	1.3
559	5693	2.3
559	5844	1.1
559	6724	2.1
559	8053	2.6
559	8054	2.5
559	8055	2.3
559	8056	2.3
559	8057	2.1
559	8058	2.1
559	8059	2.0
559	8060	2.0
559	8061	1.6
559	8062	1.4
559	8063	1.1
559	8064	1.0
567	40	1.3
567	65	2.0
567	154	5.0
567	173	3.0
567	190	3.1
567	195	3.8
567	196	1.7
567	199	1.8
567	210	1.8
567	211	2.3
567	217	3.6
567	222	2.8
567	225	3.1
567	227	2.3
567	234	1.2
567	418	1.2
567	426	2.6
567	428	2.4
567	429	1.6
567	433	1.2
567	440	2.9
567	615	2.1
567	618	1.6
567	622	2.6
567	683	1.8
567	859	3.3
567	1105	1.4
567	1375	1.9
567	1378	1.8
567	1389	1.6
567	1504	1.3
567	1632	1.1
567	1947	1.1
567	2398	1.1
567	2402	1.1
567	2407	1.8
567	3258	2.2
567	3259	2.2
567	3616	2.1
567	3691	1.3
567	3693	1.4
567	3714	1.0
567	4079	1.1
567	4118	2.0
567	4262	1.4
567	5027	1.1
567	5781	1.8
567	6294	2.0
567	6298	1.7
567	6687	1.2
585	7	1.1
585	65	2.5
585	86	1.3
585	97	1.7
585	173	2.9
585	184	2.3
585	190	3.5
585	204	1.2
585	207	3.6
585	220	1.9
585	227	2.9
585	228	2.7
585	250	2.5
585	301	1.5
585	378	1.0
585	430	1.6
585	432	1.6
585	475	2.0
585	517	1.9
585	521	2.9
585	689	1.2
585	1048	5.0
585	1053	1.4
585	1512	3.0
585	1515	1.8
585	1975	2.5
585	1980	2.0
585	2068	2.3
585	2515	1.1
585	2614	2.2
585	2783	1.0
585	3237	2.9
585	3238	2.1
585	3683	2.5
585	4567	1.3
585	4569	2.0
585	4570	1.9
585	5485	2.0
585	5488	1.0
585	5847	1.3
585	6762	1.3
585	7324	1.1
585	8830	1.5
585	10289	1.1
585	11394	1.5
585	13025	1.2
585	13715	2.1
585	15996	1.6
585	18458	1.2
585	18745	1.6
619	88	1.0
619	154	1.6
619	190	3.1
619	207	5.0
619	208	1.4
619	217	3.4
619	227	3.6
619	228	1.8
619	229	1.3
619	298	1.7
619	412	1.4
619	424	4.0
619	425	1.3
619	427	1.1
619	428	2.4
619	429	1.6
619	430	1.8
619	432	1.1
619	441	2.9
619	448	1.9
619	599	1.0
619	618	2.0
619	629	2.2
619	689	1.9
619	1090	1.9
619	1109	1.3
619	1163	3.7
619	1375	1.0
619	1376	1.2
619	1390	1.2
619	1504	1.6
619	1512	2.8
619	1517	2.7
619	1520	2.2
619	1971	1.6
619	1988	1.9
619	2083	1.1
619	2133	1.5
619	2591	1.1
619	2600	1.2
619	2815	2.7
619	3213	1.2
619	3685	1.4
619	3692	3.5
619	3797	2.3
619	5429	1.3
619	7738	2.2
619	8642	2.2
619	8643	2.1
619	8644	1.2
623	81	1.2
623	152	5.0
623	154	4.6
623	156	1.3
623	163	4.7
623	173	1.4
623	186	1.3
623	188	2.9
623	190	3.1
623	203	1.4
623	215	2.8
623	226	3.5
623	227	4.3
623	234	2.2
623	436	1.6
623	453	2.5
623	506	2.7
623	512	2.3
623	615	2.3
623	854	1.5
623	859	1.7
623	868	2.2
623	964	2.0
623	975	2.7
623	1110	1.6
623	1118	1.0
623	1131	3.0
623	1216	1.1
623	1372	3.1
623	1411	4.4
623	1413	2.5
623	1504	1.9
623	2624	1.6
623	3230	1.8
623	3272	1.5
623	3481	2.3
623	3774	1.5
623	3940	1.6
623	4366	2.8
623	4675	3.6
623	4784	1.6
623	4790	1.1
623	5172	1.2
623	5297	2.3
623	5416	3.3
623	6137	2.0
623	7929	2.9
623	8659	3.4
623	8660	2.2
623	8661	1.7
631	65	5.0
631	154	2.5
631	182	1.8
631	184	1.2
631	190	2.8
631	198	3.3
631	207	3.9
631	212	1.2
631	217	3.3
631	225	2.6
631	227	2.5
631	228	3.6
631	229	2.1
631	230	2.4
631	234	1.7
631	424	3.6
631	439	1.0
631	511	1.3
631	533	1.6
631	614	1.1
631	706	3.4
631	707	4.3
631	708	1.5
631	709	1.6
631	716	2.6
631	726	1.1
631	917	3.9
631	918	1.0
631	922	1.5
631	959	1.2
631	982	1.9
631	1048	3.4
631	1090	1.6
631	1098	1.1
631	1338	1.8
631	1358	2.0
631	1372	1.4
631	1375	1.6
631	1406	1.5
631	1412	1.3
631	1415	1.9
631	1512	2.7
631	1515	2.8
631	1873	3.4
631	1988	2.1
631	2009	1.7
631	2343	1.3
631	2344	1.8
631	2346	1.4
631	8710	4.9
644	65	2.9
644	152	1.9
644	154	4.1
644	163	1.8
644	182	2.9
644	190	2.1
644	227	3.0
644	229	2.3
644	418	5.0
644	428	1.2
644	429	1.0
644	430	2.0
644	441	1.1
644	454	1.9
644	538	2.2
644	614	1.1
644	618	2.3
644	632	1.5
644	964	1.1
644	1098	3.2
644	1109	4.1
644	1118	2.5
644	1122	2.2
644	1130	1.4
644	1135	2.7
644	1375	1.3
644	1767	2.4
644	2123	1.0
644	3057	2.8
644	3897	2.7
644	3898	1.3
644	3902	2.5
644	3905	2.9
644	4121	3.9
644	4423	2.1
644	5185	1.7
644	5235	1.8
644	6756	1.9
644	7623	1.5
644	8229	1.4
644	8410	3.3
644	8833	3.9
644	8834	3.8
644	8835	3.4
644	8836	3.0
644	8837	1.5
644	8838	1.3
644	8839	1.1
644	8840	1.1
644	8841	1.0
645	63	1.0
645	97	1.2
645	227	2.1
645	265	2.6
645	294	1.9
645	575	1.3
645	727	1.7
645	903	5.0
645	959	1.4
645	1114	1.3
645	1427	1.1
645	1800	1.0
645	1833	1.0
645	2044	2.4
645	2046	1.3
645	2047	1.5
645	2050	2.8
645	2054	2.1
645	2059	1.1
645	2067	1.5
645	2079	1.4
645	3466	1.4
645	4616	1.7
645	4711	1.4
645	5624	1.4
645	5745	1.4
645	5787	1.3
645	7626	1.6
645	8152	1.7
645	8842	3.4
645	8843	2.5
645	8844	2.4
645	8845	2.0
645	8846	2.0
645	8847	2.0
645	8848	1.9
645	8849	1.8
645	8850	1.7
645	8851	1.7
645	8852	1.6
645	8853	1.4
645	8854	1.4
645	8855	1.4
645	8856	1.4
645	8857	1.4
645	8858	1.3
645	8859	1.3
645	8860	1.2
645	8861	1.1
645	8862	1.0
676	198	2.5
676	234	1.8
676	250	1.2
676	383	1.4
676	436	1.0
676	503	1.0
676	562	2.4
676	614	5.0
676	630	1.0
676	706	2.2
676	707	1.0
676	709	2.0
676	724	1.9
676	728	1.6
676	732	2.4
676	735	1.5
676	841	2.7
676	854	3.3
676	856	2.0
676	859	2.4
676	917	2.8
676	918	2.9
676	949	1.4
676	959	1.3
676	982	2.0
676	1119	1.0
676	1131	1.4
676	1202	2.1
676	1206	2.4
676	1261	1.0
676	1274	1.3
676	1281	1.6
676	1358	3.1
676	1360	2.2
676	1369	3.4
676	1412	3.8
676	1533	1.2
676	2343	2.9
676	2347	1.1
676	2369	2.3
676	2970	1.5
676	3476	3.0
676	4155	2.0
676	4218	1.4
676	4359	2.7
676	5157	1.0
676	5785	1.7
676	9204	2.1
676	9205	1.3
676	9206	1.0
688	55	1.1
688	65	4.7
688	67	1.1
688	70	1.6
688	89	2.2
688	95	1.0
688	99	1.1
688	182	4.6
688	184	1.3
688	190	4.6
688	207	2.7
688	209	4.1
688	220	1.4
688	227	4.2
688	228	2.1
688	229	5.0
688	230	1.5
688	288	1.1
688	292	1.8
688	316	2.7
688	329	2.6
688	333	2.8
688	344	3.0
688	349	1.4
688	362	2.3
688	377	1.8
688	378	1.4
688	412	1.1
688	424	2.9
688	428	1.1
688	455	1.3
688	466	1.3
688	498	1.4
688	511	4.6
688	528	1.5
688	533	2.0
688	679	3.5
688	681	4.3
688	689	1.1
688	885	3.1
688	1048	2.6
688	1090	1.5
688	1249	2.0
688	1377	1.2
688	1934	1.6
688	2130	2.0
688	4818	1.8
688	7194	4.4
688	7888	2.0
688	9277	1.8
691	58	1.5
691	64	2.0
691	70	1.3
691	89	2.7
691	97	1.0
691	173	3.2
691	190	2.5
691	204	1.2
691	228	1.4
691	238	1.3
691	257	1.0
691	288	3.0
691	289	2.0
691	292	5.0
691	295	1.5
691	298	1.3
691	300	2.1
691	301	1.1
691	302	1.5
691	326	1.4
691	331	2.1
691	333	2.1
691	344	1.8
691	352	1.6
691	425	1.6
691	466	1.2
691	498	3.8
691	499	1.8
691	506	1.5
691	548	2.8
691	689	2.7
691	701	2.4
691	703	2.2
691	704	1.7
691	722	1.6
691	930	1.5
691	1037	1.2
691	1075	1.6
691	1104	1.1
691	1379	1.2
691	1854	1.0
691	2521	1.5
691	2542	1.0
691	2608	1.1
691	3411	1.9
691	4153	1.4
691	5736	1.4
691	8701	1.8
691	9284	1.3
691	9285	1.3
697	52	1.3
697	53	1.0
697	56	1.7
697	57	1.8
697	63	2.3
697	64	1.6
697	80	1.8
697	151	1.2
697	174	2.0
697	175	1.5
697	238	1.6
697	329	1.0
697	377	1.5
697	497	1.2
697	744	1.4
697	747	2.8
697	748	5.0
697	782	2.4
697	1099	1.9
697	1226	2.0
697	1620	1.3
697	1793	2.0
697	2030	1.1
697	2605	2.1
697	2676	2.7
697	2677	1.4
697	2691	2.7
697	2711	2.0
697	3411	1.9
697	3863	1.5
697	3992	1.4
697	4865	1.4
697	5072	1.0
697	5329	1.8
697	5346	1.4
697	5358	2.1
697	5360	1.9
697	5700	2.3
697	5803	1.3
697	8513	1.2
697	9353	2.2
697	9354	2.1
697	9355	2.1
697	9356	1.7
697	9357	1.7
697	9358	1.6
697	9359	1.4
697	9360	1.2
697	9361	1.1
697	9362	1.0
704	89	1.1
704	278	1.8
704	300	2.2
704	302	1.9
704	327	1.1
704	330	1.8
704	331	2.1
704	333	1.1
704	466	1.7
704	475	5.0
704	527	2.8
704	1037	2.2
704	1245	1.5
704	1444	1.8
704	1455	2.3
704	1613	2.1
704	1641	1.8
704	2179	1.8
704	2226	1.8
704	2236	1.5
704	2522	1.0
704	2906	1.8
704	3317	2.5
704	4617	1.6
704	4983	1.7
704	6501	1.2
704	6567	1.2
704	6618	2.8
704	6619	1.9
704	6620	1.2
704	6621	2.1
704	8160	1.8
704	8162	1.2
704	9382	3.5
704	9383	3.1
704	9384	2.0
704	9385	1.5
704	9386	1.5
704	9387	1.5
704	9388	1.4
704	9389	1.4
704	9390	1.4
704	9391	1.4
704	9392	1.3
704	9393	1.2
704	9394	1.2
704	9395	1.2
704	9396	1.2
704	9397	1.1
704	9398	1.1
725	63	2.6
725	72	1.3
725	81	1.8
725	163	3.4
725	407	1.4
725	592	2.3
725	607	1.0
725	744	2.5
725	1073	2.3
725	1104	2.6
725	1121	5.0
725	1123	2.6
725	1146	2.1
725	1154	1.5
725	1225	1.4
725	1705	1.2
725	1806	1.3
725	1909	1.6
725	2469	1.6
725	2478	2.1
725	2626	1.4
725	2634	1.1
725	3886	1.0
725	4126	1.2
725	4922	2.4
725	5073	2.1
725	7054	1.7
725	7124	2.1
725	7126	1.8
725	7133	1.3
725	7148	1.5
725	7431	1.0
725	7488	1.4
725	9289	1.4
725	9550	2.0
725	9551	2.0
725	9552	2.0
725	9553	1.7
725	9554	1.7
725	9555	1.6
725	9556	1.6
725	9557	1.5
725	9558	1.3
725	9559	1.3
725	9560	1.3
725	9561	1.2
725	9562	1.2
725	9563	1.2
725	9564	1.2
725	9565	1.1
756	53	1.1
756	65	1.8
756	81	1.0
756	154	5.0
756	190	2.1
756	199	2.2
756	202	1.4
756	203	1.5
756	207	2.2
756	210	1.9
756	220	1.4
756	222	4.3
756	227	4.4
756	228	1.7
756	229	1.1
756	420	1.6
756	424	1.2
756	425	1.8
756	429	1.4
756	441	1.9
756	554	1.8
756	562	2.6
756	599	2.1
756	689	1.9
756	709	1.4
756	716	1.4
756	859	1.0
756	863	1.4
756	868	1.0
756	985	1.8
756	1090	2.5
756	1106	1.2
756	1239	2.7
756	1504	1.6
756	1513	1.9
756	1791	1.9
756	1934	1.9
756	1958	1.4
756	1976	4.7
756	2029	1.9
756	2121	1.6
756	2277	2.1
756	2616	1.4
756	3030	1.3
756	3279	1.1
756	3475	1.9
756	3993	1.3
756	5890	1.5
756	7076	3.2
756	7869	1.1
758	7	2.5
758	65	1.7
758	159	1.4
758	173	2.9
758	190	1.5
758	198	1.4
758	214	3.3
758	227	5.0
758	298	1.7
758	301	2.3
758	344	2.3
758	371	2.1
758	416	2.6
758	423	1.9
758	425	1.2
758	429	3.6
758	486	1.9
758	488	1.0
758	497	1.2
758	498	4.6
758	499	1.8
758	521	1.2
758	523	2.3
758	533	3.4
758	537	3.3
758	548	2.7
758	681	1.0
758	703	3.4
758	718	1.6
758	735	2.9
758	779	1.1
758	816	3.1
758	1009	1.9
758	1105	2.0
758	1200	2.5
758	1242	2.6
758	1244	2.1
758	1377	3.2
758	1378	1.2
758	1379	1.5
758	1424	2.7
758	1518	2.2
758	1609	1.3
758	1853	1.5
758	2210	2.9
758	2616	2.2
758	3258	1.1
758	4747	1.3
758	8047	2.7
758	9852	1.1
759	67	1.9
759	89	3.2
759	154	3.3
759	170	1.7
759	172	2.6
759	173	1.9
759	190	2.1
759	191	3.2
759	203	1.5
759	206	1.4
759	207	1.6
759	221	1.5
759	227	3.1
759	229	4.2
759	237	1.5
759	297	1.6
759	298	1.1
759	302	1.1
759	329	1.5
759	420	1.0
759	423	1.7
759	425	2.2
759	429	2.9
759	437	1.5
759	441	2.6
759	511	1.6
759	526	1.4
759	535	1.3
759	538	2.0
759	544	5.0
759	548	1.6
759	599	1.2
759	683	1.8
759	701	1.0
759	703	1.0
759	757	1.1
759	859	2.7
759	1075	1.5
759	1090	2.1
759	1106	2.2
759	1151	2.0
759	1243	1.8
759	1390	1.4
759	1632	2.9
759	1767	1.5
759	2083	1.1
759	2130	1.6
759	2977	1.7
759	7276	1.4
759	9853	1.1
760	209	1.7
760	220	2.5
760	227	4.0
760	230	2.3
760	234	3.6
760	283	2.0
760	377	1.8
760	378	1.5
760	389	1.1
760	481	1.2
760	498	3.0
760	533	1.9
760	540	1.4
760	542	1.1
760	705	3.1
760	706	3.3
760	714	2.3
760	808	4.5
760	868	1.4
760	932	5.0
760	951	2.1
760	959	3.5
760	966	2.5
760	982	2.7
760	1241	1.2
760	1244	1.7
760	1246	2.2
760	1249	2.8
760	1513	4.3
760	1545	1.9
760	1775	1.9
760	1814	2.1
760	1854	2.6
760	2080	2.4
760	2344	1.2
760	2848	1.4
760	2983	3.2
760	2988	1.2
760	3382	1.5
760	4087	2.1
760	4818	1.6
760	5772	1.8
760	6120	1.3
760	6123	1.5
760	7330	2.6
760	9229	2.7
760	9854	2.9
760	9855	1.9
760	9856	1.0
760	9857	1.0
769	51	1.4
769	72	4.6
769	157	2.3
769	162	2.1
769	172	1.1
769	173	2.7
769	184	1.6
769	187	2.1
769	190	3.9
769	207	3.6
769	227	4.1
769	233	2.9
769	432	2.0
769	486	2.2
769	533	5.0
769	599	2.7
769	726	3.6
769	969	3.0
769	1001	1.1
769	1061	3.0
769	1072	1.2
769	1090	3.7
769	1121	1.7
769	1511	1.9
769	1512	3.2
769	1791	2.8
769	2128	1.0
769	3046	1.5
769	5000	2.3
769	6857	3.1
769	7130	1.3
769	9896	1.1
769	9897	1.0
776	190	1.6
776	220	2.7
776	227	3.2
776	234	4.6
776	412	3.6
776	475	2.6
776	489	2.4
776	517	3.1
776	538	1.6
776	707	3.5
776	813	2.0
776	814	2.0
776	815	1.3
776	831	1.9
776	842	1.3
776	850	2.4
776	966	1.9
776	1091	4.5
776	1195	1.5
776	1196	2.1
776	1206	5.0
776	1249	1.4
776	1406	4.3
776	1547	2.3
776	1788	2.0
776	2211	1.3
776	2379	2.4
776	2384	1.0
776	2586	1.5
776	2738	1.4
776	3028	2.1
776	3354	1.0
776	3721	1.7
776	3729	2.6
776	4096	2.2
776	4216	1.3
776	4504	1.0
776	4723	2.8
776	4785	1.9
776	4821	2.9
776	9122	1.2
776	9286	2.0
776	9960	3.3
776	9961	2.7
776	9962	2.6
776	9963	2.0
776	9964	1.9
776	9965	1.8
776	9966	1.2
776	9967	1.2
780	56	1.1
780	58	3.7
780	64	1.5
780	89	4.2
780	91	1.9
780	96	1.9
780	100	1.7
780	163	1.4
780	167	1.3
780	193	1.1
780	227	3.4
780	229	4.3
780	298	2.0
780	324	1.4
780	378	1.6
780	525	2.1
780	526	1.2
780	530	1.1
780	532	1.3
780	733	1.3
780	852	1.8
780	959	2.8
780	972	1.0
780	997	1.3
780	1001	5.0
780	1027	1.1
780	1073	1.5
780	1379	2.4
780	1409	3.5
780	2014	2.0
780	2027	1.6
780	2029	1.5
780	2130	2.6
780	2134	1.3
780	2538	1.3
780	3201	1.4
780	3739	1.4
780	4389	1.5
780	4885	1.2
780	5256	1.7
780	7347	1.2
780	8583	2.1
780	8878	2.1
780	9647	1.4
780	9988	2.6
780	9989	1.6
780	9990	1.5
780	9991	1.1
780	9992	1.1
780	9993	1.0
794	7	2.4
794	65	2.4
794	207	1.6
794	208	1.6
794	215	1.0
794	227	5.0
794	228	1.8
794	229	3.0
794	378	1.2
794	424	1.5
794	511	2.6
794	533	2.6
794	599	1.0
794	706	1.7
794	707	2.8
794	716	2.0
794	728	1.0
794	735	2.0
794	857	1.1
794	920	2.5
794	959	1.9
794	969	1.9
794	975	1.4
794	982	1.8
794	1048	3.2
794	1249	2.7
794	1358	2.0
794	1384	1.0
794	1406	1.2
794	1412	1.6
794	1414	4.1
794	1416	3.4
794	1502	1.2
794	1512	1.1
794	1516	1.2
794	1556	1.6
794	2121	2.1
794	2176	1.6
794	2607	1.2
794	2783	2.0
794	2789	2.6
794	2852	1.2
794	3071	1.4
794	3240	2.0
794	5079	1.3
794	5446	1.3
794	10063	2.5
794	10076	1.9
794	10077	1.8
794	10078	1.4
821	65	1.3
821	72	1.6
821	154	1.7
821	159	1.0
821	190	1.2
821	199	1.2
821	207	1.3
821	220	1.1
821	228	1.8
821	233	5.0
821	378	1.0
821	418	2.5
821	436	4.6
821	441	2.0
821	486	1.5
821	599	2.3
821	689	2.0
821	843	1.6
821	969	1.5
821	982	1.1
821	1106	2.3
821	1116	1.9
821	1231	1.7
821	1377	1.6
821	1688	2.8
821	1787	1.5
821	1964	2.2
821	2139	1.0
821	3733	1.5
821	5423	4.1
821	7188	1.7
821	7650	3.1
821	8500	2.9
821	8587	2.2
821	8915	2.0
821	10116	1.1
821	10378	2.6
821	10379	2.4
821	10380	2.4
821	10381	2.0
821	10382	2.0
821	10383	1.8
821	10384	1.7
821	10385	1.6
821	10386	1.6
821	10387	1.4
821	10388	1.3
821	10389	1.2
821	10390	1.1
821	10391	1.1
824	65	3.0
824	154	4.3
824	163	1.4
824	190	1.5
824	199	1.9
824	203	3.1
824	206	1.1
824	207	2.0
824	208	1.8
824	210	1.4
824	212	3.1
824	217	2.1
824	221	5.0
824	222	1.7
824	225	2.0
824	227	4.9
824	228	1.7
824	229	2.1
824	424	3.6
824	428	1.9
824	429	1.1
824	434	2.0
824	436	1.2
824	533	3.3
824	554	2.3
824	599	1.8
824	618	1.4
824	630	1.6
824	709	2.1
824	716	2.9
824	718	1.8
824	733	2.8
824	735	2.6
824	857	1.6
824	859	2.9
824	863	1.4
824	969	2.0
824	1048	1.1
824	1090	3.6
824	1239	1.5
824	1375	1.1
824	1515	1.1
824	1957	1.0
824	1958	1.5
824	2614	1.2
824	3258	1.5
824	3469	1.8
824	4079	4.4
824	10411	2.3
824	10412	1.1
838	72	1.2
838	81	2.0
838	88	2.1
838	103	2.4
838	152	2.7
838	154	5.0
838	156	1.1
838	173	1.7
838	203	1.4
838	206	1.4
838	233	4.5
838	237	2.2
838	238	4.1
838	407	2.4
838	418	4.1
838	512	2.0
838	517	2.9
838	603	1.8
838	620	1.0
838	748	2.1
838	1085	1.1
838	1098	3.2
838	1118	2.0
838	1131	1.3
838	1146	3.0
838	1394	2.0
838	1418	1.7
838	1510	1.8
838	1705	1.2
838	1731	1.0
838	1738	2.0
838	1787	3.7
838	1790	2.0
838	1965	1.3
838	3884	3.0
838	4069	1.8
838	4316	3.2
838	4734	1.9
838	5545	2.4
838	5806	1.6
838	6585	1.8
838	6823	3.5
838	7152	2.5
838	7649	1.1
838	9414	1.0
838	10456	1.5
838	10521	1.9
838	10522	1.3
838	10523	1.1
838	10524	1.0
863	56	1.0
863	65	2.5
863	89	2.8
863	154	5.0
863	173	2.2
863	182	1.3
863	190	3.7
863	207	3.6
863	226	2.0
863	227	4.1
863	228	4.6
863	229	3.7
863	300	1.6
863	420	4.0
863	424	2.2
863	425	1.4
863	432	2.5
863	498	2.6
863	533	3.8
863	546	4.0
863	716	1.6
863	757	4.4
863	887	2.9
863	903	2.7
863	969	2.5
863	980	1.4
863	1048	2.7
863	1090	4.5
863	1106	2.1
863	1116	1.4
863	1239	1.7
863	1246	1.5
863	1396	3.3
863	1398	2.2
863	1400	3.1
863	1405	1.5
863	1408	2.6
863	1632	2.6
863	2535	1.7
863	2708	1.1
863	3186	1.6
863	3200	2.9
863	3730	3.8
863	4025	1.0
863	4435	1.8
863	4704	1.3
863	4732	1.8
863	5544	1.4
863	7327	2.2
863	10685	2.8
864	51	1.9
864	65	3.3
864	67	1.4
864	89	1.5
864	154	3.5
864	166	2.0
864	180	1.0
864	190	3.0
864	193	1.8
864	198	2.1
864	203	1.6
864	206	1.6
864	207	3.2
864	220	2.9
864	227	3.0
864	228	3.6
864	234	2.2
864	289	2.6
864	316	1.4
864	333	1.4
864	424	2.1
864	425	1.2
864	436	2.1
864	439	1.1
864	453	5.0
864	498	1.7
864	511	1.0
864	533	1.1
864	534	1.0
864	540	1.2
864	546	1.7
864	615	1.8
864	679	3.0
864	703	1.1
864	709	1.1
864	714	1.3
864	715	1.2
864	790	2.6
864	959	1.5
864	1048	1.7
864	1079	1.4
864	1098	4.1
864	1400	1.1
864	2343	1.0
864	2346	2.3
864	3057	2.2
864	3200	1.5
864	3298	2.1
864	3400	1.1
864	3557	1.6
870	159	1.8
870	163	1.9
870	220	2.5
870	227	3.9
870	230	1.7
870	234	1.0
870	412	2.7
870	500	1.7
870	533	1.9
870	540	2.1
870	542	1.1
870	687	2.5
870	705	2.9
870	706	3.4
870	708	3.0
870	714	1.4
870	724	1.1
870	917	1.3
870	932	1.5
870	966	1.4
870	1122	3.3
870	1246	1.9
870	1249	5.0
870	1406	2.8
870	1412	1.2
870	1513	2.5
870	1545	2.2
870	1672	1.6
870	1681	1.4
870	2595	1.3
870	2789	2.0
870	2848	1.5
870	3382	1.5
870	4087	2.8
870	4170	1.0
870	4823	3.5
870	4828	1.8
870	4834	2.3
870	4846	2.8
870	4848	2.2
870	5630	1.2
870	5772	2.3
870	6120	2.0
870	6121	1.6
870	6122	3.4
870	8713	1.4
870	10712	3.0
870	10713	2.6
870	10714	1.3
870	10715	1.2
874	66	1.2
874	126	1.8
874	154	3.1
874	170	1.4
874	171	1.1
874	173	5.0
874	190	3.8
874	210	1.8
874	436	1.2
874	486	2.9
874	487	2.3
874	504	2.4
874	697	1.5
874	1066	1.1
874	1075	4.9
874	1091	3.1
874	1097	2.6
874	1098	3.0
874	1126	1.4
874	1179	1.0
874	1191	1.0
874	1298	4.5
874	1300	1.4
874	1375	2.5
874	1410	2.4
874	1609	2.4
874	1745	1.1
874	1799	1.4
874	1983	1.0
874	1988	2.3
874	2432	1.9
874	2521	1.4
874	2711	1.9
874	3087	1.0
874	3109	3.5
874	3184	1.1
874	3797	1.4
874	4044	2.4
874	4162	1.7
874	4255	2.5
874	4734	1.5
874	5610	1.6
874	7078	2.7
874	8503	1.5
874	10736	2.9
874	10737	1.9
874	10738	1.9
874	10739	1.6
874	10740	1.6
874	10741	1.1
884	89	2.4
884	161	1.0
884	257	2.3
884	288	2.4
884	289	1.3
884	292	1.6
884	295	5.0
884	299	1.1
884	300	2.7
884	301	1.2
884	302	1.8
884	310	1.2
884	314	2.0
884	317	2.8
884	325	1.8
884	327	1.7
884	332	1.5
884	333	1.8
884	349	1.2
884	456	2.6
884	458	2.3
884	461	1.6
884	464	1.2
884	466	2.4
884	475	2.1
884	481	1.1
884	484	1.4
884	498	3.7
884	528	1.7
884	542	1.1
884	543	1.0
884	646	1.3
884	679	1.7
884	701	2.5
884	802	1.9
884	913	2.6
884	915	1.4
884	1042	2.0
884	1045	2.2
884	1246	2.0
884	1428	1.7
884	1613	1.2
884	2092	2.8
884	3393	1.0
884	3571	2.3
884	4850	1.3
884	6121	1.2
884	7832	1.3
884	9169	1.6
884	10821	1.3
907	72	4.8
907	163	4.3
907	190	4.5
907	212	4.7
907	227	4.5
907	533	3.0
907	554	1.3
907	562	3.6
907	582	1.2
907	591	1.1
907	599	1.9
907	630	4.0
907	706	1.1
907	718	2.8
907	728	1.3
907	733	2.4
907	734	3.0
907	735	2.7
907	863	2.8
907	868	5.0
907	1242	2.5
907	1244	3.3
907	1249	1.7
907	1412	2.3
907	1413	1.0
907	1415	2.3
907	1464	2.2
907	1513	2.5
907	1639	3.1
907	1806	3.8
907	1811	3.2
907	2265	2.7
907	2786	2.2
907	2855	1.7
907	2857	2.2
907	3458	1.0
907	5088	3.5
907	5257	1.3
907	5375	2.1
907	5844	3.6
907	7145	1.7
907	8130	1.5
907	8594	2.3
907	9543	1.6
907	10412	1.9
907	10968	2.3
907	10969	1.6
907	10970	1.4
907	10971	1.4
907	10972	1.3
919	58	1.6
919	65	2.3
919	81	2.8
919	154	5.0
919	184	1.3
919	190	5.0
919	207	1.1
919	210	1.0
919	227	1.8
919	237	2.1
919	238	2.6
919	298	1.7
919	418	5.0
919	420	2.9
919	425	1.2
919	430	2.5
919	432	2.3
919	454	1.3
919	535	1.6
919	546	1.5
919	632	1.4
919	690	1.9
919	691	1.0
919	703	3.2
919	755	2.2
919	757	3.5
919	779	1.9
919	1090	1.0
919	1098	1.5
919	1181	1.2
919	1390	1.7
919	1400	1.5
919	1504	3.4
919	1632	3.0
919	1745	1.9
919	1752	1.7
919	2121	2.1
919	3057	2.0
919	3259	1.9
919	3501	1.5
919	3767	1.2
919	3797	1.2
919	4074	1.3
919	5754	1.2
919	5926	1.1
919	6187	2.8
919	7079	1.5
919	8027	1.3
919	11030	2.9
919	11031	2.5
927	7	1.3
927	45	5.0
927	88	1.5
927	206	1.3
927	209	2.4
927	220	1.1
927	226	1.1
927	233	4.5
927	488	2.8
927	492	1.0
927	493	2.8
927	507	1.6
927	512	2.7
927	517	1.2
927	537	2.8
927	785	1.0
927	808	1.6
927	813	1.7
927	815	2.5
927	841	1.2
927	845	2.4
927	854	1.9
927	923	1.3
927	1091	3.4
927	1097	2.4
927	1179	2.3
927	1195	1.5
927	1216	1.5
927	1239	1.4
927	1672	1.8
927	1706	1.2
927	1858	2.6
927	2211	1.1
927	2362	2.5
927	2744	1.2
927	2851	2.9
927	3769	1.8
927	4099	2.7
927	4346	1.1
927	6130	1.7
927	6382	1.5
927	6461	1.3
927	6547	2.0
927	7419	1.8
927	8350	2.3
927	8464	2.7
927	11119	1.8
927	11120	1.8
927	11121	1.5
927	11122	1.4
933	154	3.2
933	182	1.8
933	195	1.9
933	199	2.5
933	207	2.5
933	225	3.5
933	226	1.1
933	227	1.7
933	228	2.7
933	229	2.5
933	416	1.3
933	424	3.0
933	425	2.4
933	432	1.0
933	439	2.0
933	533	1.3
933	614	2.7
933	618	1.3
933	715	1.8
933	716	1.9
933	932	1.0
933	962	1.2
933	969	1.9
933	982	1.8
933	1090	1.3
933	1151	1.3
933	1246	1.2
933	1376	1.0
933	1400	1.5
933	1545	1.1
933	1632	2.5
933	1633	1.5
933	1768	1.3
933	1949	1.1
933	1976	1.5
933	2611	1.0
933	2815	2.3
933	4384	1.2
933	4448	1.6
933	4452	3.0
933	4459	2.6
933	5630	2.6
933	10590	1.1
933	10617	2.5
933	11177	5.0
933	11178	2.0
933	11179	1.4
933	11180	1.3
933	11181	1.3
933	11182	1.2
938	71	1.9
938	89	1.1
938	166	1.8
938	229	1.4
938	289	1.7
938	291	2.4
938	295	1.3
938	297	1.8
938	299	1.0
938	300	1.7
938	301	1.1
938	302	1.5
938	310	2.5
938	316	1.0
938	317	1.0
938	344	1.6
938	377	1.0
938	378	5.0
938	466	2.8
938	490	1.1
938	498	2.8
938	499	2.0
938	518	2.1
938	680	3.3
938	907	1.3
938	913	1.2
938	930	2.1
938	972	1.5
938	1037	1.3
938	1377	1.6
938	1455	1.2
938	2014	1.7
938	2607	2.3
938	3124	2.4
938	3859	1.3
938	4761	1.3
938	4817	1.0
938	5459	1.3
938	6250	1.1
938	7191	1.1
938	9187	3.1
938	9193	1.1
938	11217	2.3
938	11218	1.6
938	11219	1.6
938	11220	1.3
938	11221	1.1
938	11222	1.1
938	11223	1.1
938	11224	1.0
942	55	1.0
942	89	5.0
942	229	3.3
942	288	1.0
942	291	1.0
942	295	1.0
942	306	1.0
942	314	1.0
942	323	3.3
942	360	1.0
942	525	1.0
942	528	1.0
942	532	1.0
942	543	1.0
942	1048	3.3
942	1451	1.0
942	1489	1.0
942	2018	1.0
942	3397	1.0
942	4467	1.0
942	4617	1.0
942	5767	1.0
942	7324	1.0
942	8161	1.0
942	10608	1.0
942	11069	1.0
942	11245	5.0
942	11246	5.0
942	11247	3.3
942	11248	1.0
942	11249	1.0
942	11250	1.0
942	11251	1.0
942	11252	1.0
946	230	2.4
946	324	1.6
946	377	2.3
946	412	1.5
946	470	1.3
946	471	3.0
946	481	2.0
946	492	1.2
946	498	1.3
946	537	1.8
946	687	5.0
946	816	2.2
946	1038	1.3
946	1040	2.5
946	1041	1.6
946	1043	2.5
946	1045	3.3
946	1047	1.1
946	1180	1.1
946	1182	2.0
946	1183	2.5
946	1185	2.2
946	1186	2.3
946	1188	1.3
946	1193	1.2
946	1198	1.9
946	1201	1.2
946	1247	1.1
946	1541	1.3
946	1678	2.1
946	2653	2.5
946	2987	1.5
946	4385	1.1
946	4822	1.0
946	5749	1.6
946	5950	2.2
946	5958	1.1
946	6120	1.4
946	6132	2.4
946	6601	1.4
946	6793	1.3
946	6794	1.4
946	7832	2.1
946	7834	1.0
946	8192	2.8
946	10318	1.0
946	11273	1.1
946	11274	1.0
946	11275	1.0
946	11276	1.0
952	67	2.3
952	89	1.6
952	157	1.8
952	187	1.6
952	192	2.0
952	207	3.0
952	208	1.1
952	227	5.0
952	241	1.1
952	289	1.6
952	295	2.1
952	298	2.5
952	417	1.3
952	428	1.1
952	429	1.2
952	439	3.8
952	466	1.1
952	470	2.6
952	525	1.0
952	533	2.3
952	538	1.2
952	618	1.9
952	733	2.7
952	898	1.0
952	903	3.4
952	1048	4.2
952	1106	2.4
952	1249	1.1
952	1515	1.2
952	1755	1.8
952	1771	1.9
952	1775	1.0
952	2031	2.7
952	2121	1.5
952	2988	1.0
952	3741	1.1
952	3763	1.0
952	3795	1.3
952	5099	1.2
952	5416	2.3
952	6722	1.7
952	7348	1.0
952	9197	1.2
952	10969	1.3
952	11323	3.5
952	11324	1.4
952	11325	1.1
952	11326	1.1
952	11327	1.1
952	11328	1.0
964	89	1.3
964	155	1.3
964	159	1.3
964	163	1.8
964	190	1.6
964	196	1.1
964	207	4.0
964	209	2.4
964	227	3.9
964	228	1.4
964	229	2.2
964	230	2.6
964	265	1.5
964	298	2.2
964	300	2.1
964	344	1.3
964	412	3.1
964	424	2.2
964	461	1.1
964	464	1.8
964	466	1.3
964	470	3.8
964	486	1.6
964	498	4.1
964	533	4.8
964	537	2.0
964	540	2.0
964	683	1.6
964	687	1.8
964	714	2.8
964	816	3.2
964	1038	2.3
964	1043	1.7
964	1047	5.0
964	1244	1.0
964	1246	3.3
964	1249	2.2
964	1512	2.2
964	1866	1.7
964	2047	1.3
964	2840	1.3
964	3067	1.4
964	3373	2.8
964	3400	1.1
964	3462	1.5
964	4262	1.0
964	4468	1.1
964	6196	1.8
964	6453	1.1
964	11455	1.8
977	72	3.0
977	154	2.4
977	173	1.7
977	190	1.0
977	203	1.9
977	212	1.5
977	220	4.9
977	222	1.5
977	227	3.5
977	228	1.5
977	230	2.5
977	316	2.2
977	377	1.8
977	511	3.0
977	534	1.3
977	603	1.1
977	605	1.5
977	614	2.0
977	630	1.5
977	715	4.6
977	733	1.0
977	734	2.2
977	857	1.6
977	858	1.8
977	862	1.3
977	951	1.7
977	961	1.0
977	969	1.1
977	982	1.4
977	1133	1.4
977	1464	1.5
977	1601	1.1
977	1977	1.7
977	2265	1.1
977	2475	1.1
977	2542	1.5
977	3364	1.1
977	4133	1.4
977	5890	1.3
977	6724	5.0
977	7260	1.7
977	7525	1.7
977	10063	1.3
977	11503	2.4
977	11504	2.4
977	11505	2.1
977	11506	2.0
977	11507	1.3
977	11508	1.3
977	11509	1.2
989	67	1.2
989	89	2.1
989	154	1.6
989	195	1.1
989	196	3.1
989	199	2.0
989	203	1.6
989	206	2.2
989	227	2.0
989	261	1.5
989	298	1.5
989	418	3.4
989	424	1.3
989	429	1.0
989	439	1.8
989	440	1.4
989	618	2.8
989	622	1.4
989	629	2.6
989	858	2.9
989	981	1.7
989	1097	1.0
989	1098	5.0
989	1106	1.8
989	1155	1.0
989	1159	2.5
989	1390	2.4
989	1424	1.7
989	1553	3.1
989	1730	2.1
989	1735	1.2
989	1954	1.1
989	2083	3.0
989	2268	1.2
989	2277	1.1
989	2287	1.2
989	2521	2.6
989	3697	1.3
989	4532	1.6
989	5150	2.2
989	6217	1.2
989	6756	2.2
989	7505	1.4
989	10014	1.1
989	10415	1.1
989	11587	2.2
989	11588	2.2
989	11589	1.2
989	11590	1.1
989	11591	1.1
991	7	1.7
991	65	3.0
991	152	3.2
991	154	3.2
991	163	5.0
991	182	1.7
991	184	1.2
991	186	1.2
991	190	1.7
991	197	3.0
991	203	2.7
991	212	2.4
991	221	2.3
991	227	1.9
991	230	1.1
991	234	1.4
991	238	1.9
991	333	1.0
991	377	2.1
991	432	1.7
991	506	1.9
991	511	1.4
991	533	4.0
991	562	1.8
991	607	1.0
991	609	1.0
991	630	1.1
991	712	2.4
991	730	1.6
991	733	2.0
991	1090	2.6
991	1131	1.2
991	1150	1.3
991	1186	2.6
991	1244	1.8
991	1384	1.8
991	1412	1.8
991	1639	1.8
991	1778	1.5
991	1790	2.2
991	1852	1.5
991	4675	1.7
991	5202	1.1
991	7935	1.2
991	8958	1.1
991	8964	1.8
991	11595	2.4
991	11596	1.7
991	11597	1.3
991	11598	1.1
994	58	1.8
994	70	3.0
994	89	1.6
994	157	1.8
994	163	1.6
994	190	2.0
994	227	2.8
994	238	1.6
994	298	3.5
994	300	1.9
994	348	1.7
994	349	2.1
994	375	2.8
994	418	4.1
994	454	1.9
994	728	1.7
994	910	1.3
994	981	1.4
994	1073	2.8
994	1098	3.0
994	1104	2.4
994	1148	2.8
994	1726	2.4
994	2075	2.0
994	3324	2.2
994	3890	1.0
994	4520	1.5
994	4649	2.1
994	6140	3.4
994	6150	5.0
994	6582	1.4
994	7802	1.0
994	8027	1.2
994	8689	1.1
994	8802	2.9
994	11628	2.8
994	11629	2.6
994	11630	1.9
994	11631	1.7
994	11632	1.7
994	11633	1.7
994	11634	1.5
994	11635	1.5
994	11636	1.3
994	11637	1.3
994	11638	1.2
994	11639	1.2
994	11640	1.1
994	11641	1.1
994	11642	1.1
1034	7	1.2
1034	191	1.3
1034	230	1.1
1034	288	1.5
1034	292	3.3
1034	296	1.0
1034	300	1.3
1034	302	1.8
1034	306	1.7
1034	310	1.3
1034	314	1.3
1034	317	1.7
1034	326	1.1
1034	327	1.8
1034	367	1.5
1034	377	1.1
1034	378	1.3
1034	393	2.3
1034	400	1.3
1034	409	1.0
1034	410	1.6
1034	456	2.2
1034	466	1.6
1034	475	5.0
1034	484	1.6
1034	486	2.3
1034	545	1.6
1034	680	2.5
1034	704	2.0
1034	706	1.9
1034	907	2.2
1034	913	1.3
1034	1042	1.0
1034	1451	2.1
1034	1455	1.6
1034	1456	1.2
1034	1613	2.5
1034	1641	1.7
1034	1918	1.5
1034	2020	1.5
1034	2092	1.2
1034	2094	3.5
1034	2107	1.3
1034	2247	1.7
1034	2913	1.0
1034	3317	1.4
1034	6618	2.7
1034	6619	1.0
1034	6635	1.3
1034	11891	1.3
1062	56	1.1
1062	57	1.0
1062	157	2.5
1062	220	5.0
1062	235	2.5
1062	238	1.0
1062	286	1.3
1062	567	1.2
1062	609	1.2
1062	614	2.7
1062	843	3.7
1062	859	1.1
1062	964	1.8
1062	1119	2.6
1062	1427	2.5
1062	1639	1.4
1062	1778	1.6
1062	1957	1.3
1062	1958	1.2
1062	2415	1.2
1062	2532	4.8
1062	2637	2.6
1062	3133	1.5
1062	3164	1.2
1062	3440	1.2
1062	3443	1.0
1062	3445	1.7
1062	3523	1.1
1062	3705	1.5
1062	3778	2.2
1062	4092	3.0
1062	4316	2.5
1062	6556	2.2
1062	6724	4.3
1062	6730	1.4
1062	7407	1.4
1062	8126	1.5
1062	10394	1.1
1062	10663	1.8
1062	10814	1.1
1062	10848	2.9
1062	11506	2.1
1062	12058	1.1
1062	12062	4.9
1062	12063	4.0
1062	12064	2.7
1062	12065	2.2
1062	12066	1.1
1062	12067	1.1
1062	12068	1.1
1063	39	1.6
1063	173	3.6
1063	195	5.0
1063	210	1.2
1063	217	2.5
1063	225	4.5
1063	229	2.3
1063	329	1.1
1063	418	3.2
1063	428	2.4
1063	591	1.8
1063	599	1.9
1063	604	2.0
1063	615	2.4
1063	618	4.5
1063	930	1.0
1063	932	1.1
1063	980	1.0
1063	1073	2.4
1063	1098	3.1
1063	1104	1.6
1063	1155	2.1
1063	1167	3.8
1063	1424	2.6
1063	1464	2.3
1063	2277	1.6
1063	3200	2.0
1063	3298	1.9
1063	3333	1.2
1063	3741	1.7
1063	3744	2.6
1063	3902	4.0
1063	7356	1.5
1063	7389	1.2
1063	8584	2.4
1063	8788	2.6
1063	10969	2.0
1063	12026	1.9
1063	12069	2.7
1063	12070	2.4
1063	12071	2.4
1063	12072	2.1
1063	12073	1.8
1063	12074	1.7
1063	12075	1.6
1063	12076	1.5
1063	12077	1.3
1063	12078	1.3
1063	12079	1.3
1063	12080	1.2
1067	30	1.0
1067	59	1.1
1067	89	1.2
1067	154	1.1
1067	159	5.0
1067	163	4.3
1067	207	1.1
1067	227	4.8
1067	250	2.1
1067	306	2.2
1067	331	1.3
1067	412	2.2
1067	424	2.6
1067	429	1.4
1067	441	1.1
1067	470	1.2
1067	714	1.7
1067	779	2.2
1067	875	1.7
1067	903	2.3
1067	1083	1.5
1067	1513	2.4
1067	1639	1.1
1067	1645	2.6
1067	1654	3.4
1067	2080	1.9
1067	2637	1.1
1067	2938	1.0
1067	3430	1.0
1067	3444	1.4
1067	3456	1.8
1067	4087	1.3
1067	4385	1.7
1067	4459	1.1
1067	4791	2.7
1067	4800	2.6
1067	4821	2.5
1067	4825	2.0
1067	4831	2.0
1067	4834	2.5
1067	5416	2.3
1067	5630	1.3
1067	5639	2.4
1067	6120	2.2
1067	7330	1.5
1067	8713	1.3
1067	10124	1.7
1067	11276	1.5
1067	12092	1.7
1067	12093	1.4
1075	53	1.0
1075	64	2.6
1075	65	2.4
1075	70	4.5
1075	81	1.1
1075	89	1.9
1075	154	3.9
1075	155	1.0
1075	159	1.9
1075	173	3.3
1075	182	1.9
1075	204	2.5
1075	207	1.4
1075	228	1.8
1075	229	1.4
1075	423	1.8
1075	485	1.4
1075	526	2.1
1075	618	3.3
1075	703	3.7
1075	715	2.5
1075	757	4.5
1075	1001	1.6
1075	1075	1.3
1075	1097	2.3
1075	1098	5.0
1075	1151	1.0
1075	1155	1.5
1075	1167	2.5
1075	1400	2.8
1075	1409	1.6
1075	1424	1.7
1075	1481	2.5
1075	1485	1.6
1075	1983	4.1
1075	1990	1.1
1075	2521	2.1
1075	2531	4.1
1075	3057	1.3
1075	3200	1.2
1075	3206	1.8
1075	3300	2.1
1075	3738	1.4
1075	3902	2.4
1075	4728	1.0
1075	5149	2.0
1075	7324	1.6
1075	7885	1.6
1075	9877	2.3
1075	12130	2.1
1097	58	2.3
1097	67	2.8
1097	71	2.0
1097	89	2.2
1097	97	1.2
1097	178	2.8
1097	180	1.9
1097	182	1.0
1097	288	1.5
1097	289	1.2
1097	294	1.7
1097	295	1.4
1097	300	1.4
1097	342	2.2
1097	344	1.0
1097	359	1.9
1097	362	1.5
1097	423	2.5
1097	518	2.1
1097	644	1.0
1097	689	1.3
1097	697	2.0
1097	722	1.6
1097	903	1.0
1097	914	1.2
1097	972	1.2
1097	1098	5.0
1097	1114	1.4
1097	1167	1.4
1097	1375	1.2
1097	1377	1.5
1097	1459	2.0
1097	1463	1.1
1097	1470	1.3
1097	1934	2.0
1097	2018	3.0
1097	2044	1.8
1097	3081	2.3
1097	3200	1.2
1097	3495	1.5
1097	5032	1.2
1097	7137	1.3
1097	7157	1.6
1097	7324	1.1
1097	7727	1.2
1097	7810	1.9
1097	9234	1.1
1097	12309	1.3
1097	12310	1.1
1097	12311	1.1
1130	53	3.1
1130	65	1.7
1130	70	1.6
1130	72	2.1
1130	81	2.0
1130	89	1.2
1130	154	1.2
1130	173	4.5
1130	182	1.5
1130	190	2.7
1130	210	1.4
1130	225	1.7
1130	228	3.0
1130	229	2.1
1130	234	1.6
1130	238	1.3
1130	378	2.0
1130	423	1.8
1130	429	1.0
1130	430	1.8
1130	441	2.7
1130	450	2.7
1130	486	3.0
1130	498	3.2
1130	697	1.0
1130	703	2.7
1130	722	1.3
1130	969	1.1
1130	1075	3.0
1130	1083	1.4
1130	1090	1.1
1130	1118	1.1
1130	1376	1.8
1130	1394	1.4
1130	1424	2.4
1130	1463	2.0
1130	1632	1.9
1130	1799	1.6
1130	2206	1.7
1130	3890	2.4
1130	5657	1.9
1130	6539	1.7
1130	7818	1.2
1130	11155	1.5
1130	12547	5.0
1130	12548	2.5
1130	12549	1.7
1130	12550	1.4
1130	12551	1.4
1130	12552	1.1
1133	7	2.3
1133	53	2.5
1133	56	2.8
1133	70	1.7
1133	81	1.6
1133	88	4.2
1133	89	2.2
1133	154	3.2
1133	163	2.8
1133	173	2.0
1133	190	2.2
1133	198	2.8
1133	207	3.3
1133	212	1.8
1133	221	2.1
1133	225	2.3
1133	226	2.5
1133	227	3.4
1133	233	1.0
1133	246	1.6
1133	295	2.6
1133	298	1.7
1133	418	1.9
1133	424	5.0
1133	432	1.2
1133	439	3.7
1133	447	3.2
1133	599	3.2
1133	618	3.2
1133	701	1.1
1133	718	3.5
1133	903	1.5
1133	969	1.0
1133	1090	2.0
1133	1098	2.4
1133	1398	3.6
1133	1504	2.3
1133	1681	1.8
1133	1755	3.7
1133	1764	1.2
1133	1766	1.5
1133	1941	1.0
1133	2343	1.0
1133	2600	1.5
1133	3747	1.9
1133	4600	1.9
1133	4716	1.1
1133	5119	2.0
1133	8593	1.0
1133	12562	1.3
1170	89	1.9
1170	207	3.6
1170	227	2.4
1170	228	1.7
1170	298	2.7
1170	300	2.1
1170	366	2.0
1170	403	2.7
1170	420	1.4
1170	424	1.5
1170	425	3.2
1170	437	2.1
1170	498	5.0
1170	546	1.8
1170	680	1.4
1170	689	2.1
1170	690	1.1
1170	709	1.1
1170	898	1.2
1170	980	1.1
1170	1043	1.9
1170	1048	3.1
1170	1090	1.7
1170	1109	1.4
1170	1239	1.3
1170	1246	2.1
1170	1390	1.1
1170	1424	3.0
1170	1502	1.4
1170	1515	2.1
1170	1545	1.1
1170	1556	1.0
1170	1632	1.6
1170	1988	2.2
1170	2121	2.1
1170	2661	1.3
1170	2815	2.3
1170	3057	1.8
1170	3200	2.2
1170	3206	1.1
1170	3369	1.1
1170	3400	1.0
1170	3730	1.6
1170	3797	1.2
1170	4773	1.1
1170	5439	1.8
1170	7787	2.1
1170	12917	1.2
1170	12918	1.1
1170	12919	1.1
1191	56	1.8
1191	67	2.4
1191	70	1.8
1191	72	1.3
1191	163	1.5
1191	166	2.2
1191	220	5.0
1191	227	2.0
1191	229	1.2
1191	302	2.0
1191	306	1.3
1191	333	1.2
1191	340	1.3
1191	366	1.2
1191	389	1.1
1191	562	1.6
1191	601	1.9
1191	630	2.1
1191	706	2.1
1191	732	1.6
1191	859	1.6
1191	951	1.9
1191	985	2.3
1191	1081	1.0
1191	1099	1.5
1191	1150	1.8
1191	1358	1.7
1191	1380	1.2
1191	1394	2.7
1191	1397	2.3
1191	1413	1.2
1191	1639	1.4
1191	1686	2.3
1191	1810	1.1
1191	1836	1.0
1191	1878	2.7
1191	1883	2.4
1191	2346	1.3
1191	2352	1.1
1191	2444	1.0
1191	2792	1.2
1191	2901	2.1
1191	4432	2.2
1191	5072	1.5
1191	6677	1.2
1191	11253	1.3
1191	13012	1.7
1191	13013	1.4
1191	13014	1.4
1191	13015	1.2
1192	51	1.7
1192	65	1.2
1192	81	1.3
1192	159	2.0
1192	163	2.6
1192	166	2.0
1192	182	1.1
1192	203	1.2
1192	205	1.4
1192	220	3.1
1192	226	1.6
1192	227	1.9
1192	234	2.3
1192	424	1.0
1192	436	2.3
1192	453	2.3
1192	511	1.5
1192	533	2.3
1192	610	1.5
1192	614	5.0
1192	706	1.5
1192	707	1.8
1192	735	2.3
1192	854	3.3
1192	856	3.0
1192	859	1.5
1192	860	2.6
1192	959	2.8
1192	982	1.9
1192	1109	1.5
1192	1119	1.0
1192	1249	2.2
1192	1412	2.0
1192	1772	2.1
1192	1778	2.0
1192	1810	2.1
1192	1824	1.2
1192	1873	1.4
1192	1985	1.5
1192	2346	2.5
1192	2347	1.2
1192	3310	1.5
1192	3892	1.9
1192	4179	2.3
1192	6724	2.6
1192	9344	2.8
1192	9346	1.1
1192	9818	1.2
1192	10040	1.3
1192	10537	1.2
1199	154	2.7
1199	163	1.4
1199	190	1.9
1199	192	2.8
1199	197	1.0
1199	202	2.0
1199	227	5.0
1199	434	2.2
1199	554	4.1
1199	572	1.5
1199	599	1.3
1199	615	1.7
1199	717	1.5
1199	728	1.9
1199	733	2.5
1199	959	1.6
1199	1130	1.2
1199	1158	1.4
1199	1414	3.0
1199	1416	3.7
1199	1515	1.1
1199	1901	1.8
1199	2424	1.4
1199	2444	1.7
1199	2624	3.8
1199	2629	2.9
1199	2632	1.0
1199	2636	1.7
1199	2639	1.0
1199	3003	2.1
1199	3012	2.0
1199	3275	1.1
1199	3777	1.6
1199	3934	2.2
1199	4079	2.6
1199	7056	1.1
1199	7789	1.5
1199	8012	2.0
1199	8311	1.5
1199	8812	1.3
1199	11480	1.2
1199	11926	1.0
1199	12599	2.3
1199	13065	2.5
1199	13066	2.4
1199	13067	1.8
1199	13068	1.7
1199	13069	1.4
1199	13070	1.3
1199	13071	1.3
1239	53	1.6
1239	65	2.1
1239	81	1.2
1239	152	3.5
1239	154	3.1
1239	159	1.5
1239	163	5.0
1239	166	1.3
1239	171	2.2
1239	188	1.8
1239	203	1.1
1239	204	1.1
1239	220	2.7
1239	226	1.9
1239	227	4.0
1239	228	3.2
1239	298	2.4
1239	424	2.1
1239	436	1.1
1239	439	2.4
1239	533	2.1
1239	609	2.2
1239	615	1.5
1239	630	1.8
1239	683	2.4
1239	868	2.1
1239	962	1.0
1239	964	1.8
1239	982	1.7
1239	1048	3.2
1239	1412	2.4
1239	1414	2.1
1239	1424	1.7
1239	1519	2.1
1239	1643	1.1
1239	1755	2.8
1239	1767	1.0
1239	2605	1.8
1239	2608	1.1
1239	2711	1.8
1239	2786	1.3
1239	2797	1.0
1239	2855	1.5
1239	4675	1.7
1239	6295	1.3
1239	6724	3.1
1239	10418	2.3
1239	13393	2.6
1239	13394	2.3
1239	13395	1.1
1261	58	1.9
1261	65	2.0
1261	81	2.7
1261	154	5.0
1261	196	1.0
1261	199	1.5
1261	202	1.4
1261	204	1.1
1261	206	1.2
1261	217	1.4
1261	225	2.7
1261	228	2.2
1261	231	1.0
1261	237	1.8
1261	246	1.6
1261	261	2.7
1261	418	3.3
1261	450	2.0
1261	533	1.3
1261	604	2.8
1261	615	1.4
1261	622	1.4
1261	689	1.7
1261	703	1.8
1261	1075	2.4
1261	1098	4.3
1261	1109	1.9
1261	1389	1.3
1261	1400	2.1
1261	1424	3.6
1261	1512	1.8
1261	1632	2.7
1261	1633	1.1
1261	1755	3.8
1261	1764	1.8
1261	1767	1.3
1261	1776	1.2
1261	1934	1.5
1261	2277	1.5
1261	2638	1.7
1261	3057	2.7
1261	3110	1.2
1261	3259	1.1
1261	3468	1.4
1261	5414	1.0
1261	5745	1.0
1261	5925	3.1
1261	6222	1.9
1261	10729	2.4
1261	13540	1.3
1264	65	1.8
1264	163	4.1
1264	190	2.9
1264	192	1.9
1264	203	1.5
1264	207	1.4
1264	212	1.5
1264	220	1.7
1264	227	4.4
1264	234	2.6
1264	511	1.7
1264	533	4.0
1264	562	3.6
1264	599	2.8
1264	614	1.2
1264	706	2.7
1264	712	1.1
1264	714	2.3
1264	717	1.0
1264	725	2.2
1264	733	1.4
1264	735	2.3
1264	917	1.1
1264	959	5.0
1264	982	2.6
1264	1110	1.1
1264	1122	1.5
1264	1241	3.0
1264	1242	2.6
1264	1244	2.3
1264	1249	1.4
1264	1351	2.1
1264	1412	2.6
1264	1414	2.0
1264	1416	1.9
1264	1513	1.3
1264	1755	2.6
1264	1764	1.2
1264	2347	1.0
1264	2625	1.2
1264	2742	1.5
1264	3071	1.0
1264	3308	1.6
1264	3400	2.2
1264	3635	1.8
1264	4087	1.9
1264	4349	1.9
1264	5772	2.5
1264	13554	1.2
1264	13555	1.0
1271	212	2.5
1271	227	5.0
1271	562	1.2
1271	618	2.4
1271	721	1.4
1271	733	1.5
1271	735	2.0
1271	1123	3.5
1271	1150	1.2
1271	1175	2.1
1271	1242	1.6
1271	1414	1.6
1271	1416	1.2
1271	2265	2.0
1271	2419	1.1
1271	2638	1.2
1271	2857	1.2
1271	2902	1.3
1271	3119	1.5
1271	3458	2.2
1271	4123	1.3
1271	4620	1.9
1271	6181	2.1
1271	6756	1.5
1271	7157	1.9
1271	7644	2.8
1271	7877	1.2
1271	8843	1.5
1271	9699	1.7
1271	10969	1.0
1271	10970	1.2
1271	11268	2.2
1271	11646	1.3
1271	11676	1.9
1271	13584	2.7
1271	13585	2.5
1271	13586	2.2
1271	13587	2.2
1271	13588	2.0
1271	13589	1.5
1271	13590	1.5
1271	13591	1.4
1271	13592	1.4
1271	13593	1.3
1271	13594	1.3
1271	13595	1.1
1271	13596	1.0
1271	13597	1.0
1271	13598	1.0
1271	13599	1.0
1275	58	1.3
1275	163	2.8
1275	190	1.7
1275	199	1.6
1275	207	2.0
1275	227	4.7
1275	228	2.0
1275	229	1.7
1275	380	1.0
1275	423	1.1
1275	424	1.7
1275	425	1.6
1275	429	1.8
1275	437	1.8
1275	554	1.4
1275	562	5.0
1275	599	1.0
1275	709	2.0
1275	733	2.2
1275	735	4.0
1275	868	3.4
1275	903	1.6
1275	969	1.8
1275	1090	1.6
1275	1098	1.1
1275	1122	1.2
1275	1244	1.5
1275	1414	1.5
1275	1424	1.3
1275	1512	1.2
1275	1639	1.9
1275	1772	1.3
1275	2277	1.3
1275	2786	1.5
1275	3057	1.1
1275	3156	1.2
1275	3201	2.4
1275	3206	1.3
1275	4129	1.6
1275	4384	2.3
1275	5416	1.0
1275	7266	2.3
1275	8549	2.1
1275	8594	1.6
1275	10971	1.5
1275	11739	1.0
1275	13607	2.2
1275	13608	1.6
1275	13609	1.2
1275	13610	1.0
1277	65	2.0
1277	154	3.6
1277	159	2.7
1277	182	1.7
1277	184	1.1
1277	190	3.2
1277	198	1.6
1277	207	2.1
1277	217	3.0
1277	220	1.4
1277	221	2.0
1277	222	2.6
1277	227	2.6
1277	229	1.9
1277	333	1.5
1277	342	1.9
1277	366	1.4
1277	424	2.4
1277	429	1.7
1277	439	2.2
1277	453	1.2
1277	472	1.1
1277	498	1.4
1277	533	5.0
1277	538	1.6
1277	540	1.1
1277	604	2.2
1277	614	2.4
1277	615	1.0
1277	898	2.3
1277	899	1.6
1277	1044	1.1
1277	1047	1.4
1277	1048	2.2
1277	1116	1.6
1277	1375	1.5
1277	1377	1.3
1277	1873	1.1
1277	2277	1.0
1277	2544	1.4
1277	2607	1.0
1277	3097	1.8
1277	3258	2.3
1277	3489	1.2
1277	3749	1.1
1277	4115	1.6
1277	5217	3.6
1277	6231	2.7
1277	9193	1.5
1277	10677	2.2
1295	56	1.3
1295	81	1.8
1295	154	4.8
1295	159	1.9
1295	162	1.6
1295	163	2.0
1295	173	1.6
1295	195	3.7
1295	207	4.1
1295	212	1.0
1295	215	1.5
1295	217	2.7
1295	225	2.8
1295	227	3.2
1295	230	3.0
1295	412	1.2
1295	418	3.5
1295	424	3.6
1295	428	1.7
1295	429	2.0
1295	430	1.6
1295	439	4.7
1295	441	3.9
1295	533	3.0
1295	609	2.2
1295	615	5.0
1295	618	1.9
1295	632	1.8
1295	703	1.4
1295	1048	2.5
1295	1090	1.8
1295	1239	1.2
1295	1390	1.7
1295	1418	1.7
1295	1515	1.8
1295	1755	1.9
1295	1766	2.6
1295	1773	1.9
1295	1957	2.8
1295	1966	1.7
1295	2265	1.6
1295	2271	1.2
1295	2542	1.9
1295	2608	1.6
1295	3400	1.4
1295	4164	2.2
1295	5310	1.6
1295	8713	1.1
1295	10418	1.7
1295	13725	2.2
1302	65	3.8
1302	97	1.4
1302	154	3.9
1302	190	2.0
1302	196	2.7
1302	204	1.4
1302	210	2.4
1302	212	2.6
1302	227	5.0
1302	229	2.8
1302	316	1.9
1302	355	4.0
1302	366	2.0
1302	418	1.6
1302	424	3.9
1302	428	1.4
1302	430	1.2
1302	439	4.3
1302	447	1.5
1302	615	2.7
1302	632	1.1
1302	683	3.2
1302	709	1.6
1302	716	1.8
1302	718	1.7
1302	858	1.4
1302	903	2.1
1302	1048	2.1
1302	1116	2.6
1302	1242	1.8
1302	1375	1.7
1302	1400	2.3
1302	1424	3.6
1302	1511	1.6
1302	1515	2.2
1302	1556	3.4
1302	1755	3.6
1302	1761	3.3
1302	1766	3.6
1302	2277	3.2
1302	3057	1.1
1302	3171	1.4
1302	3386	2.6
1302	3488	2.6
1302	3750	1.0
1302	5416	2.3
1302	5439	2.6
1302	5446	1.5
1302	8155	3.4
1302	13737	1.8
1303	154	3.4
1303	162	1.9
1303	173	1.8
1303	190	3.2
1303	195	2.9
1303	196	2.5
1303	199	1.4
1303	205	1.2
1303	207	1.4
1303	217	3.3
1303	219	2.7
1303	221	1.1
1303	225	3.1
1303	227	1.2
1303	228	1.0
1303	229	2.1
1303	416	3.3
1303	418	1.8
1303	421	2.0
1303	424	1.6
1303	429	1.0
1303	433	1.1
1303	436	2.3
1303	439	2.5
1303	441	2.4
1303	450	1.3
1303	533	3.2
1303	602	1.4
1303	615	5.0
1303	632	2.5
1303	964	1.7
1303	1106	1.9
1303	1109	2.6
1303	1163	1.9
1303	1418	1.6
1303	1423	1.0
1303	1504	1.8
1303	1510	1.7
1303	1515	1.3
1303	1779	1.2
1303	1957	2.5
1303	2531	1.2
1303	2542	1.3
1303	4384	1.2
1303	5979	1.5
1303	6146	1.5
1303	7219	1.2
1303	9955	2.6
1303	12583	2.2
1303	13738	2.4
1339	65	5.0
1339	89	1.0
1339	154	1.2
1339	182	2.3
1339	190	2.1
1339	207	2.9
1339	217	1.3
1339	220	1.9
1339	227	2.7
1339	228	4.0
1339	229	2.7
1339	230	1.4
1339	303	1.5
1339	328	1.3
1339	333	2.3
1339	366	2.2
1339	377	1.3
1339	424	2.9
1339	498	5.0
1339	507	1.7
1339	512	1.1
1339	533	2.0
1339	538	1.5
1339	540	2.0
1339	546	1.0
1339	968	1.0
1339	1045	2.9
1339	1048	1.5
1339	1090	1.3
1339	1193	1.0
1339	1194	2.4
1339	1195	1.2
1339	1200	1.2
1339	1239	2.3
1339	1246	2.4
1339	1375	1.4
1339	1384	1.3
1339	1400	1.8
1339	2544	1.3
1339	2608	2.4
1339	2660	1.9
1339	2661	2.5
1339	2850	1.6
1339	2983	2.7
1339	4466	1.0
1339	4747	1.1
1339	9766	1.4
1339	13964	2.0
1339	13965	1.4
1339	13966	1.1
1342	163	5.0
1342	212	1.1
1342	447	1.6
1342	503	1.0
1342	707	1.1
1342	712	1.5
1342	806	1.2
1342	841	1.8
1342	952	1.9
1342	1132	1.8
1342	1369	1.1
1342	1411	1.9
1342	1412	2.5
1342	1415	1.1
1342	1425	1.7
1342	1747	1.6
1342	1772	1.2
1342	1980	1.4
1342	2265	2.4
1342	2312	1.0
1342	2339	1.5
1342	2471	1.4
1342	2558	1.8
1342	2853	2.4
1342	2966	1.2
1342	3470	1.0
1342	4460	1.2
1342	4620	1.5
1342	4971	1.1
1342	5297	2.3
1342	5550	1.6
1342	6961	2.3
1342	8420	1.4
1342	8431	1.6
1342	8439	1.7
1342	9045	2.7
1342	12992	1.0
1342	13981	3.6
1342	13982	3.6
1342	13983	2.8
1342	13984	2.4
1342	13985	1.8
1342	13986	1.8
1342	13987	1.6
1342	13988	1.4
1342	13989	1.3
1342	13990	1.3
1342	13991	1.2
1342	13992	1.1
1342	13993	1.0
1372	7	2.7
1372	65	3.5
1372	72	2.2
1372	89	1.5
1372	159	1.8
1372	173	4.6
1372	182	1.9
1372	190	4.0
1372	207	5.0
1372	208	2.3
1372	217	1.3
1372	227	3.8
1372	229	3.8
1372	230	3.1
1372	298	2.9
1372	424	2.7
1372	428	1.5
1372	429	1.5
1372	432	1.3
1372	441	1.6
1372	486	3.2
1372	488	2.1
1372	498	2.3
1372	511	1.3
1372	526	2.1
1372	540	4.6
1372	716	1.1
1372	959	2.4
1372	986	1.5
1372	1048	2.1
1372	1075	3.9
1372	1090	1.1
1372	1091	1.1
1372	1097	1.4
1372	1104	1.2
1372	1246	2.5
1372	1398	2.6
1372	1512	3.6
1372	1714	1.7
1372	1789	2.3
1372	1874	2.3
1372	2131	3.5
1372	2137	1.5
1372	2665	1.7
1372	3053	1.0
1372	4905	2.0
1372	7008	1.9
1372	8830	1.6
1372	10208	1.2
1372	11170	1.4
1383	53	1.6
1383	58	1.1
1383	65	3.1
1383	81	1.7
1383	154	5.0
1383	163	1.3
1383	182	1.7
1383	190	2.4
1383	203	1.2
1383	207	1.8
1383	217	1.7
1383	227	3.9
1383	228	1.7
1383	237	2.8
1383	418	2.4
1383	423	3.4
1383	604	2.5
1383	703	2.0
1383	733	1.3
1383	868	1.9
1383	962	1.2
1383	986	1.2
1383	1062	1.8
1383	1089	1.1
1383	1098	4.2
1383	1239	1.1
1383	1424	1.8
1383	1512	1.4
1383	1632	2.4
1383	1633	1.8
1383	2083	1.6
1383	2139	2.9
1383	2277	3.4
1383	2407	2.4
1383	3070	1.7
1383	3206	2.5
1383	3259	1.5
1383	4113	1.3
1383	5480	1.3
1383	8676	1.5
1383	8716	1.2
1383	10738	1.3
1383	11280	2.4
1383	13557	1.4
1383	13729	2.9
1383	14233	1.6
1383	14234	1.5
1383	14235	1.4
1383	14236	1.2
1383	14237	1.0
1389	55	1.4
1389	65	2.6
1389	89	2.5
1389	154	3.4
1389	159	2.8
1389	190	2.8
1389	203	2.7
1389	207	1.2
1389	227	3.6
1389	229	3.3
1389	231	2.2
1389	298	1.8
1389	424	1.6
1389	425	1.7
1389	429	3.6
1389	432	2.9
1389	436	1.0
1389	440	2.9
1389	526	1.8
1389	530	1.0
1389	533	1.5
1389	599	2.9
1389	622	4.0
1389	690	1.1
1389	715	1.4
1389	757	2.7
1389	971	2.0
1389	1048	2.2
1389	1090	1.2
1389	1097	3.0
1389	1098	2.4
1389	1106	1.1
1389	1109	1.1
1389	1390	2.0
1389	1400	5.0
1389	1632	1.7
1389	2083	1.3
1389	2531	1.9
1389	3057	3.4
1389	3902	1.2
1389	5235	1.6
1389	5237	1.3
1389	6726	1.6
1389	7324	1.5
1389	8756	3.1
1389	12915	3.3
1389	13668	1.2
1389	14264	1.5
1389	14265	1.4
1389	14266	1.0
1390	89	1.0
1390	154	1.5
1390	163	1.8
1390	173	4.2
1390	198	2.4
1390	207	3.1
1390	209	2.3
1390	227	4.7
1390	234	2.3
1390	419	4.4
1390	421	2.5
1390	424	3.9
1390	430	3.2
1390	436	1.0
1390	437	2.8
1390	439	1.7
1390	441	1.6
1390	443	2.1
1390	533	3.9
1390	540	2.6
1390	562	2.5
1390	599	1.7
1390	689	1.2
1390	709	1.9
1390	859	1.8
1390	863	4.0
1390	868	2.3
1390	964	1.3
1390	1048	4.2
1390	1090	4.0
1390	1239	2.7
1390	1246	2.3
1390	1400	3.5
1390	1412	2.3
1390	1486	1.2
1390	1513	1.7
1390	1515	4.4
1390	1764	2.1
1390	1766	2.1
1390	2786	2.7
1390	2855	1.8
1390	3200	1.2
1390	3769	5.0
1390	4124	1.5
1390	4802	3.0
1390	5414	1.0
1390	5416	2.3
1390	14267	2.3
1390	14268	1.6
1390	14269	1.5
1407	65	3.6
1407	154	3.3
1407	157	1.4
1407	171	2.6
1407	182	3.9
1407	184	1.7
1407	190	2.1
1407	203	1.1
1407	217	3.7
1407	221	3.7
1407	225	1.5
1407	227	3.7
1407	228	2.1
1407	229	3.3
1407	298	2.5
1407	424	2.3
1407	441	2.0
1407	511	3.4
1407	533	5.0
1407	554	1.2
1407	715	1.8
1407	734	1.9
1407	851	2.6
1407	863	1.0
1407	1048	2.8
1407	1089	2.1
1407	1090	2.8
1407	1151	1.9
1407	1239	1.3
1407	1241	1.8
1407	1375	2.2
1407	1377	1.2
1407	1384	3.3
1407	1390	1.4
1407	1412	1.1
1407	1509	1.0
1407	1512	1.3
1407	2487	1.1
1407	2539	1.7
1407	2606	3.4
1407	2614	1.3
1407	3469	1.9
1407	3676	1.6
1407	4444	2.8
1407	4999	1.7
1407	6920	1.8
1407	7725	1.3
1407	8810	1.1
1407	9823	2.3
1407	14359	1.5
1416	171	1.2
1416	196	1.4
1416	199	1.4
1416	207	3.6
1416	217	3.5
1416	225	3.3
1416	226	2.2
1416	227	5.0
1416	228	4.4
1416	229	4.3
1416	231	3.8
1416	416	2.4
1416	421	2.3
1416	422	1.0
1416	424	3.1
1416	425	1.9
1416	427	1.4
1416	428	2.3
1416	439	4.1
1416	533	1.2
1416	554	1.1
1416	604	3.2
1416	614	2.5
1416	622	2.2
1416	703	1.3
1416	982	1.8
1416	1048	3.7
1416	1090	3.0
1416	1106	2.0
1416	1116	1.5
1416	1400	1.1
1416	1502	1.3
1416	1515	1.7
1416	1766	1.2
1416	1977	1.9
1416	2131	1.1
1416	2277	2.0
1416	2600	1.4
1416	2660	1.5
1416	3030	2.1
1416	3057	1.3
1416	3400	2.4
1416	4114	2.8
1416	4115	2.8
1416	4118	1.0
1416	5439	1.7
1416	6147	1.6
1416	6726	2.0
1416	8710	1.3
1416	8840	1.5
1424	65	5.0
1424	154	4.9
1424	159	4.1
1424	163	1.4
1424	182	4.2
1424	190	2.2
1424	199	2.1
1424	215	3.4
1424	220	1.5
1424	225	1.7
1424	227	4.6
1424	229	2.9
1424	418	3.6
1424	424	3.0
1424	429	4.1
1424	439	4.9
1424	498	1.1
1424	511	2.6
1424	604	4.5
1424	714	1.0
1424	813	2.6
1424	823	2.3
1424	986	2.9
1424	1045	3.1
1424	1151	2.5
1424	1185	1.7
1424	1239	1.0
1424	1242	2.3
1424	1377	1.7
1424	1414	1.0
1424	1541	2.9
1424	1755	2.4
1424	1761	1.8
1424	1766	1.0
1424	2531	1.9
1424	2608	1.3
1424	2661	2.0
1424	2850	1.0
1424	3026	1.2
1424	3411	1.3
1424	3468	1.6
1424	4170	1.4
1424	4828	1.8
1424	4831	1.0
1424	5444	2.2
1424	6132	1.6
1424	6772	2.5
1424	8710	1.5
1424	12957	1.9
1424	14473	1.7
1438	81	1.9
1438	154	3.5
1438	196	3.8
1438	204	1.9
1438	212	2.0
1438	227	5.0
1438	228	2.4
1438	229	2.2
1438	231	1.7
1438	250	2.3
1438	366	1.5
1438	422	1.1
1438	424	2.2
1438	437	1.1
1438	438	2.3
1438	439	1.6
1438	445	2.6
1438	447	1.2
1438	452	1.3
1438	689	1.0
1438	703	2.6
1438	705	3.8
1438	714	2.0
1438	1048	3.7
1438	1090	2.0
1438	1106	1.2
1438	1109	3.6
1438	1116	1.8
1438	1135	1.5
1438	1400	2.7
1438	1414	1.4
1438	1755	3.9
1438	1763	1.7
1438	1764	1.4
1438	1776	1.0
1438	1778	1.6
1438	2786	1.9
1438	3741	2.3
1438	3902	2.7
1438	5180	1.3
1438	5441	1.5
1438	5453	1.3
1438	6726	1.3
1438	8264	1.3
1438	8716	1.2
1438	9831	1.2
1438	10427	1.8
1438	14560	2.0
1438	14561	2.0
1438	14562	1.1
1441	56	1.4
1441	89	1.7
1441	154	2.1
1441	196	1.6
1441	199	5.0
1441	207	4.5
1441	217	2.0
1441	221	1.6
1441	225	3.5
1441	227	2.8
1441	229	2.4
1441	298	1.3
1441	403	2.1
1441	421	2.6
1441	424	5.0
1441	425	1.4
1441	430	1.3
1441	432	1.0
1441	437	3.8
1441	439	2.2
1441	533	1.9
1441	679	1.5
1441	689	3.7
1441	690	3.2
1441	709	1.6
1441	951	2.3
1441	969	2.0
1441	1048	1.1
1441	1090	2.1
1441	1390	2.9
1441	1398	1.2
1441	1400	3.6
1441	1412	2.3
1441	1512	1.8
1441	1515	2.6
1441	2123	1.2
1441	2134	1.1
1441	2265	1.6
1441	2433	1.3
1441	2611	1.4
1441	2821	1.2
1441	3057	1.8
1441	4247	2.2
1441	4731	2.6
1441	5547	3.2
1441	6726	1.3
1441	7177	1.3
1441	10657	2.6
1441	12753	1.2
1441	14580	1.2
1449	65	2.5
1449	154	1.3
1449	211	1.4
1449	212	2.2
1449	227	5.0
1449	250	1.1
1449	464	1.2
1449	475	2.2
1449	614	1.3
1449	630	1.3
1449	709	1.1
1449	718	1.1
1449	728	2.8
1449	730	2.6
1449	733	3.0
1449	734	1.7
1449	735	1.4
1449	1150	3.2
1449	1249	1.5
1449	1384	1.1
1449	1412	2.5
1449	1414	2.8
1449	1415	1.7
1449	1416	2.3
1449	1422	2.3
1449	1426	1.2
1449	1518	1.3
1449	1613	1.2
1449	1643	1.7
1449	1976	1.1
1449	2179	1.0
1449	2265	4.0
1449	2626	3.1
1449	2630	3.4
1449	2855	1.6
1449	2893	2.4
1449	3458	2.3
1449	3670	1.4
1449	4079	3.2
1449	4538	1.4
1449	4780	2.2
1449	6140	1.0
1449	6853	1.8
1449	8122	1.9
1449	8312	1.0
1449	9689	1.6
1449	13962	1.9
1449	14618	2.8
1449	14619	1.3
1449	14620	1.0
1486	65	3.8
1486	72	4.2
1486	85	2.9
1486	88	1.0
1486	152	2.8
1486	159	5.0
1486	203	4.7
1486	207	2.3
1486	220	2.0
1486	221	1.4
1486	230	3.0
1486	234	3.4
1486	329	1.2
1486	377	2.1
1486	424	2.5
1486	429	4.0
1486	432	1.3
1486	441	3.9
1486	493	1.8
1486	599	4.4
1486	709	2.4
1486	716	1.1
1486	851	3.4
1486	856	1.1
1486	868	3.9
1486	875	2.8
1486	969	3.1
1486	982	2.4
1486	1048	2.9
1486	1083	4.7
1486	1089	3.1
1486	1090	3.1
1486	1107	1.7
1486	1116	2.7
1486	1239	1.0
1486	1249	3.3
1486	1515	1.7
1486	1534	2.5
1486	2128	1.2
1486	2133	1.5
1486	2176	1.7
1486	2531	3.0
1486	2552	2.9
1486	2666	1.4
1486	3461	1.6
1486	3646	1.7
1486	4616	2.6
1486	5030	3.1
1486	6196	1.6
1486	14847	1.6
1503	56	1.2
1503	65	1.8
1503	88	1.2
1503	89	2.7
1503	154	2.5
1503	155	2.1
1503	157	2.5
1503	190	2.3
1503	227	3.4
1503	229	1.1
1503	233	5.0
1503	288	2.2
1503	292	1.4
1503	295	2.7
1503	306	1.7
1503	331	2.4
1503	468	1.3
1503	489	1.0
1503	510	2.0
1503	512	1.9
1503	517	1.8
1503	544	3.5
1503	547	3.2
1503	599	1.9
1503	603	1.2
1503	707	1.1
1503	779	1.0
1503	969	1.7
1503	1044	2.6
1503	1118	1.2
1503	1145	1.2
1503	1416	1.7
1503	1434	1.7
1503	1613	1.8
1503	1974	1.3
1503	3317	1.8
1503	3795	1.5
1503	4316	2.3
1503	5073	1.1
1503	8915	1.8
1503	9931	1.9
1503	10389	1.7
1503	12897	1.7
1503	15068	2.8
1503	15069	1.5
1503	15070	1.3
1503	15071	1.3
1503	15072	1.2
1503	15073	1.1
1503	15074	1.1
1508	7	2.3
1508	56	2.9
1508	65	2.0
1508	67	2.6
1508	88	2.6
1508	154	5.0
1508	157	2.3
1508	163	1.8
1508	190	3.6
1508	199	2.6
1508	203	2.5
1508	206	3.7
1508	207	2.3
1508	227	4.5
1508	229	4.3
1508	234	3.3
1508	298	1.5
1508	333	1.0
1508	424	3.4
1508	436	4.0
1508	439	4.3
1508	441	1.3
1508	453	5.0
1508	511	1.1
1508	533	2.1
1508	538	1.2
1508	544	1.4
1508	599	2.6
1508	614	1.1
1508	714	1.5
1508	715	2.4
1508	733	2.7
1508	854	1.1
1508	903	2.0
1508	1090	1.3
1508	1098	4.3
1508	1239	1.4
1508	1244	2.8
1508	1400	2.1
1508	1414	2.4
1508	1755	1.5
1508	1766	1.8
1508	2130	1.1
1508	2184	1.3
1508	3071	1.3
1508	3112	1.3
1508	3116	2.6
1508	3200	1.1
1508	3739	1.8
1508	3889	1.2
1509	65	5.0
1509	89	2.9
1509	190	3.3
1509	198	3.2
1509	207	3.6
1509	220	2.8
1509	229	4.0
1509	230	3.9
1509	234	2.8
1509	288	1.1
1509	289	1.9
1509	291	1.1
1509	295	2.4
1509	300	2.0
1509	306	2.6
1509	321	1.2
1509	328	1.9
1509	333	3.8
1509	377	3.3
1509	378	1.5
1509	461	1.2
1509	481	1.2
1509	498	4.6
1509	538	2.7
1509	540	3.0
1509	542	2.1
1509	903	1.4
1509	966	1.5
1509	982	2.5
1509	1045	1.0
1509	1116	2.5
1509	1241	2.1
1509	1246	2.3
1509	1377	2.3
1509	1406	1.8
1509	1673	1.8
1509	1681	1.2
1509	2080	3.3
1509	2835	1.7
1509	3378	3.9
1509	3859	1.5
1509	4463	2.1
1509	4471	2.0
1509	4474	2.3
1509	4484	1.2
1509	4828	2.6
1509	4850	1.1
1509	5226	1.5
1509	5594	2.2
1509	6480	1.1
1522	7	1.0
1522	45	1.0
1522	56	1.2
1522	65	2.2
1522	88	1.3
1522	163	3.4
1522	190	3.3
1522	207	1.4
1522	220	2.2
1522	227	3.9
1522	229	1.9
1522	230	3.8
1522	234	1.0
1522	436	1.3
1522	440	3.8
1522	493	1.3
1522	497	1.0
1522	733	1.1
1522	808	1.0
1522	951	1.2
1522	959	1.1
1522	1043	1.1
1522	1090	1.4
1522	1099	1.1
1522	1106	1.0
1522	1155	1.4
1522	1198	1.2
1522	1246	1.2
1522	1249	1.6
1522	1377	1.4
1522	1398	1.5
1522	1400	5.0
1522	1412	1.1
1522	1738	1.2
1522	1954	2.0
1522	2343	1.0
1522	2600	1.1
1522	3686	1.8
1522	3738	1.9
1522	4028	1.2
1522	4029	1.3
1522	4387	2.2
1522	6303	1.8
1522	7324	1.9
1522	8678	3.2
1522	15169	2.2
1522	15170	1.6
1522	15171	1.5
1522	15172	1.3
1522	15173	1.2
1524	40	2.2
1524	67	2.6
1524	89	1.5
1524	154	1.8
1524	163	2.9
1524	198	1.1
1524	199	1.1
1524	200	2.0
1524	220	3.7
1524	222	1.3
1524	226	1.3
1524	227	4.4
1524	233	2.9
1524	412	1.9
1524	424	2.8
1524	511	1.0
1524	534	2.2
1524	562	1.5
1524	603	1.0
1524	757	1.1
1524	857	1.0
1524	886	1.1
1524	1090	1.4
1524	1091	4.4
1524	1105	1.9
1524	1246	1.6
1524	1412	1.4
1524	1632	2.2
1524	2271	2.2
1524	2569	1.1
1524	2628	1.4
1524	2637	1.5
1524	3200	1.2
1524	3340	1.9
1524	3737	1.4
1524	4196	2.0
1524	4198	1.2
1524	4208	5.0
1524	4833	3.2
1524	7188	1.5
1524	8270	2.4
1524	8275	2.5
1524	9485	4.3
1524	10564	2.4
1524	13221	1.1
1524	14203	2.4
1524	15179	2.1
1524	15180	1.8
1524	15181	1.7
1524	15182	1.1
1538	65	3.1
1538	154	5.0
1538	159	1.1
1538	163	1.6
1538	166	3.0
1538	172	1.7
1538	173	5.0
1538	190	3.0
1538	196	2.1
1538	198	2.2
1538	203	1.4
1538	206	1.5
1538	215	1.9
1538	221	1.9
1538	227	4.0
1538	228	1.6
1538	229	2.3
1538	412	2.2
1538	424	1.4
1538	450	2.2
1538	486	1.3
1538	506	3.4
1538	533	1.5
1538	602	1.4
1538	607	1.0
1538	851	1.5
1538	858	1.4
1538	903	2.7
1538	920	1.5
1538	955	1.5
1538	969	2.6
1538	1098	3.8
1538	1109	4.0
1538	1118	3.2
1538	1151	1.5
1538	1372	2.7
1538	1512	2.3
1538	1778	3.2
1538	1947	1.6
1538	2006	1.6
1538	2277	2.1
1538	2304	2.1
1538	2323	1.6
1538	2775	2.4
1538	2836	1.8
1538	10381	2.6
1538	14632	1.3
1538	15228	1.7
1538	15229	1.5
1538	15230	1.1
1539	56	1.4
1539	65	2.1
1539	88	2.2
1539	182	1.7
1539	190	1.9
1539	207	3.4
1539	225	1.3
1539	227	1.7
1539	229	2.7
1539	298	1.7
1539	420	1.7
1539	424	5.0
1539	425	2.6
1539	437	2.2
1539	498	3.6
1539	499	1.7
1539	704	2.9
1539	709	2.6
1539	716	1.9
1539	868	1.2
1539	959	1.2
1539	985	1.8
1539	989	1.7
1539	1090	2.8
1539	1240	1.9
1539	1390	3.9
1539	1400	2.7
1539	1486	1.5
1539	1515	1.8
1539	1807	2.5
1539	1988	2.0
1539	2133	1.0
1539	2343	1.1
1539	2533	1.3
1539	2821	3.3
1539	3200	1.8
1539	3333	2.7
1539	3399	1.2
1539	3475	3.8
1539	3767	1.2
1539	4149	3.9
1539	4291	1.3
1539	5030	1.6
1539	6529	2.2
1539	13845	1.1
1539	15231	2.4
1539	15232	2.0
1539	15233	1.9
1539	15234	1.1
1539	15235	1.0
1546	65	3.1
1546	67	2.4
1546	72	3.7
1546	88	1.3
1546	89	1.2
1546	154	3.7
1546	159	2.8
1546	173	5.0
1546	190	4.4
1546	203	2.7
1546	207	1.5
1546	210	2.1
1546	217	4.6
1546	223	1.1
1546	225	4.3
1546	226	3.6
1546	229	2.1
1546	295	1.7
1546	298	3.4
1546	420	2.1
1546	424	2.4
1546	425	1.6
1546	429	2.5
1546	436	2.3
1546	439	1.5
1546	510	1.7
1546	537	2.7
1546	547	2.1
1546	680	1.3
1546	689	1.8
1546	716	2.8
1546	840	2.3
1546	903	1.1
1546	964	1.3
1546	972	1.9
1546	982	1.3
1546	989	1.0
1546	1090	1.3
1546	1116	3.2
1546	1195	3.5
1546	1988	1.0
1546	2544	2.3
1546	2815	1.4
1546	3475	1.2
1546	3739	1.4
1546	4435	3.3
1546	5307	1.9
1546	6295	3.0
1546	10963	2.1
1546	13431	2.6
1547	81	1.1
1547	206	2.2
1547	207	3.7
1547	221	4.4
1547	225	2.3
1547	227	4.3
1547	229	1.5
1547	377	1.4
1547	418	3.3
1547	420	1.0
1547	429	1.3
1547	432	2.7
1547	440	1.5
1547	441	1.6
1547	448	1.0
1547	498	1.6
1547	511	2.0
1547	530	1.1
1547	533	5.0
1547	707	1.8
1547	757	1.3
1547	768	2.2
1547	863	1.3
1547	898	2.8
1547	971	3.4
1547	1048	2.3
1547	1097	1.7
1547	1151	1.0
1547	1384	1.7
1547	1400	2.3
1547	1510	1.3
1547	1517	1.2
1547	1633	1.5
1547	2433	2.4
1547	2600	1.8
1547	2606	1.1
1547	3676	1.6
1547	3753	2.4
1547	3892	2.6
1547	4069	1.6
1547	4115	2.1
1547	4616	2.6
1547	5237	3.3
1547	5966	1.8
1547	7077	2.1
1547	10839	3.8
1547	11155	1.4
1547	12555	1.0
1547	15262	1.2
1547	15263	1.1
1554	163	4.3
1554	207	2.9
1554	227	5.0
1554	554	2.6
1554	562	3.2
1554	570	1.6
1554	599	2.6
1554	709	2.1
1554	718	1.0
1554	733	1.2
1554	735	4.5
1554	857	1.7
1554	863	3.7
1554	868	4.7
1554	903	1.3
1554	969	2.1
1554	975	1.5
1554	1048	2.5
1554	1225	2.0
1554	1242	3.6
1554	1244	2.1
1554	1369	1.4
1554	1412	1.5
1554	1415	1.5
1554	1426	3.9
1554	1469	1.4
1554	1513	3.5
1554	1639	3.3
1554	1806	3.8
1554	1814	1.2
1554	2458	1.1
1554	2624	2.8
1554	2742	2.7
1554	2786	1.0
1554	2796	1.2
1554	2855	2.4
1554	2857	1.3
1554	2899	2.0
1554	2902	1.4
1554	3156	3.8
1554	3635	1.7
1554	3993	1.0
1554	4251	1.6
1554	4541	2.6
1554	5844	3.8
1554	6137	4.0
1554	6950	1.7
1554	7348	2.7
1554	12674	1.2
1554	15301	1.9
1559	97	1.3
1559	182	1.5
1559	184	2.6
1559	207	2.5
1559	220	1.8
1559	227	3.1
1559	228	1.4
1559	229	2.5
1559	230	2.0
1559	300	1.2
1559	328	2.0
1559	329	2.4
1559	333	1.9
1559	377	1.4
1559	412	2.6
1559	424	2.3
1559	458	5.0
1559	468	2.3
1559	475	3.1
1559	481	1.4
1559	507	1.8
1559	533	1.6
1559	538	1.6
1559	540	2.1
1559	545	1.5
1559	691	1.3
1559	705	1.0
1559	706	1.0
1559	714	1.2
1559	715	1.0
1559	1042	2.8
1559	1045	2.6
1559	1090	1.6
1559	1194	2.0
1559	1200	1.5
1559	1246	2.0
1559	1375	1.5
1559	1384	1.3
1559	1400	1.7
1559	1778	1.7
1559	1974	1.2
1559	2544	1.1
1559	2850	1.7
1559	4466	1.6
1559	4474	2.0
1559	6132	1.6
1559	7834	2.1
1559	13965	1.1
1559	14614	1.2
1559	15321	1.0
1565	56	1.6
1565	81	1.8
1565	154	3.0
1565	190	2.0
1565	199	1.6
1565	207	3.1
1565	210	3.0
1565	217	1.0
1565	225	3.7
1565	226	3.0
1565	228	2.8
1565	229	1.6
1565	236	1.2
1565	298	1.4
1565	416	1.3
1565	418	2.5
1565	421	1.3
1565	424	2.2
1565	439	2.4
1565	443	1.3
1565	450	1.6
1565	511	1.0
1565	517	1.7
1565	614	5.0
1565	629	2.2
1565	709	2.7
1565	715	2.6
1565	982	1.4
1565	1062	1.2
1565	1090	1.5
1565	1098	1.7
1565	1116	3.7
1565	1151	2.6
1565	1375	2.3
1565	1400	1.9
1565	1510	2.0
1565	1512	1.4
1565	1515	2.1
1565	1974	2.4
1565	2840	2.6
1565	3030	1.2
1565	3057	1.8
1565	4064	1.1
1565	4079	2.0
1565	4089	2.0
1565	6424	1.0
1565	11177	1.4
1565	15344	1.4
1565	15345	1.2
1565	15346	1.0
1566	88	2.0
1566	89	3.0
1566	154	2.6
1566	190	2.7
1566	196	2.8
1566	199	1.9
1566	206	2.1
1566	207	5.0
1566	217	2.9
1566	225	3.0
1566	226	1.0
1566	227	3.3
1566	228	2.9
1566	229	4.4
1566	298	1.6
1566	412	2.6
1566	419	1.3
1566	424	4.9
1566	425	3.3
1566	428	2.2
1566	430	1.2
1566	432	2.8
1566	440	1.4
1566	526	1.5
1566	533	2.6
1566	539	1.1
1566	546	2.7
1566	547	1.0
1566	689	2.6
1566	690	1.1
1566	703	1.4
1566	709	1.4
1566	903	1.8
1566	969	2.2
1566	1048	3.3
1566	1090	3.8
1566	1098	1.4
1566	1106	1.7
1566	1390	2.6
1566	1400	3.4
1566	1424	1.9
1566	1512	1.6
1566	1976	2.8
1566	2134	1.9
1566	2137	1.8
1566	2582	2.6
1566	3200	3.0
1566	3730	1.9
1566	4435	1.0
1566	4704	1.2
1573	157	1.4
1573	173	1.1
1573	190	4.4
1573	202	2.2
1573	207	5.0
1573	217	2.4
1573	220	1.0
1573	227	4.2
1573	229	4.1
1573	298	3.2
1573	424	2.2
1573	425	1.4
1573	427	1.5
1573	428	3.3
1573	429	1.9
1573	437	2.5
1573	439	2.7
1573	498	3.4
1573	533	4.3
1573	546	1.8
1573	615	1.5
1573	618	2.3
1573	716	1.5
1573	718	2.8
1573	903	1.0
1573	980	1.7
1573	989	2.3
1573	1090	2.8
1573	1186	2.8
1573	1244	2.1
1573	1390	1.8
1573	1400	2.7
1573	1515	1.6
1573	1517	1.0
1573	1520	1.5
1573	1663	3.5
1573	1764	1.6
1573	1814	2.3
1573	2131	1.6
1573	2788	1.7
1573	3128	2.0
1573	3293	1.4
1573	3333	4.6
1573	3370	1.5
1573	3767	1.7
1573	5304	1.9
1573	7355	1.7
1573	12105	2.1
1573	15378	1.5
1573	15379	1.1
1575	154	3.0
1575	227	3.0
1575	554	1.3
1575	562	3.8
1575	576	1.5
1575	599	1.5
1575	601	1.1
1575	706	2.4
1575	735	4.4
1575	857	1.5
1575	959	1.0
1575	1242	3.4
1575	1369	1.7
1575	1412	1.5
1575	1427	2.4
1575	1464	1.2
1575	1881	3.2
1575	1944	1.5
1575	2039	1.3
1575	2043	3.0
1575	2289	1.8
1575	2532	3.0
1575	3436	1.1
1575	3458	2.6
1575	3481	1.1
1575	3511	1.5
1575	3768	1.2
1575	4094	2.0
1575	4095	2.0
1575	4129	2.0
1575	5452	2.6
1575	6295	2.0
1575	6362	1.1
1575	7374	1.5
1575	8583	1.3
1575	9585	1.3
1575	9862	2.3
1575	10428	3.7
1575	14303	3.5
1575	15384	5.0
1575	15385	4.2
1575	15386	3.5
1575	15387	3.3
1575	15388	2.5
1575	15389	2.1
1575	15390	1.4
1575	15391	1.4
1575	15392	1.1
1575	15393	1.1
1575	15394	1.0
1579	56	1.4
1579	81	2.4
1579	154	3.5
1579	173	2.8
1579	206	1.6
1579	207	4.4
1579	226	3.4
1579	227	5.0
1579	228	3.1
1579	233	2.2
1579	271	1.7
1579	416	1.1
1579	424	2.3
1579	425	1.8
1579	430	1.1
1579	434	2.5
1579	439	2.8
1579	533	1.2
1579	547	1.5
1579	735	1.2
1579	903	2.2
1579	982	2.1
1579	1090	2.5
1579	1106	1.5
1579	1109	4.2
1579	1390	1.7
1579	1424	1.9
1579	1515	1.1
1579	1517	1.6
1579	1609	1.2
1579	1976	2.0
1579	2277	2.7
1579	2572	2.6
1579	2708	1.0
1579	2823	1.7
1579	3200	1.5
1579	3333	1.3
1579	4079	1.0
1579	4260	2.1
1579	4802	1.0
1579	5515	1.0
1579	6539	2.3
1579	6785	1.3
1579	7077	2.4
1579	7211	1.2
1579	8710	1.4
1579	11765	2.0
1579	13832	1.2
1579	15119	2.3
1579	15420	1.5
1581	173	1.3
1581	198	1.3
1581	199	1.2
1581	217	1.5
1581	220	1.2
1581	222	2.1
1581	228	3.1
1581	421	1.5
1581	430	1.4
1581	439	1.7
1581	615	2.1
1581	840	1.8
1581	858	1.3
1581	898	5.0
1581	1043	1.9
1581	1048	1.9
1581	1239	1.2
1581	1375	2.2
1581	1378	1.4
1581	1383	1.1
1581	1470	1.4
1581	1645	1.6
1581	1958	1.0
1581	2271	1.2
1581	2660	2.0
1581	2661	2.1
1581	2840	2.7
1581	3057	2.0
1581	3186	1.8
1581	3200	1.1
1581	3333	1.8
1581	4079	1.8
1581	4750	1.7
1581	5027	1.8
1581	5217	1.7
1581	5439	1.6
1581	5549	1.8
1581	7322	1.1
1581	7832	1.0
1581	8479	1.9
1581	10617	1.8
1581	11215	1.7
1581	11484	1.7
1581	12104	1.1
1581	12154	2.1
1581	15423	2.2
1581	15424	2.0
1581	15425	1.4
1581	15426	1.4
1581	15427	1.1
1594	65	1.4
1594	72	2.5
1594	154	1.8
1594	172	1.7
1594	173	2.4
1594	187	1.9
1594	190	3.2
1594	207	1.9
1594	217	1.3
1594	225	1.4
1594	226	3.3
1594	227	5.0
1594	229	1.7
1594	234	1.1
1594	362	2.5
1594	377	1.0
1594	412	1.5
1594	424	1.5
1594	429	2.4
1594	439	1.6
1594	441	1.8
1594	453	1.8
1594	498	1.6
1594	585	2.0
1594	614	1.2
1594	615	1.1
1594	705	1.6
1594	706	1.1
1594	707	1.2
1594	709	2.2
1594	728	1.9
1594	733	2.8
1594	857	1.4
1594	859	1.1
1594	982	2.5
1594	1118	1.4
1594	1239	1.3
1594	1240	1.3
1594	1414	3.7
1594	1416	2.0
1594	1807	2.4
1594	1974	2.3
1594	1977	1.4
1594	2531	1.3
1594	3071	2.6
1594	3938	1.3
1594	4793	1.4
1594	8710	2.0
1594	10969	1.1
1594	15476	1.3
1615	198	2.0
1615	206	2.0
1615	209	2.0
1615	217	1.6
1615	220	5.0
1615	227	4.7
1615	229	1.0
1615	230	1.6
1615	233	1.6
1615	234	1.8
1615	250	1.0
1615	316	1.3
1615	412	1.2
1615	436	1.5
1615	486	1.2
1615	534	1.4
1615	536	2.5
1615	562	1.7
1615	709	1.7
1615	735	1.1
1615	808	1.5
1615	982	2.6
1615	1091	2.0
1615	1239	1.7
1615	1244	2.3
1615	1249	1.1
1615	1378	1.2
1615	1392	2.0
1615	1645	1.0
1615	1672	1.1
1615	1686	1.1
1615	1689	1.1
1615	1873	1.9
1615	1974	2.0
1615	2121	1.4
1615	2346	1.1
1615	2455	1.7
1615	2625	1.2
1615	2637	1.4
1615	2738	1.1
1615	3078	2.4
1615	3341	1.1
1615	3621	1.7
1615	3732	1.5
1615	4189	2.3
1615	4262	2.1
1615	5306	1.3
1615	6376	1.3
1615	6997	1.1
1615	7470	1.0
1626	57	1.4
1626	72	2.6
1626	73	2.4
1626	154	2.3
1626	159	2.8
1626	163	5.0
1626	182	1.4
1626	227	1.5
1626	237	2.2
1626	245	1.5
1626	253	1.4
1626	366	1.5
1626	418	2.0
1626	511	2.0
1626	730	2.1
1626	885	1.2
1626	910	1.2
1626	963	1.7
1626	986	1.7
1626	1130	1.0
1626	1219	2.0
1626	1403	1.2
1626	1412	1.6
1626	1715	1.3
1626	1772	1.0
1626	2040	1.2
1626	2842	1.1
1626	2901	1.0
1626	3107	1.6
1626	3400	1.0
1626	3884	1.3
1626	3892	1.2
1626	4037	1.3
1626	4734	1.5
1626	6137	1.5
1626	6150	1.6
1626	6516	1.4
1626	7054	2.0
1626	9423	1.6
1626	10224	2.0
1626	12050	1.7
1626	15687	3.4
1626	15688	2.3
1626	15689	2.3
1626	15690	1.8
1626	15691	1.4
1626	15692	1.3
1626	15693	1.2
1626	15694	1.1
1626	15695	1.0
1646	86	1.2
1646	89	2.0
1646	97	2.4
1646	228	2.2
1646	229	2.6
1646	288	2.6
1646	289	1.4
1646	292	1.5
1646	294	1.1
1646	295	2.1
1646	298	1.0
1646	300	1.4
1646	301	2.4
1646	306	2.5
1646	310	1.1
1646	423	1.2
1646	430	1.3
1646	535	2.0
1646	548	1.2
1646	575	1.4
1646	689	2.7
1646	690	2.2
1646	697	2.6
1646	889	1.5
1646	896	1.4
1646	903	5.0
1646	961	2.6
1646	1463	1.9
1646	1511	1.7
1646	1556	1.9
1646	1688	1.2
1646	1767	1.4
1646	1772	2.1
1646	1934	3.1
1646	1971	2.3
1646	2521	1.3
1646	2544	1.4
1646	2601	1.1
1646	2786	2.0
1646	3057	2.2
1646	3110	2.6
1646	3126	1.2
1646	3201	2.8
1646	3322	1.1
1646	3371	1.6
1646	3488	1.2
1646	3502	1.8
1646	4252	1.3
1646	8020	1.6
1646	12990	1.2
1656	56	1.1
1656	65	1.8
1656	88	3.3
1656	154	3.6
1656	166	4.3
1656	170	1.5
1656	173	2.9
1656	180	2.0
1656	182	3.0
1656	199	1.9
1656	203	5.0
1656	227	4.3
1656	293	1.1
1656	298	3.3
1656	418	1.1
1656	425	2.8
1656	429	3.3
1656	441	3.1
1656	526	2.2
1656	530	1.3
1656	533	4.8
1656	546	1.9
1656	548	2.0
1656	689	3.4
1656	691	3.4
1656	703	3.9
1656	716	2.0
1656	757	3.3
1656	903	3.0
1656	980	2.4
1656	1048	2.4
1656	1090	2.6
1656	1195	1.0
1656	1206	1.1
1656	1398	3.1
1656	1400	3.8
1656	1509	1.2
1656	1513	3.0
1656	1672	1.0
1656	2137	1.6
1656	2537	1.7
1656	2618	1.2
1656	2786	2.5
1656	2839	2.0
1656	3057	2.9
1656	3898	2.2
1656	4118	1.7
1656	7077	1.8
1656	7505	2.2
1656	9701	3.8
1664	157	1.0
1664	198	1.7
1664	207	1.3
1664	295	1.3
1664	300	1.0
1664	371	1.9
1664	377	1.2
1664	486	1.1
1664	498	5.0
1664	499	2.0
1664	537	1.3
1664	687	1.4
1664	693	1.1
1664	834	1.6
1664	920	1.0
1664	924	1.4
1664	1040	1.0
1664	1041	1.4
1664	1045	1.0
1664	1180	2.0
1664	1201	1.0
1664	1389	1.2
1664	1657	1.8
1664	1659	2.6
1664	1681	2.0
1664	1809	1.7
1664	1855	1.2
1664	2618	1.2
1664	2661	1.6
1664	2666	1.0
1664	2839	1.4
1664	2987	1.7
1664	3369	1.3
1664	4177	1.9
1664	4828	1.7
1664	5427	1.3
1664	6000	1.0
1664	7252	1.3
1664	8732	1.5
1664	9153	1.2
1664	12104	1.6
1664	12661	1.2
1664	13431	1.0
1664	13782	1.4
1664	15927	3.3
1664	15928	2.0
1664	15929	1.5
1664	15930	1.4
1664	15931	1.2
1664	15932	1.0
1674	53	2.5
1674	55	1.6
1674	65	1.9
1674	72	1.9
1674	81	1.9
1674	88	1.9
1674	89	2.3
1674	173	4.0
1674	174	2.9
1674	190	5.0
1674	196	1.6
1674	198	1.4
1674	207	3.7
1674	209	2.6
1674	226	2.2
1674	229	3.6
1674	256	2.5
1674	289	3.5
1674	298	3.5
1674	324	3.6
1674	333	1.8
1674	421	1.8
1674	424	3.7
1674	425	3.2
1674	432	3.4
1674	453	1.0
1674	461	2.4
1674	472	1.6
1674	532	3.4
1674	533	1.8
1674	538	1.7
1674	540	4.8
1674	591	1.4
1674	680	3.1
1674	701	2.2
1674	903	1.9
1674	1104	2.2
1674	1116	3.1
1674	1246	3.2
1674	1512	4.2
1674	1673	2.3
1674	1873	1.2
1674	2018	1.5
1674	3057	2.1
1674	3200	2.4
1674	3462	1.4
1674	3739	1.8
1674	11249	1.1
1674	15994	3.2
1674	15995	2.9
1680	71	2.9
1680	159	1.0
1680	163	1.8
1680	196	2.8
1680	221	1.8
1680	227	3.1
1680	506	2.8
1680	538	1.0
1680	604	4.1
1680	697	1.9
1680	961	2.1
1680	1001	1.1
1680	1424	1.5
1680	1908	1.1
1680	2006	1.9
1680	2277	2.0
1680	2300	5.0
1680	2320	1.2
1680	2330	1.4
1680	2338	1.3
1680	2339	2.0
1680	2616	2.3
1680	3405	1.8
1680	3417	1.1
1680	4447	2.0
1680	4620	1.7
1680	6930	1.5
1680	6945	3.2
1680	6947	1.9
1680	6948	2.5
1680	7157	1.4
1680	7261	1.8
1680	7352	1.6
1680	8444	2.8
1680	8454	1.0
1680	8716	2.7
1680	8962	1.3
1680	11438	1.5
1680	12085	1.2
1680	13888	1.3
1680	15537	2.4
1680	16022	2.4
1680	16023	2.0
1680	16024	2.0
1680	16025	1.9
1680	16026	1.7
1680	16027	1.4
1680	16028	1.4
1680	16029	1.3
1680	16030	1.0
1682	65	2.9
1682	154	1.6
1682	182	1.7
1682	190	1.0
1682	191	1.4
1682	217	2.8
1682	228	1.7
1682	229	1.1
1682	289	1.1
1682	291	2.2
1682	300	1.4
1682	333	2.5
1682	342	1.1
1682	344	1.5
1682	378	3.7
1682	430	1.7
1682	439	2.2
1682	466	1.3
1682	470	2.6
1682	486	1.1
1682	498	5.0
1682	499	2.2
1682	680	2.1
1682	687	1.1
1682	898	1.8
1682	1038	2.5
1682	1043	1.7
1682	1045	2.4
1682	1183	2.2
1682	1189	1.0
1682	1193	1.4
1682	1195	1.4
1682	1201	1.9
1682	1375	2.1
1682	1377	2.1
1682	1378	1.3
1682	2425	1.0
1682	2608	2.9
1682	2653	1.5
1682	2839	2.3
1682	2840	2.8
1682	3369	1.1
1682	4177	1.2
1682	4223	1.0
1682	6612	1.9
1682	7723	1.8
1682	7832	1.6
1682	7834	1.6
1682	8710	1.3
1682	16002	1.0
1685	56	1.9
1685	67	1.8
1685	89	2.1
1685	154	2.0
1685	159	1.5
1685	173	5.0
1685	190	2.3
1685	207	1.2
1685	217	2.4
1685	220	4.1
1685	225	1.2
1685	226	2.3
1685	227	1.5
1685	228	1.7
1685	234	1.2
1685	289	2.4
1685	316	1.6
1685	329	1.1
1685	424	1.6
1685	425	2.7
1685	429	1.8
1685	432	1.7
1685	436	1.4
1685	453	1.4
1685	455	3.8
1685	469	1.6
1685	539	1.3
1685	599	1.1
1685	683	1.0
1685	854	1.0
1685	1044	1.6
1685	1047	1.1
1685	1062	1.0
1685	1090	1.5
1685	1104	1.3
1685	1116	4.8
1685	1383	1.2
1685	1410	1.2
1685	1632	2.2
1685	1799	1.2
1685	2531	1.1
1685	3200	2.1
1685	3732	1.3
1685	4732	1.5
1685	5439	1.2
1685	6724	2.1
1685	6869	1.3
1685	12651	1.6
1685	16049	1.6
1685	16050	1.3
1688	52	1.8
1688	65	4.8
1688	81	2.7
1688	154	5.0
1688	173	2.0
1688	204	1.8
1688	237	3.3
1688	238	1.5
1688	246	2.2
1688	261	1.3
1688	316	1.8
1688	362	1.9
1688	423	4.9
1688	445	1.5
1688	526	1.1
1688	548	1.6
1688	622	1.8
1688	689	4.3
1688	690	1.3
1688	697	3.8
1688	703	3.7
1688	757	2.6
1688	961	3.3
1688	1098	4.1
1688	1116	1.8
1688	1135	3.2
1688	1383	3.0
1688	1486	1.7
1688	1609	2.8
1688	1781	1.6
1688	1934	1.2
1688	1983	1.4
1688	1990	3.0
1688	2277	3.6
1688	2433	1.2
1688	2544	1.4
1688	2605	1.8
1688	2988	1.4
1688	3057	1.5
1688	3110	4.1
1688	4153	2.6
1688	5184	1.4
1688	5914	2.9
1688	5942	1.4
1688	6032	1.6
1688	7349	2.5
1688	9484	2.8
1688	12023	2.6
1688	16051	2.0
1688	16052	1.0
1695	154	4.1
1695	163	2.5
1695	172	1.3
1695	190	2.2
1695	203	1.8
1695	207	5.0
1695	226	2.5
1695	227	3.2
1695	228	1.9
1695	234	1.4
1695	424	4.8
1695	428	2.0
1695	429	1.9
1695	436	2.7
1695	439	3.4
1695	533	2.7
1695	562	1.8
1695	604	1.7
1695	618	1.8
1695	857	1.3
1695	863	1.2
1695	1048	3.1
1695	1090	3.3
1695	1163	1.1
1695	1239	2.1
1695	1412	1.1
1695	1504	2.8
1695	1509	1.3
1695	1512	2.9
1695	1515	2.8
1695	1517	2.6
1695	1766	1.0
1695	1977	1.1
1695	1988	1.6
1695	2123	1.2
1695	2128	1.9
1695	2137	2.0
1695	3026	1.6
1695	3400	1.0
1695	4115	4.1
1695	5030	1.4
1695	6217	1.1
1695	6726	1.6
1695	8053	1.6
1695	8479	1.1
1695	8710	2.3
1695	16090	2.9
1695	16091	2.9
1695	16092	1.4
1695	16093	1.3
1696	152	2.4
1696	163	5.0
1696	188	2.2
1696	227	3.0
1696	366	1.7
1696	599	1.1
1696	607	2.2
1696	707	2.2
1696	710	1.5
1696	718	1.5
1696	728	1.9
1696	841	1.9
1696	917	2.6
1696	920	2.4
1696	922	1.5
1696	931	1.5
1696	947	1.0
1696	959	1.9
1696	1110	2.2
1696	1216	1.2
1696	1274	1.7
1696	1358	1.4
1696	1360	1.4
1696	1372	1.8
1696	1411	1.5
1696	1412	1.9
1696	1413	2.1
1696	1425	2.0
1696	1468	1.2
1696	2006	1.8
1696	2016	1.0
1696	2346	1.2
1696	2347	1.9
1696	2624	2.1
1696	2787	1.6
1696	2797	1.2
1696	2864	1.9
1696	3071	1.3
1696	3481	2.2
1696	3675	1.1
1696	3774	1.1
1696	4369	1.1
1696	4500	1.2
1696	4784	1.8
1696	5175	1.1
1696	5212	1.5
1696	6957	1.4
1696	16094	1.6
1696	16095	1.1
1696	16096	1.1
1699	89	2.4
1699	157	2.4
1699	278	1.3
1699	288	2.9
1699	289	1.3
1699	291	1.1
1699	295	1.8
1699	296	1.1
1699	298	1.2
1699	299	1.3
1699	302	1.1
1699	306	1.6
1699	308	1.1
1699	330	1.3
1699	333	2.1
1699	349	2.1
1699	378	1.6
1699	475	5.0
1699	499	1.2
1699	525	1.9
1699	543	1.3
1699	545	1.1
1699	907	1.1
1699	1051	1.1
1699	1052	1.4
1699	1104	1.9
1699	1351	1.1
1699	1463	1.1
1699	1613	1.2
1699	2179	2.8
1699	2247	1.8
1699	2252	2.4
1699	2976	2.4
1699	4292	1.7
1699	6133	1.3
1699	6346	1.1
1699	6618	2.5
1699	6619	2.3
1699	13025	2.5
1699	16111	3.2
1699	16112	2.7
1699	16113	1.8
1699	16114	1.6
1699	16115	1.5
1699	16116	1.3
1699	16117	1.2
1699	16118	1.1
1699	16119	1.0
1699	16120	1.0
1699	16121	1.0
1705	65	2.1
1705	199	1.3
1705	207	3.6
1705	215	2.9
1705	225	3.3
1705	226	2.8
1705	227	5.0
1705	228	4.3
1705	420	3.1
1705	421	3.3
1705	424	1.9
1705	428	1.6
1705	438	2.2
1705	439	4.6
1705	562	4.3
1705	604	2.9
1705	964	4.9
1705	969	2.9
1705	977	1.2
1705	1048	3.0
1705	1090	1.5
1705	1376	1.9
1705	1412	1.3
1705	1481	2.7
1705	1517	1.7
1705	1520	2.3
1705	1658	1.8
1705	1755	2.1
1705	1778	1.0
1705	1988	1.9
1705	2131	2.1
1705	2582	1.6
1705	2591	4.8
1705	2608	1.1
1705	2815	2.1
1705	3030	1.7
1705	3747	3.4
1705	4793	1.3
1705	5423	1.2
1705	5429	3.2
1705	6534	1.8
1705	7177	1.0
1705	7663	1.7
1705	11421	1.0
1705	11460	1.7
1705	11819	1.3
1705	14455	1.7
1705	16153	1.3
1705	16154	1.1
1705	16155	1.0
1707	154	1.4
1707	166	1.2
1707	207	3.0
1707	212	2.3
1707	221	1.6
1707	227	5.0
1707	234	3.6
1707	429	1.0
1707	436	1.4
1707	533	3.1
1707	554	2.6
1707	570	2.1
1707	585	1.5
1707	614	2.0
1707	679	1.7
1707	706	2.6
1707	707	3.1
1707	715	1.1
1707	728	1.6
1707	733	1.9
1707	735	2.9
1707	854	2.1
1707	857	1.3
1707	868	2.2
1707	917	2.4
1707	918	2.4
1707	959	1.5
1707	982	2.4
1707	1048	1.4
1707	1126	1.1
1707	1150	1.2
1707	1244	1.8
1707	1249	2.0
1707	1358	1.5
1707	1369	1.2
1707	1390	1.5
1707	1412	1.1
1707	1414	2.8
1707	1416	2.4
1707	1468	1.8
1707	1512	1.4
1707	1807	1.5
1707	1974	1.0
1707	1985	1.4
1707	2029	1.2
1707	2339	1.2
1707	2786	2.0
1707	4251	1.4
1707	4821	1.4
1707	5844	2.2
1709	72	1.9
1709	163	2.6
1709	227	5.0
1709	572	3.1
1709	607	1.0
1709	633	1.4
1709	717	1.7
1709	733	1.9
1709	735	3.2
1709	959	1.6
1709	975	2.5
1709	1244	3.5
1709	1414	3.6
1709	1415	1.2
1709	1416	2.5
1709	1426	1.0
1709	1464	2.1
1709	1639	1.2
1709	2026	1.0
1709	2346	2.7
1709	2394	2.3
1709	2475	2.3
1709	2624	4.9
1709	2642	3.8
1709	3065	2.4
1709	3892	4.2
1709	4369	1.5
1709	4405	1.1
1709	4616	2.1
1709	4620	2.5
1709	4790	1.2
1709	5020	1.3
1709	5237	4.0
1709	5241	2.4
1709	5302	1.4
1709	6959	1.9
1709	8802	3.0
1709	15134	1.2
1709	15675	1.1
1709	16170	3.3
1709	16171	2.6
1709	16172	2.2
1709	16173	2.1
1709	16174	2.1
1709	16175	1.7
1709	16176	1.6
1709	16177	1.4
1709	16178	1.4
1709	16179	1.4
1709	16180	1.1
1727	65	1.0
1727	173	1.5
1727	182	1.0
1727	190	5.0
1727	199	3.5
1727	207	2.7
1727	210	4.2
1727	222	2.2
1727	225	1.5
1727	228	2.7
1727	229	3.4
1727	233	3.3
1727	236	1.1
1727	377	1.7
1727	425	1.4
1727	432	2.7
1727	453	1.7
1727	517	1.2
1727	716	2.4
1727	969	3.2
1727	1090	1.7
1727	1151	2.6
1727	1155	1.4
1727	1375	3.4
1727	1515	2.1
1727	1988	2.0
1727	2535	1.9
1727	2580	1.3
1727	2614	2.4
1727	2815	2.5
1727	3084	1.3
1727	3258	1.5
1727	3273	2.7
1727	3475	2.0
1727	3681	2.6
1727	3945	2.2
1727	4025	1.6
1727	4089	1.2
1727	4118	1.1
1727	5030	1.0
1727	6222	1.9
1727	6391	1.1
1727	7663	1.4
1727	9648	2.0
1727	11244	1.0
1727	13376	2.3
1727	13377	2.7
1727	16351	2.7
1727	16352	2.7
1727	16353	1.2
1778	65	5.0
1778	72	2.1
1778	152	2.7
1778	154	4.7
1778	171	2.8
1778	173	2.1
1778	182	1.8
1778	190	3.8
1778	198	2.5
1778	207	3.0
1778	208	1.6
1778	210	1.9
1778	220	2.7
1778	221	1.9
1778	229	2.2
1778	234	1.4
1778	237	1.7
1778	298	2.0
1778	301	1.0
1778	377	1.2
1778	424	1.4
1778	428	2.1
1778	432	1.6
1778	475	1.9
1778	533	3.6
1778	615	3.2
1778	709	2.2
1778	716	3.1
1778	851	2.4
1778	959	1.0
1778	969	2.6
1778	1048	2.0
1778	1090	2.6
1778	1098	2.2
1778	1131	1.7
1778	1151	1.7
1778	1243	1.4
1778	1375	2.4
1778	1381	1.9
1778	1515	2.0
1778	1520	1.9
1778	2600	1.6
1778	2614	1.5
1778	2815	1.9
1778	3676	1.0
1778	5020	2.5
1778	7187	1.6
1778	7323	1.8
1778	9160	1.4
1778	16625	1.1
1797	65	3.9
1797	154	3.7
1797	163	2.0
1797	173	3.5
1797	182	1.3
1797	190	5.0
1797	191	2.9
1797	199	1.8
1797	212	1.5
1797	217	2.5
1797	225	2.6
1797	226	1.7
1797	227	2.9
1797	228	4.0
1797	229	4.3
1797	355	1.0
1797	377	3.3
1797	418	1.8
1797	429	1.9
1797	441	2.2
1797	472	2.1
1797	486	2.7
1797	488	1.9
1797	622	1.5
1797	683	2.9
1797	703	1.3
1797	706	1.0
1797	707	1.2
1797	716	1.1
1797	718	1.1
1797	859	1.2
1797	964	2.3
1797	966	1.7
1797	982	1.5
1797	1116	1.9
1797	1375	2.8
1797	1376	2.6
1797	1377	2.2
1797	1414	1.1
1797	1518	1.1
1797	1854	3.0
1797	1873	1.3
1797	1974	1.3
1797	1988	1.6
1797	2535	1.6
1797	2607	1.9
1797	3255	1.3
1797	3400	2.3
1797	6231	1.3
1797	8155	1.6
1805	126	2.5
1805	154	3.9
1805	163	2.9
1805	190	2.1
1805	204	1.7
1805	206	1.3
1805	209	1.9
1805	212	3.8
1805	216	3.8
1805	222	3.7
1805	227	5.0
1805	231	2.3
1805	234	1.6
1805	235	2.4
1805	237	2.6
1805	238	1.1
1805	331	1.5
1805	383	2.3
1805	418	1.2
1805	436	2.5
1805	554	2.8
1805	605	1.2
1805	615	3.5
1805	706	1.2
1805	733	1.0
1805	858	2.2
1805	903	1.8
1805	964	1.9
1805	1091	2.7
1805	1414	1.2
1805	1957	1.7
1805	1958	1.2
1805	2276	1.1
1805	2542	2.1
1805	3225	1.9
1805	3259	2.9
1805	4092	1.6
1805	5205	1.1
1805	5636	1.6
1805	6182	1.4
1805	7375	1.3
1805	8656	3.2
1805	11598	1.8
1805	16778	3.4
1805	16779	2.5
1805	16780	2.5
1805	16781	1.6
1805	16782	1.5
1805	16783	1.2
1805	16784	1.2
1814	65	1.0
1814	72	2.7
1814	154	1.5
1814	159	2.8
1814	182	1.9
1814	190	4.3
1814	207	2.8
1814	210	1.7
1814	225	2.7
1814	226	1.9
1814	227	1.2
1814	229	5.0
1814	234	1.7
1814	424	2.8
1814	533	3.5
1814	562	2.2
1814	614	1.7
1814	683	2.2
1814	716	1.6
1814	860	1.3
1814	969	3.2
1814	982	1.5
1814	1090	1.5
1814	1098	2.0
1814	1122	1.2
1814	1155	2.5
1814	1246	1.1
1814	1249	1.8
1814	1360	2.0
1814	1369	1.4
1814	1513	2.2
1814	1515	1.7
1814	1520	1.5
1814	1669	2.2
1814	2121	1.8
1814	2343	4.6
1814	2347	1.1
1814	2600	1.5
1814	2789	1.9
1814	2938	1.9
1814	3427	1.0
1814	4435	3.6
1814	4455	1.0
1814	4793	1.0
1814	7187	2.0
1814	13844	1.1
1814	16833	2.6
1814	16834	2.2
1814	16835	2.1
1814	16836	1.3
1824	89	2.2
1824	154	4.2
1824	190	4.1
1824	212	2.0
1824	222	1.4
1824	227	5.0
1824	230	2.4
1824	316	1.1
1824	418	2.9
1824	424	2.0
1824	533	3.8
1824	562	1.6
1824	602	2.5
1824	735	2.4
1824	857	2.3
1824	868	1.8
1824	945	1.0
1824	1239	2.4
1824	1240	1.8
1824	1398	2.2
1824	1400	3.3
1824	1412	3.8
1824	1414	1.5
1824	1415	1.3
1824	1520	1.5
1824	1639	1.1
1824	2121	1.6
1824	2463	1.7
1824	2818	2.3
1824	2855	2.0
1824	2899	1.2
1824	3110	2.7
1824	3258	4.4
1824	3300	2.9
1824	3739	1.5
1824	4022	2.1
1824	4115	1.0
1824	4205	2.2
1824	4251	1.1
1824	4618	1.8
1824	5320	2.2
1824	6298	1.9
1824	7140	2.0
1824	9467	1.8
1824	11500	2.8
1824	12273	1.6
1824	15994	3.3
1824	16892	2.2
1824	16893	1.9
1824	16894	1.3
1831	65	1.3
1831	154	3.9
1831	173	1.9
1831	190	3.7
1831	198	2.9
1831	207	4.0
1831	217	2.1
1831	225	4.5
1831	226	3.3
1831	227	5.0
1831	228	1.3
1831	229	2.0
1831	234	2.6
1831	419	1.8
1831	424	5.0
1831	425	2.4
1831	427	4.2
1831	428	3.1
1831	429	2.9
1831	436	1.4
1831	439	3.1
1831	441	2.1
1831	533	4.3
1831	618	1.1
1831	629	2.3
1831	707	3.5
1831	709	1.9
1831	714	1.6
1831	898	1.6
1831	917	3.4
1831	1048	1.9
1831	1089	1.6
1831	1239	1.2
1831	1412	2.0
1831	1424	1.6
1831	1513	2.1
1831	1515	1.4
1831	1766	3.1
1831	1957	1.0
1831	2428	1.0
1831	3200	1.3
1831	3693	1.0
1831	4541	1.1
1831	4793	2.2
1831	4802	1.3
1831	6726	1.2
1831	7351	1.4
1831	8710	2.3
1831	14271	2.3
1831	16915	2.1
1832	53	1.1
1832	65	2.1
1832	70	1.0
1832	154	1.8
1832	163	2.0
1832	173	1.2
1832	182	1.8
1832	190	1.5
1832	196	1.3
1832	203	1.1
1832	206	1.4
1832	207	1.7
1832	217	1.5
1832	220	1.2
1832	222	1.0
1832	227	3.2
1832	228	1.1
1832	229	1.6
1832	234	1.1
1832	366	1.6
1832	423	1.3
1832	424	1.2
1832	425	1.5
1832	429	1.0
1832	437	1.3
1832	439	1.6
1832	602	1.2
1832	615	1.4
1832	618	1.1
1832	622	1.4
1832	689	1.2
1832	709	1.8
1832	757	1.1
1832	858	1.5
1832	898	1.6
1832	903	5.0
1832	1048	1.2
1832	1090	1.0
1832	1097	1.3
1832	1098	2.2
1832	1244	1.1
1832	1390	1.4
1832	1400	2.1
1832	1424	2.0
1832	1486	1.5
1832	2083	1.1
1832	2524	1.1
1832	3057	2.6
1832	3902	1.1
1832	8710	1.1
1846	89	2.0
1846	157	1.1
1846	209	1.0
1846	212	1.5
1846	227	5.0
1846	234	1.5
1846	288	1.0
1846	289	1.7
1846	298	1.6
1846	300	1.1
1846	321	2.4
1846	324	1.7
1846	326	1.3
1846	344	2.2
1846	386	2.0
1846	437	1.2
1846	455	1.0
1846	461	3.6
1846	466	1.6
1846	475	1.6
1846	540	1.6
1846	679	3.7
1846	681	2.1
1846	691	1.9
1846	694	2.0
1846	717	1.7
1846	733	2.0
1846	735	1.1
1846	793	2.8
1846	868	1.0
1846	945	2.0
1846	959	1.5
1846	1242	1.2
1846	1243	1.6
1846	1246	2.3
1846	1414	2.4
1846	1416	1.8
1846	1459	1.2
1846	1782	2.1
1846	2055	1.9
1846	2176	1.3
1846	2265	2.2
1846	2801	1.2
1846	3071	2.1
1846	3097	1.2
1846	3712	1.9
1846	4920	1.1
1846	8552	1.3
1846	12209	1.9
1846	17010	1.1
1855	59	1.8
1855	173	1.7
1855	182	1.4
1855	190	1.6
1855	196	2.3
1855	206	2.6
1855	210	3.3
1855	217	1.9
1855	229	5.0
1855	428	1.1
1855	431	2.4
1855	432	3.1
1855	434	3.9
1855	443	1.2
1855	540	2.5
1855	620	2.0
1855	629	1.0
1855	716	3.0
1855	757	1.5
1855	1048	4.3
1855	1155	2.3
1855	1398	2.1
1855	1400	1.2
1855	1492	2.5
1855	1502	4.0
1855	1977	2.2
1855	1983	2.8
1855	1986	2.0
1855	2133	2.2
1855	2587	1.4
1855	2614	2.4
1855	2715	2.0
1855	3079	1.7
1855	3105	1.2
1855	3266	1.5
1855	3373	2.0
1855	4115	2.1
1855	4435	2.9
1855	5439	2.9
1855	6045	1.8
1855	7071	1.1
1855	8479	1.3
1855	10535	2.3
1855	14359	1.7
1855	17137	2.4
1855	17138	2.3
1855	17139	1.9
1855	17140	1.1
1855	17141	1.1
1855	17142	1.1
1875	65	3.0
1875	81	1.7
1875	154	4.1
1875	173	3.0
1875	195	4.2
1875	199	2.4
1875	217	3.4
1875	222	1.4
1875	225	1.2
1875	333	2.0
1875	359	3.5
1875	420	2.7
1875	423	2.1
1875	429	1.2
1875	450	1.6
1875	453	2.6
1875	599	1.6
1875	615	4.4
1875	697	1.7
1875	706	1.7
1875	757	2.1
1875	779	1.6
1875	898	5.0
1875	1300	1.3
1875	1378	1.4
1875	1389	2.5
1875	1854	1.6
1875	1873	1.8
1875	1983	1.2
1875	1990	3.1
1875	2014	1.8
1875	2059	2.5
1875	2850	1.3
1875	3258	1.2
1875	3616	1.6
1875	3714	2.1
1875	3739	1.4
1875	3902	2.0
1875	4205	1.4
1875	4436	1.7
1875	7264	1.0
1875	8274	1.8
1875	10613	1.6
1875	11236	2.8
1875	11416	2.5
1875	11603	2.1
1875	17304	4.3
1875	17305	1.7
1875	17306	1.4
1875	17307	1.0
1888	65	2.8
1888	88	1.9
1888	203	2.1
1888	222	4.9
1888	225	1.1
1888	227	4.5
1888	234	5.0
1888	377	2.7
1888	489	4.7
1888	533	1.1
1888	572	2.2
1888	585	1.4
1888	706	1.5
1888	709	1.0
1888	715	1.3
1888	733	1.4
1888	748	4.2
1888	749	1.0
1888	859	1.0
1888	986	1.5
1888	1099	2.1
1888	1351	2.8
1888	1406	1.2
1888	1946	1.6
1888	2591	1.8
1888	2699	1.0
1888	2738	1.9
1888	2818	1.4
1888	2832	2.4
1888	3019	1.8
1888	3520	2.4
1888	3670	1.1
1888	6151	3.2
1888	6160	2.6
1888	6186	3.0
1888	11033	1.0
1888	16205	2.0
1888	17411	3.0
1888	17412	2.5
1888	17413	2.4
1888	17414	1.9
1888	17415	1.8
1888	17416	1.6
1888	17417	1.6
1888	17418	1.5
1888	17419	1.4
1888	17420	1.4
1888	17421	1.3
1888	17422	1.2
1888	17423	1.1
1924	12	1.3
1924	25	1.0
1924	65	2.0
1924	89	1.2
1924	154	2.8
1924	162	1.5
1924	195	1.1
1924	198	1.4
1924	227	1.6
1924	288	1.7
1924	359	2.5
1924	370	3.9
1924	377	1.2
1924	378	2.3
1924	418	1.1
1924	430	2.4
1924	437	1.6
1924	466	1.3
1924	486	2.9
1924	487	2.3
1924	498	5.0
1924	499	2.5
1924	503	1.4
1924	689	2.3
1924	703	1.7
1924	757	1.5
1924	779	1.3
1924	830	1.7
1924	1181	1.0
1924	1196	1.8
1924	1260	2.0
1924	1276	1.0
1924	1398	1.2
1924	1861	1.2
1924	2429	1.2
1924	2824	1.2
1924	2959	1.2
1924	3034	1.8
1924	3637	1.2
1924	3822	1.7
1924	4155	1.1
1924	5149	1.5
1924	6818	1.4
1924	7147	2.2
1924	7759	1.1
1924	8331	1.2
1924	17540	1.6
1924	17630	2.3
1924	17631	1.6
1924	17632	1.4
1931	52	1.6
1931	65	1.0
1931	107	1.5
1931	167	1.1
1931	182	2.4
1931	206	2.0
1931	208	2.0
1931	227	5.0
1931	301	1.3
1931	355	2.5
1931	474	1.2
1931	526	1.5
1931	547	1.1
1931	603	2.3
1931	691	2.6
1931	733	1.8
1931	748	3.2
1931	757	2.0
1931	857	1.1
1931	868	2.0
1931	1042	1.3
1931	1106	2.2
1931	1122	1.0
1931	1181	1.1
1931	1242	2.6
1931	2020	1.3
1931	2667	2.8
1931	2675	1.8
1931	2818	1.8
1931	3030	2.4
1931	3065	2.6
1931	3373	2.5
1931	4299	1.3
1931	4728	1.5
1931	5027	1.1
1931	5925	2.2
1931	5950	1.3
1931	5953	1.6
1931	7224	1.6
1931	7324	1.1
1931	9160	1.7
1931	12013	1.7
1931	13362	1.6
1931	15143	1.3
1931	16525	2.0
1931	17685	2.2
1931	17686	1.4
1931	17687	1.2
1931	17688	1.2
1931	17689	1.1
1941	300	1.6
1941	324	1.5
1941	424	2.1
1941	464	1.7
1941	470	1.1
1941	481	2.2
1941	497	1.4
1941	687	3.4
1941	716	1.8
1941	830	2.0
1941	1043	2.3
1941	1045	1.5
1941	1048	3.7
1941	1105	1.6
1941	1186	1.6
1941	1191	1.5
1941	1198	1.9
1941	1201	3.0
1941	1502	2.4
1941	1515	1.7
1941	1672	2.0
1941	1689	1.2
1941	2121	1.5
1941	3370	1.2
1941	3373	2.3
1941	4802	1.4
1941	5322	1.2
1941	5950	1.0
1941	6453	2.1
1941	6534	1.0
1941	6554	1.3
1941	6558	1.3
1941	6769	1.0
1941	7787	2.5
1941	7832	1.2
1941	8244	2.6
1941	10318	2.5
1941	11460	1.4
1941	12104	2.9
1941	12791	2.2
1941	13468	5.0
1941	14223	1.5
1941	16049	1.3
1941	16567	1.5
1941	17786	2.8
1941	17787	1.6
1941	17788	1.5
1941	17789	1.4
1941	17790	1.3
1941	17791	1.2
1949	72	2.6
1949	88	3.2
1949	154	1.8
1949	203	2.2
1949	207	5.0
1949	208	3.9
1949	217	1.5
1949	220	3.4
1949	227	3.1
1949	228	1.0
1949	229	1.2
1949	234	1.7
1949	424	2.4
1949	427	1.4
1949	428	3.5
1949	432	2.8
1949	533	3.2
1949	969	4.4
1949	1048	3.2
1949	1090	2.8
1949	1099	2.3
1949	1179	1.8
1949	1239	1.6
1949	1249	1.8
1949	1512	1.6
1949	1515	1.4
1949	1520	2.8
1949	1639	1.6
1949	2128	1.8
1949	2131	1.5
1949	2524	4.2
1949	3019	1.9
1949	3371	2.0
1949	3400	1.0
1949	4115	1.4
1949	5030	1.6
1949	5439	1.9
1949	5928	4.3
1949	7187	2.0
1949	7190	1.6
1949	9953	1.0
1949	11950	1.6
1949	15233	1.2
1949	17839	3.7
1949	17840	2.3
1949	17841	1.6
1949	17842	1.6
1949	17843	1.6
1949	17844	1.3
1949	17845	1.1
1964	59	1.6
1964	65	1.3
1964	72	4.1
1964	159	2.2
1964	199	1.1
1964	225	3.6
1964	228	4.4
1964	229	3.7
1964	420	2.6
1964	424	5.0
1964	425	2.6
1964	429	2.7
1964	441	1.0
1964	599	2.5
1964	612	1.5
1964	757	1.5
1964	863	1.9
1964	874	1.5
1964	1090	4.7
1964	1097	3.2
1964	1112	1.0
1964	1117	1.6
1964	1130	1.4
1964	1390	1.0
1964	1777	1.4
1964	1976	4.3
1964	1986	1.6
1964	2130	1.1
1964	2134	3.8
1964	2139	1.2
1964	2268	1.0
1964	2282	1.4
1964	2416	2.2
1964	2535	1.8
1964	2611	1.2
1964	3770	1.8
1964	4089	1.7
1964	4443	1.5
1964	5147	1.7
1964	6726	1.9
1964	6824	1.7
1964	7177	1.9
1964	7674	1.0
1964	9727	1.5
1964	11463	1.6
1964	12821	1.0
1964	13406	1.3
1964	14435	2.0
1964	16668	1.3
1964	17912	1.2
1966	65	3.0
1966	154	1.2
1966	166	1.0
1966	190	3.2
1966	198	1.8
1966	209	1.6
1966	220	2.3
1966	221	1.1
1966	229	3.3
1966	230	5.0
1966	234	2.9
1966	316	1.4
1966	366	2.1
1966	371	2.4
1966	378	1.6
1966	412	2.6
1966	424	2.1
1966	472	3.3
1966	488	1.5
1966	490	1.0
1966	533	3.8
1966	536	3.1
1966	614	1.7
1966	683	1.6
1966	689	1.8
1966	716	1.4
1966	720	1.1
1966	808	1.8
1966	966	1.9
1966	982	3.1
1966	1048	2.2
1966	1126	1.0
1966	1375	1.4
1966	1377	1.3
1966	1406	1.4
1966	1470	1.1
1966	1639	1.5
1966	1672	2.2
1966	1854	1.2
1966	1866	1.6
1966	1874	1.1
1966	2539	1.1
1966	3097	2.5
1966	3754	2.2
1966	3859	2.4
1966	6391	2.1
1966	6678	1.1
1966	7406	3.3
1966	17916	2.0
1966	17917	1.0
1977	65	2.8
1977	81	1.4
1977	103	1.7
1977	113	1.6
1977	154	4.8
1977	162	2.1
1977	190	1.5
1977	196	2.1
1977	207	1.4
1977	227	2.9
1977	237	1.2
1977	238	1.6
1977	418	5.0
1977	423	1.7
1977	424	1.1
1977	436	1.7
1977	454	2.6
1977	604	2.0
1977	606	2.2
1977	609	2.3
1977	610	2.1
1977	621	2.3
1977	755	1.4
1977	757	2.4
1977	1098	3.5
1977	1109	3.5
1977	1121	1.3
1977	1123	1.1
1977	1130	1.7
1977	1390	2.0
1977	1418	2.7
1977	1424	1.7
1977	1708	2.5
1977	1735	1.9
1977	1736	2.5
1977	1766	1.4
1977	1770	2.8
1977	3057	1.8
1977	3902	2.1
1977	3905	2.3
1977	5549	1.3
1977	6756	1.6
1977	7505	2.1
1977	7895	1.5
1977	15499	1.5
1977	15722	1.7
1977	17987	2.3
1977	17988	2.0
1977	17989	1.8
1977	17990	1.0
1997	65	1.0
1997	96	2.3
1997	163	2.5
1997	212	4.4
1997	220	1.2
1997	222	1.8
1997	223	1.4
1997	225	1.9
1997	227	5.0
1997	298	1.2
1997	412	1.9
1997	416	2.1
1997	526	1.1
1997	554	1.5
1997	562	2.4
1997	599	1.8
1997	602	1.4
1997	709	1.7
1997	718	1.8
1997	733	2.9
1997	735	2.2
1997	859	1.2
1997	868	2.0
1997	1160	1.3
1997	1242	2.4
1997	1390	1.4
1997	1400	1.1
1997	1412	2.7
1997	1414	1.1
1997	1416	1.9
1997	1422	1.1
1997	1469	1.4
1997	1639	1.8
1997	2265	3.3
1997	2444	1.4
1997	2855	2.6
1997	3458	1.7
1997	3754	3.3
1997	3938	2.3
1997	4118	1.1
1997	4133	1.2
1997	4369	1.5
1997	4620	1.9
1997	8593	2.6
1997	9433	2.0
1997	11623	1.4
1997	12753	2.0
1997	13000	1.5
1997	18116	1.1
1997	18117	1.0
1998	65	3.0
1998	154	1.6
1998	166	2.3
1998	173	2.8
1998	190	2.4
1998	195	3.2
1998	207	2.6
1998	217	3.7
1998	220	1.3
1998	227	3.4
1998	229	1.3
1998	230	2.0
1998	234	1.4
1998	289	1.5
1998	318	1.0
1998	320	1.3
1998	333	2.3
1998	412	1.4
1998	424	3.0
1998	425	1.0
1998	429	2.2
1998	439	2.0
1998	486	2.0
1998	511	5.0
1998	533	3.5
1998	537	4.0
1998	679	1.3
1998	680	2.3
1998	705	1.3
1998	706	1.4
1998	951	1.0
1998	1105	1.3
1998	1186	1.2
1998	1241	1.3
1998	1389	1.3
1998	1672	2.4
1998	2840	1.2
1998	3200	2.1
1998	3332	1.4
1998	3373	2.4
1998	3616	4.2
1998	3763	2.2
1998	4262	3.5
1998	4832	1.5
1998	6228	3.0
1998	6293	3.0
1998	6453	2.3
1998	6602	1.2
1998	8878	1.8
1998	14239	1.1
2008	7	2.0
2008	56	1.0
2008	65	1.4
2008	198	1.1
2008	203	1.1
2008	207	5.0
2008	225	1.8
2008	226	1.4
2008	227	3.3
2008	229	2.7
2008	230	2.8
2008	234	3.1
2008	300	2.1
2008	377	1.2
2008	378	1.4
2008	424	2.8
2008	439	1.8
2008	498	1.4
2008	704	1.9
2008	706	3.1
2008	709	2.6
2008	735	1.2
2008	857	1.6
2008	903	1.3
2008	917	2.8
2008	918	3.1
2008	924	1.1
2008	953	1.5
2008	982	1.5
2008	1044	2.0
2008	1090	2.4
2008	1106	1.3
2008	1369	1.0
2008	1376	1.2
2008	1400	2.3
2008	1414	1.4
2008	1502	1.6
2008	1512	4.3
2008	1513	1.9
2008	1515	2.2
2008	1672	2.1
2008	1976	2.3
2008	2123	1.5
2008	2134	1.3
2008	2343	1.5
2008	2788	1.9
2008	2821	2.0
2008	3088	1.9
2008	4941	1.7
2008	5667	2.1
2010	7	2.2
2010	65	1.3
2010	88	1.0
2010	154	3.9
2010	173	1.5
2010	186	2.1
2010	190	3.1
2010	191	1.1
2010	199	3.1
2010	206	2.3
2010	207	5.0
2010	225	1.9
2010	226	3.8
2010	227	3.8
2010	228	2.6
2010	229	1.6
2010	236	1.4
2010	377	1.9
2010	421	2.1
2010	424	3.5
2010	425	1.0
2010	434	1.4
2010	439	3.8
2010	533	1.8
2010	540	2.7
2010	614	1.1
2010	709	1.2
2010	969	2.2
2010	1155	2.6
2010	1186	1.1
2010	1246	1.2
2010	1375	1.1
2010	1406	1.2
2010	1470	1.2
2010	1537	2.5
2010	1714	1.5
2010	1768	1.1
2010	1988	1.0
2010	2131	1.2
2010	2600	3.0
2010	2652	2.0
2010	2815	1.2
2010	3378	1.5
2010	3383	1.3
2010	4793	1.9
2010	5226	1.9
2010	5423	1.1
2010	6570	1.9
2010	8710	2.8
2010	18208	1.1
2013	65	3.4
2013	154	2.3
2013	173	1.7
2013	182	3.2
2013	190	5.0
2013	203	2.4
2013	207	4.8
2013	208	1.2
2013	217	1.6
2013	220	1.5
2013	221	4.0
2013	227	2.9
2013	229	3.2
2013	238	1.9
2013	298	2.5
2013	302	1.0
2013	424	2.5
2013	432	1.7
2013	486	1.0
2013	533	2.2
2013	604	1.3
2013	632	1.3
2013	962	1.3
2013	969	2.6
2013	1048	2.7
2013	1052	1.0
2013	1090	2.8
2013	1098	1.5
2013	1109	1.9
2013	1414	1.2
2013	1512	3.4
2013	1515	2.2
2013	1517	1.7
2013	1747	1.3
2013	1772	2.2
2013	1786	2.5
2013	1795	1.6
2013	2133	1.2
2013	2632	1.0
2013	3046	3.5
2013	3057	2.3
2013	3870	2.5
2013	4444	2.5
2013	4998	1.5
2013	5030	1.4
2013	7888	1.9
2013	8662	1.5
2013	9977	1.4
2013	14459	1.2
2013	18223	1.5
2016	58	1.6
2016	81	1.5
2016	154	1.6
2016	238	2.1
2016	1098	3.1
2016	1781	1.4
2016	1824	2.1
2016	2419	2.0
2016	2605	1.0
2016	2711	1.8
2016	3902	1.0
2016	4113	1.3
2016	4316	1.7
2016	4401	1.4
2016	4404	1.3
2016	6930	4.6
2016	6949	1.4
2016	7492	1.3
2016	7810	1.3
2016	12834	2.2
2016	15058	1.3
2016	15671	2.4
2016	16324	1.2
2016	18229	5.0
2016	18230	3.7
2016	18231	2.4
2016	18232	2.4
2016	18233	1.9
2016	18234	1.8
2016	18235	1.6
2016	18236	1.5
2016	18237	1.5
2016	18238	1.5
2016	18239	1.4
2016	18240	1.4
2016	18241	1.4
2016	18242	1.4
2016	18243	1.4
2016	18244	1.4
2016	18245	1.3
2016	18246	1.3
2016	18247	1.3
2016	18248	1.3
2016	18249	1.2
2016	18250	1.1
2016	18251	1.1
2016	18252	1.0
2016	18253	1.0
2016	18254	1.0
2016	18255	1.0
2032	53	2.7
2032	55	2.5
2032	56	2.9
2032	58	1.1
2032	65	2.4
2032	67	3.0
2032	81	2.1
2032	88	2.7
2032	154	3.4
2032	196	2.6
2032	199	2.0
2032	206	2.4
2032	227	1.2
2032	233	2.0
2032	331	3.0
2032	418	5.0
2032	424	1.4
2032	425	1.2
2032	433	2.9
2032	436	2.2
2032	440	3.0
2032	620	1.8
2032	622	1.4
2032	632	1.4
2032	703	1.6
2032	757	2.9
2032	858	2.2
2032	898	1.6
2032	962	2.1
2032	1098	3.7
2032	1106	1.2
2032	1167	1.4
2032	1390	2.1
2032	1609	2.3
2032	1632	1.7
2032	2083	3.8
2032	2134	1.5
2032	2139	3.7
2032	2277	2.8
2032	2398	2.9
2032	2521	3.4
2032	2632	3.8
2032	3110	2.8
2032	3259	1.9
2032	3693	1.1
2032	5048	1.8
2032	5147	1.0
2032	8676	2.3
2032	9951	1.9
2032	18335	3.7
2034	67	1.8
2034	72	3.5
2034	89	2.6
2034	154	3.4
2034	173	2.3
2034	190	3.8
2034	196	1.5
2034	207	2.3
2034	217	1.3
2034	225	3.7
2034	227	3.8
2034	228	2.7
2034	229	4.1
2034	298	1.0
2034	300	2.3
2034	416	4.4
2034	421	2.4
2034	424	3.1
2034	428	2.3
2034	432	2.6
2034	439	4.4
2034	441	1.9
2034	486	2.4
2034	533	1.3
2034	689	1.7
2034	857	1.3
2034	863	1.0
2034	903	1.4
2034	1048	3.0
2034	1090	1.4
2034	1243	2.2
2034	1384	2.6
2034	1400	1.9
2034	1424	3.5
2034	1510	5.0
2034	1632	1.9
2034	1755	1.9
2034	1766	3.1
2034	2014	1.3
2034	2277	1.8
2034	2524	1.4
2034	2815	2.0
2034	3057	2.3
2034	3400	2.2
2034	3676	2.0
2034	3770	1.3
2034	4452	1.6
2034	4459	1.0
2034	7657	1.0
2034	10618	1.1
2051	154	3.8
2051	159	3.9
2051	211	1.5
2051	216	1.0
2051	233	1.0
2051	234	1.0
2051	238	1.5
2051	441	1.0
2051	599	1.5
2051	632	1.5
2051	755	1.5
2051	879	1.0
2051	885	1.0
2051	1098	1.0
2051	1131	1.0
2051	1424	1.5
2051	1504	1.0
2051	1718	1.0
2051	1888	1.0
2051	1957	1.0
2051	2289	1.0
2051	2542	1.0
2051	2616	1.5
2051	2629	1.0
2051	3119	1.0
2051	3259	1.5
2051	3280	1.5
2051	3290	1.5
2051	3291	1.5
2051	3292	1.5
2051	3299	1.0
2051	5620	1.5
2051	6407	1.0
2051	6708	1.5
2051	7626	1.0
2051	9324	1.0
2051	10515	1.5
2051	11489	1.5
2051	11492	1.5
2051	11598	1.0
2051	18424	5.0
2051	18425	2.4
2051	18426	2.0
2051	18427	1.8
2051	18428	1.8
2051	18429	1.8
2051	18430	1.5
2051	18431	1.5
2051	18432	1.0
2051	18433	1.0
2052	68	1.9
2052	72	2.1
2052	93	1.9
2052	96	1.3
2052	159	2.4
2052	163	4.1
2052	187	1.4
2052	192	2.9
2052	227	3.7
2052	599	2.2
2052	712	1.4
2052	717	4.9
2052	959	1.3
2052	994	1.3
2052	998	1.8
2052	1358	2.5
2052	1372	1.5
2052	1415	1.8
2052	1891	1.2
2052	1892	1.8
2052	1893	1.9
2052	2013	3.0
2052	2222	1.2
2052	2347	1.4
2052	2444	1.9
2052	2554	2.4
2052	2861	1.3
2052	2936	1.2
2052	3230	1.7
2052	3304	1.4
2052	3308	2.7
2052	3777	1.7
2052	3921	3.2
2052	4126	3.0
2052	4131	1.4
2052	4675	3.9
2052	5365	1.1
2052	6150	5.0
2052	7054	1.6
2052	8802	1.6
2052	9990	1.0
2052	10219	1.6
2052	11630	1.0
2052	12599	1.2
2052	18434	2.7
2052	18435	2.6
2052	18436	1.9
2052	18437	1.4
2052	18438	1.1
2052	18439	1.1
2084	65	1.2
2084	154	2.3
2084	173	2.1
2084	190	3.5
2084	199	1.3
2084	207	5.0
2084	208	2.7
2084	210	1.2
2084	225	3.2
2084	226	2.1
2084	227	1.7
2084	228	2.1
2084	229	2.4
2084	230	1.0
2084	424	3.5
2084	425	1.2
2084	428	2.6
2084	439	2.7
2084	441	1.8
2084	533	1.1
2084	932	1.3
2084	982	1.5
2084	1048	2.4
2084	1090	2.9
2084	1239	1.1
2084	1512	1.2
2084	1513	1.5
2084	1515	2.5
2084	1517	1.1
2084	1520	1.4
2084	1664	1.8
2084	1669	2.3
2084	1766	1.2
2084	3200	1.2
2084	3400	1.3
2084	3747	1.5
2084	4452	1.1
2084	4459	2.0
2084	5030	1.1
2084	6726	1.0
2084	8708	1.1
2084	8710	3.2
2084	8713	3.5
2084	9230	1.0
2084	10617	2.8
2084	14271	1.5
2084	18611	1.8
2084	18612	1.6
2084	18613	1.2
2084	18614	1.1
2092	173	2.7
2092	195	2.0
2092	196	3.3
2092	199	2.5
2092	204	1.6
2092	207	5.0
2092	217	2.4
2092	222	3.1
2092	225	3.1
2092	227	1.8
2092	230	1.0
2092	234	2.6
2092	424	2.3
2092	425	2.6
2092	427	2.0
2092	428	1.0
2092	436	1.7
2092	439	1.5
2092	609	1.1
2092	622	1.6
2092	709	1.2
2092	714	1.5
2092	1048	3.1
2092	1239	1.5
2092	1375	2.7
2092	1390	1.4
2092	1424	1.3
2092	1510	2.2
2092	1512	2.3
2092	1515	3.3
2092	1766	1.0
2092	1971	2.5
2092	2131	2.1
2092	2279	1.4
2092	2600	1.1
2092	3057	1.6
2092	3106	2.3
2092	3205	1.9
2092	3258	2.9
2092	3259	1.3
2092	3475	1.3
2092	3693	2.1
2092	5233	2.0
2092	5429	1.4
2092	6296	1.2
2092	7190	1.3
2092	7663	2.0
2092	9545	1.4
2092	11550	2.5
2092	18655	1.1
